渔船ID,lat,lon,速度,方向,time,type
10097,29.91713888888889,122.41147222222223,0.1,0.0,2020-08-12 12:14:00,围网
10097,29.917027777777786,122.41147222222223,0.2,0.0,2020-08-12 12:24:00,围网
10097,29.91716666666667,122.41147222222223,0.3,0.0,2020-08-12 12:34:00,围网
10097,29.917027777777786,122.41144444444444,0.1,0.0,2020-08-12 12:44:00,围网
10097,29.91716666666667,122.41144444444444,0.1,0.0,2020-08-12 12:54:00,围网
10097,29.917055555555557,122.41141666666668,0.1,0.0,2020-08-12 13:04:00,围网
10097,29.91691666666667,122.41147222222223,0.1,0.0,2020-08-12 13:14:00,围网
10097,29.91697222222223,122.41147222222223,0.1,0.0,2020-08-12 13:24:00,围网
10097,29.91691666666667,122.41147222222223,0.1,0.0,2020-08-12 13:34:00,围网
10097,29.91708333333333,122.41144444444444,0.1,0.0,2020-08-12 13:44:00,围网
10097,29.917027777777786,122.4115,0.1,0.0,2020-08-12 13:54:00,围网
10097,29.91713888888889,122.41147222222223,0.5,91.0,2020-08-12 14:04:00,围网
10097,29.91716666666667,122.41147222222223,0.2,0.0,2020-08-12 14:14:00,围网
10097,29.917222222222208,122.41144444444444,0.3,0.0,2020-08-12 14:24:00,围网
10097,29.917277777777766,122.41141666666668,0.3,0.0,2020-08-12 14:34:00,围网
10097,29.917222222222208,122.41141666666668,0.9,45.0,2020-08-12 14:43:59,围网
10097,29.916888888888888,122.41130555555556,1.3,50.0,2020-08-12 14:53:59,围网
10097,29.91725,122.41138888888894,1.1,57.0,2020-08-12 15:03:59,围网
10097,29.91716666666667,122.41147222222223,1.1,65.0,2020-08-12 15:13:59,围网
10097,29.91719444444445,122.41136111111106,0.2,0.0,2020-08-12 15:23:59,围网
10097,29.917055555555557,122.41136111111106,0.4,335.0,2020-08-12 15:33:59,围网
10097,29.91725,122.41141666666668,0.1,0.0,2020-08-12 15:43:59,围网
10097,29.917055555555557,122.41136111111106,0.1,0.0,2020-08-12 15:54:01,围网
10097,29.91711111111111,122.41138888888894,0.1,0.0,2020-08-12 16:04:01,围网
10097,29.91711111111111,122.41138888888894,0.1,0.0,2020-08-12 16:14:01,围网
10097,29.91711111111111,122.41133333333332,0.0,0.0,2020-08-12 16:24:01,围网
10097,29.916888888888888,122.41138888888894,0.4,0.0,2020-08-12 16:34:01,围网
10097,29.91697222222223,122.41136111111106,1.2,162.0,2020-08-12 16:44:01,围网
10097,29.91694444444445,122.41138888888894,0.3,0.0,2020-08-12 16:54:01,围网
10097,29.91725,122.41138888888894,0.0,0.0,2020-08-12 17:04:01,围网
10097,29.91697222222223,122.41144444444444,0.4,0.0,2020-08-12 17:14:01,围网
10097,29.91697222222223,122.41141666666668,0.6,0.0,2020-08-12 17:24:01,围网
10097,29.917055555555557,122.41138888888894,0.1,0.0,2020-08-12 17:34:00,围网
10097,29.917027777777786,122.41136111111106,0.0,0.0,2020-08-12 17:44:00,围网
10097,29.91697222222223,122.41136111111106,0.1,0.0,2020-08-12 17:54:00,围网
10097,29.91686111111111,122.41141666666668,0.2,0.0,2020-08-12 18:04:00,围网
10097,29.91694444444445,122.41136111111106,0.2,0.0,2020-08-12 18:14:00,围网
10097,29.91694444444445,122.41138888888894,0.5,0.0,2020-08-12 18:24:00,围网
10097,29.916694444444445,122.41166666666668,0.1,0.0,2020-08-12 18:34:00,围网
10097,29.916638888888887,122.4115277777778,0.3,0.0,2020-08-12 18:44:00,围网
10097,29.916555555555554,122.41183333333336,0.7,117.0,2020-08-12 18:54:00,围网
10097,29.916527777777766,122.41180555555556,0.2,0.0,2020-08-12 19:04:00,围网
10097,29.91691666666667,122.41202777777778,1.0,0.0,2020-08-12 19:14:00,围网
10097,29.91686111111111,122.41222222222223,0.7,0.0,2020-08-12 19:24:00,围网
10097,29.916472222222207,122.41202777777778,0.6,0.0,2020-08-12 19:34:00,围网
10097,29.916555555555554,122.4117777777778,0.2,0.0,2020-08-12 19:44:00,围网
10097,29.91666666666667,122.41166666666668,0.2,0.0,2020-08-12 19:53:59,围网
10097,29.916611111111113,122.41166666666668,0.2,0.0,2020-08-12 20:03:59,围网
10097,29.916555555555554,122.41194444444444,0.2,0.0,2020-08-12 20:13:59,围网
10097,29.91658333333333,122.41213888888888,0.5,0.0,2020-08-12 20:23:59,围网
10097,29.916777777777767,122.41225,0.1,0.0,2020-08-12 20:33:59,围网
10097,29.916555555555554,122.41186111111112,0.3,0.0,2020-08-12 20:43:59,围网
10097,29.91658333333333,122.41175,0.2,0.0,2020-08-12 20:53:59,围网
10097,29.91675,122.412,0.3,0.0,2020-08-12 21:04:01,围网
10097,29.91711111111111,122.41238888888893,0.3,0.0,2020-08-12 21:14:01,围网
10097,29.917222222222208,122.41238888888893,0.3,0.0,2020-08-12 21:24:01,围网
10097,29.917305555555554,122.41244444444445,0.1,0.0,2020-08-12 21:34:01,围网
10097,29.917361111111113,122.41247222222222,0.1,0.0,2020-08-12 21:44:01,围网
10097,29.91719444444445,122.41216666666666,0.2,123.0,2020-08-12 21:54:01,围网
10097,29.917472222222226,122.41236111111112,0.1,0.0,2020-08-12 22:04:01,围网
10097,29.917472222222226,122.41230555555555,0.6,0.0,2020-08-12 22:14:01,围网
10097,29.91758333333333,122.41211111111113,0.2,0.0,2020-08-12 22:24:01,围网
10097,29.917444444444445,122.4122777777778,0.2,0.0,2020-08-12 22:34:01,围网
10097,29.917055555555557,122.4117777777778,0.4,0.0,2020-08-12 22:44:00,围网
10097,29.91697222222223,122.41147222222223,0.6,0.0,2020-08-12 22:54:00,围网
10097,29.91694444444445,122.41211111111113,1.0,105.0,2020-08-12 23:04:00,围网
10097,29.91711111111111,122.41191666666668,1.1,146.0,2020-08-12 23:14:00,围网
10097,29.916694444444445,122.41244444444445,0.3,0.0,2020-08-12 23:24:00,围网
10097,29.91719444444445,122.41225,0.3,0.0,2020-08-12 23:34:00,围网
10097,29.917222222222208,122.41255555555556,0.0,0.0,2020-08-12 23:44:00,围网
10097,29.917222222222208,122.41255555555556,0.2,0.0,2020-08-12 23:54:00,围网
10097,29.917027777777786,122.41258333333334,0.2,0.0,2020-08-13 00:04:00,围网
10097,29.91711111111111,122.4125,0.1,0.0,2020-08-13 00:14:00,围网
10097,29.917055555555557,122.41261111111113,0.2,0.0,2020-08-13 00:24:00,围网
10097,29.91711111111111,122.41261111111113,0.1,0.0,2020-08-13 00:34:00,围网
10097,29.917277777777766,122.41252777777778,0.3,0.0,2020-08-13 00:44:00,围网
10097,29.91719444444445,122.41238888888893,0.3,183.0,2020-08-13 00:54:00,围网
10097,29.91713888888889,122.4125,0.1,0.0,2020-08-13 01:04:00,围网
10097,29.917305555555554,122.41255555555556,0.2,0.0,2020-08-13 01:13:59,围网
10097,29.91716666666667,122.41255555555556,0.1,0.0,2020-08-13 01:23:59,围网
10097,29.917222222222208,122.41258333333334,0.2,0.0,2020-08-13 01:33:59,围网
10097,29.91708333333333,122.41261111111113,0.1,0.0,2020-08-13 01:43:59,围网
10097,29.91711111111111,122.41261111111113,0.1,0.0,2020-08-13 01:53:59,围网
10097,29.917277777777766,122.41258333333334,0.5,0.0,2020-08-13 02:04:01,围网
10097,29.91716666666667,122.41255555555556,0.2,0.0,2020-08-13 02:13:59,围网
10097,29.91725,122.4125,0.1,0.0,2020-08-13 02:24:01,围网
10097,29.91716666666667,122.41252777777778,0.2,0.0,2020-08-13 02:34:01,围网
10097,29.91719444444445,122.41258333333334,0.2,0.0,2020-08-13 02:44:01,围网
10097,29.91725,122.41258333333334,0.2,0.0,2020-08-13 03:14:01,围网
10097,29.917055555555557,122.41247222222222,0.1,0.0,2020-08-13 03:24:01,围网
10097,29.91716666666667,122.41255555555556,0.1,0.0,2020-08-13 03:34:00,围网
10097,29.91713888888889,122.41263888888888,0.4,0.0,2020-08-13 03:44:01,围网
10097,29.917305555555554,122.41247222222222,0.3,0.0,2020-08-13 03:54:00,围网
10097,29.91725,122.41252777777778,0.1,0.0,2020-08-13 04:04:00,围网
10097,29.917388888888887,122.4125,0.1,0.0,2020-08-13 04:14:00,围网
10097,29.917388888888887,122.41238888888893,0.2,0.0,2020-08-13 04:24:00,围网
10097,29.917277777777766,122.41233333333334,0.3,0.0,2020-08-13 04:34:00,围网
10097,29.917222222222208,122.41255555555556,0.2,0.0,2020-08-13 04:44:00,围网
10097,29.917027777777786,122.41258333333334,0.1,0.0,2020-08-13 04:54:00,围网
10097,29.91719444444445,122.41252777777778,0.2,0.0,2020-08-13 05:04:00,围网
10097,29.916888888888888,122.41261111111113,0.2,0.0,2020-08-13 05:24:00,围网
10097,29.91708333333333,122.41244444444445,0.3,0.0,2020-08-13 05:34:00,围网
10097,29.91683333333333,122.41252777777778,0.0,0.0,2020-08-13 05:44:00,围网
10097,29.917055555555557,122.41247222222222,0.0,0.0,2020-08-13 05:54:00,围网
10097,29.917027777777786,122.41261111111113,0.2,0.0,2020-08-13 06:04:00,围网
10097,29.91719444444445,122.41258333333334,0.0,0.0,2020-08-13 06:13:59,围网
10097,29.917305555555554,122.41247222222222,0.7,0.0,2020-08-13 06:23:59,围网
10097,29.917333333333332,122.41241666666667,0.1,0.0,2020-08-13 06:33:59,围网
10097,29.91716666666667,122.41236111111112,0.1,0.0,2020-08-13 06:43:59,围网
10097,29.91716666666667,122.41241666666667,0.3,0.0,2020-08-13 06:53:59,围网
10097,29.917361111111113,122.41247222222222,0.7,93.0,2020-08-13 07:04:01,围网
10097,29.917055555555557,122.41247222222222,0.3,0.0,2020-08-13 07:14:01,围网
10097,29.91675,122.41244444444445,0.2,0.0,2020-08-13 07:24:01,围网
10097,29.917333333333332,122.41244444444445,0.3,0.0,2020-08-13 07:34:01,围网
10097,29.91758333333333,122.41216666666666,0.1,0.0,2020-08-13 07:44:01,围网
10097,29.91741666666667,122.41247222222222,0.1,0.0,2020-08-13 07:54:01,围网
10097,29.917444444444445,122.41238888888893,0.2,0.0,2020-08-13 08:04:01,围网
10097,29.91716666666667,122.41236111111112,0.3,0.0,2020-08-13 08:14:01,围网
10097,29.915944444444442,122.41461111111113,6.1,99.0,2020-08-13 08:24:01,围网
10097,29.91441666666667,122.43905555555556,8.3,103.0,2020-08-13 08:34:01,围网
10097,29.91569444444444,122.46905555555556,9.2,81.0,2020-08-13 08:44:01,围网
10097,29.918805555555558,122.49591666666667,9.4,75.0,2020-08-13 08:54:01,围网
10097,29.922611111111113,122.5255,9.7,88.0,2020-08-13 09:04:00,围网
10097,29.92683333333333,122.55552777777777,9.6,82.0,2020-08-13 09:14:00,围网
10097,29.930972222222234,122.58530555555555,9.5,88.0,2020-08-13 09:24:00,围网
10097,29.934361111111112,122.61566666666666,9.7,83.0,2020-08-13 09:34:00,围网
10097,29.938805555555557,122.64611111111113,9.7,80.0,2020-08-13 09:44:00,围网
10097,29.942138888888888,122.67694444444444,9.8,80.0,2020-08-13 09:54:00,围网
10097,29.94694444444445,122.70758333333332,9.1,77.0,2020-08-13 10:04:00,围网
10097,29.951527777777766,122.73802777777777,9.2,88.0,2020-08-13 10:14:00,围网
10097,29.9535,122.76825,9.7,85.0,2020-08-13 10:24:00,围网
10097,29.95780555555556,122.79777777777778,10.4,85.0,2020-08-13 10:34:00,围网
10097,29.961111111111112,122.82719444444444,11.9,88.0,2020-08-13 10:44:00,围网
10097,29.96458333333333,122.85797222222222,9.3,81.0,2020-08-13 10:54:00,围网
10097,29.96833333333333,122.88511111111113,9.1,88.0,2020-08-13 11:04:00,围网
10097,29.97361111111111,122.91375,9.1,79.0,2020-08-13 11:14:00,围网
10097,29.97794444444445,122.94258333333336,9.4,79.0,2020-08-13 11:24:00,围网
10097,29.981805555555553,122.97125,9.2,86.0,2020-08-13 11:34:00,围网
10097,29.98488888888889,123.00002777777777,9.2,80.0,2020-08-13 11:44:00,围网
10097,29.98783333333333,123.02847222222222,9.0,89.0,2020-08-13 11:53:59,围网
10097,29.990527777777785,123.057,8.9,83.0,2020-08-13 12:03:59,围网
10097,29.994555555555557,123.08533333333334,8.8,75.0,2020-08-13 12:13:59,围网
10097,29.99988888888889,123.11280555555555,8.8,79.0,2020-08-13 12:23:59,围网
10097,30.004055555555553,123.14030555555556,8.7,84.0,2020-08-13 12:34:01,围网
10097,30.00830555555555,123.16841666666667,9.1,74.0,2020-08-13 12:44:01,围网
10097,30.012472222222208,123.19669444444445,9.1,96.0,2020-08-13 12:54:01,围网
10097,30.01661111111111,123.22677777777778,9.0,76.0,2020-08-13 13:04:01,围网
10097,30.02122222222221,123.25313888888893,9.2,62.0,2020-08-13 13:14:01,围网
10097,30.02869444444445,123.28016666666667,8.8,73.0,2020-08-13 13:24:01,围网
10097,30.03386111111111,123.30725,8.7,87.0,2020-08-13 13:34:01,围网
10097,30.037305555555548,123.33430555555556,8.5,94.0,2020-08-13 13:44:01,围网
10097,30.03991666666667,123.3612222222222,8.3,76.0,2020-08-13 13:54:01,围网
10097,30.044638888888887,123.38813888888893,8.9,88.0,2020-08-13 14:04:01,围网
10097,30.04855555555556,123.41561111111113,9.0,87.0,2020-08-13 14:14:01,围网
10097,30.05230555555556,123.44333333333334,8.9,77.0,2020-08-13 14:24:01,围网
10097,30.056777777777786,123.471,8.6,76.0,2020-08-13 14:34:01,围网
10097,30.06586111111111,123.52680555555555,9.1,83.0,2020-08-13 14:54:00,围网
10097,30.074388888888887,123.58466666666666,8.7,78.0,2020-08-13 15:14:00,围网
10097,30.077638888888888,123.61069444444445,8.2,97.0,2020-08-13 15:24:00,围网
10097,30.079361111111112,123.63763888888887,8.9,75.0,2020-08-13 15:34:00,围网
10097,30.08258333333333,123.66438888888894,8.0,91.0,2020-08-13 15:44:00,围网
10097,30.08144444444445,123.6905,8.2,83.0,2020-08-13 15:54:00,围网
10097,30.08458333333333,123.71758333333334,8.5,92.0,2020-08-13 16:04:00,围网
10097,30.08572222222222,123.74475,8.3,79.0,2020-08-13 16:14:00,围网
10097,30.088027777777786,123.77147222222223,8.5,77.0,2020-08-13 16:24:00,围网
10097,30.09236111111111,123.79836111111106,8.2,81.0,2020-08-13 16:34:00,围网
10097,30.0875,123.81211111111112,1.1,42.0,2020-08-13 16:44:00,围网
10097,30.090527777777766,123.81441666666666,1.6,33.0,2020-08-13 16:54:00,围网
10097,30.09347222222221,123.81669444444445,0.7,34.0,2020-08-13 17:03:59,围网
10097,30.09633333333333,123.8189722222222,2.1,32.0,2020-08-13 17:13:59,围网
10097,30.10244444444445,123.8244722222222,2.5,39.0,2020-08-13 17:33:59,围网
10097,30.10552777777778,123.82752777777776,1.4,59.0,2020-08-13 17:43:59,围网
10097,30.108722222222234,123.83013888888887,1.0,46.0,2020-08-13 17:54:01,围网
10097,30.11197222222223,123.83288888888887,1.4,102.0,2020-08-13 18:04:01,围网
10097,30.115444444444453,123.83608333333332,1.5,36.0,2020-08-13 18:14:01,围网
10097,30.118861111111112,123.83883333333333,2.5,31.0,2020-08-13 18:24:01,围网
10097,30.12244444444445,123.84202777777777,1.8,56.0,2020-08-13 18:34:01,围网
10097,30.13272222222223,123.85441666666664,6.7,64.0,2020-08-13 18:44:01,围网
10097,30.139555555555553,123.87444444444445,7.2,49.0,2020-08-13 18:54:01,围网
10097,30.14155555555555,123.89563888888893,6.6,87.0,2020-08-13 19:04:01,围网
10097,30.143277777777786,123.90022222222223,0.5,0.0,2020-08-13 19:14:01,围网
10097,30.14544444444445,123.90091666666667,1.1,7.0,2020-08-13 19:24:01,围网
10097,30.1475,123.90177777777778,1.4,39.0,2020-08-13 19:34:01,围网
10097,30.14941666666667,123.90266666666668,0.9,20.0,2020-08-13 19:44:01,围网
10097,30.151,123.90436111111113,1.4,34.0,2020-08-13 19:54:01,围网
10097,30.14483333333333,123.92713888888888,8.3,125.0,2020-08-13 20:04:00,围网
10097,30.13191666666667,123.94755555555555,6.2,135.0,2020-08-13 20:14:01,围网
10097,30.11983333333333,123.96186111111112,6.0,138.0,2020-08-13 20:24:00,围网
10097,30.107055555555554,123.97555555555556,6.3,131.0,2020-08-13 20:34:00,围网
10097,30.09508333333333,123.9902777777778,6.8,130.0,2020-08-13 20:44:00,围网
10097,30.08163888888889,124.00230555555555,6.3,158.0,2020-08-13 20:54:00,围网
10097,30.06891666666667,124.01466666666668,6.6,133.0,2020-08-13 21:04:00,围网
10097,30.057222222222233,124.03144444444445,7.5,120.0,2020-08-13 21:14:00,围网
10097,30.04300000000001,124.04830555555556,7.6,122.0,2020-08-13 21:24:00,围网
10097,30.02638888888889,124.06394444444445,7.4,143.0,2020-08-13 21:34:00,围网
10097,30.007972222222232,124.0794722222222,8.0,148.0,2020-08-13 21:44:00,围网
10097,29.992527777777767,124.09397222222222,7.7,137.0,2020-08-13 21:54:00,围网
10097,29.97383333333333,124.10527777777777,7.3,158.0,2020-08-13 22:04:00,围网
10097,29.956611111111112,124.12086111111107,8.0,138.0,2020-08-13 22:14:00,围网
10097,29.94013888888889,124.13833333333334,8.4,147.0,2020-08-13 22:23:59,围网
10097,29.92469444444445,124.15736111111113,8.3,129.0,2020-08-13 22:33:59,围网
10097,29.91044444444444,124.17755555555556,8.9,132.0,2020-08-13 22:43:59,围网
10097,29.895055555555555,124.19627777777778,8.6,131.0,2020-08-13 22:53:59,围网
10097,29.880222222222233,124.21694444444445,9.2,122.0,2020-08-13 23:04:01,围网
10097,29.866944444444453,124.23927777777777,9.0,121.0,2020-08-13 23:14:01,围网
10097,29.85675,124.2637777777778,9.0,124.0,2020-08-13 23:24:01,围网
10097,29.84363888888889,124.28641666666668,8.8,125.0,2020-08-13 23:34:01,围网
10097,29.83152777777777,124.3085,7.9,128.0,2020-08-13 23:44:01,围网
10097,29.81877777777777,124.33169444444445,7.9,123.0,2020-08-13 23:54:01,围网
10097,29.80638888888889,124.3509722222222,8.1,132.0,2020-08-14 00:04:01,围网
10097,29.79341666666667,124.37186111111107,8.0,120.0,2020-08-14 00:14:01,围网
10097,29.777555555555555,124.38975,7.8,141.0,2020-08-14 00:24:01,围网
10097,29.760972222222208,124.40641666666669,8.4,126.0,2020-08-14 00:34:01,围网
10097,29.748361111111112,124.42836111111113,8.4,120.0,2020-08-14 00:44:01,围网
10097,29.734638888888888,124.44902777777777,8.0,130.0,2020-08-14 00:54:01,围网
10097,29.719638888888888,124.46763888888887,7.7,137.0,2020-08-14 01:04:01,围网
10097,29.70486111111111,124.48666666666666,8.0,143.0,2020-08-14 01:14:01,围网
10097,29.69069444444445,124.50675,8.4,121.0,2020-08-14 01:24:00,围网
10097,29.678611111111113,124.52911111111106,8.3,122.0,2020-08-14 01:34:00,围网
10097,29.66416666666667,124.54883333333332,8.3,130.0,2020-08-14 01:44:00,围网
10097,29.65144444444445,124.57083333333333,7.9,123.0,2020-08-14 01:54:00,围网
10097,29.63886111111111,124.59513888888887,8.1,135.0,2020-08-14 02:04:00,围网
10097,29.626527777777767,124.61561111111112,8.7,118.0,2020-08-14 02:14:00,围网
10097,29.61444444444445,124.63886111111113,8.9,115.0,2020-08-14 02:24:00,围网
10097,29.60219444444445,124.66202777777778,8.2,121.0,2020-08-14 02:34:00,围网
10097,29.58847222222222,124.68372222222223,8.4,123.0,2020-08-14 02:44:00,围网
10097,29.575055555555554,124.70583333333332,8.4,124.0,2020-08-14 02:54:00,围网
10097,29.56166666666667,124.72788888888887,8.6,120.0,2020-08-14 03:04:00,围网
10097,29.548805555555557,124.75069444444445,8.7,123.0,2020-08-14 03:14:00,围网
10097,29.534277777777767,124.77208333333333,8.8,129.0,2020-08-14 03:24:00,围网
10097,29.52047222222223,124.79436111111113,8.8,123.0,2020-08-14 03:33:59,围网
10097,29.50694444444445,124.81691666666666,8.8,122.0,2020-08-14 03:43:59,围网
10097,29.493250000000003,124.83980555555556,8.7,124.0,2020-08-14 03:53:59,围网
10097,29.480166666666666,124.86316666666666,8.8,122.0,2020-08-14 04:04:01,围网
10097,29.413055555555548,124.98197222222224,9.1,120.0,2020-08-14 04:54:01,围网
10097,29.403527777777786,125.00872222222222,9.6,103.0,2020-08-14 05:04:01,围网
10097,29.390472222222233,125.06308333333332,8.6,112.0,2020-08-14 05:24:01,围网
10097,29.37263888888889,125.07125,7.6,163.0,2020-08-14 05:34:01,围网
10097,29.363916666666668,125.07472222222222,1.0,128.0,2020-08-14 05:44:01,围网
10097,29.363722222222233,125.07544444444444,0.2,0.0,2020-08-14 05:54:01,围网
10097,29.363722222222233,125.07544444444444,0.0,0.0,2020-08-14 06:04:01,围网
10097,29.36366666666667,125.07552777777776,0.3,0.0,2020-08-14 06:14:00,围网
10097,29.363611111111112,125.07555555555555,0.3,0.0,2020-08-14 06:24:00,围网
10097,29.36333333333333,125.07566666666666,0.4,160.0,2020-08-14 06:34:00,围网
10097,29.36330555555556,125.07566666666666,0.1,0.0,2020-08-14 06:44:00,围网
10097,29.363277777777785,125.07566666666666,0.3,16.0,2020-08-14 06:54:00,围网
10097,29.363250000000004,125.07572222222224,0.2,0.0,2020-08-14 07:04:00,围网
10097,29.363277777777785,125.07566666666666,0.3,0.0,2020-08-14 07:14:00,围网
10097,29.363222222222234,125.07569444444445,0.2,0.0,2020-08-14 07:24:00,围网
10097,29.363194444444453,125.07569444444445,0.3,0.0,2020-08-14 07:34:00,围网
10097,29.363277777777785,125.07569444444445,0.3,95.0,2020-08-14 07:44:00,围网
10097,29.363194444444453,125.07572222222224,0.2,0.0,2020-08-14 07:54:00,围网
10097,29.363111111111113,125.07572222222224,0.3,117.0,2020-08-14 08:04:00,围网
10097,29.363055555555558,125.07572222222224,0.4,0.0,2020-08-14 08:14:00,围网
10097,29.36288888888889,125.07575,0.3,0.0,2020-08-14 08:24:00,围网
10097,29.36291666666667,125.07575,0.3,37.0,2020-08-14 08:44:00,围网
10097,29.36291666666667,125.07575,0.1,0.0,2020-08-14 08:53:59,围网
10097,29.36291666666667,125.07572222222224,0.2,0.0,2020-08-14 09:03:59,围网
10097,29.36294444444445,125.07575,0.5,47.0,2020-08-14 09:14:01,围网
10097,29.36291666666667,125.07575,0.2,0.0,2020-08-14 09:24:01,围网
10097,29.36291666666667,125.07575,0.3,0.0,2020-08-14 09:34:01,围网
10097,29.36294444444445,125.07575,0.0,0.0,2020-08-14 09:44:01,围网
10097,29.36288888888889,125.07575,0.4,0.0,2020-08-14 09:54:01,围网
10097,29.36291666666667,125.07572222222224,0.6,18.0,2020-08-14 10:04:01,围网
10097,29.36291666666667,125.07572222222224,0.2,0.0,2020-08-14 10:14:01,围网
10097,29.36288888888889,125.07575,0.2,0.0,2020-08-14 10:24:01,围网
10097,29.363000000000003,125.07575,0.4,0.0,2020-08-14 10:34:01,围网
10097,29.362972222222233,125.07572222222224,0.3,0.0,2020-08-14 10:44:01,围网
10097,29.363000000000003,125.07575,0.4,0.0,2020-08-14 10:54:01,围网
10097,29.363055555555558,125.07572222222224,0.4,226.0,2020-08-14 11:04:01,围网
10097,29.363000000000003,125.07572222222224,0.6,20.0,2020-08-14 11:14:01,围网
10097,29.363083333333336,125.07572222222224,0.2,0.0,2020-08-14 11:24:01,围网
10097,29.363055555555558,125.07572222222224,0.6,146.0,2020-08-14 11:34:01,围网
10097,29.362972222222233,125.07572222222224,0.3,0.0,2020-08-14 11:44:00,围网
10097,29.363055555555558,125.07572222222224,0.2,0.0,2020-08-14 11:54:00,围网
10097,29.363138888888887,125.07566666666666,0.5,307.0,2020-08-14 12:04:00,围网
10097,29.363166666666668,125.07566666666666,0.4,98.0,2020-08-14 12:14:00,围网
10097,29.363138888888887,125.07569444444445,0.8,24.0,2020-08-14 12:24:00,围网
10097,29.363222222222234,125.07566666666666,0.5,42.0,2020-08-14 12:34:00,围网
10097,29.36333333333333,125.07561111111113,0.3,0.0,2020-08-14 12:44:00,围网
10097,29.36338888888889,125.07558333333333,0.4,11.0,2020-08-14 12:54:00,围网
10097,29.36336111111111,125.07561111111113,0.1,0.0,2020-08-14 13:04:00,围网
10097,29.36336111111111,125.07555555555555,0.5,229.0,2020-08-14 13:14:00,围网
10097,29.36338888888889,125.07558333333333,0.3,0.0,2020-08-14 13:24:00,围网
10097,29.36347222222221,125.07547222222222,0.5,49.0,2020-08-14 13:34:00,围网
10097,29.3635,125.07541666666664,0.6,243.0,2020-08-14 13:44:00,围网
10097,29.363611111111112,125.07533333333332,0.4,276.0,2020-08-14 13:54:00,围网
10097,29.363555555555557,125.07519444444445,0.4,0.0,2020-08-14 14:03:59,围网
10097,29.36363888888889,125.07508333333334,0.1,0.0,2020-08-14 14:13:59,围网
10097,29.36363888888889,125.07491666666668,0.3,0.0,2020-08-14 14:23:59,围网
10097,29.363805555555558,125.07461111111112,0.5,254.0,2020-08-14 14:33:59,围网
10097,29.364,125.07430555555555,0.4,0.0,2020-08-14 14:43:59,围网
10097,29.36413888888889,125.07419444444444,0.7,24.0,2020-08-14 14:54:01,围网
10097,29.364027777777785,125.07469444444445,0.1,0.0,2020-08-14 15:04:01,围网
10097,29.36408333333333,125.07480555555556,0.1,0.0,2020-08-14 15:14:01,围网
10097,29.36416666666667,125.07475,0.6,80.0,2020-08-14 15:24:01,围网
10097,29.36427777777779,125.07475,0.2,0.0,2020-08-14 15:34:01,围网
10097,29.36438888888889,125.07455555555555,0.9,127.0,2020-08-14 15:44:01,围网
10097,29.36411111111111,125.07477777777778,0.2,0.0,2020-08-14 15:54:01,围网
10097,29.364,125.07511111111113,1.7,324.0,2020-08-14 16:14:01,围网
10097,29.36408333333333,125.07508333333334,0.6,149.0,2020-08-14 16:24:01,围网
10097,29.36416666666667,125.07494444444444,0.1,0.0,2020-08-14 16:34:01,围网
10097,29.36425,125.07480555555556,0.7,123.0,2020-08-14 16:44:01,围网
10097,29.36425,125.07477777777778,0.2,0.0,2020-08-14 16:54:01,围网
10097,29.36416666666667,125.07488888888888,0.6,68.0,2020-08-14 17:04:00,围网
10097,29.36405555555556,125.075,0.4,136.0,2020-08-14 17:14:00,围网
10097,29.36411111111111,125.07511111111113,0.3,0.0,2020-08-14 17:24:00,围网
10097,29.36411111111111,125.0750277777778,1.1,166.0,2020-08-14 17:34:00,围网
10097,29.36413888888889,125.075,0.2,0.0,2020-08-14 17:44:00,围网
10097,29.36413888888889,125.07488888888888,0.4,0.0,2020-08-14 17:54:00,围网
10097,29.36408333333333,125.07494444444444,0.1,0.0,2020-08-14 18:04:00,围网
10097,29.36405555555556,125.0749722222222,0.8,22.0,2020-08-14 18:14:00,围网
10097,29.362416666666668,125.07319444444445,1.3,134.0,2020-08-14 18:24:00,围网
10097,29.36283333333333,125.07391666666666,0.7,0.0,2020-08-14 18:34:00,围网
10097,29.363277777777785,125.07527777777777,0.9,95.0,2020-08-14 18:44:00,围网
10097,29.363888888888887,125.07666666666668,0.7,105.0,2020-08-14 18:54:00,围网
10097,29.364638888888887,125.078,1.4,119.0,2020-08-14 19:04:00,围网
10097,29.365055555555557,125.07966666666664,0.5,0.0,2020-08-14 19:14:00,围网
10097,29.36569444444445,125.08133333333332,0.8,59.0,2020-08-14 19:24:00,围网
10097,29.36633333333333,125.08280555555555,0.5,78.0,2020-08-14 19:33:59,围网
10097,29.36713888888889,125.08452777777778,0.7,33.0,2020-08-14 19:43:59,围网
10097,29.36780555555556,125.08625,0.7,54.0,2020-08-14 19:53:59,围网
10097,29.36816666666667,125.08833333333332,2.3,89.0,2020-08-14 20:03:59,围网
10097,29.34630555555556,125.08083333333332,9.4,201.0,2020-08-14 20:14:01,围网
10097,29.32119444444445,125.0719722222222,9.5,183.0,2020-08-14 20:24:01,围网
10097,29.29441666666667,125.07147222222223,9.7,179.0,2020-08-14 20:34:01,围网
10097,29.26738888888889,125.07086111111107,9.7,181.0,2020-08-14 20:44:01,围网
10097,29.24019444444445,125.06775,9.9,183.0,2020-08-14 20:54:01,围网
10097,29.21230555555555,125.06705555555556,10.2,179.0,2020-08-14 21:04:01,围网
10097,29.18461111111111,125.06716666666668,9.8,180.0,2020-08-14 21:14:01,围网
10097,29.15775,125.06886111111106,9.4,174.0,2020-08-14 21:24:01,围网
10097,29.13375,125.06402777777777,9.6,223.0,2020-08-14 21:34:01,围网
10097,29.12822222222222,125.0625,0.7,43.0,2020-08-14 21:44:01,围网
10097,29.12961111111111,125.06352777777781,0.5,46.0,2020-08-14 21:54:01,围网
10097,29.130861111111113,125.06469444444444,0.3,0.0,2020-08-14 22:04:01,围网
10097,29.131694444444445,125.0659722222222,0.2,0.0,2020-08-14 22:14:01,围网
10097,29.13241666666667,125.06725,0.5,58.0,2020-08-14 22:24:01,围网
10097,29.13308333333333,125.06855555555555,0.4,0.0,2020-08-14 22:34:00,围网
10097,29.133722222222207,125.06997222222222,0.7,131.0,2020-08-14 22:44:00,围网
10097,29.14536111111111,125.09002777777776,10.0,55.0,2020-08-14 22:54:00,围网
10097,29.16408333333333,125.11386111111106,9.9,46.0,2020-08-14 23:04:00,围网
10097,29.18486111111111,125.13547222222223,9.8,40.0,2020-08-14 23:14:00,围网
10097,29.204611111111113,125.15705555555556,9.7,43.0,2020-08-14 23:24:00,围网
10097,29.22261111111111,125.18022222222223,9.7,67.0,2020-08-14 23:34:00,围网
10097,29.23266666666667,125.21127777777778,9.7,67.0,2020-08-14 23:44:00,围网
10097,29.24330555555556,125.22719444444445,0.4,304.0,2020-08-14 23:54:00,围网
10097,29.24416666666667,125.22736111111112,0.5,57.0,2020-08-15 00:04:00,围网
10097,29.24436111111111,125.22794444444445,0.2,0.0,2020-08-15 00:14:00,围网
10097,29.24458333333333,125.22844444444445,0.1,0.0,2020-08-15 00:24:00,围网
10097,29.244861111111113,125.22919444444445,0.2,0.0,2020-08-15 00:33:59,围网
10097,29.24513888888889,125.22955555555555,0.5,4.0,2020-08-15 00:43:59,围网
10097,29.245444444444445,125.22994444444444,0.2,0.0,2020-08-15 00:53:59,围网
10097,29.24588888888889,125.2302777777778,0.1,0.0,2020-08-15 01:03:59,围网
10097,29.246333333333336,125.23061111111113,0.5,127.0,2020-08-15 01:13:59,围网
10097,29.246777777777766,125.23083333333334,0.4,0.0,2020-08-15 01:24:01,围网
10097,29.24719444444445,125.23102777777778,0.2,0.0,2020-08-15 01:34:01,围网
10097,29.247722222222233,125.23130555555555,0.2,0.0,2020-08-15 01:44:01,围网
10097,29.24825,125.23141666666666,0.2,0.0,2020-08-15 01:54:01,围网
10097,29.24861111111111,125.2314722222222,0.3,0.0,2020-08-15 02:04:01,围网
10097,29.249027777777766,125.23163888888888,0.2,0.0,2020-08-15 02:14:01,围网
10097,29.24925,125.232,0.4,92.0,2020-08-15 02:24:01,围网
10097,29.249277777777767,125.23244444444444,0.4,69.0,2020-08-15 02:34:01,围网
10097,29.249305555555555,125.23261111111113,0.1,0.0,2020-08-15 02:44:01,围网
10097,29.249388888888888,125.23291666666668,0.4,152.0,2020-08-15 02:54:01,围网
10097,29.2495,125.23327777777777,0.2,0.0,2020-08-15 03:04:01,围网
10097,29.245666666666665,125.23536111111113,6.7,274.0,2020-08-15 03:14:01,围网
10097,29.261333333333337,125.23180555555555,6.5,333.0,2020-08-15 03:24:00,围网
10097,29.256138888888888,125.235,1.4,333.0,2020-08-15 03:34:00,围网
10097,29.25608333333333,125.23472222222222,0.6,155.0,2020-08-15 03:44:00,围网
10097,29.25594444444444,125.23530555555556,1.1,94.0,2020-08-15 03:54:00,围网
10097,29.25702777777777,125.23655555555555,0.6,0.0,2020-08-15 04:04:00,围网
10097,29.257527777777767,125.23769444444444,0.6,144.0,2020-08-15 04:14:00,围网
10097,29.258805555555558,125.23866666666667,0.9,21.0,2020-08-15 04:24:00,围网
10097,29.261083333333332,125.23955555555555,0.8,0.0,2020-08-15 04:34:00,围网
10097,29.26436111111111,125.24144444444444,1.5,29.0,2020-08-15 04:44:00,围网
10097,29.26758333333333,125.24344444444445,1.4,43.0,2020-08-15 04:54:00,围网
10097,29.27097222222222,125.24558333333331,1.2,51.0,2020-08-15 05:04:00,围网
10097,29.275916666666664,125.24088888888888,4.6,305.0,2020-08-15 05:14:00,围网
10097,29.27697222222222,125.22997222222222,3.2,237.0,2020-08-15 05:24:00,围网
10097,29.275861111111112,125.22558333333332,2.2,227.0,2020-08-15 05:34:00,围网
10097,29.27883333333333,125.22852777777778,1.1,41.0,2020-08-15 05:43:59,围网
10097,29.28163888888889,125.23030555555556,1.1,23.0,2020-08-15 05:53:59,围网
10097,29.28388888888889,125.23091666666667,1.7,267.0,2020-08-15 06:03:59,围网
10097,29.28461111111111,125.23172222222223,3.4,248.0,2020-08-15 06:14:01,围网
10097,29.28483333333333,125.21122222222222,7.0,264.0,2020-08-15 06:24:01,围网
10097,29.285611111111113,125.19977777777778,3.6,268.0,2020-08-15 06:34:01,围网
10097,29.28633333333333,125.20066666666666,0.3,0.0,2020-08-15 06:44:01,围网
10097,29.286277777777766,125.20069444444445,0.3,0.0,2020-08-15 06:54:01,围网
10097,29.286222222222207,125.20077777777777,0.3,0.0,2020-08-15 07:04:01,围网
10097,29.28625,125.20077777777777,0.3,0.0,2020-08-15 07:14:01,围网
10097,29.286166666666666,125.20083333333334,0.1,0.0,2020-08-15 07:24:01,围网
10097,29.286166666666666,125.20086111111112,0.1,0.0,2020-08-15 07:34:01,围网
10097,29.28608333333333,125.20086111111112,0.3,0.0,2020-08-15 07:44:01,围网
10097,29.28777777777778,125.19230555555555,7.0,303.0,2020-08-15 07:54:01,围网
10097,29.296888888888887,125.17233333333334,7.0,292.0,2020-08-15 08:04:01,围网
10097,29.305750000000003,125.15283333333336,6.9,310.0,2020-08-15 08:14:01,围网
10097,29.31661111111111,125.13380555555555,6.7,301.0,2020-08-15 08:24:00,围网
10097,29.32622222222221,125.11688888888888,6.7,295.0,2020-08-15 08:34:00,围网
10097,29.336805555555554,125.0997222222222,6.5,309.0,2020-08-15 08:44:00,围网
10097,29.34861111111111,125.08366666666667,6.5,310.0,2020-08-15 08:54:00,围网
10097,29.359361111111113,125.06658333333333,6.7,295.0,2020-08-15 09:04:00,围网
10097,29.369,125.04841666666668,6.8,302.0,2020-08-15 09:14:00,围网
10097,29.379222222222207,125.03075,6.7,304.0,2020-08-15 09:24:00,围网
10097,29.389138888888887,125.01308333333333,6.6,300.0,2020-08-15 09:34:00,围网
10097,29.39913888888889,124.9962777777778,6.3,309.0,2020-08-15 09:44:00,围网
10097,29.409722222222207,124.97986111111106,6.2,301.0,2020-08-15 09:54:00,围网
10097,29.42088888888889,124.96375,6.7,303.0,2020-08-15 10:04:00,围网
10097,29.431027777777786,124.94608333333332,6.7,303.0,2020-08-15 10:14:00,围网
10097,29.44086111111111,124.92808333333332,6.5,297.0,2020-08-15 10:24:00,围网
10097,29.451,124.90911111111113,6.5,305.0,2020-08-15 10:34:00,围网
10097,29.460361111111112,124.89277777777778,6.4,302.0,2020-08-15 10:44:00,围网
10097,29.470472222222234,124.87533333333332,6.6,303.0,2020-08-15 10:53:59,围网
10097,29.480777777777767,124.85802777777776,6.5,304.0,2020-08-15 11:03:59,围网
10097,29.50175,124.82394444444445,6.5,310.0,2020-08-15 11:23:59,围网
10097,29.512777777777767,124.80736111111106,6.6,308.0,2020-08-15 11:33:59,围网
10097,29.52338888888889,124.79025,6.5,305.0,2020-08-15 11:43:59,围网
10097,29.5345,124.7732777777778,6.5,312.0,2020-08-15 11:53:59,围网
10097,29.557055555555554,124.73899999999999,6.8,304.0,2020-08-15 12:14:01,围网
10097,29.56819444444445,124.72161111111113,6.8,308.0,2020-08-15 12:24:01,围网
10097,29.57994444444445,124.70444444444445,6.9,309.0,2020-08-15 12:34:01,围网
10097,29.59325,124.68530555555556,7.3,307.0,2020-08-15 12:44:01,围网
10097,29.60425,124.66719444444445,7.6,302.0,2020-08-15 12:54:01,围网
10097,29.616277777777785,124.64916666666667,7.1,307.0,2020-08-15 13:04:01,围网
10097,29.6285,124.63166666666666,6.9,306.0,2020-08-15 13:14:01,围网
10097,29.640472222222233,124.61283333333333,7.5,304.0,2020-08-15 13:24:01,围网
10097,29.652638888888887,124.59288888888888,7.7,305.0,2020-08-15 13:34:01,围网
10097,29.66441666666667,124.5719722222222,7.6,306.0,2020-08-15 13:44:01,围网
10097,29.677,124.55186111111112,7.7,304.0,2020-08-15 13:54:00,围网
10097,29.68786111111111,124.53,8.0,293.0,2020-08-15 14:04:00,围网
10097,29.700555555555553,124.50919444444445,8.0,303.0,2020-08-15 14:14:00,围网
10097,29.712944444444442,124.48775,8.0,305.0,2020-08-15 14:24:00,围网
10097,29.725638888888888,124.4664722222222,7.6,303.0,2020-08-15 14:34:00,围网
10097,29.73041666666667,124.45616666666668,0.9,221.0,2020-08-15 14:44:00,围网
10097,29.730583333333332,124.45422222222223,0.5,285.0,2020-08-15 14:54:00,围网
10097,29.73036111111111,124.45294444444444,0.5,228.0,2020-08-15 15:04:00,围网
10097,29.730166666666666,124.45125,0.6,270.0,2020-08-15 15:14:00,围网
10097,29.73027777777777,124.44975,0.2,0.0,2020-08-15 15:24:00,围网
10097,29.73075,124.44802777777778,0.7,281.0,2020-08-15 15:34:00,围网
10097,29.731527777777767,124.44619444444444,0.8,301.0,2020-08-15 15:44:00,围网
10097,29.73275,124.44425,0.5,303.0,2020-08-15 15:54:00,围网
10097,29.73425,124.44225,1.0,333.0,2020-08-15 16:04:00,围网
10097,29.735888888888887,124.44019444444444,0.7,333.0,2020-08-15 16:14:00,围网
10097,29.73788888888889,124.43799999999999,0.5,301.0,2020-08-15 16:24:00,围网
10097,29.74002777777779,124.4357222222222,1.5,325.0,2020-08-15 16:34:00,围网
10097,29.7465,124.43066666666668,7.8,273.0,2020-08-15 16:44:00,围网
10097,29.74963888888889,124.40563888888893,8.0,277.0,2020-08-15 16:54:00,围网
10097,29.751166666666666,124.379,7.8,270.0,2020-08-15 17:04:00,围网
10097,29.751916666666666,124.35563888888888,8.0,276.0,2020-08-15 17:13:59,围网
10097,29.747555555555557,124.33269444444444,7.8,253.0,2020-08-15 17:23:59,围网
10097,29.74491666666667,124.31861111111112,1.0,282.0,2020-08-15 17:33:59,围网
10097,29.746222222222233,124.31616666666667,0.7,326.0,2020-08-15 17:44:01,围网
10097,29.747472222222232,124.31413888888888,1.0,304.0,2020-08-15 17:54:01,围网
10097,29.748777777777786,124.31222222222222,0.5,298.0,2020-08-15 18:04:01,围网
10097,29.75036111111111,124.31019444444445,0.7,29.0,2020-08-15 18:14:01,围网
10097,29.75197222222221,124.30838888888893,0.8,25.0,2020-08-15 18:24:01,围网
10097,29.75375,124.30619444444444,0.9,28.0,2020-08-15 18:34:01,围网
10097,29.75561111111111,124.30358333333332,0.8,346.0,2020-08-15 18:44:01,围网
10097,29.757555555555548,124.30119444444445,0.9,0.0,2020-08-15 18:54:01,围网
10097,29.760027777777786,124.29908333333331,1.7,6.0,2020-08-15 19:04:01,围网
10097,29.75791666666667,124.29530555555556,8.0,237.0,2020-08-15 19:14:01,围网
10097,29.74391666666667,124.27586111111113,8.2,222.0,2020-08-15 19:24:01,围网
10097,29.74205555555556,124.27611111111106,9.9,11.0,2020-08-15 19:34:00,围网
10097,29.75183333333333,124.27777777777777,1.3,334.0,2020-08-15 19:44:00,围网
10097,29.75508333333333,124.27736111111106,1.1,64.0,2020-08-15 19:54:00,围网
10097,29.757,124.27827777777777,0.7,14.0,2020-08-15 20:04:00,围网
10097,29.75861111111111,124.27913888888888,0.9,41.0,2020-08-15 20:14:00,围网
10097,29.760222222222232,124.28036111111112,0.7,46.0,2020-08-15 20:24:00,围网
10097,29.76169444444445,124.28180555555555,0.4,51.0,2020-08-15 20:34:00,围网
10097,29.763027777777786,124.28341666666668,1.1,56.0,2020-08-15 20:44:00,围网
10097,29.764194444444453,124.2849722222222,0.7,54.0,2020-08-15 20:54:00,围网
10097,29.765305555555557,124.28663888888887,0.6,53.0,2020-08-15 21:04:00,围网
10097,29.766333333333336,124.28811111111112,0.4,0.0,2020-08-15 21:14:00,围网
10097,29.7675,124.28944444444444,0.6,40.0,2020-08-15 21:24:00,围网
10097,29.76847222222222,124.29033333333334,0.8,59.0,2020-08-15 21:34:00,围网
10097,29.769222222222233,124.29091666666666,0.2,0.0,2020-08-15 21:44:00,围网
10097,29.77,124.29236111111106,0.3,0.0,2020-08-15 21:54:00,围网
10097,29.770666666666664,124.29352777777778,0.8,78.0,2020-08-15 22:04:00,围网
10097,29.77122222222221,124.29438888888888,0.6,84.0,2020-08-15 22:14:00,围网
10097,29.771666666666665,124.29527777777777,0.6,107.0,2020-08-15 22:23:59,围网
10097,29.772111111111112,124.29647222222222,0.9,100.0,2020-08-15 22:33:59,围网
10097,29.77263888888889,124.29775,0.7,94.0,2020-08-15 22:43:59,围网
10097,29.773166666666665,124.29908333333331,0.7,99.0,2020-08-15 22:54:01,围网
10097,29.77358333333333,124.30052777777777,0.6,74.0,2020-08-15 23:04:01,围网
10097,29.773861111111113,124.30202777777778,0.6,0.0,2020-08-15 23:14:01,围网
10097,29.774,124.30372222222222,3.8,140.0,2020-08-15 23:24:01,围网
10097,29.77425,124.30497222222222,0.1,0.0,2020-08-15 23:34:01,围网
10097,29.774444444444452,124.30583333333333,0.4,0.0,2020-08-15 23:44:01,围网
10097,29.774638888888887,124.3070277777778,0.4,82.0,2020-08-15 23:54:01,围网
10097,29.774527777777767,124.30883333333333,0.3,0.0,2020-08-16 00:04:01,围网
10097,29.774277777777765,124.31055555555555,0.3,0.0,2020-08-16 00:14:01,围网
10097,29.77408333333333,124.31200000000001,0.7,60.0,2020-08-16 00:24:01,围网
10097,29.77383333333333,124.31344444444444,0.3,0.0,2020-08-16 00:34:01,围网
10097,29.7735,124.31483333333333,0.3,0.0,2020-08-16 00:44:00,围网
10097,29.773111111111113,124.31647222222222,0.2,0.0,2020-08-16 00:54:00,围网
10097,29.77258333333333,124.31822222222222,0.3,0.0,2020-08-16 01:04:00,围网
10097,29.77219444444445,124.31975,0.3,0.0,2020-08-16 01:14:00,围网
10097,29.77194444444445,124.32063888888894,0.5,189.0,2020-08-16 01:24:00,围网
10097,29.77180555555555,124.32136111111107,0.7,0.0,2020-08-16 01:34:00,围网
10097,29.77105555555556,124.32227777777778,0.8,140.0,2020-08-16 01:44:00,围网
10097,29.7765,124.32461111111112,5.9,3.0,2020-08-16 01:54:00,围网
10097,29.776805555555555,124.32830555555556,1.0,63.0,2020-08-16 02:04:00,围网
10097,29.77633333333333,124.32791666666664,0.7,23.0,2020-08-16 02:14:00,围网
10097,29.776138888888887,124.32886111111107,1.5,54.0,2020-08-16 02:24:00,围网
10097,29.776694444444445,124.33158333333333,0.9,65.0,2020-08-16 02:34:00,围网
10097,29.777722222222234,124.33338888888888,0.7,55.0,2020-08-16 02:44:00,围网
10097,29.78013888888889,124.33561111111106,1.7,41.0,2020-08-16 02:54:00,围网
10097,29.782666666666664,124.33813888888888,1.2,32.0,2020-08-16 03:04:00,围网
10097,29.784861111111113,124.34061111111113,1.3,52.0,2020-08-16 03:14:00,围网
10097,29.787277777777767,124.34438888888887,2.0,66.0,2020-08-16 03:23:59,围网
10097,29.78886111111111,124.34624999999998,0.3,0.0,2020-08-16 03:33:59,围网
10097,29.78925,124.34647222222222,0.2,0.0,2020-08-16 03:43:59,围网
10097,29.789388888888887,124.3462222222222,0.2,0.0,2020-08-16 03:54:01,围网
10097,29.789388888888887,124.34619444444445,0.7,0.0,2020-08-16 04:04:01,围网
10097,29.789388888888887,124.34613888888887,0.5,0.0,2020-08-16 04:14:01,围网
10097,29.789388888888887,124.34616666666666,0.6,79.0,2020-08-16 04:24:01,围网
10097,29.78941666666667,124.34619444444445,0.3,0.0,2020-08-16 04:34:01,围网
10097,29.78941666666667,124.34616666666666,0.7,154.0,2020-08-16 04:44:01,围网
10097,29.78941666666667,124.34611111111107,0.3,0.0,2020-08-16 04:54:01,围网
10097,29.789388888888887,124.34608333333333,0.3,0.0,2020-08-16 05:04:01,围网
10097,29.789444444444445,124.34608333333333,0.4,294.0,2020-08-16 05:14:01,围网
10097,29.789444444444445,124.34605555555555,0.1,0.0,2020-08-16 05:24:01,围网
10097,29.789444444444445,124.34608333333333,0.4,0.0,2020-08-16 05:34:01,围网
10097,29.78941666666667,124.34608333333333,0.2,0.0,2020-08-16 05:44:01,围网
10097,29.789361111111113,124.34633333333332,0.4,0.0,2020-08-16 05:54:01,围网
10097,29.789361111111113,124.3462222222222,0.2,0.0,2020-08-16 06:04:00,围网
10097,29.78933333333333,124.34630555555556,0.5,164.0,2020-08-16 06:14:00,围网
10097,29.789361111111113,124.34627777777777,0.2,0.0,2020-08-16 06:24:00,围网
10097,29.78933333333333,124.34633333333332,0.2,0.0,2020-08-16 06:34:00,围网
10097,29.78933333333333,124.34633333333332,0.5,163.0,2020-08-16 06:44:00,围网
10097,29.789305555555554,124.34641666666666,0.4,14.0,2020-08-16 06:54:00,围网
10097,29.789305555555554,124.34644444444444,0.1,0.0,2020-08-16 07:04:00,围网
10097,29.789305555555554,124.34644444444444,0.6,106.0,2020-08-16 07:14:00,围网
10097,29.789277777777766,124.34652777777777,0.4,138.0,2020-08-16 07:24:00,围网
10097,29.78919444444445,124.34669444444445,0.3,0.0,2020-08-16 07:34:00,围网
10097,29.78925,124.34661111111107,0.7,208.0,2020-08-16 07:44:00,围网
10097,29.78916666666667,124.34672222222223,0.2,0.0,2020-08-16 07:54:00,围网
10097,29.78913888888889,124.34675,0.3,0.0,2020-08-16 08:04:00,围网
10097,29.789055555555557,124.34683333333334,0.6,234.0,2020-08-16 08:14:00,围网
10097,29.789027777777786,124.34688888888887,0.2,0.0,2020-08-16 08:23:59,围网
10097,29.78894444444445,124.347,0.1,0.0,2020-08-16 08:33:59,围网
10097,29.788722222222226,124.34713888888888,0.1,0.0,2020-08-16 08:43:59,围网
10097,29.788722222222226,124.34713888888888,0.3,150.0,2020-08-16 08:53:59,围网
10097,29.78866666666667,124.34719444444444,0.4,343.0,2020-08-16 09:04:01,围网
10097,29.78852777777778,124.3472777777778,0.4,217.0,2020-08-16 09:14:01,围网
10097,29.78833333333333,124.34733333333332,0.2,0.0,2020-08-16 09:34:01,围网
10097,29.788250000000005,124.34736111111107,0.6,152.0,2020-08-16 09:44:01,围网
10097,29.78819444444445,124.34738888888887,0.4,0.0,2020-08-16 09:54:01,围网
10097,29.788000000000004,124.34738888888887,0.4,0.0,2020-08-16 10:14:01,围网
10097,29.78791666666667,124.34738888888887,0.2,0.0,2020-08-16 10:24:01,围网
10097,29.787722222222232,124.34736111111107,0.4,227.0,2020-08-16 10:44:01,围网
10097,29.78766666666667,124.34733333333332,0.3,0.0,2020-08-16 10:54:01,围网
10097,29.787555555555556,124.3472777777778,0.6,127.0,2020-08-16 11:04:01,围网
10097,29.787527777777786,124.3472777777778,0.1,0.0,2020-08-16 11:14:00,围网
10097,29.787388888888888,124.3472222222222,0.4,238.0,2020-08-16 11:24:00,围网
10097,29.787277777777767,124.34716666666668,0.3,0.0,2020-08-16 11:34:00,围网
10097,29.787277777777767,124.34713888888888,0.3,0.0,2020-08-16 11:44:00,围网
10097,29.787194444444452,124.34708333333332,0.3,0.0,2020-08-16 11:54:00,围网
10097,29.78725,124.34711111111113,0.6,59.0,2020-08-16 12:04:00,围网
10097,29.78716666666667,124.34702777777778,0.3,0.0,2020-08-16 12:14:00,围网
10097,29.787111111111113,124.347,0.3,0.0,2020-08-16 12:24:00,围网
10097,29.78708333333333,124.347,0.2,0.0,2020-08-16 12:34:00,围网
10097,29.787055555555558,124.34697222222222,0.2,0.0,2020-08-16 12:44:00,围网
10097,29.787138888888887,124.34697222222222,0.1,0.0,2020-08-16 12:54:00,围网
10097,29.78702777777778,124.34686111111112,0.4,234.0,2020-08-16 13:04:00,围网
10097,29.787055555555558,124.34688888888887,0.3,0.0,2020-08-16 13:14:00,围网
10097,29.78691666666667,124.34680555555555,0.1,0.0,2020-08-16 13:24:00,围网
10097,29.78680555555556,124.34655555555555,0.3,0.0,2020-08-16 13:34:00,围网
10097,29.78675,124.34647222222222,0.2,0.0,2020-08-16 13:44:00,围网
10097,29.78680555555556,124.34647222222222,0.1,0.0,2020-08-16 13:54:00,围网
10097,29.786777777777786,124.3463611111111,0.2,0.0,2020-08-16 14:03:59,围网
10097,29.786722222222235,124.34619444444445,0.2,0.0,2020-08-16 14:13:59,围网
10097,29.786722222222235,124.34608333333333,0.4,0.0,2020-08-16 14:23:59,围网
10097,29.78661111111111,124.34583333333332,0.4,0.0,2020-08-16 14:33:59,围网
10097,29.786638888888888,124.34566666666666,0.2,0.0,2020-08-16 14:44:01,围网
10097,29.786777777777786,124.34561111111113,0.2,0.0,2020-08-16 14:54:01,围网
10097,29.78680555555556,124.34544444444445,0.4,347.0,2020-08-16 15:04:01,围网
10097,29.78675,124.34566666666666,0.3,0.0,2020-08-16 15:14:01,围网
10097,29.78702777777778,124.34611111111107,0.9,331.0,2020-08-16 15:24:01,围网
10097,29.78694444444445,124.34616666666666,0.2,0.0,2020-08-16 15:34:01,围网
10097,29.78683333333333,124.3457222222222,0.3,0.0,2020-08-16 15:44:01,围网
10097,29.78691666666667,124.34519444444445,0.3,0.0,2020-08-16 15:54:01,围网
10097,29.787138888888887,124.34452777777777,0.3,0.0,2020-08-16 16:04:01,围网
10097,29.78769444444445,124.34411111111108,0.2,0.0,2020-08-16 16:24:01,围网
10097,29.78802777777778,124.34408333333332,0.5,164.0,2020-08-16 16:34:01,围网
10097,29.788305555555556,124.34411111111108,0.5,68.0,2020-08-16 16:44:01,围网
10097,29.788472222222207,124.34416666666668,0.2,0.0,2020-08-16 16:54:00,围网
10097,29.78858333333333,124.34422222222223,0.3,0.0,2020-08-16 17:04:00,围网
10097,29.785416666666666,124.3462222222222,6.2,219.0,2020-08-16 17:14:00,围网
10097,29.77288888888889,124.32802777777776,7.3,228.0,2020-08-16 17:24:00,围网
10097,29.760416666666664,124.30988888888888,7.3,235.0,2020-08-16 17:34:00,围网
10097,29.74833333333333,124.29086111111107,7.3,232.0,2020-08-16 17:44:00,围网
10097,29.736555555555555,124.27191666666666,7.3,231.0,2020-08-16 17:54:00,围网
10097,29.722,124.257,7.0,210.0,2020-08-16 18:04:00,围网
10097,29.71338888888889,124.23975,7.3,271.0,2020-08-16 18:14:00,围网
10097,29.71825,124.21786111111112,7.4,292.0,2020-08-16 18:24:00,围网
10097,29.72083333333333,124.20869444444445,1.8,123.0,2020-08-16 18:34:00,围网
10097,29.715055555555555,124.21713888888893,8.7,137.0,2020-08-16 18:44:00,围网
10097,29.700055555555554,124.23827777777778,8.6,133.0,2020-08-16 18:54:00,围网
10097,29.687666666666665,124.26030555555555,0.8,20.0,2020-08-16 19:04:00,围网
10097,29.689694444444445,124.25886111111107,0.7,315.0,2020-08-16 19:14:00,围网
10097,29.691388888888888,124.25775,0.8,329.0,2020-08-16 19:23:59,围网
10097,29.693027777777786,124.25663888888887,0.7,342.0,2020-08-16 19:33:59,围网
10097,29.69475,124.25561111111112,0.8,352.0,2020-08-16 19:43:59,围网
10097,29.6965,124.25480555555555,0.5,327.0,2020-08-16 19:53:59,围网
10097,29.698166666666665,124.25436111111112,0.5,338.0,2020-08-16 20:03:59,围网
10097,29.69988888888889,124.25419444444445,0.5,0.0,2020-08-16 20:14:01,围网
10097,29.701583333333332,124.25425,0.2,0.0,2020-08-16 20:24:01,围网
10097,29.70330555555556,124.25475,0.8,21.0,2020-08-16 20:34:01,围网
10097,29.705055555555553,124.25569444444444,1.3,52.0,2020-08-16 20:44:01,围网
10097,29.70819444444444,124.25863888888887,8.1,315.0,2020-08-16 20:54:01,围网
10097,29.70958333333333,124.25663888888887,4.1,49.0,2020-08-16 21:04:01,围网
10097,29.709416666666666,124.25669444444445,0.6,13.0,2020-08-16 21:14:01,围网
10097,29.71019444444445,124.25738888888893,0.4,0.0,2020-08-16 21:24:01,围网
10097,29.711361111111113,124.25883333333331,0.7,50.0,2020-08-16 21:34:01,围网
10097,29.71247222222221,124.26,0.7,24.0,2020-08-16 21:44:00,围网
10097,29.71425,124.26055555555556,0.6,21.0,2020-08-16 21:54:01,围网
10097,29.71608333333333,124.26125,1.1,5.0,2020-08-16 22:04:01,围网
10097,29.71833333333333,124.26238888888888,0.9,48.0,2020-08-16 22:14:00,围网
10097,29.720555555555553,124.26361111111113,0.7,5.0,2020-08-16 22:24:00,围网
10097,29.72261111111111,124.26491666666666,0.9,45.0,2020-08-16 22:34:00,围网
10097,29.724777777777767,124.26666666666668,1.0,39.0,2020-08-16 22:44:00,围网
10097,29.727472222222207,124.27077777777778,7.0,81.0,2020-08-16 22:54:00,围网
10097,29.732083333333332,124.27794444444444,0.7,56.0,2020-08-16 23:04:00,围网
10097,29.7335,124.27919444444444,0.5,0.0,2020-08-16 23:14:00,围网
10097,29.73461111111111,124.28030555555556,0.7,46.0,2020-08-16 23:24:00,围网
10097,29.7355,124.28208333333332,0.9,69.0,2020-08-16 23:34:00,围网
10097,29.73569444444445,124.28447222222222,0.7,84.0,2020-08-16 23:44:00,围网
10097,29.735833333333336,124.28686111111112,0.7,89.0,2020-08-16 23:54:00,围网
10097,29.73619444444445,124.28936111111106,0.6,49.0,2020-08-17 00:04:00,围网
10097,29.736472222222233,124.29158333333334,0.6,0.0,2020-08-17 00:14:00,围网
10097,29.73633333333333,124.29402777777777,0.9,86.0,2020-08-17 00:24:00,围网
10097,29.73605555555556,124.29658333333332,0.3,98.0,2020-08-17 00:33:59,围网
10097,29.73569444444445,124.29875,1.0,91.0,2020-08-17 00:43:59,围网
10097,29.73525,124.30088888888888,0.4,0.0,2020-08-17 00:53:59,围网
10097,29.73469444444445,124.30288888888887,0.8,98.0,2020-08-17 01:03:59,围网
10097,29.73408333333333,124.3047222222222,1.1,96.0,2020-08-17 01:14:01,围网
10097,29.73341666666667,124.30627777777778,0.8,115.0,2020-08-17 01:24:01,围网
10097,29.73258333333333,124.30763888888887,0.4,137.0,2020-08-17 01:34:01,围网
10097,29.73158333333333,124.30830555555555,0.3,174.0,2020-08-17 01:44:01,围网
10097,29.7305,124.30894444444445,0.4,124.0,2020-08-17 01:54:01,围网
10097,29.72944444444445,124.30963888888887,0.5,162.0,2020-08-17 02:04:01,围网
10097,29.728305555555554,124.31038888888888,0.7,136.0,2020-08-17 02:14:01,围网
10097,29.72727777777777,124.31097222222222,0.4,145.0,2020-08-17 02:24:01,围网
10097,29.72636111111111,124.31111111111107,0.4,0.0,2020-08-17 02:34:01,围网
10097,29.7255,124.3112222222222,0.2,0.0,2020-08-17 02:44:01,围网
10097,29.724777777777767,124.31102777777778,0.2,0.0,2020-08-17 02:54:01,围网
10097,29.724472222222207,124.31327777777777,8.1,356.0,2020-08-17 03:04:01,围网
10097,29.726305555555548,124.31186111111113,0.5,23.0,2020-08-17 03:24:00,围网
10097,29.726138888888887,124.31191666666666,0.1,0.0,2020-08-17 03:34:00,围网
10097,29.725972222222207,124.31305555555555,0.1,0.0,2020-08-17 03:44:00,围网
10097,29.726027777777766,124.31330555555556,0.4,10.0,2020-08-17 03:54:00,围网
10097,29.72691666666667,124.31416666666668,0.8,30.0,2020-08-17 04:04:00,围网
10097,29.728666666666665,124.31486111111107,0.8,8.0,2020-08-17 04:14:00,围网
10097,29.7305,124.31494444444445,1.0,347.0,2020-08-17 04:24:00,围网
10097,29.733166666666666,124.31594444444444,1.2,20.0,2020-08-17 04:34:00,围网
10097,29.73613888888889,124.31755555555556,1.1,26.0,2020-08-17 04:44:00,围网
10097,29.738972222222234,124.31886111111106,0.9,26.0,2020-08-17 04:54:00,围网
10097,29.741944444444453,124.3204722222222,4.9,52.0,2020-08-17 05:04:00,围网
10097,29.744805555555555,124.32458333333332,0.1,0.0,2020-08-17 05:14:00,围网
10097,29.74513888888889,124.32430555555555,0.3,0.0,2020-08-17 05:24:00,围网
10097,29.74511111111111,124.32430555555555,0.2,0.0,2020-08-17 05:33:59,围网
10097,29.74511111111111,124.32427777777777,0.3,0.0,2020-08-17 05:43:59,围网
10097,29.74513888888889,124.32425,0.4,0.0,2020-08-17 05:53:59,围网
10097,29.74513888888889,124.32430555555555,0.1,0.0,2020-08-17 06:03:59,围网
10097,29.745166666666666,124.32438888888888,0.5,10.0,2020-08-17 06:24:01,围网
10097,29.745166666666666,124.3244722222222,0.2,0.0,2020-08-17 06:34:01,围网
10097,29.74519444444445,124.3244722222222,0.5,140.0,2020-08-17 06:44:01,围网
10097,29.745166666666666,124.32444444444445,0.2,0.0,2020-08-17 06:54:01,围网
10097,29.74519444444445,124.32458333333332,0.3,0.0,2020-08-17 07:04:01,围网
10097,29.745166666666666,124.32472222222222,0.3,0.0,2020-08-17 07:14:01,围网
10097,29.745166666666666,124.32475,0.2,0.0,2020-08-17 07:24:01,围网
10097,29.745166666666666,124.32480555555556,0.5,9.0,2020-08-17 07:34:01,围网
10097,29.745166666666666,124.325,0.1,0.0,2020-08-17 07:44:01,围网
10097,29.745166666666666,124.3250277777778,0.3,0.0,2020-08-17 07:54:01,围网
10097,29.74513888888889,124.32516666666668,0.1,0.0,2020-08-17 08:04:01,围网
10097,29.74508333333333,124.32533333333332,0.3,0.0,2020-08-17 08:14:01,围网
10097,29.745,124.32544444444444,0.4,164.0,2020-08-17 08:24:00,围网
10097,29.744944444444453,124.32563888888888,0.3,167.0,2020-08-17 08:34:00,围网
10097,29.74483333333333,124.32580555555555,0.1,0.0,2020-08-17 08:44:00,围网
10097,29.744722222222233,124.32594444444445,0.1,0.0,2020-08-17 08:54:00,围网
10097,29.744555555555557,124.32611111111108,0.2,0.0,2020-08-17 09:04:00,围网
10097,29.74441666666667,124.32619444444444,0.2,0.0,2020-08-17 09:14:00,围网
10097,29.74433333333333,124.32625,0.2,0.0,2020-08-17 09:24:00,围网
10097,29.748777777777786,124.31733333333332,8.8,335.0,2020-08-17 09:34:00,围网
10097,29.77105555555556,124.30444444444444,9.3,331.0,2020-08-17 09:44:00,围网
10097,29.793333333333337,124.29066666666668,9.2,335.0,2020-08-17 09:54:00,围网
10097,29.81716666666667,124.28033333333336,9.1,339.0,2020-08-17 10:04:00,围网
10097,29.842111111111112,124.26947222222222,9.1,343.0,2020-08-17 10:14:00,围网
10097,29.86519444444445,124.26305555555555,9.0,349.0,2020-08-17 10:24:00,围网
10097,29.89019444444445,124.25908333333334,9.0,355.0,2020-08-17 10:33:59,围网
10097,29.90663888888889,124.2577777777778,1.8,36.0,2020-08-17 10:44:00,围网
10097,29.89408333333333,124.26713888888894,8.9,177.0,2020-08-17 10:53:59,围网
10097,29.869055555555555,124.26625,8.9,180.0,2020-08-17 11:03:59,围网
10097,29.84408333333333,124.26655555555556,8.7,181.0,2020-08-17 11:13:59,围网
10097,29.81886111111111,124.26702777777778,8.8,191.0,2020-08-17 11:23:59,围网
10097,29.793250000000004,124.26633333333334,9.3,179.0,2020-08-17 11:33:59,围网
10097,29.767055555555554,124.26622222222224,9.5,180.0,2020-08-17 11:43:59,围网
10097,29.740444444444442,124.26672222222223,9.6,174.0,2020-08-17 11:54:01,围网
10097,29.730916666666666,124.26805555555555,0.6,197.0,2020-08-17 12:04:01,围网
10097,29.730666666666664,124.26794444444445,0.3,0.0,2020-08-17 12:14:01,围网
10097,29.730583333333332,124.26786111111113,0.2,0.0,2020-08-17 12:24:01,围网
10097,29.730638888888887,124.26786111111113,0.1,0.0,2020-08-17 12:34:01,围网
10097,29.7305,124.26775,0.2,0.0,2020-08-17 12:44:01,围网
10097,29.730527777777766,124.26777777777778,0.1,0.0,2020-08-17 12:54:01,围网
10097,29.730472222222208,124.26772222222222,0.0,0.0,2020-08-17 13:04:01,围网
10097,29.73038888888889,124.26761111111112,0.2,0.0,2020-08-17 13:14:01,围网
10097,29.73038888888889,124.26761111111112,0.2,0.0,2020-08-17 13:24:01,围网
10097,29.73033333333333,124.26752777777777,0.1,0.0,2020-08-17 13:34:01,围网
10097,29.73027777777777,124.2674722222222,0.1,0.0,2020-08-17 13:44:01,围网
10097,29.730305555555553,124.2674722222222,0.0,0.0,2020-08-17 13:54:01,围网
10097,29.73025,124.26736111111107,0.3,0.0,2020-08-17 14:04:00,围网
10097,29.73019444444445,124.2672777777778,0.3,0.0,2020-08-17 14:14:01,围网
10097,29.73022222222221,124.26722222222222,0.1,0.0,2020-08-17 14:24:00,围网
10097,29.730138888888888,124.26719444444444,0.1,0.0,2020-08-17 14:34:00,围网
10097,29.73011111111111,124.2669722222222,0.4,0.0,2020-08-17 14:54:00,围网
10097,29.73005555555555,124.26683333333334,0.5,0.0,2020-08-17 15:04:00,围网
10097,29.73005555555555,124.26663888888888,0.3,0.0,2020-08-17 15:14:00,围网
10097,29.73005555555555,124.26647222222222,0.4,0.0,2020-08-17 15:24:00,围网
10097,29.73005555555555,124.26625,0.3,0.0,2020-08-17 15:34:00,围网
10097,29.730138888888888,124.26602777777778,0.4,0.0,2020-08-17 15:44:00,围网
10097,29.730138888888888,124.26597222222222,0.1,0.0,2020-08-17 15:54:00,围网
10097,29.73019444444445,124.26577777777777,0.1,0.0,2020-08-17 16:04:00,围网
10097,29.730305555555553,124.26563888888887,0.5,182.0,2020-08-17 16:14:00,围网
10097,29.73036111111111,124.26555555555555,0.1,0.0,2020-08-17 16:24:00,围网
10097,29.7305,124.26538888888888,0.4,190.0,2020-08-17 16:44:00,围网
10097,29.730638888888887,124.26527777777778,0.1,0.0,2020-08-17 16:53:59,围网
10097,29.73080555555555,124.26513888888887,0.1,0.0,2020-08-17 17:03:59,围网
10097,29.73097222222221,124.26505555555555,0.1,0.0,2020-08-17 17:13:59,围网
10097,29.731222222222208,124.2649722222222,0.3,0.0,2020-08-17 17:23:59,围网
10097,29.685388888888887,124.31630555555556,7.7,29.0,2020-08-17 18:34:01,围网
10097,29.70025,124.33208333333332,7.7,39.0,2020-08-17 18:44:01,围网
10097,29.707305555555553,124.33513888888888,1.9,315.0,2020-08-17 18:54:01,围网
10097,29.71722222222222,124.32547222222222,10.1,317.0,2020-08-17 19:04:01,围网
10097,29.733916666666666,124.30052777777777,9.7,292.0,2020-08-17 19:14:00,围网
10097,29.734055555555553,124.26991666666667,9.6,271.0,2020-08-17 19:24:01,围网
10097,29.73258333333333,124.24022222222222,9.2,236.0,2020-08-17 19:34:01,围网
10097,29.722222222222207,124.21261111111113,9.8,257.0,2020-08-17 19:44:00,围网
10097,29.72466666666667,124.18230555555556,10.3,301.0,2020-08-17 19:54:00,围网
10097,29.737472222222234,124.15297222222223,10.9,318.0,2020-08-17 20:04:00,围网
10097,29.76,124.1305,10.7,325.0,2020-08-17 20:14:00,围网
10097,29.766277777777766,124.12191666666664,1.3,311.0,2020-08-17 20:24:00,围网
10097,29.76844444444444,124.11925,0.7,314.0,2020-08-17 20:34:00,围网
10097,29.770555555555553,124.11713888888887,1.0,320.0,2020-08-17 20:44:00,围网
10097,29.77263888888889,124.11525,0.8,313.0,2020-08-17 20:54:00,围网
10097,29.77438888888889,124.11325,0.8,316.0,2020-08-17 21:04:00,围网
10097,29.77555555555556,124.11188888888887,0.1,0.0,2020-08-17 21:14:00,围网
10097,29.775666666666666,124.1122222222222,0.5,38.0,2020-08-17 21:34:00,围网
10097,29.775666666666666,124.1129722222222,0.3,0.0,2020-08-17 21:44:00,围网
10097,29.775666666666666,124.11402777777776,0.6,67.0,2020-08-17 21:53:59,围网
10097,29.7755,124.1152777777778,0.8,98.0,2020-08-17 22:03:59,围网
10097,29.7785,124.11305555555555,3.0,313.0,2020-08-17 22:13:59,围网
10097,29.778388888888887,124.11286111111107,6.9,310.0,2020-08-17 22:23:59,围网
10097,29.7795,124.11436111111112,1.2,135.0,2020-08-17 22:34:01,围网
10097,29.779555555555554,124.11538888888887,0.8,5.0,2020-08-17 22:44:01,围网
10097,29.78022222222221,124.1164722222222,0.7,0.0,2020-08-17 22:54:01,围网
10097,29.781,124.11833333333333,0.9,72.0,2020-08-17 23:04:01,围网
10097,29.78136111111111,124.11969444444445,0.9,329.0,2020-08-17 23:14:01,围网
10097,29.78211111111111,124.12113888888888,1.2,50.0,2020-08-17 23:24:01,围网
10097,29.783722222222234,124.12222222222222,0.6,28.0,2020-08-17 23:34:01,围网
10097,29.78538888888889,124.12263888888887,1.5,14.0,2020-08-17 23:44:01,围网
10097,29.78886111111111,124.14488888888893,9.9,86.0,2020-08-17 23:54:01,围网
10097,29.79497222222223,124.17600000000002,9.9,78.0,2020-08-18 00:04:01,围网
10097,29.805750000000003,124.20244444444445,4.5,99.0,2020-08-18 00:14:01,围网
10097,29.805611111111112,124.20438888888887,0.8,89.0,2020-08-18 00:24:01,围网
10097,29.804805555555557,124.20669444444445,0.9,91.0,2020-08-18 00:34:01,围网
10097,29.804000000000002,124.2090277777778,0.6,113.0,2020-08-18 00:44:00,围网
10097,29.802805555555555,124.21133333333331,0.7,131.0,2020-08-18 00:54:00,围网
10097,29.801472222222234,124.21352777777778,0.7,130.0,2020-08-18 01:04:00,围网
10097,29.8,124.21588888888893,1.0,123.0,2020-08-18 01:14:00,围网
10097,29.79866666666667,124.21847222222222,0.7,138.0,2020-08-18 01:24:00,围网
10097,29.79738888888889,124.22072222222224,0.8,107.0,2020-08-18 01:34:00,围网
10097,29.795805555555557,124.22297222222224,1.0,121.0,2020-08-18 01:44:00,围网
10097,29.79416666666667,124.22530555555555,1.4,123.0,2020-08-18 01:54:00,围网
10097,29.79241666666667,124.22752777777778,0.9,136.0,2020-08-18 02:04:00,围网
10097,29.79061111111111,124.22961111111113,0.9,124.0,2020-08-18 02:14:00,围网
10097,29.78894444444445,124.23180555555555,1.2,118.0,2020-08-18 02:24:00,围网
10097,29.78741666666667,124.23402777777777,1.0,111.0,2020-08-18 02:34:00,围网
10097,29.785999999999998,124.23616666666668,1.4,98.0,2020-08-18 02:44:00,围网
10097,29.783583333333336,124.24,5.9,137.0,2020-08-18 02:54:00,围网
10097,29.7875,124.23577777777777,7.6,137.0,2020-08-18 03:03:59,围网
10097,29.783916666666666,124.23913888888887,1.6,102.0,2020-08-18 03:13:59,围网
10097,29.78172222222221,124.2415,2.0,122.0,2020-08-18 03:23:59,围网
10097,29.78011111111111,124.24316666666668,0.7,147.0,2020-08-18 03:34:01,围网
10097,29.778416666666665,124.24455555555555,0.1,0.0,2020-08-18 03:44:01,围网
10097,29.77719444444445,124.24533333333332,0.9,158.0,2020-08-18 03:54:01,围网
10097,29.77622222222222,124.24619444444444,0.3,0.0,2020-08-18 04:04:01,围网
10097,29.776055555555555,124.24652777777777,0.3,0.0,2020-08-18 04:14:01,围网
10097,29.775277777777767,124.24686111111113,0.5,150.0,2020-08-18 04:24:01,围网
10097,29.774638888888887,124.2470277777778,0.2,0.0,2020-08-18 04:34:01,围网
10097,29.774694444444453,124.24725,0.3,0.0,2020-08-18 04:44:01,围网
10097,29.77472222222222,124.24775,0.3,0.0,2020-08-18 04:54:01,围网
10097,29.775805555555557,124.2477222222222,0.2,0.0,2020-08-18 05:04:01,围网
10097,29.77697222222222,124.24769444444445,0.3,0.0,2020-08-18 05:14:01,围网
10097,29.778277777777767,124.24766666666667,0.2,0.0,2020-08-18 05:24:01,围网
10097,29.779888888888888,124.24761111111113,1.0,335.0,2020-08-18 05:34:01,围网
10097,29.7815,124.24755555555555,0.7,343.0,2020-08-18 05:44:00,围网
10097,29.78311111111111,124.24738888888888,0.6,337.0,2020-08-18 05:54:00,围网
10097,29.78491666666667,124.24725,0.7,357.0,2020-08-18 06:04:00,围网
10097,29.789388888888887,124.23641666666668,8.9,272.0,2020-08-18 06:14:00,围网
10097,29.79441666666667,124.20808333333332,9.2,279.0,2020-08-18 06:24:00,围网
10097,29.799611111111112,124.17938888888894,9.7,287.0,2020-08-18 06:34:00,围网
10097,29.805916666666665,124.14986111111112,9.5,291.0,2020-08-18 06:44:00,围网
10097,29.808000000000003,124.12172222222222,8.3,268.0,2020-08-18 06:54:00,围网
10097,29.80961111111111,124.09430555555555,9.2,272.0,2020-08-18 07:04:00,围网
10097,29.812027777777786,124.06436111111113,9.2,273.0,2020-08-18 07:14:00,围网
10097,29.81363888888889,124.04569444444445,9.3,276.0,2020-08-18 07:24:00,围网
10097,29.81636111111111,124.01597222222222,9.2,275.0,2020-08-18 07:34:00,围网
10097,29.81886111111111,123.98586111111106,9.3,278.0,2020-08-18 07:44:00,围网
10097,29.82125,123.954,9.3,273.0,2020-08-18 07:54:00,围网
10097,29.823166666666665,123.92608333333334,9.4,277.0,2020-08-18 08:03:59,围网
10097,29.825416666666666,123.89630555555556,9.3,277.0,2020-08-18 08:13:59,围网
10097,29.827444444444453,123.86661111111107,9.5,273.0,2020-08-18 08:23:59,围网
10097,29.82944444444445,123.83683333333332,9.5,278.0,2020-08-18 08:33:59,围网
10097,29.832027777777785,123.80683333333332,9.2,270.0,2020-08-18 08:43:59,围网
10097,29.83388888888889,123.77744444444444,9.4,278.0,2020-08-18 08:54:01,围网
10097,29.837916666666665,123.71799999999999,9.3,274.0,2020-08-18 09:14:01,围网
10097,29.83983333333333,123.68861111111113,9.4,276.0,2020-08-18 09:24:01,围网
10097,29.84513888888889,123.60388888888887,8.6,269.0,2020-08-18 09:54:01,围网
10097,29.84636111111111,123.57441666666664,8.9,273.0,2020-08-18 10:04:01,围网
10097,29.848527777777786,123.54775,8.8,279.0,2020-08-18 10:14:01,围网
10097,29.85088888888889,123.51913888888888,9.0,278.0,2020-08-18 10:24:01,围网
10097,29.85294444444445,123.49013888888888,8.9,271.0,2020-08-18 10:34:01,围网
10097,29.855472222222232,123.4609722222222,9.1,273.0,2020-08-18 10:44:01,围网
10097,29.85763888888889,123.43194444444444,9.3,277.0,2020-08-18 10:54:00,围网
10097,29.860055555555558,123.40216666666667,9.7,276.0,2020-08-18 11:04:00,围网
10097,29.862666666666666,123.37238888888888,9.7,280.0,2020-08-18 11:14:00,围网
10097,29.863888888888887,123.34255555555555,10.8,272.0,2020-08-18 11:24:00,围网
10097,29.865333333333336,123.31305555555555,9.1,271.0,2020-08-18 11:34:00,围网
10097,29.86794444444445,123.2835277777778,9.5,269.0,2020-08-18 11:44:00,围网
10097,29.869527777777765,123.25375,9.0,263.0,2020-08-18 11:54:00,围网
10097,29.87130555555556,123.2240277777778,9.1,266.0,2020-08-18 12:04:00,围网
10097,29.87216666666667,123.1935277777778,9.0,274.0,2020-08-18 12:14:00,围网
10097,29.874777777777766,123.16641666666666,9.2,281.0,2020-08-18 12:24:00,围网
10097,29.87713888888889,123.13722222222223,9.2,276.0,2020-08-18 12:34:00,围网
10097,29.87913888888889,123.10797222222222,9.5,274.0,2020-08-18 12:44:00,围网
10097,29.88125,123.07813888888887,9.2,274.0,2020-08-18 12:54:00,围网
10097,29.882972222222232,123.04830555555556,9.5,268.0,2020-08-18 13:04:00,围网
10097,29.884527777777766,123.01783333333334,9.5,274.0,2020-08-18 13:14:00,围网
10097,29.88663888888889,122.98733333333334,9.6,275.0,2020-08-18 13:24:00,围网
10097,29.88855555555556,122.95675,9.3,269.0,2020-08-18 13:34:00,围网
10097,29.890527777777766,122.92683333333336,9.3,273.0,2020-08-18 13:43:59,围网
10097,29.891222222222233,122.89694444444444,9.1,285.0,2020-08-18 13:53:59,围网
10097,29.892777777777766,122.86719444444445,9.3,272.0,2020-08-18 14:03:59,围网
10097,29.89455555555556,122.83716666666666,9.5,272.0,2020-08-18 14:13:59,围网
10097,29.894972222222233,122.80444444444444,9.8,271.0,2020-08-18 14:24:01,围网
10097,29.89719444444445,122.77572222222223,9.5,276.0,2020-08-18 14:34:01,围网
10097,29.89908333333333,122.74525,9.8,274.0,2020-08-18 14:44:01,围网
