渔船ID,lat,lon,速度,方向,time,type
12914,30.131972222222235,122.75783333333334,0.2,0.0,2019-10-31 21:52:35,刺网
12914,30.13183333333333,122.75775,0.4,159.0,2019-10-31 22:02:35,刺网
12914,30.131638888888887,122.75780555555555,0.1,0.0,2019-10-31 22:12:35,刺网
12914,30.13136111111111,122.75805555555556,0.1,0.0,2019-10-31 22:32:35,刺网
12914,30.13158333333333,122.7579722222222,0.1,0.0,2019-10-31 22:42:35,刺网
12914,30.1315,122.75830555555555,0.1,0.0,2019-10-31 22:52:35,刺网
12914,30.13158333333333,122.75819444444444,0.1,0.0,2019-10-31 23:02:35,刺网
12914,30.131472222222214,122.75819444444444,0.1,0.0,2019-10-31 23:12:35,刺网
12914,30.1315,122.75838888888893,0.1,0.0,2019-10-31 23:22:35,刺网
12914,30.1315,122.75838888888893,0.1,0.0,2019-10-31 23:32:35,刺网
12914,30.131527777777766,122.7584722222222,0.6,347.0,2019-10-31 23:42:35,刺网
12914,30.131472222222214,122.75836111111113,0.2,0.0,2019-10-31 23:52:35,刺网
12914,30.13144444444445,122.7584722222222,0.3,0.0,2019-11-01 00:12:34,刺网
12914,30.13138888888889,122.75841666666668,0.6,0.0,2019-11-01 00:22:34,刺网
12914,30.131472222222214,122.75841666666668,0.2,0.0,2019-11-01 00:32:34,刺网
12914,30.13136111111111,122.75844444444445,0.1,0.0,2019-11-01 00:42:34,刺网
12914,30.13144444444445,122.75833333333334,0.1,0.0,2019-11-01 00:52:34,刺网
12914,30.1315,122.75844444444445,0.2,0.0,2019-11-01 01:02:34,刺网
12914,30.13141666666667,122.75830555555555,0.1,0.0,2019-11-01 01:12:36,刺网
12914,30.13144444444445,122.75838888888893,0.1,0.0,2019-11-01 01:22:36,刺网
12914,30.13166666666667,122.75855555555556,0.1,0.0,2019-11-01 01:32:36,刺网
12914,30.13144444444445,122.75830555555555,0.1,0.0,2019-11-01 01:42:36,刺网
12914,30.131527777777766,122.7585277777778,0.1,0.0,2019-11-01 01:52:36,刺网
12914,30.1315,122.7585277777778,0.1,0.0,2019-11-01 02:02:36,刺网
12914,30.13136111111111,122.75833333333334,0.2,0.0,2019-11-01 02:12:36,刺网
12914,30.13141666666667,122.75816666666668,0.4,0.0,2019-11-01 02:22:36,刺网
12914,30.13136111111111,122.75811111111112,0.3,0.0,2019-11-01 02:32:36,刺网
12914,30.1315,122.75805555555556,0.1,0.0,2019-11-01 02:42:36,刺网
12914,30.131527777777766,122.758,0.1,0.0,2019-11-01 02:52:36,刺网
12914,30.13144444444445,122.75802777777777,0.1,0.0,2019-11-01 03:12:36,刺网
12914,30.13141666666667,122.75819444444444,0.1,0.0,2019-11-01 03:22:35,刺网
12914,30.13141666666667,122.75816666666668,0.1,0.0,2019-11-01 03:32:35,刺网
12914,30.13138888888889,122.75802777777777,0.1,0.0,2019-11-01 03:42:35,刺网
12914,30.131555555555554,122.75791666666666,0.3,0.0,2019-11-01 03:52:35,刺网
12914,30.13158333333333,122.75786111111113,0.2,0.0,2019-11-01 04:02:35,刺网
12914,30.131694444444445,122.75775,0.0,0.0,2019-11-01 04:12:35,刺网
12914,30.13183333333333,122.7577777777778,0.0,0.0,2019-11-01 04:22:35,刺网
12914,30.13194444444445,122.75780555555555,0.0,0.0,2019-11-01 04:32:35,刺网
12914,30.13211111111111,122.75794444444445,0.2,0.0,2019-11-01 04:42:35,刺网
12914,30.132055555555556,122.75855555555556,0.2,0.0,2019-11-01 04:52:35,刺网
12914,30.13138888888889,122.75838888888893,0.7,0.0,2019-11-01 05:02:35,刺网
12914,30.13158333333333,122.7585277777778,0.0,0.0,2019-11-01 05:12:34,刺网
12914,30.13175,122.75855555555556,0.2,0.0,2019-11-01 05:22:34,刺网
12914,30.13166666666667,122.75855555555556,0.1,0.0,2019-11-01 05:42:34,刺网
12914,30.13186111111111,122.7585,0.1,0.0,2019-11-01 05:52:34,刺网
12914,30.13191666666667,122.75844444444445,0.1,0.0,2019-11-01 06:02:34,刺网
12914,30.131555555555554,122.7585,0.5,0.0,2019-11-01 06:12:34,刺网
12914,30.13175,122.79302777777777,6.4,71.0,2019-11-01 06:32:34,刺网
12914,30.137555555555554,122.81272222222222,6.7,71.0,2019-11-01 06:42:34,刺网
12914,30.14383333333333,122.83225,6.1,69.0,2019-11-01 06:52:36,刺网
12914,30.1595,122.86580555555555,4.5,45.0,2019-11-01 07:12:36,刺网
12914,30.16038888888889,122.86613888888887,4.1,337.0,2019-11-01 07:22:36,刺网
12914,30.16025,122.86441666666666,0.3,0.0,2019-11-01 07:32:36,刺网
12914,30.160305555555553,122.86416666666666,0.7,0.0,2019-11-01 07:42:36,刺网
12914,30.16036111111111,122.86408333333333,1.8,76.0,2019-11-01 07:52:36,刺网
12914,30.16038888888889,122.86394444444444,0.4,141.0,2019-11-01 08:02:35,刺网
12914,30.160305555555553,122.86405555555555,0.2,0.0,2019-11-01 08:12:36,刺网
12914,30.16044444444444,122.86394444444444,0.4,320.0,2019-11-01 08:22:36,刺网
12914,30.16044444444444,122.86391666666664,0.4,296.0,2019-11-01 08:32:35,刺网
12914,30.1605,122.86386111111106,0.7,312.0,2019-11-01 08:42:35,刺网
12914,30.160527777777766,122.86383333333332,0.3,0.0,2019-11-01 08:52:35,刺网
12914,30.160555555555554,122.86383333333332,0.4,51.0,2019-11-01 09:02:35,刺网
12914,30.16069444444444,122.86708333333333,2.7,342.0,2019-11-01 09:12:35,刺网
12914,30.16105555555556,122.86716666666666,2.3,158.0,2019-11-01 09:22:35,刺网
12914,30.162916666666664,122.86783333333334,5.7,2.0,2019-11-01 09:32:35,刺网
12914,30.162722222222214,122.86880555555555,2.0,153.0,2019-11-01 09:42:35,刺网
12914,30.16072222222222,122.86386111111106,0.1,0.0,2019-11-01 09:52:35,刺网
12914,30.160666666666664,122.86388888888888,0.3,0.0,2019-11-01 10:02:35,刺网
12914,30.16069444444444,122.86386111111106,0.5,17.0,2019-11-01 10:12:35,刺网
12914,30.16072222222222,122.86386111111106,0.6,319.0,2019-11-01 10:22:34,刺网
12914,30.160611111111113,122.86386111111106,0.5,0.0,2019-11-01 10:32:34,刺网
12914,30.16083333333333,122.86383333333332,0.5,5.0,2019-11-01 10:42:34,刺网
12914,30.160888888888888,122.86383333333332,0.1,0.0,2019-11-01 10:52:34,刺网
12914,30.160972222222213,122.86383333333332,0.2,0.0,2019-11-01 11:12:34,刺网
12914,30.16275,122.86977777777778,1.7,111.0,2019-11-01 11:32:34,刺网
12914,30.162555555555553,122.86744444444444,0.8,272.0,2019-11-01 11:42:34,刺网
12914,30.16294444444444,122.86883333333333,1.6,320.0,2019-11-01 11:52:34,刺网
12914,30.160916666666665,122.86511111111106,5.0,111.0,2019-11-01 12:02:36,刺网
12914,30.16161111111111,122.88416666666667,6.6,76.0,2019-11-01 12:12:34,刺网
12914,30.16477777777777,122.90408333333336,6.0,77.0,2019-11-01 12:22:36,刺网
12914,30.167805555555557,122.92333333333332,5.8,85.0,2019-11-01 12:32:36,刺网
12914,30.17011111111111,122.94088888888888,1.1,71.0,2019-11-01 12:42:36,刺网
12914,30.16997222222223,122.94147222222223,0.3,220.0,2019-11-01 12:52:36,刺网
12914,30.17,122.94311111111112,0.2,0.0,2019-11-01 13:02:36,刺网
12914,30.17375,122.9427777777778,6.6,167.0,2019-11-01 13:12:36,刺网
12914,30.17088888888889,122.9422777777778,0.1,0.0,2019-11-01 13:22:36,刺网
12914,30.17069444444445,122.94225,0.3,0.0,2019-11-01 13:32:36,刺网
12914,30.17052777777778,122.94222222222223,0.3,104.0,2019-11-01 13:42:35,刺网
12914,30.170444444444453,122.94213888888888,0.3,0.0,2019-11-01 13:52:35,刺网
12914,30.170222222222232,122.94219444444445,0.2,0.0,2019-11-01 14:02:35,刺网
12914,30.16986111111111,122.94233333333334,0.4,0.0,2019-11-01 14:12:35,刺网
12914,30.16983333333333,122.9424722222222,0.0,0.0,2019-11-01 14:22:35,刺网
12914,30.169722222222234,122.94255555555556,0.1,0.0,2019-11-01 14:32:35,刺网
12914,30.16966666666667,122.94266666666668,0.2,0.0,2019-11-01 14:42:35,刺网
12914,30.174722222222233,122.94211111111113,1.0,219.0,2019-11-01 14:52:35,刺网
12914,30.17525,122.94202777777778,1.7,232.0,2019-11-01 15:02:35,刺网
12914,30.172,122.94330555555555,3.7,320.0,2019-11-01 15:12:35,刺网
12914,30.17191666666667,122.94541666666666,0.7,162.0,2019-11-01 15:22:35,刺网
12914,30.169583333333332,122.94358333333334,3.4,243.0,2019-11-01 15:32:34,刺网
12914,30.169583333333332,122.94305555555556,0.3,0.0,2019-11-01 15:42:34,刺网
12914,30.169583333333332,122.94308333333332,0.2,0.0,2019-11-01 15:52:34,刺网
12914,30.169611111111113,122.9429722222222,0.2,0.0,2019-11-01 16:02:34,刺网
12914,30.169611111111113,122.9429722222222,0.3,0.0,2019-11-01 16:12:34,刺网
12914,30.169611111111113,122.943,0.2,0.0,2019-11-01 16:22:34,刺网
12914,30.169611111111113,122.9429722222222,0.2,0.0,2019-11-01 16:32:34,刺网
12914,30.169611111111113,122.9429722222222,0.2,0.0,2019-11-01 16:42:34,刺网
12914,30.169583333333332,122.9429722222222,0.2,0.0,2019-11-01 16:52:34,刺网
12914,30.1695,122.94291666666666,0.2,0.0,2019-11-01 17:12:34,刺网
12914,30.169527777777766,122.94294444444445,0.0,0.0,2019-11-01 17:22:34,刺网
12914,30.169527777777766,122.94294444444445,0.2,0.0,2019-11-01 17:32:34,刺网
12914,30.169555555555554,122.94294444444445,0.1,0.0,2019-11-01 17:42:34,刺网
12914,30.169694444444445,122.94286111111113,0.4,0.0,2019-11-01 17:52:36,刺网
12914,30.1695,122.94302777777777,0.2,0.0,2019-11-01 18:02:36,刺网
12914,30.169527777777766,122.94302777777777,0.3,0.0,2019-11-01 18:12:34,刺网
12914,30.169527777777766,122.943,0.3,78.0,2019-11-01 18:22:36,刺网
12914,30.169527777777766,122.9429722222222,0.2,0.0,2019-11-01 18:32:35,刺网
12914,30.169527777777766,122.9429722222222,0.1,0.0,2019-11-01 18:42:35,刺网
12914,30.169555555555554,122.94291666666666,0.4,36.0,2019-11-01 18:52:35,刺网
12914,30.169527777777766,122.94302777777777,0.4,0.0,2019-11-01 19:02:35,刺网
12914,30.169527777777766,122.94305555555556,0.1,0.0,2019-11-01 19:12:35,刺网
12914,30.169527777777766,122.943,0.2,0.0,2019-11-01 19:22:35,刺网
12914,30.1695,122.94313888888892,0.3,0.0,2019-11-01 19:32:35,刺网
12914,30.169527777777766,122.94313888888892,0.1,0.0,2019-11-01 19:42:35,刺网
12914,30.169638888888887,122.94266666666668,0.1,0.0,2019-11-01 19:52:35,刺网
12914,30.16966666666667,122.94258333333336,0.3,0.0,2019-11-01 20:02:35,刺网
12914,30.169583333333332,122.9427777777778,0.3,0.0,2019-11-01 20:12:35,刺网
12914,30.169583333333332,122.9427777777778,0.1,0.0,2019-11-01 20:42:35,刺网
12914,30.169888888888888,122.9422777777778,0.4,182.0,2019-11-01 21:02:34,刺网
12914,30.17016666666667,122.94216666666668,0.1,0.0,2019-11-01 21:12:34,刺网
12914,30.17027777777778,122.94213888888888,0.2,0.0,2019-11-01 21:22:34,刺网
12914,30.17041666666667,122.94211111111113,0.2,0.0,2019-11-01 21:32:34,刺网
12914,30.170777777777786,122.94219444444445,0.3,10.0,2019-11-01 21:42:34,刺网
12914,30.17116666666667,122.94258333333336,0.4,28.0,2019-11-01 21:52:34,刺网
12914,30.17130555555556,122.94311111111112,0.0,0.0,2019-11-01 22:02:34,刺网
12914,30.17130555555556,122.94308333333332,0.2,0.0,2019-11-01 22:12:34,刺网
12914,30.17116666666667,122.94275,0.2,0.0,2019-11-01 22:22:34,刺网
12914,30.17083333333333,122.94222222222223,0.2,324.0,2019-11-01 22:32:34,刺网
12914,30.17091666666667,122.94225,0.2,0.0,2019-11-01 22:42:34,刺网
12914,30.171194444444453,122.94263888888894,0.3,0.0,2019-11-01 22:52:34,刺网
12914,30.171222222222234,122.94263888888894,0.2,0.0,2019-11-01 23:02:34,刺网
12914,30.17130555555556,122.94302777777777,0.2,0.0,2019-11-01 23:12:34,刺网
12914,30.17130555555556,122.94308333333332,0.5,6.0,2019-11-01 23:22:36,刺网
12914,30.171222222222234,122.94325,0.3,0.0,2019-11-01 23:32:35,刺网
12914,30.171277777777767,122.94283333333334,0.2,0.0,2019-11-01 23:42:36,刺网
12914,30.171333333333337,122.94302777777777,0.2,0.0,2019-11-01 23:52:36,刺网
12914,30.17130555555556,122.9429722222222,0.2,0.0,2019-11-02 00:02:35,刺网
12914,30.17125,122.94338888888893,0.3,0.0,2019-11-02 00:22:35,刺网
12914,30.17130555555556,122.94341666666668,0.2,0.0,2019-11-02 00:32:35,刺网
12914,30.17130555555556,122.94338888888893,0.1,0.0,2019-11-02 00:42:35,刺网
12914,30.17130555555556,122.94333333333334,0.1,0.0,2019-11-02 01:02:35,刺网
12914,30.17125,122.9435,0.3,0.0,2019-11-02 01:22:35,刺网
12914,30.171277777777767,122.94344444444445,0.1,0.0,2019-11-02 01:32:35,刺网
12914,30.17116666666667,122.9435,0.3,0.0,2019-11-02 01:42:35,刺网
12914,30.17130555555556,122.94344444444445,0.3,0.0,2019-11-02 01:52:35,刺网
12914,30.171083333333332,122.94555555555556,1.8,12.0,2019-11-02 02:02:35,刺网
12914,30.171277777777767,122.9454722222222,0.7,0.0,2019-11-02 02:12:35,刺网
12914,30.172361111111112,122.94558333333332,1.5,337.0,2019-11-02 02:22:34,刺网
12914,30.17147222222223,122.94605555555556,2.2,120.0,2019-11-02 02:32:34,刺网
12914,30.172611111111113,122.94283333333334,0.2,0.0,2019-11-02 02:42:34,刺网
12914,30.172472222222233,122.93986111111113,1.5,174.0,2019-11-02 02:52:34,刺网
12914,30.17144444444445,122.93852777777781,3.1,44.0,2019-11-02 03:02:34,刺网
12914,30.17083333333333,122.94319444444444,0.4,287.0,2019-11-02 03:12:34,刺网
12914,30.170722222222214,122.94377777777778,0.1,0.0,2019-11-02 03:22:34,刺网
12914,30.170333333333332,122.944,0.4,146.0,2019-11-02 03:32:34,刺网
12914,30.16966666666667,122.94363888888887,0.1,0.0,2019-11-02 03:42:34,刺网
12914,30.169611111111113,122.94347222222223,0.3,252.0,2019-11-02 03:52:34,刺网
12914,30.169555555555554,122.94333333333334,0.1,0.0,2019-11-02 04:02:34,刺网
12914,30.169555555555554,122.94338888888893,0.1,0.0,2019-11-02 04:12:34,刺网
12914,30.169583333333332,122.94338888888893,0.2,0.0,2019-11-02 04:22:34,刺网
12914,30.169527777777766,122.94336111111113,0.2,0.0,2019-11-02 04:32:34,刺网
12914,30.169527777777766,122.94330555555555,0.5,0.0,2019-11-02 04:42:33,刺网
12914,30.169527777777766,122.94327777777778,0.3,0.0,2019-11-02 04:52:36,刺网
12914,30.169527777777766,122.94330555555555,0.1,0.0,2019-11-02 05:02:33,刺网
12914,30.169527777777766,122.94338888888893,0.3,0.0,2019-11-02 05:12:35,刺网
12914,30.1695,122.94322222222223,0.2,0.0,2019-11-02 05:22:35,刺网
12914,30.169527777777766,122.94325,0.3,0.0,2019-11-02 05:32:35,刺网
12914,30.169527777777766,122.94325,0.5,0.0,2019-11-02 05:42:35,刺网
12914,30.169527777777766,122.94325,0.4,0.0,2019-11-02 05:52:35,刺网
12914,30.169527777777766,122.94316666666668,0.2,0.0,2019-11-02 06:02:35,刺网
12914,30.1695,122.94316666666668,0.3,0.0,2019-11-02 06:12:35,刺网
12914,30.1695,122.94313888888892,0.1,0.0,2019-11-02 06:22:35,刺网
12914,30.1695,122.94308333333332,0.2,0.0,2019-11-02 06:32:35,刺网
12914,30.1695,122.94305555555556,0.2,0.0,2019-11-02 06:42:35,刺网
12914,30.1695,122.94305555555556,0.1,0.0,2019-11-02 06:52:35,刺网
12914,30.169527777777766,122.94302777777777,0.2,0.0,2019-11-02 07:02:35,刺网
12914,30.169527777777766,122.94294444444445,0.2,0.0,2019-11-02 07:12:35,刺网
12914,30.1695,122.94302777777777,0.2,0.0,2019-11-02 07:22:35,刺网
12914,30.1695,122.943,0.4,0.0,2019-11-02 07:32:34,刺网
12914,30.1695,122.94302777777777,0.2,0.0,2019-11-02 07:42:34,刺网
12914,30.1695,122.94319444444444,0.3,0.0,2019-11-02 07:52:34,刺网
12914,30.169527777777766,122.94305555555556,0.4,0.0,2019-11-02 08:02:34,刺网
12914,30.169527777777766,122.94294444444445,0.1,0.0,2019-11-02 08:12:34,刺网
12914,30.169527777777766,122.94302777777777,0.3,0.0,2019-11-02 08:22:34,刺网
12914,30.172277777777786,122.93911111111113,1.4,43.0,2019-11-02 08:32:34,刺网
12914,30.17394444444445,122.94063888888893,0.7,269.0,2019-11-02 08:42:34,刺网
12914,30.168972222222234,122.93836111111106,3.9,205.0,2019-11-02 08:52:34,刺网
12914,30.16697222222223,122.9445,1.9,275.0,2019-11-02 09:02:34,刺网
12914,30.16869444444445,122.94594444444445,5.1,352.0,2019-11-02 09:12:34,刺网
12914,30.17191666666667,122.946,1.0,20.0,2019-11-02 09:22:34,刺网
12914,30.171611111111112,122.9460277777778,1.2,190.0,2019-11-02 09:32:34,刺网
12914,30.174888888888887,122.94005555555556,6.5,300.0,2019-11-02 09:42:34,刺网
12914,30.176972222222233,122.93952777777778,4.2,119.0,2019-11-02 09:52:34,刺网
12914,30.170861111111112,122.94611111111112,6.1,289.0,2019-11-02 10:02:33,刺网
12914,30.17225,122.93952777777778,4.4,139.0,2019-11-02 10:12:33,刺网
12914,30.17,122.94236111111113,0.4,0.0,2019-11-02 10:22:33,刺网
12914,30.16991666666667,122.9425,0.4,0.0,2019-11-02 10:32:35,刺网
12914,30.17013888888889,122.94233333333334,0.6,338.0,2019-11-02 10:52:35,刺网
12914,30.17019444444445,122.94230555555555,0.3,87.0,2019-11-02 11:02:35,刺网
12914,30.17013888888889,122.94233333333334,0.4,0.0,2019-11-02 11:12:35,刺网
12914,30.170222222222232,122.94261111111112,0.3,5.0,2019-11-02 11:22:35,刺网
12914,30.170388888888887,122.9425,0.2,0.0,2019-11-02 11:32:35,刺网
12914,30.17280555555556,122.94119444444445,1.1,46.0,2019-11-02 11:42:35,刺网
12914,30.17308333333333,122.94133333333332,0.9,205.0,2019-11-02 11:52:35,刺网
12914,30.170333333333332,122.94230555555555,0.3,96.0,2019-11-02 12:12:35,刺网
12914,30.170361111111113,122.94230555555555,0.4,189.0,2019-11-02 12:22:35,刺网
12914,30.16772222222223,122.94438888888894,5.8,88.0,2019-11-02 12:32:35,刺网
12914,30.170972222222233,122.94258333333336,0.9,300.0,2019-11-02 12:42:34,刺网
12914,30.170777777777786,122.94225,0.2,0.0,2019-11-02 13:02:34,刺网
12914,30.170777777777786,122.94222222222223,0.1,0.0,2019-11-02 13:12:34,刺网
12914,30.170666666666666,122.94219444444445,0.4,190.0,2019-11-02 13:22:34,刺网
12914,30.170722222222214,122.94219444444445,0.4,325.0,2019-11-02 13:32:34,刺网
12914,30.17075,122.94222222222223,0.2,0.0,2019-11-02 13:42:34,刺网
12914,30.170666666666666,122.94213888888888,0.5,12.0,2019-11-02 13:52:34,刺网
12914,30.170972222222233,122.94158333333334,6.4,299.0,2019-11-02 14:02:34,刺网
12914,30.173333333333336,122.93775,0.6,5.0,2019-11-02 14:12:34,刺网
12914,30.175777777777785,122.9392777777778,1.2,287.0,2019-11-02 14:22:34,刺网
12914,30.175777777777785,122.9387222222222,0.9,195.0,2019-11-02 14:32:34,刺网
12914,30.173333333333336,122.93852777777781,0.2,0.0,2019-11-02 14:42:34,刺网
12914,30.175666666666668,122.939,1.2,327.0,2019-11-02 14:52:34,刺网
12914,30.17716666666667,122.93958333333332,0.8,168.0,2019-11-02 15:02:34,刺网
12914,30.18188888888889,122.94786111111112,0.5,47.0,2019-11-02 15:12:33,刺网
12914,30.181638888888887,122.94552777777777,4.6,209.0,2019-11-02 15:22:33,刺网
12914,30.17016666666667,122.94008333333332,0.9,204.0,2019-11-02 15:42:33,刺网
12914,30.17091666666667,122.93897222222223,1.5,46.0,2019-11-02 15:52:35,刺网
12914,30.17069444444445,122.94608333333332,0.3,0.0,2019-11-02 16:02:35,刺网
12914,30.17233333333333,122.94580555555555,0.5,338.0,2019-11-02 16:12:35,刺网
12914,30.172722222222234,122.94583333333334,2.4,20.0,2019-11-02 16:22:35,刺网
12914,30.17294444444445,122.9454722222222,0.3,0.0,2019-11-02 16:32:35,刺网
12914,30.169555555555554,122.9429722222222,0.4,0.0,2019-11-02 16:42:35,刺网
12914,30.169527777777766,122.94302777777777,0.2,0.0,2019-11-02 16:52:35,刺网
12914,30.169527777777766,122.94308333333332,0.7,90.0,2019-11-02 17:02:35,刺网
12914,30.169527777777766,122.94308333333332,0.2,0.0,2019-11-02 17:12:35,刺网
12914,30.169555555555554,122.94288888888887,0.3,0.0,2019-11-02 17:32:35,刺网
12914,30.169527777777766,122.94313888888892,1.4,95.0,2019-11-02 17:42:35,刺网
12914,30.169527777777766,122.94308333333332,0.2,0.0,2019-11-02 17:52:35,刺网
12914,30.1695,122.94316666666668,0.2,0.0,2019-11-02 18:02:34,刺网
12914,30.1695,122.94322222222223,0.6,281.0,2019-11-02 18:12:34,刺网
12914,30.1695,122.94330555555555,0.3,264.0,2019-11-02 18:22:34,刺网
12914,30.1695,122.94322222222223,0.3,0.0,2019-11-02 18:32:34,刺网
12914,30.169527777777766,122.94333333333334,0.4,243.0,2019-11-02 18:42:34,刺网
12914,30.1695,122.94316666666668,0.5,198.0,2019-11-02 18:52:34,刺网
12914,30.169527777777766,122.94333333333334,0.1,0.0,2019-11-02 19:12:34,刺网
12914,30.1695,122.94319444444444,0.3,0.0,2019-11-02 19:22:34,刺网
12914,30.169527777777766,122.94325,0.3,0.0,2019-11-02 19:32:34,刺网
12914,30.169527777777766,122.94327777777778,0.2,0.0,2019-11-02 19:42:34,刺网
12914,30.169527777777766,122.94322222222223,0.2,0.0,2019-11-02 19:52:34,刺网
12914,30.169555555555554,122.94333333333334,0.1,0.0,2019-11-02 20:02:34,刺网
12914,30.169527777777766,122.94313888888892,0.1,0.0,2019-11-02 20:12:34,刺网
12914,30.169527777777766,122.94308333333332,0.3,0.0,2019-11-02 20:22:33,刺网
12914,30.169555555555554,122.94327777777778,0.1,0.0,2019-11-02 20:32:33,刺网
12914,30.169555555555554,122.94338888888893,0.2,0.0,2019-11-02 20:42:33,刺网
12914,30.169527777777766,122.94344444444445,0.3,144.0,2019-11-02 20:52:33,刺网
12914,30.169611111111113,122.94355555555555,0.2,0.0,2019-11-02 21:02:33,刺网
12914,30.16983333333333,122.94344444444445,0.3,0.0,2019-11-02 21:12:33,刺网
12914,30.169638888888887,122.94272222222223,0.3,311.0,2019-11-02 21:22:33,刺网
12914,30.170027777777786,122.94222222222223,0.2,0.0,2019-11-02 21:32:35,刺网
12914,30.17025000000001,122.94213888888888,0.1,0.0,2019-11-02 21:42:35,刺网
12914,30.170333333333332,122.94213888888888,0.3,0.0,2019-11-02 21:52:35,刺网
12914,30.170388888888887,122.94208333333331,0.4,0.0,2019-11-02 22:02:35,刺网
12914,30.170666666666666,122.94213888888888,0.1,0.0,2019-11-02 22:12:35,刺网
12914,30.170777777777786,122.94216666666668,0.2,0.0,2019-11-02 22:22:35,刺网
12914,30.170861111111112,122.94225,0.4,59.0,2019-11-02 22:32:35,刺网
12914,30.17091666666667,122.9422777777778,0.1,0.0,2019-11-02 22:42:35,刺网
12914,30.170805555555557,122.94222222222223,0.2,0.0,2019-11-02 22:52:35,刺网
12914,30.17075,122.94222222222223,0.2,0.0,2019-11-02 23:02:35,刺网
12914,30.170805555555557,122.9422777777778,0.1,0.0,2019-11-02 23:12:35,刺网
12914,30.17083333333333,122.9422777777778,0.1,0.0,2019-11-02 23:22:34,刺网
12914,30.17075,122.94225,0.1,0.0,2019-11-02 23:32:34,刺网
12914,30.170861111111112,122.94236111111113,0.2,0.0,2019-11-02 23:42:34,刺网
12914,30.170805555555557,122.94236111111113,0.0,0.0,2019-11-02 23:52:34,刺网
12914,30.17091666666667,122.9424722222222,0.2,0.0,2019-11-03 00:02:34,刺网
12914,30.17083333333333,122.9424722222222,0.1,0.0,2019-11-03 00:12:34,刺网
12914,30.171055555555558,122.94252777777778,0.6,121.0,2019-11-03 00:22:34,刺网
12914,30.17094444444445,122.9425,0.3,105.0,2019-11-03 00:32:34,刺网
12914,30.171111111111113,122.94258333333336,0.1,0.0,2019-11-03 00:42:34,刺网
12914,30.171111111111113,122.94261111111112,0.2,0.0,2019-11-03 00:52:34,刺网
12914,30.171111111111113,122.94255555555556,0.3,0.0,2019-11-03 01:12:34,刺网
12914,30.171222222222234,122.94272222222223,0.5,77.0,2019-11-03 01:22:33,刺网
12914,30.17130555555556,122.94311111111112,0.4,0.0,2019-11-03 01:32:33,刺网
12914,30.171277777777767,122.94330555555555,0.1,0.0,2019-11-03 01:42:33,刺网
12914,30.171277777777767,122.94311111111112,0.4,0.0,2019-11-03 01:52:33,刺网
12914,30.17130555555556,122.94308333333332,0.3,0.0,2019-11-03 02:02:33,刺网
12914,30.17125,122.94291666666666,0.0,0.0,2019-11-03 02:12:33,刺网
12914,30.17102777777778,122.94252777777778,0.1,0.0,2019-11-03 02:22:33,刺网
12914,30.170805555555557,122.94233333333334,0.6,324.0,2019-11-03 02:32:33,刺网
12914,30.170388888888887,122.9422777777778,0.4,190.0,2019-11-03 02:42:33,刺网
12914,30.16983333333333,122.94238888888893,0.2,0.0,2019-11-03 02:52:33,刺网
12914,30.169611111111113,122.94275,0.0,0.0,2019-11-03 03:12:35,刺网
12914,30.169555555555554,122.9427777777778,0.2,0.0,2019-11-03 03:32:35,刺网
12914,30.169527777777766,122.94288888888887,0.2,0.0,2019-11-03 03:42:35,刺网
12914,30.17102777777778,122.94011111111112,5.3,302.0,2019-11-03 04:02:35,刺网
12914,30.172916666666666,122.94302777777777,5.9,175.0,2019-11-03 04:12:35,刺网
12914,30.17519444444445,122.94427777777778,4.6,333.0,2019-11-03 04:22:35,刺网
12914,30.169527777777766,122.94325,0.2,0.0,2019-11-03 04:32:34,刺网
12914,30.169472222222232,122.94313888888892,0.1,0.0,2019-11-03 04:52:34,刺网
12914,30.169472222222232,122.94308333333332,0.7,118.0,2019-11-03 05:02:34,刺网
12914,30.1695,122.94308333333332,0.1,0.0,2019-11-03 05:12:34,刺网
12914,30.1695,122.94302777777777,0.2,0.0,2019-11-03 05:22:34,刺网
12914,30.1695,122.94308333333332,0.4,0.0,2019-11-03 05:32:34,刺网
12914,30.1695,122.94305555555556,0.4,0.0,2019-11-03 05:42:34,刺网
12914,30.169527777777766,122.94305555555556,0.3,0.0,2019-11-03 05:52:34,刺网
12914,30.169527777777766,122.94302777777777,0.5,159.0,2019-11-03 06:02:34,刺网
12914,30.1695,122.94308333333332,0.3,0.0,2019-11-03 06:22:34,刺网
12914,30.1695,122.94308333333332,0.2,0.0,2019-11-03 06:32:34,刺网
12914,30.169472222222232,122.94308333333332,0.1,0.0,2019-11-03 06:42:34,刺网
12914,30.1695,122.94305555555556,0.2,0.0,2019-11-03 06:52:33,刺网
12914,30.1695,122.94305555555556,0.1,0.0,2019-11-03 07:02:33,刺网
12914,30.1695,122.94308333333332,0.1,0.0,2019-11-03 07:12:33,刺网
12914,30.1695,122.943,0.0,0.0,2019-11-03 07:22:33,刺网
12914,30.1695,122.94305555555556,0.2,0.0,2019-11-03 07:32:33,刺网
12914,30.1695,122.94311111111112,0.1,0.0,2019-11-03 07:42:33,刺网
12914,30.169527777777766,122.94313888888892,0.2,0.0,2019-11-03 07:52:33,刺网
12914,30.169527777777766,122.94308333333332,0.1,0.0,2019-11-03 08:02:33,刺网
12914,30.169527777777766,122.94313888888892,0.5,166.0,2019-11-03 08:12:33,刺网
12914,30.169527777777766,122.94333333333334,0.3,0.0,2019-11-03 08:42:35,刺网
12914,30.169555555555554,122.94338888888893,0.3,1.0,2019-11-03 08:52:35,刺网
12914,30.169694444444445,122.94361111111112,0.3,109.0,2019-11-03 09:02:35,刺网
12914,30.17225,122.93955555555556,1.4,138.0,2019-11-03 09:22:35,刺网
12914,30.16866666666667,122.93919444444445,4.4,142.0,2019-11-03 09:32:35,刺网
12914,30.16991666666667,122.94230555555555,0.5,0.0,2019-11-03 09:42:34,刺网
12914,30.169694444444445,122.9425,0.2,0.0,2019-11-03 09:52:35,刺网
12914,30.169611111111113,122.94269444444444,0.2,0.0,2019-11-03 10:02:34,刺网
12914,30.169583333333332,122.94275,0.1,0.0,2019-11-03 10:12:34,刺网
12914,30.16966666666667,122.94255555555556,0.5,0.0,2019-11-03 10:22:34,刺网
12914,30.173222222222233,122.94225,1.3,92.0,2019-11-03 10:32:34,刺网
12914,30.1735,122.94163888888887,0.7,37.0,2019-11-03 10:42:34,刺网
12914,30.173333333333336,122.94197222222222,0.6,134.0,2019-11-03 10:52:34,刺网
12914,30.17308333333333,122.94152777777781,3.4,31.0,2019-11-03 11:02:34,刺网
12914,30.17441666666667,122.94458333333333,0.7,310.0,2019-11-03 11:12:34,刺网
12914,30.175,122.94413888888887,1.1,115.0,2019-11-03 11:22:34,刺网
12914,30.174055555555555,122.94536111111113,1.6,100.0,2019-11-03 11:32:34,刺网
12914,30.172694444444453,122.94302777777777,3.9,195.0,2019-11-03 11:42:34,刺网
12914,30.17355555555556,122.94241666666667,4.0,352.0,2019-11-03 11:52:33,刺网
12914,30.173222222222233,122.94141666666668,5.5,139.0,2019-11-03 12:02:33,刺网
12914,30.171388888888888,122.94263888888894,4.9,194.0,2019-11-03 12:12:33,刺网
12914,30.169527777777766,122.94341666666668,0.4,0.0,2019-11-03 12:22:33,刺网
12914,30.169527777777766,122.94336111111113,0.2,0.0,2019-11-03 12:32:33,刺网
12914,30.169583333333332,122.94336111111113,0.2,0.0,2019-11-03 12:42:33,刺网
12914,30.169527777777766,122.94336111111113,0.2,0.0,2019-11-03 12:52:33,刺网
12914,30.169611111111113,122.94327777777778,0.2,0.0,2019-11-03 13:02:33,刺网
12914,30.175694444444453,122.94016666666668,5.9,171.0,2019-11-03 13:12:33,刺网
12914,30.171138888888887,122.94066666666667,2.6,114.0,2019-11-03 13:22:33,刺网
12914,30.169583333333332,122.94355555555555,0.2,0.0,2019-11-03 13:32:33,刺网
12914,30.169555555555554,122.94338888888893,0.1,0.0,2019-11-03 13:42:33,刺网
12914,30.169527777777766,122.94316666666668,0.2,0.0,2019-11-03 13:52:33,刺网
12914,30.169527777777766,122.94291666666666,0.1,0.0,2019-11-03 14:02:35,刺网
12914,30.169527777777766,122.94294444444445,0.1,0.0,2019-11-03 14:12:35,刺网
12914,30.169527777777766,122.94302777777777,0.3,0.0,2019-11-03 14:22:35,刺网
12914,30.16944444444445,122.94319444444444,0.3,0.0,2019-11-03 14:32:34,刺网
12914,30.169472222222232,122.94308333333332,0.3,0.0,2019-11-03 14:42:34,刺网
12914,30.1695,122.94325,0.0,0.0,2019-11-03 14:52:34,刺网
12914,30.1695,122.94322222222223,0.1,0.0,2019-11-03 15:02:34,刺网
12914,30.1695,122.94327777777778,0.3,0.0,2019-11-03 15:12:34,刺网
12914,30.169527777777766,122.94319444444444,0.3,0.0,2019-11-03 15:22:34,刺网
12914,30.1695,122.94311111111112,0.5,0.0,2019-11-03 15:42:34,刺网
12914,30.1695,122.94313888888892,0.3,2.0,2019-11-03 15:52:34,刺网
12914,30.17483333333333,122.93847222222222,1.1,134.0,2019-11-03 16:12:34,刺网
12914,30.176,122.93980555555555,1.0,341.0,2019-11-03 16:22:34,刺网
12914,30.177,122.93952777777778,0.3,0.0,2019-11-03 16:32:34,刺网
12914,30.174805555555555,122.93911111111113,1.3,199.0,2019-11-03 16:42:34,刺网
12914,30.171944444444453,122.94616666666668,0.8,166.0,2019-11-03 16:52:33,刺网
12914,30.17175,122.94641666666666,1.7,0.0,2019-11-03 17:02:33,刺网
12914,30.17116666666667,122.94375,1.7,317.0,2019-11-03 17:12:33,刺网
12914,30.172305555555557,122.94305555555556,1.9,245.0,2019-11-03 17:22:33,刺网
12914,30.173444444444453,122.9429722222222,0.2,0.0,2019-11-03 17:32:33,刺网
12914,30.17075,122.94319444444444,2.3,206.0,2019-11-03 17:42:33,刺网
12914,30.170055555555557,122.94322222222223,2.7,356.0,2019-11-03 17:52:33,刺网
12914,30.169305555555557,122.94316666666668,0.2,0.0,2019-11-03 18:02:33,刺网
12914,30.169138888888888,122.94333333333334,0.4,166.0,2019-11-03 18:12:33,刺网
12914,30.16911111111111,122.94338888888893,0.2,0.0,2019-11-03 18:22:33,刺网
12914,30.16911111111111,122.94341666666668,0.2,0.0,2019-11-03 18:32:33,刺网
12914,30.16905555555556,122.94336111111113,0.5,124.0,2019-11-03 18:42:33,刺网
12914,30.169027777777767,122.94341666666668,0.1,0.0,2019-11-03 18:52:33,刺网
12914,30.169,122.94344444444445,0.5,229.0,2019-11-03 19:02:33,刺网
12914,30.169,122.94347222222223,0.4,258.0,2019-11-03 19:12:33,刺网
12914,30.169,122.94347222222223,0.3,0.0,2019-11-03 19:22:32,刺网
12914,30.169,122.94347222222223,0.1,0.0,2019-11-03 19:32:35,刺网
12914,30.168972222222234,122.94344444444445,0.3,0.0,2019-11-03 19:42:35,刺网
12914,30.168972222222234,122.94347222222223,0.3,0.0,2019-11-03 19:52:35,刺网
12914,30.168972222222234,122.9435277777778,0.2,0.0,2019-11-03 20:02:34,刺网
12914,30.168972222222234,122.94347222222223,0.1,0.0,2019-11-03 20:12:35,刺网
12914,30.169,122.9435277777778,0.2,0.0,2019-11-03 20:22:34,刺网
12914,30.169,122.94347222222223,0.4,0.0,2019-11-03 20:32:34,刺网
12914,30.168944444444445,122.94338888888893,0.2,0.0,2019-11-03 20:42:34,刺网
12914,30.16891666666667,122.94347222222223,0.2,0.0,2019-11-03 21:02:34,刺网
12914,30.168888888888887,122.94347222222223,0.4,0.0,2019-11-03 21:12:34,刺网
12914,30.16891666666667,122.94347222222223,0.3,0.0,2019-11-03 21:22:34,刺网
12914,30.168861111111113,122.94344444444445,0.3,16.0,2019-11-03 21:32:34,刺网
12914,30.16891666666667,122.94341666666668,0.8,191.0,2019-11-03 21:42:34,刺网
12914,30.168833333333332,122.94330555555555,0.3,0.0,2019-11-03 21:52:34,刺网
12914,30.168805555555558,122.94330555555555,0.8,170.0,2019-11-03 22:02:33,刺网
12914,30.168833333333332,122.94319444444444,0.3,0.0,2019-11-03 22:12:34,刺网
12914,30.168833333333332,122.94327777777778,0.2,0.0,2019-11-03 22:22:33,刺网
12914,30.168888888888887,122.94302777777777,0.3,0.0,2019-11-03 22:32:33,刺网
12914,30.16891666666667,122.94291666666666,0.2,0.0,2019-11-03 22:42:33,刺网
12914,30.16891666666667,122.94283333333334,0.4,167.0,2019-11-03 22:52:33,刺网
12914,30.168944444444445,122.94283333333334,0.2,0.0,2019-11-03 23:02:33,刺网
12914,30.168888888888887,122.9429722222222,0.2,0.0,2019-11-03 23:12:33,刺网
12914,30.168861111111113,122.94302777777777,0.2,0.0,2019-11-03 23:22:33,刺网
12914,30.168861111111113,122.94316666666668,0.3,0.0,2019-11-03 23:32:33,刺网
12914,30.168888888888887,122.94313888888892,0.4,0.0,2019-11-03 23:42:33,刺网
12914,30.168861111111113,122.94330555555555,0.2,0.0,2019-11-03 23:52:33,刺网
12914,30.168833333333332,122.94330555555555,0.4,0.0,2019-11-04 00:02:33,刺网
12914,30.168861111111113,122.94344444444445,0.6,0.0,2019-11-04 00:12:33,刺网
12914,30.168861111111113,122.94333333333334,0.1,0.0,2019-11-04 00:22:33,刺网
12914,30.168888888888887,122.94361111111112,0.1,0.0,2019-11-04 00:42:32,刺网
12914,30.168888888888887,122.94355555555555,0.2,0.0,2019-11-04 01:12:35,刺网
12914,30.168861111111113,122.94344444444445,0.1,0.0,2019-11-04 01:22:34,刺网
12914,30.168888888888887,122.94308333333332,0.1,0.0,2019-11-04 01:32:34,刺网
12914,30.168944444444445,122.943,0.8,0.0,2019-11-04 01:42:34,刺网
12914,30.168972222222234,122.94286111111113,0.5,229.0,2019-11-04 01:52:34,刺网
12914,30.168944444444445,122.94302777777777,0.4,0.0,2019-11-04 02:02:34,刺网
12914,30.168888888888887,122.94316666666668,0.5,0.0,2019-11-04 02:12:34,刺网
12914,30.168888888888887,122.94330555555555,0.6,0.0,2019-11-04 02:22:34,刺网
12914,30.168888888888887,122.94322222222223,0.2,0.0,2019-11-04 02:32:34,刺网
12914,30.168888888888887,122.94338888888893,0.3,0.0,2019-11-04 02:42:34,刺网
12914,30.168888888888887,122.94341666666668,0.2,0.0,2019-11-04 02:52:34,刺网
12914,30.168888888888887,122.94336111111113,0.2,0.0,2019-11-04 03:02:34,刺网
12914,30.168888888888887,122.94325,0.3,0.0,2019-11-04 03:12:34,刺网
12914,30.168861111111113,122.94327777777778,0.3,204.0,2019-11-04 03:22:34,刺网
12914,30.168861111111113,122.94316666666668,0.5,94.0,2019-11-04 03:32:33,刺网
12914,30.168833333333332,122.94325,0.6,79.0,2019-11-04 03:42:33,刺网
12914,30.168861111111113,122.94338888888893,0.3,0.0,2019-11-04 03:52:33,刺网
12914,30.168888888888887,122.94338888888893,0.3,0.0,2019-11-04 04:02:33,刺网
12914,30.168888888888887,122.94347222222223,0.5,139.0,2019-11-04 04:12:33,刺网
12914,30.168861111111113,122.94338888888893,0.3,227.0,2019-11-04 04:22:33,刺网
12914,30.168861111111113,122.94322222222223,0.3,0.0,2019-11-04 04:32:33,刺网
12914,30.168861111111113,122.94330555555555,0.4,72.0,2019-11-04 04:42:33,刺网
12914,30.168861111111113,122.94347222222223,0.6,234.0,2019-11-04 04:52:33,刺网
12914,30.168861111111113,122.94333333333334,0.2,0.0,2019-11-04 05:02:33,刺网
12914,30.168833333333332,122.94313888888892,0.4,297.0,2019-11-04 05:12:33,刺网
12914,30.168861111111113,122.94308333333332,0.4,165.0,2019-11-04 05:22:33,刺网
12914,30.168944444444445,122.94263888888894,1.2,174.0,2019-11-04 05:32:32,刺网
12914,30.17294444444445,122.94230555555555,6.7,96.0,2019-11-04 05:42:32,刺网
12914,30.172611111111113,122.93888888888893,2.2,186.0,2019-11-04 05:52:32,刺网
12914,30.173666666666666,122.9410277777778,4.9,41.0,2019-11-04 06:02:32,刺网
12914,30.17258333333333,122.93936111111113,6.4,131.0,2019-11-04 06:12:32,刺网
12914,30.169722222222234,122.93561111111113,1.0,50.0,2019-11-04 06:22:32,刺网
12914,30.168805555555558,122.93825,5.4,149.0,2019-11-04 06:32:32,刺网
12914,30.168944444444445,122.94316666666668,0.7,279.0,2019-11-04 06:42:34,刺网
12914,30.168972222222234,122.94308333333332,0.3,0.0,2019-11-04 06:52:32,刺网
12914,30.168972222222234,122.94313888888892,0.5,126.0,2019-11-04 07:02:34,刺网
12914,30.16891666666667,122.94313888888892,1.0,318.0,2019-11-04 07:12:34,刺网
12914,30.168888888888887,122.94308333333332,0.2,0.0,2019-11-04 07:22:34,刺网
12914,30.168861111111113,122.94308333333332,1.1,53.0,2019-11-04 07:32:34,刺网
12914,30.168833333333332,122.94308333333332,0.3,0.0,2019-11-04 07:42:34,刺网
12914,30.168805555555558,122.94316666666668,0.1,0.0,2019-11-04 07:52:34,刺网
12914,30.168555555555557,122.94308333333332,0.1,0.0,2019-11-04 08:02:34,刺网
12914,30.168555555555557,122.94313888888892,0.6,114.0,2019-11-04 08:12:34,刺网
12914,30.168555555555557,122.94316666666668,0.6,250.0,2019-11-04 08:22:34,刺网
12914,30.168527777777786,122.94327777777778,0.6,79.0,2019-11-04 08:32:34,刺网
12914,30.168555555555557,122.94313888888892,0.6,238.0,2019-11-04 08:42:34,刺网
12914,30.168527777777786,122.94333333333334,0.1,0.0,2019-11-04 08:52:33,刺网
12914,30.168527777777786,122.94325,0.4,289.0,2019-11-04 09:02:33,刺网
12914,30.168527777777786,122.94305555555556,0.2,0.0,2019-11-04 09:12:33,刺网
12914,30.16858333333333,122.94294444444445,0.2,0.0,2019-11-04 09:22:33,刺网
12914,30.1685,122.94325,0.8,117.0,2019-11-04 09:42:33,刺网
12914,30.1685,122.94322222222223,0.5,148.0,2019-11-04 09:52:33,刺网
12914,30.168527777777786,122.94322222222223,0.3,0.0,2019-11-04 10:02:33,刺网
12914,30.16875,122.94286111111113,1.1,333.0,2019-11-04 10:12:33,刺网
12914,30.169694444444445,122.9375,1.0,40.0,2019-11-04 10:22:33,刺网
12914,30.170027777777786,122.93758333333334,2.8,317.0,2019-11-04 10:32:33,刺网
12914,30.170361111111113,122.93711111111112,0.6,176.0,2019-11-04 10:42:33,刺网
12914,30.170055555555557,122.93663888888894,2.7,134.0,2019-11-04 10:52:33,刺网
12914,30.16991666666667,122.9365,1.1,205.0,2019-11-04 11:02:32,刺网
12914,30.16708333333333,122.93641666666667,3.1,34.0,2019-11-04 11:12:32,刺网
12914,30.17286111111111,122.94038888888888,2.7,178.0,2019-11-04 11:22:32,刺网
12914,30.17363888888889,122.94083333333332,1.1,52.0,2019-11-04 11:32:32,刺网
12914,30.173416666666668,122.94091666666668,0.8,310.0,2019-11-04 11:42:32,刺网
12914,30.173361111111113,122.9405,1.2,62.0,2019-11-04 11:52:32,刺网
12914,30.17316666666667,122.94038888888888,1.2,144.0,2019-11-04 12:02:34,刺网
12914,30.172722222222234,122.94213888888888,0.6,152.0,2019-11-04 12:12:34,刺网
12914,30.17258333333333,122.94180555555555,2.1,168.0,2019-11-04 12:22:34,刺网
12914,30.17258333333333,122.9424722222222,0.8,155.0,2019-11-04 12:32:34,刺网
12914,30.16891666666667,122.94280555555555,0.3,0.0,2019-11-04 12:42:34,刺网
12914,30.168888888888887,122.9429722222222,1.1,167.0,2019-11-04 12:52:34,刺网
12914,30.168805555555558,122.9429722222222,0.5,0.0,2019-11-04 13:02:34,刺网
12914,30.168861111111113,122.94294444444445,0.9,69.0,2019-11-04 13:12:34,刺网
12914,30.168805555555558,122.94288888888887,0.8,306.0,2019-11-04 13:22:34,刺网
12914,30.170861111111112,122.94169444444445,3.7,325.0,2019-11-04 13:32:34,刺网
12914,30.17519444444445,122.9395,0.9,35.0,2019-11-04 13:42:34,刺网
12914,30.175500000000003,122.93980555555555,0.3,0.0,2019-11-04 13:52:34,刺网
12914,30.16919444444445,122.94294444444445,0.7,292.0,2019-11-04 14:02:33,刺网
12914,30.16863888888889,122.94269444444444,0.3,0.0,2019-11-04 14:12:33,刺网
12914,30.16863888888889,122.94272222222223,1.1,132.0,2019-11-04 14:22:33,刺网
12914,30.16858333333333,122.94283333333334,0.7,159.0,2019-11-04 14:32:33,刺网
12914,30.16858333333333,122.94288888888887,0.4,0.0,2019-11-04 14:42:33,刺网
12914,30.16861111111111,122.94286111111113,0.8,0.0,2019-11-04 14:52:33,刺网
12914,30.16861111111111,122.94294444444445,0.8,0.0,2019-11-04 15:02:33,刺网
12914,30.16861111111111,122.94291666666666,0.7,317.0,2019-11-04 15:12:33,刺网
12914,30.16858333333333,122.94305555555556,0.4,0.0,2019-11-04 15:22:33,刺网
12914,30.16858333333333,122.94288888888887,0.2,0.0,2019-11-04 15:32:33,刺网
12914,30.168555555555557,122.94302777777777,0.7,300.0,2019-11-04 15:42:33,刺网
12914,30.168527777777786,122.94313888888892,0.4,0.0,2019-11-04 16:02:33,刺网
12914,30.168555555555557,122.94311111111112,1.5,4.0,2019-11-04 16:12:32,刺网
12914,30.17013888888889,122.93919444444445,0.9,10.0,2019-11-04 16:22:32,刺网
12914,30.17130555555556,122.93894444444445,1.7,0.0,2019-11-04 16:32:32,刺网
12914,30.171222222222234,122.93897222222223,1.5,262.0,2019-11-04 16:42:32,刺网
12914,30.169527777777766,122.94336111111113,1.4,101.0,2019-11-04 16:52:32,刺网
12914,30.169277777777786,122.94325,0.1,0.0,2019-11-04 17:12:32,刺网
12914,30.16925,122.94336111111113,0.7,14.0,2019-11-04 17:22:32,刺网
12914,30.169277777777786,122.94308333333332,0.4,0.0,2019-11-04 17:32:32,刺网
12914,30.16925,122.94319444444444,0.4,0.0,2019-11-04 17:42:34,刺网
12914,30.16922222222223,122.94330555555555,0.5,297.0,2019-11-04 17:52:34,刺网
12914,30.16922222222223,122.94336111111113,0.8,159.0,2019-11-04 18:02:34,刺网
12914,30.16916666666667,122.94327777777778,0.4,0.0,2019-11-04 18:12:34,刺网
12914,30.169138888888888,122.94313888888892,0.7,130.0,2019-11-04 18:22:34,刺网
12914,30.16911111111111,122.94330555555555,0.5,252.0,2019-11-04 18:32:34,刺网
12914,30.16911111111111,122.94327777777778,0.1,0.0,2019-11-04 18:42:34,刺网
12914,30.16911111111111,122.94327777777778,0.4,169.0,2019-11-04 18:52:34,刺网
12914,30.16911111111111,122.94327777777778,0.3,0.0,2019-11-04 19:02:33,刺网
12914,30.16911111111111,122.94325,0.2,0.0,2019-11-04 19:12:33,刺网
12914,30.16911111111111,122.94333333333334,0.3,0.0,2019-11-04 19:22:33,刺网
12914,30.16905555555556,122.94330555555555,0.3,0.0,2019-11-04 19:32:33,刺网
12914,30.169083333333337,122.94333333333334,0.5,0.0,2019-11-04 19:42:33,刺网
12914,30.169083333333337,122.94325,0.5,0.0,2019-11-04 19:52:33,刺网
12914,30.169083333333337,122.94327777777778,0.5,114.0,2019-11-04 20:02:33,刺网
12914,30.16911111111111,122.94325,0.3,0.0,2019-11-04 20:12:33,刺网
12914,30.169083333333337,122.94319444444444,0.6,46.0,2019-11-04 20:22:33,刺网
12914,30.169138888888888,122.94311111111112,0.5,64.0,2019-11-04 20:32:33,刺网
12914,30.16911111111111,122.94319444444444,0.2,0.0,2019-11-04 20:42:33,刺网
12914,30.169083333333337,122.94319444444444,0.6,39.0,2019-11-04 20:52:33,刺网
12914,30.169083333333337,122.94313888888892,0.4,279.0,2019-11-04 21:02:33,刺网
12914,30.169138888888888,122.94308333333332,0.9,175.0,2019-11-04 21:12:33,刺网
12914,30.169138888888888,122.94308333333332,0.2,0.0,2019-11-04 21:22:33,刺网
12914,30.169083333333337,122.94316666666668,1.0,325.0,2019-11-04 21:32:32,刺网
12914,30.169138888888888,122.94336111111113,0.8,277.0,2019-11-04 21:42:32,刺网
12914,30.169138888888888,122.94316666666668,1.0,234.0,2019-11-04 21:52:32,刺网
12914,30.169083333333337,122.94325,0.2,0.0,2019-11-04 22:02:32,刺网
12914,30.16905555555556,122.94327777777778,0.4,238.0,2019-11-04 22:12:32,刺网
12914,30.169083333333337,122.94319444444444,0.7,297.0,2019-11-04 22:22:32,刺网
12914,30.16905555555556,122.94341666666668,0.3,0.0,2019-11-04 22:32:32,刺网
12914,30.169083333333337,122.94327777777778,0.5,20.0,2019-11-04 22:42:32,刺网
12914,30.169083333333337,122.94344444444445,0.5,0.0,2019-11-04 22:52:32,刺网
12914,30.16905555555556,122.94330555555555,0.5,0.0,2019-11-04 23:02:32,刺网
12914,30.16911111111111,122.94336111111113,0.8,294.0,2019-11-04 23:12:34,刺网
12914,30.169083333333337,122.94327777777778,0.4,0.0,2019-11-04 23:22:34,刺网
12914,30.169083333333337,122.94341666666668,1.0,175.0,2019-11-04 23:32:34,刺网
12914,30.16911111111111,122.94327777777778,0.7,135.0,2019-11-04 23:42:34,刺网
12914,30.169083333333337,122.94338888888893,0.2,0.0,2019-11-04 23:52:34,刺网
12914,30.169083333333337,122.94333333333334,0.9,0.0,2019-11-05 00:02:34,刺网
12914,30.169083333333337,122.94344444444445,0.5,305.0,2019-11-05 00:12:34,刺网
12914,30.169083333333337,122.9435277777778,0.2,0.0,2019-11-05 00:22:33,刺网
12914,30.169083333333337,122.94341666666668,0.2,0.0,2019-11-05 00:32:33,刺网
12914,30.169083333333337,122.94363888888887,0.3,181.0,2019-11-05 00:42:33,刺网
12914,30.169083333333337,122.94358333333334,0.4,0.0,2019-11-05 00:52:33,刺网
12914,30.169083333333337,122.94369444444445,0.5,291.0,2019-11-05 01:02:33,刺网
12914,30.16905555555556,122.94361111111112,0.4,0.0,2019-11-05 01:12:33,刺网
12914,30.16905555555556,122.9435,0.2,0.0,2019-11-05 01:22:33,刺网
12914,30.169083333333337,122.9435,0.2,0.0,2019-11-05 01:32:33,刺网
12914,30.16916666666667,122.94363888888887,0.2,0.0,2019-11-05 01:42:33,刺网
12914,30.169138888888888,122.94355555555555,0.7,182.0,2019-11-05 01:52:33,刺网
12914,30.16911111111111,122.94363888888887,0.4,0.0,2019-11-05 02:02:33,刺网
12914,30.16905555555556,122.9435277777778,0.3,0.0,2019-11-05 02:22:33,刺网
12914,30.16905555555556,122.94355555555555,0.3,0.0,2019-11-05 02:32:33,刺网
12914,30.169083333333337,122.9435277777778,0.4,297.0,2019-11-05 02:42:33,刺网
12914,30.169083333333337,122.94369444444445,0.3,0.0,2019-11-05 02:52:32,刺网
12914,30.169083333333337,122.94361111111112,0.7,211.0,2019-11-05 03:02:32,刺网
12914,30.16905555555556,122.94363888888887,0.9,129.0,2019-11-05 03:12:32,刺网
12914,30.169083333333337,122.94366666666667,0.7,115.0,2019-11-05 03:22:32,刺网
12914,30.169083333333337,122.9435277777778,0.6,58.0,2019-11-05 03:32:32,刺网
12914,30.16911111111111,122.94363888888887,0.4,0.0,2019-11-05 03:42:32,刺网
12914,30.16911111111111,122.94355555555555,0.7,285.0,2019-11-05 03:52:32,刺网
12914,30.169138888888888,122.94366666666667,0.6,191.0,2019-11-05 04:02:32,刺网
12914,30.16916666666667,122.94375,1.3,161.0,2019-11-05 04:12:32,刺网
12914,30.169138888888888,122.94377777777778,0.8,60.0,2019-11-05 04:22:32,刺网
12914,30.169083333333337,122.94366666666667,0.2,0.0,2019-11-05 04:32:34,刺网
12914,30.169083333333337,122.94386111111106,0.4,34.0,2019-11-05 04:42:34,刺网
12914,30.16911111111111,122.94380555555556,0.3,0.0,2019-11-05 04:52:34,刺网
12914,30.169138888888888,122.94391666666668,0.6,9.0,2019-11-05 05:02:34,刺网
12914,30.169138888888888,122.94386111111106,0.4,126.0,2019-11-05 05:12:34,刺网
12914,30.169138888888888,122.94391666666668,0.2,0.0,2019-11-05 05:22:34,刺网
12914,30.169138888888888,122.94394444444444,0.3,0.0,2019-11-05 05:32:34,刺网
12914,30.169138888888888,122.94391666666668,0.1,0.0,2019-11-05 05:42:33,刺网
12914,30.169138888888888,122.94391666666668,0.8,115.0,2019-11-05 05:52:33,刺网
12914,30.171944444444453,122.94333333333334,5.0,325.0,2019-11-05 06:02:33,刺网
12914,30.172888888888888,122.94222222222223,2.7,297.0,2019-11-05 06:12:33,刺网
12914,30.17588888888889,122.93980555555555,2.9,183.0,2019-11-05 06:22:33,刺网
12914,30.174027777777766,122.94491666666669,1.6,0.0,2019-11-05 06:32:33,刺网
12914,30.17297222222223,122.9412222222222,1.6,336.0,2019-11-05 06:42:33,刺网
12914,30.1715,122.93961111111112,5.5,3.0,2019-11-05 06:52:33,刺网
12914,30.16925,122.94302777777777,4.9,87.0,2019-11-05 07:02:33,刺网
12914,30.169083333333337,122.94375,0.2,0.0,2019-11-05 07:12:33,刺网
12914,30.16905555555556,122.94358333333334,0.9,260.0,2019-11-05 07:22:33,刺网
12914,30.16905555555556,122.94363888888887,0.4,0.0,2019-11-05 07:32:33,刺网
12914,30.169083333333337,122.94366666666667,0.5,148.0,2019-11-05 07:42:33,刺网
12914,30.169083333333337,122.94358333333334,0.8,233.0,2019-11-05 07:52:32,刺网
12914,30.169083333333337,122.94358333333334,0.3,0.0,2019-11-05 08:02:32,刺网
12914,30.16905555555556,122.94344444444445,0.4,0.0,2019-11-05 08:12:32,刺网
12914,30.169,122.94338888888893,0.9,285.0,2019-11-05 08:22:32,刺网
12914,30.168972222222234,122.94341666666668,0.5,178.0,2019-11-05 08:32:32,刺网
12914,30.168972222222234,122.94341666666668,0.2,0.0,2019-11-05 08:42:32,刺网
12914,30.168972222222234,122.9435,0.5,72.0,2019-11-05 08:52:32,刺网
12914,30.168972222222234,122.9435,0.4,348.0,2019-11-05 09:02:32,刺网
12914,30.168972222222234,122.94341666666668,0.3,86.0,2019-11-05 09:12:32,刺网
12914,30.168944444444445,122.94338888888893,0.5,135.0,2019-11-05 09:22:32,刺网
12914,30.168972222222234,122.94338888888893,0.3,0.0,2019-11-05 09:32:32,刺网
12914,30.16919444444445,122.94344444444445,0.8,26.0,2019-11-05 09:42:32,刺网
12914,30.169583333333332,122.94558333333332,1.5,30.0,2019-11-05 09:52:32,刺网
12914,30.17041666666667,122.94747222222222,2.5,251.0,2019-11-05 10:02:34,刺网
12914,30.16980555555556,122.94563888888894,0.4,0.0,2019-11-05 10:12:34,刺网
12914,30.169,122.94358333333334,0.6,147.0,2019-11-05 10:22:34,刺网
12914,30.169027777777767,122.94369444444445,0.1,0.0,2019-11-05 10:32:33,刺网
12914,30.169027777777767,122.94361111111112,1.3,59.0,2019-11-05 10:42:34,刺网
12914,30.16905555555556,122.94363888888887,1.0,262.0,2019-11-05 10:52:34,刺网
12914,30.16905555555556,122.94375,1.1,284.0,2019-11-05 11:12:33,刺网
12914,30.171555555555557,122.93888888888893,1.5,161.0,2019-11-05 11:32:33,刺网
12914,30.171388888888888,122.93891666666669,2.6,252.0,2019-11-05 11:42:33,刺网
12914,30.171527777777786,122.93911111111113,2.1,33.0,2019-11-05 11:52:33,刺网
12914,30.173861111111112,122.94288888888887,1.8,0.0,2019-11-05 12:02:33,刺网
12914,30.17377777777777,122.94258333333336,2.6,347.0,2019-11-05 12:12:33,刺网
12914,30.17258333333333,122.94261111111112,1.8,2.0,2019-11-05 12:22:33,刺网
12914,30.171055555555558,122.94641666666666,2.8,17.0,2019-11-05 12:32:33,刺网
12914,30.173444444444453,122.94608333333332,7.3,10.0,2019-11-05 12:42:33,刺网
12914,30.175,122.94425,6.5,28.0,2019-11-05 12:52:32,刺网
12914,30.173250000000003,122.94505555555556,1.8,0.0,2019-11-05 13:02:32,刺网
12914,30.17058333333333,122.9459722222222,6.1,345.0,2019-11-05 13:12:32,刺网
12914,30.172027777777767,122.94205555555556,1.6,0.0,2019-11-05 13:22:32,刺网
12914,30.176361111111113,122.93930555555555,0.8,188.0,2019-11-05 13:32:32,刺网
12914,30.17725,122.93986111111113,1.1,180.0,2019-11-05 13:42:32,刺网
12914,30.17508333333333,122.93858333333333,0.8,189.0,2019-11-05 13:52:32,刺网
12914,30.175777777777785,122.9399722222222,2.0,3.0,2019-11-05 14:02:32,刺网
12914,30.175611111111113,122.9399722222222,1.2,228.0,2019-11-05 14:12:32,刺网
12914,30.17519444444445,122.93969444444444,1.0,335.0,2019-11-05 14:22:32,刺网
12914,30.176972222222233,122.93991666666668,6.7,2.0,2019-11-05 14:32:32,刺网
12914,30.169305555555557,122.94386111111106,0.9,149.0,2019-11-05 14:42:32,刺网
12914,30.16911111111111,122.9435277777778,0.5,0.0,2019-11-05 14:52:32,刺网
12914,30.169,122.94347222222223,1.3,139.0,2019-11-05 15:02:32,刺网
12914,30.16919444444445,122.94330555555555,0.5,88.0,2019-11-05 15:12:32,刺网
12914,30.16919444444445,122.94338888888893,0.3,12.0,2019-11-05 15:22:31,刺网
12914,30.16919444444445,122.94341666666668,0.5,34.0,2019-11-05 15:32:31,刺网
12914,30.16919444444445,122.94325,0.7,198.0,2019-11-05 15:42:34,刺网
12914,30.16922222222223,122.94336111111113,0.3,0.0,2019-11-05 15:52:34,刺网
12914,30.16922222222223,122.94336111111113,0.3,0.0,2019-11-05 16:02:33,刺网
12914,30.16919444444445,122.94341666666668,1.1,88.0,2019-11-05 16:12:34,刺网
12914,30.169583333333332,122.94638888888888,1.3,70.0,2019-11-05 16:22:34,刺网
12914,30.170638888888888,122.94594444444445,1.4,188.0,2019-11-05 16:32:33,刺网
12914,30.172722222222234,122.94586111111113,2.1,355.0,2019-11-05 16:42:33,刺网
12914,30.175027777777785,122.93897222222223,6.3,328.0,2019-11-05 16:52:33,刺网
12914,30.176277777777766,122.9397777777778,1.5,305.0,2019-11-05 17:02:33,刺网
12914,30.174027777777766,122.94480555555555,6.6,149.0,2019-11-05 17:22:33,刺网
12914,30.169138888888888,122.94388888888888,0.3,200.0,2019-11-05 17:32:33,刺网
12914,30.169083333333337,122.94338888888893,0.3,32.0,2019-11-05 17:42:33,刺网
12914,30.16905555555556,122.94338888888893,0.9,284.0,2019-11-05 17:52:32,刺网
12914,30.169083333333337,122.94325,0.4,0.0,2019-11-05 18:02:33,刺网
12914,30.169083333333337,122.94330555555555,0.1,0.0,2019-11-05 18:12:33,刺网
12914,30.169083333333337,122.94322222222223,0.6,256.0,2019-11-05 18:22:33,刺网
12914,30.169083333333337,122.94333333333334,0.6,129.0,2019-11-05 18:32:32,刺网
12914,30.169,122.94333333333334,0.3,0.0,2019-11-05 18:42:32,刺网
12914,30.169,122.94330555555555,0.4,0.0,2019-11-05 18:52:32,刺网
12914,30.169,122.94319444444444,0.7,0.0,2019-11-05 19:02:32,刺网
12914,30.169,122.94327777777778,0.4,0.0,2019-11-05 19:12:32,刺网
12914,30.168972222222234,122.94336111111113,0.4,237.0,2019-11-05 19:22:32,刺网
12914,30.168972222222234,122.9435,0.5,0.0,2019-11-05 19:32:32,刺网
12914,30.168972222222234,122.94338888888893,0.2,0.0,2019-11-05 19:42:32,刺网
12914,30.168972222222234,122.94338888888893,0.3,253.0,2019-11-05 19:52:32,刺网
12914,30.168972222222234,122.94344444444445,0.1,0.0,2019-11-05 20:02:32,刺网
12914,30.168972222222234,122.94333333333334,0.3,0.0,2019-11-05 20:12:32,刺网
12914,30.169,122.94341666666668,0.4,275.0,2019-11-05 20:22:32,刺网
12914,30.169,122.94336111111113,0.5,265.0,2019-11-05 20:32:32,刺网
12914,30.168972222222234,122.94338888888893,0.6,271.0,2019-11-05 20:42:32,刺网
12914,30.168972222222234,122.94336111111113,0.6,223.0,2019-11-05 20:52:31,刺网
12914,30.168944444444445,122.94336111111113,0.9,287.0,2019-11-05 21:12:34,刺网
12914,30.168972222222234,122.94336111111113,0.6,121.0,2019-11-05 21:22:34,刺网
12914,30.168972222222234,122.94333333333334,0.3,0.0,2019-11-05 21:32:33,刺网
12914,30.168972222222234,122.94333333333334,0.7,280.0,2019-11-05 21:52:33,刺网
12914,30.169,122.94325,0.4,0.0,2019-11-05 22:02:33,刺网
12914,30.168972222222234,122.94327777777778,0.5,0.0,2019-11-05 22:22:33,刺网
12914,30.168972222222234,122.94327777777778,0.6,176.0,2019-11-05 22:32:33,刺网
12914,30.168972222222234,122.94330555555555,0.4,0.0,2019-11-05 22:42:33,刺网
12914,30.169,122.94319444444444,0.3,0.0,2019-11-05 22:52:33,刺网
12914,30.168972222222234,122.94316666666668,0.6,0.0,2019-11-05 23:02:33,刺网
12914,30.16905555555556,122.94305555555556,0.5,0.0,2019-11-05 23:12:33,刺网
12914,30.16911111111111,122.94313888888892,0.5,0.0,2019-11-05 23:42:32,刺网
12914,30.169027777777767,122.94322222222223,1.4,150.0,2019-11-05 23:52:33,刺网
12914,30.169,122.94322222222223,0.1,0.0,2019-11-06 00:02:32,刺网
12914,30.169,122.94327777777778,0.5,329.0,2019-11-06 00:12:32,刺网
12914,30.169,122.94319444444444,0.3,0.0,2019-11-06 00:22:32,刺网
12914,30.168972222222234,122.94330555555555,0.6,304.0,2019-11-06 00:32:32,刺网
12914,30.168972222222234,122.94319444444444,0.3,0.0,2019-11-06 00:42:32,刺网
12914,30.169,122.94311111111112,0.2,0.0,2019-11-06 00:52:32,刺网
12914,30.168972222222234,122.94313888888892,0.3,0.0,2019-11-06 01:02:32,刺网
12914,30.168972222222234,122.94322222222223,0.5,295.0,2019-11-06 01:12:32,刺网
12914,30.168972222222234,122.94338888888893,0.4,254.0,2019-11-06 01:22:32,刺网
12914,30.169,122.94325,0.5,0.0,2019-11-06 01:32:32,刺网
12914,30.169,122.94311111111112,0.3,0.0,2019-11-06 01:42:32,刺网
12914,30.169027777777767,122.9429722222222,0.5,0.0,2019-11-06 01:52:32,刺网
12914,30.169027777777767,122.94294444444445,0.4,0.0,2019-11-06 02:02:31,刺网
12914,30.169,122.94313888888892,0.5,328.0,2019-11-06 02:12:31,刺网
12914,30.168972222222234,122.94316666666668,0.2,0.0,2019-11-06 02:22:31,刺网
12914,30.169027777777767,122.94294444444445,0.3,0.0,2019-11-06 02:32:31,刺网
12914,30.169,122.94311111111112,0.3,256.0,2019-11-06 02:42:31,刺网
12914,30.16905555555556,122.94291666666666,0.3,165.0,2019-11-06 02:52:33,刺网
12914,30.169083333333337,122.94280555555555,0.5,185.0,2019-11-06 03:02:33,刺网
12914,30.169027777777767,122.94291666666666,0.2,0.0,2019-11-06 03:12:33,刺网
12914,30.169,122.94313888888892,0.4,131.0,2019-11-06 03:22:33,刺网
12914,30.169,122.943,0.2,227.0,2019-11-06 03:32:33,刺网
12914,30.169027777777767,122.943,0.4,54.0,2019-11-06 03:42:33,刺网
12914,30.169083333333337,122.94283333333334,0.4,27.0,2019-11-06 03:52:33,刺网
12914,30.169138888888888,122.94280555555555,0.6,262.0,2019-11-06 04:02:33,刺网
12914,30.16911111111111,122.94280555555555,0.6,0.0,2019-11-06 04:12:33,刺网
12914,30.16911111111111,122.94283333333334,0.2,0.0,2019-11-06 04:22:33,刺网
12914,30.169083333333337,122.94283333333334,0.3,0.0,2019-11-06 04:32:33,刺网
12914,30.16922222222223,122.94258333333336,0.8,93.0,2019-11-06 04:42:33,刺网
12914,30.16925,122.94258333333336,0.6,46.0,2019-11-06 04:52:33,刺网
12914,30.16922222222223,122.94258333333336,0.4,0.0,2019-11-06 05:02:32,刺网
12914,30.173333333333336,122.94305555555556,1.7,349.0,2019-11-06 05:12:32,刺网
12914,30.171861111111113,122.94294444444445,1.3,162.0,2019-11-06 05:22:32,刺网
12914,30.172555555555554,122.94341666666668,1.3,31.0,2019-11-06 05:32:32,刺网
12914,30.171055555555558,122.94580555555555,1.0,257.0,2019-11-06 05:52:32,刺网
12914,30.17116666666667,122.94522222222223,1.2,180.0,2019-11-06 06:02:32,刺网
12914,30.171333333333337,122.9460277777778,0.7,25.0,2019-11-06 06:12:32,刺网
12914,30.174861111111113,122.94469444444445,6.4,334.0,2019-11-06 06:22:32,刺网
12914,30.17466666666667,122.93916666666668,2.4,10.0,2019-11-06 06:32:32,刺网
12914,30.174611111111112,122.94044444444445,1.9,162.0,2019-11-06 06:42:32,刺网
12914,30.17319444444445,122.94055555555555,0.9,0.0,2019-11-06 06:52:32,刺网
12914,30.171805555555554,122.94280555555555,3.9,66.0,2019-11-06 07:02:31,刺网
12914,30.171055555555558,122.94180555555555,0.8,153.0,2019-11-06 07:12:31,刺网
12914,30.170444444444453,122.93891666666669,0.8,46.0,2019-11-06 07:22:31,刺网
12914,30.169083333333337,122.93919444444445,0.2,0.0,2019-11-06 07:32:31,刺网
12914,30.16916666666667,122.93875,10.4,50.0,2019-11-06 07:42:31,刺网
12914,30.16911111111111,122.9385,0.5,113.0,2019-11-06 07:52:31,刺网
12914,30.16916666666667,122.93838888888894,0.4,0.0,2019-11-06 08:02:31,刺网
12914,30.169138888888888,122.93852777777781,0.4,0.0,2019-11-06 08:12:31,刺网
12914,30.169083333333337,122.93863888888887,0.3,0.0,2019-11-06 08:22:33,刺网
12914,30.16911111111111,122.93858333333333,0.5,0.0,2019-11-06 08:32:33,刺网
12914,30.170472222222234,122.93791666666668,2.2,212.0,2019-11-06 08:42:33,刺网
12914,30.16922222222223,122.94325,0.3,132.0,2019-11-06 08:52:33,刺网
12914,30.16919444444445,122.94336111111113,0.2,0.0,2019-11-06 09:02:33,刺网
12914,30.16919444444445,122.94325,0.3,0.0,2019-11-06 09:12:33,刺网
12914,30.16919444444445,122.94325,0.8,170.0,2019-11-06 09:22:33,刺网
12914,30.16919444444445,122.94330555555555,0.4,0.0,2019-11-06 09:32:33,刺网
12914,30.16916666666667,122.94330555555555,0.5,128.0,2019-11-06 09:42:33,刺网
12914,30.16919444444445,122.94316666666668,0.3,0.0,2019-11-06 09:52:32,刺网
12914,30.16922222222223,122.94325,0.5,0.0,2019-11-06 10:02:32,刺网
12914,30.16919444444445,122.94327777777778,0.2,0.0,2019-11-06 10:12:32,刺网
12914,30.16925,122.94363888888887,0.4,0.0,2019-11-06 10:22:32,刺网
12914,30.16919444444445,122.94327777777778,0.2,0.0,2019-11-06 10:32:32,刺网
12914,30.16919444444445,122.94330555555555,0.2,0.0,2019-11-06 10:42:32,刺网
12914,30.16919444444445,122.94327777777778,0.3,0.0,2019-11-06 10:52:32,刺网
12914,30.16919444444445,122.94336111111113,0.4,0.0,2019-11-06 11:02:32,刺网
12914,30.16922222222223,122.94333333333334,0.4,0.0,2019-11-06 11:12:32,刺网
12914,30.16922222222223,122.94319444444444,1.3,340.0,2019-11-06 11:22:32,刺网
12914,30.17136111111111,122.9375,0.7,10.0,2019-11-06 11:32:32,刺网
12914,30.17130555555556,122.93777777777778,0.3,0.0,2019-11-06 11:42:32,刺网
12914,30.17088888888889,122.93786111111113,1.2,198.0,2019-11-06 11:52:32,刺网
12914,30.16916666666667,122.94341666666668,0.4,0.0,2019-11-06 12:02:31,刺网
12914,30.16919444444445,122.94325,0.1,0.0,2019-11-06 12:12:31,刺网
12914,30.16919444444445,122.94330555555555,0.3,0.0,2019-11-06 12:22:31,刺网
12914,30.16925,122.94308333333332,0.1,0.0,2019-11-06 12:32:31,刺网
12914,30.16933333333333,122.94286111111113,0.2,0.0,2019-11-06 12:52:31,刺网
12914,30.16933333333333,122.94291666666666,0.3,0.0,2019-11-06 13:02:31,刺网
12914,30.17011111111111,122.94338888888893,0.6,264.0,2019-11-06 13:12:31,刺网
12914,30.17158333333333,122.9457777777778,5.5,20.0,2019-11-06 13:22:31,刺网
12914,30.173722222222214,122.94202777777778,1.8,331.0,2019-11-06 13:32:31,刺网
12914,30.173361111111113,122.94127777777778,0.9,325.0,2019-11-06 13:42:31,刺网
12914,30.172305555555557,122.94263888888894,0.4,0.0,2019-11-06 13:52:33,刺网
12914,30.169083333333337,122.93855555555555,0.2,0.0,2019-11-06 14:02:33,刺网
12914,30.16905555555556,122.93852777777781,0.5,0.0,2019-11-06 14:12:33,刺网
12914,30.169083333333337,122.93852777777781,0.2,0.0,2019-11-06 14:22:33,刺网
12914,30.16905555555556,122.93858333333333,0.5,0.0,2019-11-06 14:32:33,刺网
12914,30.169083333333337,122.93855555555555,0.3,0.0,2019-11-06 14:42:33,刺网
12914,30.171888888888887,122.93905555555556,4.1,5.0,2019-11-06 14:52:32,刺网
12914,30.176416666666668,122.93830555555556,0.9,246.0,2019-11-06 15:02:32,刺网
12914,30.176777777777787,122.9395,1.2,320.0,2019-11-06 15:12:33,刺网
12914,30.17625,122.93952777777778,1.3,98.0,2019-11-06 15:22:32,刺网
12914,30.177833333333336,122.9395,0.8,262.0,2019-11-06 15:32:32,刺网
12914,30.17625,122.93888888888893,1.4,106.0,2019-11-06 15:42:32,刺网
12914,30.17511111111111,122.93775,0.7,246.0,2019-11-06 15:52:32,刺网
12914,30.17475,122.94463888888887,0.8,0.0,2019-11-06 16:02:32,刺网
12914,30.17513888888889,122.94408333333334,0.9,0.0,2019-11-06 16:12:32,刺网
12914,30.174944444444453,122.94405555555555,0.4,0.0,2019-11-06 16:22:32,刺网
12914,30.17469444444445,122.94483333333334,0.8,0.0,2019-11-06 16:32:32,刺网
12914,30.170388888888887,122.94594444444445,4.2,137.0,2019-11-06 16:42:32,刺网
12914,30.171138888888887,122.94575,1.2,269.0,2019-11-06 16:52:32,刺网
12914,30.17175,122.94675,1.5,335.0,2019-11-06 17:02:32,刺网
12914,30.168194444444445,122.93166666666669,6.8,269.0,2019-11-06 17:12:32,刺网
12914,30.163222222222213,122.90666666666668,8.3,261.0,2019-11-06 17:22:31,刺网
12914,30.15894444444445,122.88491666666668,6.5,261.0,2019-11-06 17:32:31,刺网
12914,30.15208333333333,122.86194444444445,7.6,244.0,2019-11-06 17:42:31,刺网
12914,30.145916666666665,122.83952777777776,8.0,248.0,2019-11-06 17:52:31,刺网
12914,30.139,122.81697222222222,6.7,237.0,2019-11-06 18:02:31,刺网
12914,30.1305,122.7965,7.6,240.0,2019-11-06 18:12:31,刺网
12914,30.12744444444445,122.77469444444445,7.0,276.0,2019-11-06 18:22:31,刺网
12914,30.13233333333333,122.75780555555555,3.3,71.0,2019-11-06 18:32:31,刺网
12914,30.131972222222235,122.75794444444445,0.1,0.0,2019-11-06 18:42:31,刺网
12914,30.132055555555556,122.75802777777777,0.1,0.0,2019-11-06 18:52:31,刺网
12914,30.13211111111111,122.75833333333334,0.1,0.0,2019-11-06 19:02:31,刺网
12914,30.13211111111111,122.75833333333334,0.2,0.0,2019-11-06 19:12:31,刺网
12914,30.13211111111111,122.7582777777778,0.1,0.0,2019-11-06 19:22:33,刺网
12914,30.131972222222235,122.75858333333332,0.0,0.0,2019-11-06 19:32:31,刺网
12914,30.132027777777786,122.75855555555556,0.1,0.0,2019-11-06 19:42:33,刺网
12914,30.13183333333333,122.75866666666668,0.1,0.0,2019-11-06 19:52:33,刺网
12914,30.131638888888887,122.75872222222222,0.1,0.0,2019-11-06 20:02:33,刺网
12914,30.13136111111111,122.75844444444445,0.4,231.0,2019-11-06 20:12:33,刺网
12914,30.13144444444445,122.75816666666668,0.1,0.0,2019-11-06 20:22:33,刺网
12914,30.13175,122.758,0.2,0.0,2019-11-06 20:32:32,刺网
12914,30.13194444444445,122.75811111111112,0.0,0.0,2019-11-06 20:42:33,刺网
12914,30.13183333333333,122.75855555555556,0.6,189.0,2019-11-06 20:52:32,刺网
12914,30.131472222222214,122.7585277777778,0.1,0.0,2019-11-06 21:02:32,刺网
12914,30.13136111111111,122.75844444444445,0.1,0.0,2019-11-06 21:12:32,刺网
12914,30.13158333333333,122.75855555555556,0.3,0.0,2019-11-06 21:32:32,刺网
12914,30.132055555555556,122.7585,0.2,0.0,2019-11-06 21:52:32,刺网
12914,30.131527777777766,122.75866666666668,0.1,0.0,2019-11-06 22:02:32,刺网
12914,30.1315,122.75863888888887,0.3,0.0,2019-11-06 22:12:32,刺网
12914,30.131472222222214,122.75866666666668,0.2,0.0,2019-11-06 22:22:32,刺网
12914,30.1315,122.75866666666668,0.2,0.0,2019-11-06 22:32:32,刺网
12914,30.131472222222214,122.75863888888887,0.3,0.0,2019-11-06 22:42:31,刺网
12914,30.131472222222214,122.75866666666668,0.1,0.0,2019-11-06 22:52:31,刺网
12914,30.131472222222214,122.75863888888887,0.3,0.0,2019-11-06 23:02:31,刺网
12914,30.1315,122.75861111111112,0.1,0.0,2019-11-06 23:12:31,刺网
12914,30.13175,122.75858333333332,0.2,0.0,2019-11-06 23:32:31,刺网
12914,30.13175,122.7585,0.2,0.0,2019-11-06 23:42:31,刺网
12914,30.13208333333333,122.75819444444444,0.1,0.0,2019-11-06 23:52:31,刺网
12914,30.13186111111111,122.75794444444445,0.2,0.0,2019-11-07 00:02:31,刺网
12914,30.13138888888889,122.7585277777778,0.2,0.0,2019-11-07 00:12:31,刺网
12914,30.13144444444445,122.7585277777778,0.2,0.0,2019-11-07 00:22:31,刺网
12914,30.13133333333333,122.75844444444445,0.2,0.0,2019-11-07 00:32:31,刺网
12914,30.13158333333333,122.75841666666668,0.0,0.0,2019-11-07 00:42:31,刺网
12914,30.13183333333333,122.75833333333334,0.1,0.0,2019-11-07 00:52:33,刺网
12914,30.131888888888888,122.75791666666666,0.1,0.0,2019-11-07 01:02:33,刺网
12914,30.13194444444445,122.75813888888894,0.2,0.0,2019-11-07 01:12:33,刺网
