渔船ID,lat,lon,速度,方向,time,type
1491,29.945055555555548,122.3115,0.0,0.0,2020-10-17 12:15:30,刺网
1491,29.944944444444445,122.31155555555556,0.2,0.0,2020-10-17 12:25:34,刺网
1491,29.944972222222226,122.31155555555556,0.0,0.0,2020-10-17 12:36:02,刺网
1491,29.944972222222226,122.31155555555556,0.0,0.0,2020-10-17 12:45:29,刺网
1491,29.944944444444445,122.31152777777777,0.0,0.0,2020-10-17 12:55:29,刺网
1491,29.944944444444445,122.31152777777777,0.0,0.0,2020-10-17 13:05:29,刺网
1491,29.944944444444445,122.31147222222219,0.0,0.0,2020-10-17 13:15:29,刺网
1491,29.944944444444445,122.31152777777777,0.0,0.0,2020-10-17 13:35:29,刺网
1491,29.94491666666667,122.31152777777777,0.0,0.0,2020-10-17 13:45:29,刺网
1491,29.94491666666667,122.31152777777777,0.1,0.0,2020-10-17 13:55:29,刺网
1491,29.944944444444445,122.31152777777777,0.1,0.0,2020-10-17 14:05:29,刺网
1491,29.94491666666667,122.31155555555556,0.0,0.0,2020-10-17 14:25:29,刺网
1491,29.944888888888887,122.31155555555556,0.0,0.0,2020-10-17 14:35:29,刺网
1491,29.94491666666667,122.31155555555556,0.0,0.0,2020-10-17 14:45:29,刺网
1491,29.944944444444445,122.31155555555556,0.0,0.0,2020-10-17 14:55:29,刺网
1491,29.944888888888887,122.31158333333332,0.2,0.0,2020-10-17 15:05:29,刺网
1491,29.944972222222226,122.3115,0.2,0.0,2020-10-17 15:15:29,刺网
1491,29.944722222222207,122.31175,0.1,0.0,2020-10-17 15:25:30,刺网
1491,29.944888888888887,122.31158333333332,0.3,0.0,2020-10-17 15:35:29,刺网
1491,29.944944444444445,122.31152777777777,0.3,0.0,2020-10-17 15:45:29,刺网
1491,29.94491666666667,122.31161111111106,0.5,0.0,2020-10-17 15:55:37,刺网
1491,29.944944444444445,122.31155555555556,0.0,0.0,2020-10-17 16:06:01,刺网
1491,29.944972222222226,122.31155555555556,0.0,0.0,2020-10-17 16:15:29,刺网
1491,29.944944444444445,122.31155555555556,0.0,0.0,2020-10-17 16:25:29,刺网
1491,29.944944444444445,122.31152777777777,0.0,0.0,2020-10-17 16:35:29,刺网
1491,29.94491666666667,122.31152777777777,0.0,0.0,2020-10-17 16:55:29,刺网
1491,29.945027777777767,122.31141666666666,0.0,0.0,2020-10-17 17:55:28,刺网
1491,29.94508333333333,122.31147222222219,0.0,0.0,2020-10-17 18:05:28,刺网
1491,29.945055555555548,122.31144444444445,0.0,0.0,2020-10-17 18:15:28,刺网
1491,29.94508333333333,122.31147222222219,0.0,0.0,2020-10-17 18:25:28,刺网
1491,29.94508333333333,122.31144444444445,0.1,0.0,2020-10-17 18:35:28,刺网
1491,29.94508333333333,122.3115,0.1,0.0,2020-10-17 18:45:28,刺网
1491,29.94508333333333,122.31144444444445,0.0,0.0,2020-10-17 18:55:28,刺网
1491,29.945055555555548,122.31147222222219,0.0,0.0,2020-10-17 19:05:28,刺网
1491,29.94508333333333,122.31147222222219,0.0,0.0,2020-10-17 19:15:28,刺网
1491,29.94508333333333,122.31147222222219,0.1,0.0,2020-10-17 19:25:28,刺网
1491,29.94511111111111,122.3115,0.1,0.0,2020-10-17 19:35:28,刺网
1491,29.94508333333333,122.3115,0.0,0.0,2020-10-17 19:45:56,刺网
1491,29.94508333333333,122.31147222222219,0.0,0.0,2020-10-17 19:55:28,刺网
1491,29.94508333333333,122.31147222222219,0.0,0.0,2020-10-17 20:05:28,刺网
1491,29.945055555555548,122.31147222222219,0.0,0.0,2020-10-17 20:15:28,刺网
1491,29.945055555555548,122.31144444444445,0.0,0.0,2020-10-17 20:25:28,刺网
1491,29.944972222222226,122.31144444444445,0.0,0.0,2020-10-17 20:35:28,刺网
1491,29.944972222222226,122.31141666666666,0.0,0.0,2020-10-17 20:45:28,刺网
1491,29.94491666666667,122.31141666666666,0.0,0.0,2020-10-17 20:55:28,刺网
1491,29.945,122.31144444444445,0.0,0.0,2020-10-17 21:05:28,刺网
1491,29.945,122.31144444444445,0.1,0.0,2020-10-17 21:15:28,刺网
1491,29.94491666666667,122.31147222222219,0.0,0.0,2020-10-17 21:25:28,刺网
1491,29.944972222222226,122.31144444444445,0.0,0.0,2020-10-17 21:35:28,刺网
1491,29.944944444444445,122.31144444444445,0.1,0.0,2020-10-17 21:45:28,刺网
1491,29.94491666666667,122.31147222222219,0.3,0.0,2020-10-17 21:55:27,刺网
1491,29.94491666666667,122.3115,0.0,0.0,2020-10-17 22:05:55,刺网
1491,29.94491666666667,122.31147222222219,0.0,0.0,2020-10-17 22:15:27,刺网
1491,29.94491666666667,122.31147222222219,0.0,0.0,2020-10-17 22:25:27,刺网
1491,29.944972222222226,122.31155555555556,0.0,0.0,2020-10-17 22:35:27,刺网
1491,29.945,122.31155555555556,0.0,0.0,2020-10-17 22:45:27,刺网
1491,29.945027777777767,122.31158333333332,0.0,0.0,2020-10-17 22:55:27,刺网
1491,29.945027777777767,122.31155555555556,0.1,0.0,2020-10-17 23:05:27,刺网
1491,29.944972222222226,122.31155555555556,0.1,0.0,2020-10-17 23:15:27,刺网
1491,29.944972222222226,122.31152777777777,0.0,0.0,2020-10-17 23:25:27,刺网
1491,29.945,122.3115,0.0,0.0,2020-10-17 23:35:27,刺网
1491,29.944944444444445,122.31155555555556,0.0,0.0,2020-10-17 23:45:27,刺网
1491,29.94491666666667,122.31152777777777,0.0,0.0,2020-10-17 23:55:27,刺网
1491,29.944944444444445,122.31152777777777,0.0,0.0,2020-10-18 00:05:27,刺网
1491,29.944861111111113,122.31155555555556,0.1,0.0,2020-10-18 00:15:27,刺网
1491,29.944972222222226,122.31147222222219,0.0,0.0,2020-10-18 00:25:27,刺网
1491,29.944888888888887,122.31152777777777,0.0,0.0,2020-10-18 00:35:27,刺网
1491,29.94491666666667,122.31152777777777,0.2,0.0,2020-10-18 00:45:27,刺网
1491,29.944888888888887,122.31152777777777,0.1,0.0,2020-10-18 00:55:27,刺网
1491,29.944944444444445,122.3115,0.1,0.0,2020-10-18 01:05:27,刺网
1491,29.945,122.3115,0.1,0.0,2020-10-18 01:15:27,刺网
1491,29.94483333333333,122.31152777777777,0.0,0.0,2020-10-18 01:25:27,刺网
1491,29.945,122.3115,0.0,0.0,2020-10-18 01:35:27,刺网
1491,29.944861111111113,122.31158333333332,0.1,0.0,2020-10-18 01:45:27,刺网
1491,29.944888888888887,122.31152777777777,0.0,0.0,2020-10-18 01:55:56,刺网
1491,29.94491666666667,122.3115,0.0,0.0,2020-10-18 02:15:27,刺网
1491,29.94491666666667,122.3115,0.0,0.0,2020-10-18 02:25:26,刺网
1491,29.944888888888887,122.3115,0.0,0.0,2020-10-18 02:35:26,刺网
1491,29.944888888888887,122.31155555555556,0.0,0.0,2020-10-18 02:45:26,刺网
1491,29.944888888888887,122.31152777777777,0.0,0.0,2020-10-18 02:55:26,刺网
1491,29.944888888888887,122.31152777777777,0.0,0.0,2020-10-18 03:05:26,刺网
1491,29.94491666666667,122.3115,0.0,0.0,2020-10-18 03:15:26,刺网
1491,29.944888888888887,122.31152777777777,0.0,0.0,2020-10-18 03:25:26,刺网
1491,29.944888888888887,122.31152777777777,0.0,0.0,2020-10-18 03:35:26,刺网
1491,29.944888888888887,122.31152777777777,0.0,0.0,2020-10-18 03:45:26,刺网
1491,29.944888888888887,122.31152777777777,0.0,0.0,2020-10-18 03:55:26,刺网
1491,29.94491666666667,122.31152777777777,0.0,0.0,2020-10-18 04:05:55,刺网
1491,29.94491666666667,122.3115,0.0,0.0,2020-10-18 04:25:26,刺网
1491,29.944944444444445,122.3115,0.0,0.0,2020-10-18 04:35:26,刺网
1491,29.94491666666667,122.31155555555556,0.0,0.0,2020-10-18 04:45:26,刺网
1491,29.94491666666667,122.31152777777777,0.0,0.0,2020-10-18 04:55:26,刺网
1491,29.94491666666667,122.31155555555556,0.0,0.0,2020-10-18 05:05:26,刺网
1491,29.94491666666667,122.31158333333332,0.0,0.0,2020-10-18 05:15:26,刺网
1491,29.944944444444445,122.31155555555556,0.2,0.0,2020-10-18 05:25:26,刺网
1491,29.944972222222226,122.31155555555556,0.3,0.0,2020-10-18 05:35:26,刺网
1491,29.94491666666667,122.31147222222219,0.1,0.0,2020-10-18 05:45:26,刺网
1491,29.94491666666667,122.31155555555556,0.1,0.0,2020-10-18 05:55:26,刺网
1491,29.944972222222226,122.3115,2.3,265.0,2020-10-18 06:05:26,刺网
1491,29.945,122.31144444444445,0.0,0.0,2020-10-18 06:15:38,刺网
1491,29.945055555555548,122.31144444444445,0.0,0.0,2020-10-18 06:25:26,刺网
1491,29.94508333333333,122.31152777777777,0.0,0.0,2020-10-18 06:35:26,刺网
1491,29.944972222222226,122.3115,0.1,0.0,2020-10-18 06:45:37,刺网
1491,29.94508333333333,122.3115,0.0,0.0,2020-10-18 06:55:30,刺网
1491,29.944972222222226,122.3112222222222,0.9,237.0,2020-10-18 07:05:25,刺网
1491,29.94511111111111,122.3115,0.5,0.0,2020-10-18 07:15:25,刺网
1491,29.945055555555548,122.31138888888887,0.3,0.0,2020-10-18 07:25:25,刺网
1491,29.94511111111111,122.31147222222219,0.2,0.0,2020-10-18 07:35:25,刺网
1491,29.94508333333333,122.31144444444445,0.2,0.0,2020-10-18 07:45:25,刺网
1491,29.945138888888888,122.31147222222219,0.0,0.0,2020-10-18 07:55:38,刺网
1491,29.945138888888888,122.31147222222219,0.1,0.0,2020-10-18 08:05:25,刺网
1491,29.945138888888888,122.31144444444445,0.0,0.0,2020-10-18 08:15:25,刺网
1491,29.945166666666665,122.3115,0.1,0.0,2020-10-18 08:25:25,刺网
1491,29.945166666666665,122.31141666666666,0.1,0.0,2020-10-18 08:35:25,刺网
1491,29.94508333333333,122.31144444444445,0.1,0.0,2020-10-18 08:45:25,刺网
1491,29.945166666666665,122.31144444444445,0.0,0.0,2020-10-18 08:55:25,刺网
1491,29.945166666666665,122.31147222222219,0.0,0.0,2020-10-18 09:05:25,刺网
1491,29.94522222222223,122.31138888888887,0.0,0.0,2020-10-18 09:15:25,刺网
1491,29.94519444444445,122.31141666666666,0.0,0.0,2020-10-18 09:25:25,刺网
1491,29.945138888888888,122.3115,0.1,0.0,2020-10-18 09:35:25,刺网
1491,29.945027777777767,122.31138888888887,2.6,185.0,2020-10-18 09:45:25,刺网
1491,29.945055555555548,122.31144444444445,0.0,0.0,2020-10-18 09:55:38,刺网
1491,29.945027777777767,122.31141666666666,0.0,0.0,2020-10-18 10:05:25,刺网
1491,29.945,122.31138888888887,0.0,0.0,2020-10-18 10:15:25,刺网
1491,29.945,122.31133333333332,0.0,0.0,2020-10-18 10:25:25,刺网
1491,29.94491666666667,122.31138888888887,0.2,0.0,2020-10-18 10:35:25,刺网
1491,29.944944444444445,122.31138888888887,0.1,0.0,2020-10-18 10:45:25,刺网
1491,29.944944444444445,122.31144444444445,0.0,0.0,2020-10-18 10:55:25,刺网
1491,29.94491666666667,122.3115,0.0,0.0,2020-10-18 11:05:25,刺网
1491,29.94491666666667,122.31144444444445,0.0,0.0,2020-10-18 11:15:25,刺网
1491,29.945055555555548,122.31155555555556,0.1,0.0,2020-10-18 11:25:25,刺网
1491,29.945,122.31161111111106,0.1,0.0,2020-10-18 11:35:24,刺网
1491,29.944972222222226,122.31155555555556,0.1,0.0,2020-10-18 11:45:24,刺网
1491,29.945,122.31155555555556,0.0,0.0,2020-10-18 11:55:24,刺网
1491,29.944972222222226,122.31152777777777,0.0,0.0,2020-10-18 12:05:37,刺网
1491,29.944972222222226,122.31155555555556,0.1,0.0,2020-10-18 12:15:24,刺网
1491,29.944944444444445,122.31155555555556,0.0,0.0,2020-10-18 12:25:24,刺网
1491,29.945,122.31155555555556,0.0,0.0,2020-10-18 12:35:24,刺网
1491,29.944972222222226,122.31155555555556,0.1,0.0,2020-10-18 12:45:24,刺网
1491,29.944972222222226,122.31155555555556,0.0,0.0,2020-10-18 12:55:24,刺网
1491,29.945,122.31155555555556,0.0,0.0,2020-10-18 13:05:24,刺网
1491,29.944972222222226,122.31155555555556,0.0,0.0,2020-10-18 13:15:24,刺网
1491,29.944972222222226,122.31155555555556,0.0,0.0,2020-10-18 13:25:24,刺网
1491,29.944972222222226,122.31158333333332,0.0,0.0,2020-10-18 13:35:24,刺网
1491,29.94491666666667,122.3115,0.0,0.0,2020-10-18 13:45:24,刺网
1491,29.94491666666667,122.31147222222219,0.1,0.0,2020-10-18 13:55:25,刺网
1491,29.94491666666667,122.3115,0.0,0.0,2020-10-18 14:05:24,刺网
1491,29.944944444444445,122.3115,0.0,0.0,2020-10-18 14:15:38,刺网
1491,29.94491666666667,122.31147222222219,0.0,0.0,2020-10-18 14:25:24,刺网
1491,29.944888888888887,122.31147222222219,0.0,0.0,2020-10-18 14:35:24,刺网
1491,29.94491666666667,122.31152777777777,0.0,0.0,2020-10-18 14:45:24,刺网
1491,29.944888888888887,122.31155555555556,0.1,0.0,2020-10-18 14:55:24,刺网
1491,29.944972222222226,122.3115,0.1,0.0,2020-10-18 15:05:24,刺网
1491,29.944888888888887,122.31152777777777,0.0,0.0,2020-10-18 15:15:24,刺网
1491,29.944888888888887,122.3115,0.0,0.0,2020-10-18 15:25:24,刺网
1491,29.94491666666667,122.31152777777777,0.0,0.0,2020-10-18 15:35:24,刺网
1491,29.944888888888887,122.31155555555556,0.0,0.0,2020-10-18 15:45:24,刺网
1491,29.944888888888887,122.31152777777777,0.0,0.0,2020-10-18 15:55:24,刺网
1491,29.944944444444445,122.31152777777777,0.0,0.0,2020-10-18 16:05:24,刺网
1491,29.94491666666667,122.31155555555556,0.0,0.0,2020-10-18 16:15:23,刺网
1491,29.944944444444445,122.31158333333332,0.0,0.0,2020-10-18 16:25:23,刺网
1491,29.94491666666667,122.31158333333332,0.0,0.0,2020-10-18 16:35:23,刺网
1491,29.94491666666667,122.31158333333332,0.1,0.0,2020-10-18 16:45:23,刺网
1491,29.944944444444445,122.31161111111106,0.0,0.0,2020-10-18 16:55:23,刺网
1491,29.944861111111113,122.31155555555556,0.0,0.0,2020-10-18 17:05:23,刺网
1491,29.94491666666667,122.31152777777777,0.0,0.0,2020-10-18 17:15:38,刺网
1491,29.944888888888887,122.31152777777777,0.0,0.0,2020-10-18 17:25:23,刺网
1491,29.94491666666667,122.31152777777777,0.0,0.0,2020-10-18 17:35:23,刺网
1491,29.944944444444445,122.31152777777777,0.0,0.0,2020-10-18 17:45:23,刺网
1491,29.944944444444445,122.3115,0.0,0.0,2020-10-18 17:55:23,刺网
1491,29.944972222222226,122.3115,0.0,0.0,2020-10-18 18:05:23,刺网
1491,29.945,122.31138888888887,0.0,0.0,2020-10-18 18:15:23,刺网
1491,29.944972222222226,122.31138888888887,0.0,0.0,2020-10-18 18:25:23,刺网
1491,29.945027777777767,122.31130555555555,0.0,0.0,2020-10-18 18:35:23,刺网
1491,29.94508333333333,122.31144444444445,0.0,0.0,2020-10-18 18:45:23,刺网
1491,29.945138888888888,122.31144444444445,0.0,0.0,2020-10-18 18:55:23,刺网
1491,29.94519444444445,122.31144444444445,0.0,0.0,2020-10-18 19:05:23,刺网
1491,29.945166666666665,122.31152777777777,0.0,0.0,2020-10-18 19:15:23,刺网
1491,29.94519444444445,122.31158333333332,0.0,0.0,2020-10-18 19:25:23,刺网
1491,29.945138888888888,122.31152777777777,0.0,0.0,2020-10-18 19:35:23,刺网
1491,29.94519444444445,122.31152777777777,0.1,0.0,2020-10-18 19:45:23,刺网
1491,29.94519444444445,122.31158333333332,0.1,0.0,2020-10-18 19:55:23,刺网
1491,29.94522222222223,122.31155555555556,0.0,0.0,2020-10-18 20:05:37,刺网
1491,29.945166666666665,122.31152777777777,0.0,0.0,2020-10-18 20:15:23,刺网
1491,29.94522222222223,122.31152777777777,0.0,0.0,2020-10-18 20:25:23,刺网
1491,29.945277777777786,122.31155555555556,0.1,0.0,2020-10-18 20:35:23,刺网
1491,29.94525,122.31155555555556,0.0,0.0,2020-10-18 20:45:22,刺网
1491,29.94522222222223,122.31152777777777,0.1,0.0,2020-10-18 20:55:22,刺网
1491,29.94522222222223,122.31152777777777,0.1,0.0,2020-10-18 21:05:22,刺网
1491,29.94519444444445,122.31155555555556,0.0,0.0,2020-10-18 21:15:22,刺网
1491,29.94511111111111,122.31141666666666,0.1,0.0,2020-10-18 21:25:22,刺网
1491,29.945138888888888,122.3115,0.0,0.0,2020-10-18 21:35:22,刺网
1491,29.945138888888888,122.31152777777777,0.0,0.0,2020-10-18 21:45:22,刺网
1491,29.945138888888888,122.31144444444445,0.1,0.0,2020-10-18 21:55:22,刺网
1491,29.944972222222226,122.31141666666666,0.1,0.0,2020-10-18 22:15:22,刺网
1491,29.944944444444445,122.31138888888887,0.1,0.0,2020-10-18 22:25:22,刺网
1491,29.94491666666667,122.31141666666666,0.0,0.0,2020-10-18 22:35:22,刺网
1491,29.944888888888887,122.31147222222219,0.1,0.0,2020-10-18 22:45:22,刺网
1491,29.944888888888887,122.31147222222219,0.0,0.0,2020-10-18 22:55:22,刺网
1491,29.94491666666667,122.31147222222219,0.2,0.0,2020-10-18 23:05:22,刺网
1491,29.945,122.31147222222219,0.0,0.0,2020-10-18 23:15:22,刺网
1491,29.944888888888887,122.31166666666668,0.1,0.0,2020-10-18 23:25:22,刺网
1491,29.944944444444445,122.31161111111106,0.7,152.0,2020-10-18 23:35:22,刺网
1491,29.944861111111113,122.31161111111106,1.3,144.0,2020-10-18 23:45:22,刺网
1491,29.944861111111113,122.31163888888888,1.2,144.0,2020-10-18 23:55:22,刺网
1491,29.944944444444445,122.31152777777777,0.5,142.0,2020-10-19 00:05:22,刺网
1491,29.944944444444445,122.3115,0.5,140.0,2020-10-19 00:15:22,刺网
1491,29.94483333333333,122.31161111111106,0.4,0.0,2020-10-19 00:25:22,刺网
1491,29.944972222222226,122.3115,0.2,0.0,2020-10-19 00:35:23,刺网
1491,29.944888888888887,122.3115,0.0,0.0,2020-10-19 00:45:34,刺网
1491,29.944888888888887,122.3115,0.0,0.0,2020-10-19 00:55:22,刺网
1491,29.944888888888887,122.3115,0.0,0.0,2020-10-19 01:05:22,刺网
1491,29.944888888888887,122.31152777777777,0.0,0.0,2020-10-19 01:15:22,刺网
1491,29.944888888888887,122.31152777777777,0.0,0.0,2020-10-19 01:25:21,刺网
1491,29.944888888888887,122.3115,0.0,0.0,2020-10-19 01:35:21,刺网
1491,29.94491666666667,122.3115,0.0,0.0,2020-10-19 01:45:21,刺网
1491,29.94491666666667,122.3115,0.0,0.0,2020-10-19 01:55:21,刺网
1491,29.944888888888887,122.31152777777777,0.1,0.0,2020-10-19 02:05:21,刺网
1491,29.944888888888887,122.3115,0.1,0.0,2020-10-19 02:15:21,刺网
1491,29.944861111111113,122.31152777777777,0.1,0.0,2020-10-19 02:25:21,刺网
1491,29.944888888888887,122.31152777777777,0.0,0.0,2020-10-19 02:35:21,刺网
1491,29.944888888888887,122.31152777777777,0.0,0.0,2020-10-19 02:45:21,刺网
1491,29.94491666666667,122.31147222222219,0.0,0.0,2020-10-19 02:55:21,刺网
1491,29.944888888888887,122.31147222222219,0.0,0.0,2020-10-19 03:05:21,刺网
1491,29.944888888888887,122.31147222222219,0.0,0.0,2020-10-19 03:15:21,刺网
1491,29.94483333333333,122.31152777777777,0.1,0.0,2020-10-19 03:25:21,刺网
1491,29.944972222222226,122.31141666666666,0.1,0.0,2020-10-19 03:35:21,刺网
1491,29.945,122.31138888888887,0.1,0.0,2020-10-19 03:45:21,刺网
1491,29.94491666666667,122.31147222222219,0.0,0.0,2020-10-19 03:55:21,刺网
1491,29.944861111111113,122.31152777777777,0.0,0.0,2020-10-19 04:05:37,刺网
1491,29.944861111111113,122.3115,0.0,0.0,2020-10-19 04:15:21,刺网
1491,29.944888888888887,122.3115,0.0,0.0,2020-10-19 04:25:21,刺网
1491,29.94491666666667,122.31147222222219,0.0,0.0,2020-10-19 04:35:21,刺网
1491,29.944861111111113,122.3115,0.0,0.0,2020-10-19 04:45:21,刺网
1491,29.94491666666667,122.3115,0.0,0.0,2020-10-19 04:55:21,刺网
1491,29.944861111111113,122.31152777777777,0.0,0.0,2020-10-19 05:05:21,刺网
1491,29.944888888888887,122.31147222222219,0.0,0.0,2020-10-19 05:15:21,刺网
1491,29.94491666666667,122.31147222222219,0.0,0.0,2020-10-19 05:25:21,刺网
1491,29.944861111111113,122.31147222222219,0.0,0.0,2020-10-19 05:35:21,刺网
1491,29.94491666666667,122.31147222222219,0.0,0.0,2020-10-19 05:45:21,刺网
1491,29.944888888888887,122.3115,0.0,0.0,2020-10-19 05:55:20,刺网
1491,29.944861111111113,122.31147222222219,0.0,0.0,2020-10-19 06:05:20,刺网
1491,29.94491666666667,122.31144444444445,0.0,0.0,2020-10-19 06:15:20,刺网
1491,29.944888888888887,122.3115,0.0,0.0,2020-10-19 06:25:20,刺网
1491,29.944944444444445,122.31144444444445,0.9,235.0,2020-10-19 06:35:21,刺网
1491,29.944944444444445,122.31133333333332,0.0,0.0,2020-10-19 06:45:20,刺网
1491,29.944944444444445,122.31136111111107,0.2,0.0,2020-10-19 06:55:20,刺网
1491,29.94508333333333,122.31144444444445,0.0,0.0,2020-10-19 07:05:26,刺网
1491,29.945055555555548,122.3112222222222,0.3,0.0,2020-10-19 07:15:22,刺网
1491,29.94511111111111,122.31130555555555,1.2,244.0,2020-10-19 07:25:20,刺网
1491,29.94522222222223,122.31125,2.4,292.0,2020-10-19 07:35:20,刺网
1491,29.94744444444445,122.32261111111107,7.3,33.0,2020-10-19 07:45:20,刺网
1491,29.961222222222233,122.33786111111112,7.0,88.0,2020-10-19 07:55:38,刺网
1491,29.959888888888887,122.3454722222222,0.7,206.0,2020-10-19 08:05:20,刺网
1491,29.959888888888887,122.34555555555555,0.1,0.0,2020-10-19 08:15:20,刺网
1491,29.959888888888887,122.34555555555555,0.0,0.0,2020-10-19 08:25:20,刺网
1491,29.959944444444453,122.34555555555555,0.9,236.0,2020-10-19 08:35:20,刺网
1491,29.95983333333333,122.34558333333332,0.0,0.0,2020-10-19 08:45:20,刺网
1491,29.959805555555555,122.34558333333332,0.0,0.0,2020-10-19 09:05:20,刺网
1491,29.98086111111111,122.34613888888887,9.8,3.0,2020-10-19 09:15:20,刺网
1491,30.01136111111111,122.34897222222222,11.4,11.0,2020-10-19 09:25:20,刺网
1491,30.06875,122.35988888888888,9.3,6.0,2020-10-19 09:45:20,刺网
1491,30.094,122.36516666666668,8.9,12.0,2020-10-19 09:55:20,刺网
1491,30.11891666666667,122.37327777777777,9.7,14.0,2020-10-19 10:05:37,刺网
1491,30.14125,122.38191666666664,8.8,19.0,2020-10-19 10:15:20,刺网
1491,30.18808333333333,122.39869444444444,8.3,12.0,2020-10-19 10:35:19,刺网
1491,30.209166666666665,122.40913888888888,7.7,31.0,2020-10-19 10:45:19,刺网
1491,30.230027777777767,122.42333333333332,9.6,21.0,2020-10-19 10:55:19,刺网
1491,30.256722222222226,122.43341666666667,9.7,8.0,2020-10-19 11:05:19,刺网
1491,30.28380555555556,122.43086111111113,9.6,3.0,2020-10-19 11:15:19,刺网
1491,30.337888888888887,122.43002777777778,9.6,1.0,2020-10-19 11:35:19,刺网
1491,30.363083333333336,122.43113888888894,8.1,9.0,2020-10-19 11:45:19,刺网
1491,30.386111111111113,122.43480555555556,8.2,2.0,2020-10-19 11:55:19,刺网
1491,30.41019444444445,122.43941666666666,9.3,13.0,2020-10-19 12:05:19,刺网
1491,30.437638888888888,122.44033333333334,8.5,12.0,2020-10-19 12:15:19,刺网
1491,30.46022222222223,122.44925,9.0,12.0,2020-10-19 12:25:19,刺网
1491,30.48319444444445,122.45669444444445,8.6,18.0,2020-10-19 12:35:19,刺网
1491,30.507055555555553,122.4637777777778,8.1,26.0,2020-10-19 12:45:19,刺网
1491,30.52966666666667,122.47230555555555,8.9,4.0,2020-10-19 12:55:19,刺网
1491,30.55355555555556,122.47983333333332,8.6,25.0,2020-10-19 13:05:19,刺网
1491,30.57566666666667,122.49044444444445,8.5,28.0,2020-10-19 13:15:20,刺网
1491,30.59475,122.50313888888893,7.7,32.0,2020-10-19 13:25:19,刺网
1491,30.613138888888887,122.51758333333332,7.6,38.0,2020-10-19 13:35:19,刺网
1491,30.63361111111111,122.53205555555556,8.3,27.0,2020-10-19 13:45:38,刺网
1491,30.65397222222222,122.54177777777778,7.6,5.0,2020-10-19 13:55:19,刺网
1491,30.67725,122.54694444444445,9.2,19.0,2020-10-19 14:05:19,刺网
1491,30.69991666666667,122.56027777777777,8.4,10.0,2020-10-19 14:15:19,刺网
1491,30.721611111111113,122.5644722222222,7.0,349.0,2020-10-19 14:25:19,刺网
1491,30.742611111111113,122.56669444444445,8.7,14.0,2020-10-19 14:35:19,刺网
1491,30.76677777777777,122.57269444444445,8.7,8.0,2020-10-19 14:45:19,刺网
1491,30.789388888888887,122.57180555555556,8.0,335.0,2020-10-19 14:55:18,刺网
1491,30.812472222222233,122.57186111111106,8.4,8.0,2020-10-19 15:05:18,刺网
1491,30.8565,122.58708333333333,8.4,29.0,2020-10-19 15:25:18,刺网
1491,30.8775,122.59688888888887,7.5,19.0,2020-10-19 15:35:18,刺网
1491,30.898277777777786,122.60616666666668,8.3,35.0,2020-10-19 15:45:18,刺网
1491,30.918861111111113,122.61619444444445,7.3,26.0,2020-10-19 15:55:18,刺网
1491,30.95936111111111,122.63722222222223,8.2,34.0,2020-10-19 16:15:18,刺网
1491,30.97958333333333,122.64925,7.6,29.0,2020-10-19 16:25:18,刺网
1491,30.99983333333333,122.66041666666666,7.3,27.0,2020-10-19 16:35:18,刺网
1491,31.020027777777766,122.66997222222223,8.1,23.0,2020-10-19 16:45:18,刺网
1491,31.03919444444445,122.68208333333334,8.2,41.0,2020-10-19 16:55:18,刺网
1491,31.059305555555554,122.6895,7.0,1.0,2020-10-19 17:05:18,刺网
1491,31.07933333333333,122.69491666666669,7.2,6.0,2020-10-19 17:15:18,刺网
1491,31.09861111111111,122.70716666666668,8.0,42.0,2020-10-19 17:25:18,刺网
1491,31.111305555555557,122.73055555555555,7.9,49.0,2020-10-19 17:35:19,刺网
1491,31.12697222222221,122.7494722222222,8.3,38.0,2020-10-19 17:45:18,刺网
1491,31.142861111111113,122.7662777777778,6.4,39.0,2020-10-19 17:55:18,刺网
1491,31.15894444444445,122.78102777777778,7.6,36.0,2020-10-19 18:05:18,刺网
1491,31.175694444444453,122.79433333333334,7.1,29.0,2020-10-19 18:15:18,刺网
1491,31.192777777777767,122.80547222222219,7.6,22.0,2020-10-19 18:25:18,刺网
1491,31.21025,122.81538888888888,6.5,25.0,2020-10-19 18:35:18,刺网
1491,31.228388888888887,122.82394444444445,6.9,1.0,2020-10-19 18:45:18,刺网
1491,31.24688888888889,122.83238888888887,8.0,9.0,2020-10-19 18:55:18,刺网
1491,31.265555555555554,122.83916666666666,7.7,6.0,2020-10-19 19:05:18,刺网
1491,31.285,122.84502777777777,7.8,8.0,2020-10-19 19:15:18,刺网
1491,31.305138888888887,122.85094444444445,7.6,11.0,2020-10-19 19:25:31,刺网
1491,31.325222222222234,122.85716666666666,7.3,13.0,2020-10-19 19:35:38,刺网
1491,31.343138888888888,122.86561111111112,6.8,19.0,2020-10-19 19:45:17,刺网
1491,31.36119444444445,122.87386111111107,6.3,25.0,2020-10-19 19:55:17,刺网
1491,31.38125,122.88008333333332,6.9,14.0,2020-10-19 20:05:37,刺网
1491,31.39975,122.88475,6.6,11.0,2020-10-19 20:15:17,刺网
1491,31.41858333333333,122.88994444444445,5.9,28.0,2020-10-19 20:25:17,刺网
1491,31.437555555555555,122.89600000000002,7.2,13.0,2020-10-19 20:35:17,刺网
1491,31.45725,122.9012777777778,8.2,7.0,2020-10-19 20:45:17,刺网
1491,31.477166666666665,122.90638888888893,7.4,21.0,2020-10-19 20:55:17,刺网
1491,31.497555555555557,122.91194444444444,8.0,14.0,2020-10-19 21:05:17,刺网
1491,31.51880555555556,122.91663888888887,8.1,5.0,2020-10-19 21:15:17,刺网
1491,31.54111111111111,122.91841666666667,9.2,355.0,2020-10-19 21:25:17,刺网
1491,31.56344444444445,122.9200277777778,6.8,6.0,2020-10-19 21:35:17,刺网
1491,31.585305555555554,122.92413888888888,7.2,21.0,2020-10-19 21:45:17,刺网
1491,31.628722222222233,122.93463888888893,9.0,15.0,2020-10-19 22:05:17,刺网
1491,31.6725,122.94619444444444,8.3,15.0,2020-10-19 22:25:17,刺网
1491,31.694861111111113,122.95272222222222,7.9,16.0,2020-10-19 22:35:17,刺网
1491,31.74016666666667,122.96544444444444,8.6,9.0,2020-10-19 22:55:17,刺网
1491,31.762916666666666,122.97152777777778,7.5,11.0,2020-10-19 23:05:17,刺网
1491,31.785222222222234,122.97733333333332,7.7,11.0,2020-10-19 23:15:17,刺网
1491,31.808055555555555,122.98325,8.0,12.0,2020-10-19 23:25:17,刺网
1491,31.83169444444445,122.98944444444444,7.9,14.0,2020-10-19 23:35:18,刺网
1491,31.85522222222223,122.99633333333333,8.8,20.0,2020-10-19 23:45:20,刺网
1491,31.87852777777778,123.00466666666668,8.4,16.0,2020-10-19 23:55:38,刺网
1491,31.901611111111112,123.01008333333334,8.6,11.0,2020-10-20 00:05:16,刺网
1491,31.92613888888889,123.01563888888887,8.6,14.0,2020-10-20 00:15:16,刺网
1491,31.95047222222223,123.02141666666668,9.6,6.0,2020-10-20 00:25:16,刺网
1491,31.97502777777777,123.02733333333332,8.8,21.0,2020-10-20 00:35:16,刺网
1491,31.99894444444445,123.03544444444445,9.5,16.0,2020-10-20 00:45:16,刺网
1491,32.022888888888886,123.04383333333332,9.4,19.0,2020-10-20 00:55:16,刺网
1491,32.04672222222222,123.05344444444445,8.5,20.0,2020-10-20 01:05:16,刺网
1491,32.07141666666667,123.06102777777778,8.9,12.0,2020-10-20 01:15:16,刺网
1491,32.09594444444445,123.06830555555555,8.6,13.0,2020-10-20 01:25:16,刺网
1491,32.11969444444445,123.07766666666667,9.2,10.0,2020-10-20 01:35:16,刺网
1491,32.14433333333333,123.08508333333332,9.9,20.0,2020-10-20 01:45:16,刺网
1491,32.16766666666666,123.09544444444445,8.3,12.0,2020-10-20 01:55:16,刺网
1491,32.18972222222221,123.10958333333332,8.5,33.0,2020-10-20 02:05:37,刺网
1491,32.21069444444445,123.12330555555555,9.0,24.0,2020-10-20 02:15:16,刺网
1491,32.23155555555556,123.13902777777778,8.9,32.0,2020-10-20 02:25:16,刺网
1491,32.24966666666666,123.15791666666668,8.6,29.0,2020-10-20 02:35:16,刺网
1491,32.27005555555555,123.17325,8.9,30.0,2020-10-20 02:45:16,刺网
1491,32.29230555555556,123.18466666666669,8.8,17.0,2020-10-20 02:55:16,刺网
1491,32.315,123.19288888888887,8.5,29.0,2020-10-20 03:05:16,刺网
1491,32.33713888888889,123.20083333333334,7.3,9.0,2020-10-20 03:15:16,刺网
1491,32.359500000000004,123.2072777777778,8.6,18.0,2020-10-20 03:25:16,刺网
1491,32.380805555555554,123.2162777777778,7.7,12.0,2020-10-20 03:35:16,刺网
1491,32.402833333333334,123.22125,8.0,13.0,2020-10-20 03:45:16,刺网
1491,32.424083333333336,123.22177777777777,8.4,22.0,2020-10-20 03:55:16,刺网
1491,32.445527777777784,123.22941666666668,7.7,35.0,2020-10-20 04:05:16,刺网
1491,32.46658333333334,123.2385277777778,7.9,24.0,2020-10-20 04:15:16,刺网
1491,32.48591666666667,123.25013888888887,8.0,30.0,2020-10-20 04:25:16,刺网
1491,32.50505555555556,123.26236111111106,7.8,29.0,2020-10-20 04:35:15,刺网
1491,32.52430555555556,123.27330555555555,7.8,29.0,2020-10-20 04:45:16,刺网
1491,32.542944444444444,123.28455555555556,8.2,28.0,2020-10-20 04:55:16,刺网
1491,32.56191666666666,123.29436111111113,7.5,15.0,2020-10-20 05:05:15,刺网
1491,32.580694444444454,123.30494444444444,8.4,22.0,2020-10-20 05:15:15,刺网
1491,32.599694444444445,123.31463888888894,8.5,23.0,2020-10-20 05:25:15,刺网
1491,32.61869444444445,123.32369444444444,6.3,26.0,2020-10-20 05:35:15,刺网
1491,32.63675,123.33438888888887,6.4,24.0,2020-10-20 05:45:15,刺网
1491,32.654361111111115,123.3449722222222,7.1,23.0,2020-10-20 05:55:16,刺网
1491,32.67225,123.35508333333333,6.5,13.0,2020-10-20 06:05:37,刺网
1491,32.690111111111115,123.35713888888887,7.0,16.0,2020-10-20 06:15:15,刺网
1491,32.708555555555556,123.35902777777777,5.8,4.0,2020-10-20 06:25:15,刺网
1491,32.72652777777778,123.3610277777778,6.1,7.0,2020-10-20 06:35:15,刺网
1491,32.74469444444445,123.3645,7.3,6.0,2020-10-20 06:45:15,刺网
1491,32.76225,123.36705555555555,5.7,9.0,2020-10-20 06:55:15,刺网
1491,32.7795,123.37152777777777,6.0,11.0,2020-10-20 07:05:15,刺网
1491,32.796777777777784,123.37541666666664,5.1,6.0,2020-10-20 07:15:15,刺网
1491,32.813694444444444,123.38194444444444,6.4,20.0,2020-10-20 07:25:15,刺网
1491,32.8285,123.39202777777778,6.7,32.0,2020-10-20 07:35:15,刺网
1491,32.84294444444445,123.40413888888894,6.3,32.0,2020-10-20 07:45:15,刺网
1491,32.85725000000001,123.41558333333332,5.8,23.0,2020-10-20 07:55:15,刺网
1491,32.8735,123.42258333333334,6.2,4.0,2020-10-20 08:05:15,刺网
1491,32.8915,123.42583333333334,6.6,358.0,2020-10-20 08:15:15,刺网
1491,32.909416666666665,123.42897222222223,7.2,15.0,2020-10-20 08:25:15,刺网
1491,32.92669444444444,123.43405555555556,6.1,22.0,2020-10-20 08:35:15,刺网
1491,32.94405555555555,123.43922222222223,6.4,19.0,2020-10-20 08:45:15,刺网
1491,32.9615,123.44483333333334,6.6,17.0,2020-10-20 08:55:17,刺网
1491,32.97908333333333,123.44961111111112,6.0,22.0,2020-10-20 09:05:14,刺网
1491,32.99666666666667,123.45455555555556,6.5,9.0,2020-10-20 09:15:14,刺网
1491,33.01441666666667,123.45908333333334,7.4,357.0,2020-10-20 09:25:14,刺网
1491,33.03275,123.4625,7.0,13.0,2020-10-20 09:35:14,刺网
1491,33.051111111111105,123.46591666666669,6.3,22.0,2020-10-20 09:45:14,刺网
1491,33.07013888888889,123.47013888888887,6.9,12.0,2020-10-20 09:55:14,刺网
1491,33.09055555555556,123.47327777777778,7.4,20.0,2020-10-20 10:05:37,刺网
1491,33.11019444444445,123.47575,7.8,357.0,2020-10-20 10:15:14,刺网
1491,33.13136111111111,123.47641666666668,8.0,357.0,2020-10-20 10:25:14,刺网
1491,33.15322222222222,123.47672222222224,8.0,9.0,2020-10-20 10:35:14,刺网
1491,33.17438888888889,123.48177777777778,8.0,18.0,2020-10-20 10:45:14,刺网
1491,33.19383333333333,123.49055555555556,7.2,38.0,2020-10-20 10:55:14,刺网
1491,33.21308333333334,123.49983333333331,8.1,12.0,2020-10-20 11:05:15,刺网
1491,33.23202777777778,123.51002777777781,7.9,42.0,2020-10-20 11:15:14,刺网
1491,33.248583333333336,123.52480555555556,7.6,33.0,2020-10-20 11:25:14,刺网
1491,33.26861111111111,123.53577777777777,8.2,20.0,2020-10-20 11:35:14,刺网
1491,33.28991666666666,123.54558333333333,8.4,7.0,2020-10-20 11:45:14,刺网
1491,33.31408333333333,123.54916666666666,8.5,8.0,2020-10-20 11:55:14,刺网
1491,33.33911111111111,123.55041666666666,8.2,10.0,2020-10-20 12:05:14,刺网
1491,33.36408333333333,123.55344444444445,9.2,353.0,2020-10-20 12:15:14,刺网
1491,33.389777777777766,123.55461111111113,9.2,1.0,2020-10-20 12:25:14,刺网
1491,33.41586111111111,123.55594444444445,8.2,13.0,2020-10-20 12:35:16,刺网
1491,33.44202777777777,123.5575,9.5,359.0,2020-10-20 12:45:14,刺网
1491,33.46775,123.56291666666664,9.0,19.0,2020-10-20 12:55:14,刺网
1491,33.493277777777784,123.57088888888887,9.4,13.0,2020-10-20 13:05:14,刺网
1491,33.51888888888889,123.57786111111106,9.8,14.0,2020-10-20 13:15:14,刺网
1491,33.54475,123.58477777777777,9.7,12.0,2020-10-20 13:25:14,刺网
1491,33.57138888888889,123.59316666666666,9.7,13.0,2020-10-20 13:35:38,刺网
1491,33.597500000000004,123.59805555555555,10.2,3.0,2020-10-20 13:45:13,刺网
1491,33.625777777777785,123.60038888888887,9.9,9.0,2020-10-20 13:55:13,刺网
1491,33.65377777777777,123.60394444444445,10.2,2.0,2020-10-20 14:05:13,刺网
1491,33.68230555555556,123.6064722222222,10.2,2.0,2020-10-20 14:15:13,刺网
1491,33.70841666666667,123.61441666666666,9.7,24.0,2020-10-20 14:25:13,刺网
1491,33.75358333333333,123.64863888888893,9.2,16.0,2020-10-20 14:45:13,刺网
1491,33.8075,123.66572222222223,10.0,16.0,2020-10-20 15:05:13,刺网
1491,33.83452777777778,123.67344444444444,10.2,5.0,2020-10-20 15:15:13,刺网
1491,33.86138888888889,123.68172222222223,10.0,13.0,2020-10-20 15:25:13,刺网
1491,33.88708333333334,123.69313888888892,9.7,16.0,2020-10-20 15:35:13,刺网
1491,33.91288888888889,123.70316666666668,10.1,18.0,2020-10-20 15:45:13,刺网
1491,33.963861111111115,123.72897222222224,9.5,26.0,2020-10-20 16:05:37,刺网
1491,33.98102777777778,123.75063888888887,9.7,23.0,2020-10-20 16:15:13,刺网
1491,34.00552777777778,123.76230555555556,9.5,36.0,2020-10-20 16:25:13,刺网
1491,34.02941666666667,123.77638888888887,9.6,36.0,2020-10-20 16:35:13,刺网
1491,34.053000000000004,123.7907777777778,9.4,18.0,2020-10-20 16:45:13,刺网
1491,34.078027777777784,123.80141666666664,9.1,20.0,2020-10-20 16:55:13,刺网
1491,34.103750000000005,123.80983333333332,9.3,9.0,2020-10-20 17:05:13,刺网
1491,34.12533333333333,123.82652777777777,9.4,46.0,2020-10-20 17:15:13,刺网
1491,34.145805555555555,123.84638888888887,9.4,34.0,2020-10-20 17:25:13,刺网
1491,34.19397222222222,123.8667222222222,9.4,7.0,2020-10-20 17:45:13,刺网
1491,34.21972222222223,123.86705555555555,9.6,8.0,2020-10-20 17:55:13,刺网
1491,34.24452777777778,123.87675,9.2,24.0,2020-10-20 18:05:12,刺网
1491,34.26880555555556,123.88708333333334,8.8,20.0,2020-10-20 18:15:12,刺网
1491,34.31491666666667,123.90955555555556,8.7,22.0,2020-10-20 18:35:12,刺网
1491,34.338416666666674,123.91863888888888,8.9,27.0,2020-10-20 18:45:12,刺网
1491,34.36080555555556,123.93127777777781,8.8,18.0,2020-10-20 18:55:12,刺网
1491,34.383972222222226,123.94002777777777,8.5,23.0,2020-10-20 19:05:12,刺网
1491,34.40763888888889,123.9415,8.5,359.0,2020-10-20 19:15:12,刺网
1491,34.43241666666667,123.94363888888887,8.4,5.0,2020-10-20 19:25:38,刺网
1491,34.454861111111114,123.94397222222223,8.5,359.0,2020-10-20 19:35:12,刺网
1491,34.478611111111114,123.94263888888894,8.1,359.0,2020-10-20 19:45:12,刺网
1491,34.50241666666667,123.9412222222222,8.6,356.0,2020-10-20 19:55:12,刺网
1491,34.52597222222221,123.93777777777778,8.6,347.0,2020-10-20 20:05:12,刺网
1491,34.549166666666665,123.93608333333331,8.3,359.0,2020-10-20 20:15:12,刺网
1491,34.572527777777786,123.93633333333334,8.3,1.0,2020-10-20 20:25:12,刺网
1491,34.59586111111112,123.93680555555555,8.5,1.0,2020-10-20 20:35:12,刺网
1491,34.618472222222216,123.943,7.8,10.0,2020-10-20 20:45:12,刺网
1491,34.64055555555556,123.95066666666666,8.4,29.0,2020-10-20 20:55:12,刺网
1491,34.663361111111115,123.95488888888893,8.4,10.0,2020-10-20 21:05:12,刺网
1491,34.68599999999999,123.9602777777778,8.1,7.0,2020-10-20 21:15:12,刺网
1491,34.709250000000004,123.9622222222222,8.3,359.0,2020-10-20 21:25:12,刺网
1491,34.73275,123.96225,8.0,1.0,2020-10-20 21:35:12,刺网
1491,34.825750000000006,123.96497222222222,8.6,357.0,2020-10-20 22:15:12,刺网
1491,34.84913888888889,123.96247222222222,8.5,356.0,2020-10-20 22:25:12,刺网
1491,34.87252777777778,123.963,8.2,356.0,2020-10-20 22:35:11,刺网
1491,34.89641666666667,123.96186111111112,8.7,356.0,2020-10-20 22:45:11,刺网
1491,34.91672222222222,123.95813888888893,1.3,213.0,2020-10-20 22:55:11,刺网
1491,34.916694444444445,123.95711111111113,0.0,0.0,2020-10-20 23:05:11,刺网
1491,34.91686111111111,123.95705555555556,0.5,238.0,2020-10-20 23:15:11,刺网
1491,34.91697222222222,123.95705555555556,0.6,77.0,2020-10-20 23:25:11,刺网
1491,34.91708333333333,123.95713888888888,0.5,0.0,2020-10-20 23:35:11,刺网
1491,34.917138888888886,123.95722222222223,0.3,0.0,2020-10-20 23:45:11,刺网
1491,34.91722222222222,123.95722222222223,0.3,0.0,2020-10-20 23:55:11,刺网
1491,34.91725,123.95722222222223,0.2,0.0,2020-10-21 00:05:37,刺网
1491,34.91730555555556,123.9572777777778,0.4,0.0,2020-10-21 00:25:11,刺网
1491,34.91741666666667,123.95744444444445,0.1,0.0,2020-10-21 00:35:11,刺网
1491,34.91741666666667,123.95741666666667,0.0,0.0,2020-10-21 00:45:11,刺网
1491,34.91752777777778,123.95763888888888,0.2,0.0,2020-10-21 01:05:11,刺网
1491,34.9175,123.95758333333332,0.3,0.0,2020-10-21 01:15:11,刺网
1491,34.9175,123.95766666666668,0.4,0.0,2020-10-21 01:25:11,刺网
1491,34.91755555555555,123.95769444444444,0.0,0.0,2020-10-21 01:35:11,刺网
1491,34.91758333333333,123.95780555555555,0.6,0.0,2020-10-21 01:45:11,刺网
1491,34.91755555555555,123.95788888888887,0.2,0.0,2020-10-21 01:55:11,刺网
1491,34.91755555555555,123.95786111111113,0.1,0.0,2020-10-21 02:05:11,刺网
1491,34.91752777777778,123.958,0.1,0.0,2020-10-21 02:15:11,刺网
1491,34.9175,123.958,0.1,0.0,2020-10-21 02:25:11,刺网
1491,34.91755555555555,123.9579722222222,0.6,0.0,2020-10-21 02:35:11,刺网
1491,34.91752777777778,123.95805555555555,0.1,0.0,2020-10-21 02:45:11,刺网
1491,34.917611111111114,123.95794444444445,0.1,0.0,2020-10-21 02:55:11,刺网
1491,34.91755555555555,123.95794444444445,0.6,0.0,2020-10-21 03:05:11,刺网
1491,34.91758333333333,123.95788888888887,0.7,0.0,2020-10-21 03:15:11,刺网
1491,34.91755555555555,123.95794444444445,0.1,0.0,2020-10-21 03:25:10,刺网
1491,34.91758333333333,123.95783333333334,0.2,0.0,2020-10-21 03:35:10,刺网
1491,34.91752777777778,123.95791666666666,0.5,0.0,2020-10-21 03:45:11,刺网
1491,34.91755555555555,123.95786111111113,0.5,0.0,2020-10-21 03:55:10,刺网
1491,34.91755555555555,123.95791666666666,0.6,27.0,2020-10-21 04:05:37,刺网
1491,34.91755555555555,123.95788888888887,0.1,0.0,2020-10-21 04:15:10,刺网
1491,34.91755555555555,123.95783333333334,0.1,0.0,2020-10-21 04:25:10,刺网
1491,34.91694444444444,123.95802777777777,0.3,192.0,2020-10-21 04:35:10,刺网
1491,34.917138888888886,123.95861111111113,6.9,72.0,2020-10-21 04:45:10,刺网
1491,34.928305555555546,123.98386111111112,8.7,81.0,2020-10-21 04:55:10,刺网
1491,34.928388888888875,123.96566666666666,7.9,273.0,2020-10-21 05:05:10,刺网
1491,34.92822222222222,123.93955555555556,7.6,271.0,2020-10-21 05:15:10,刺网
1491,34.92822222222222,123.91363888888893,7.5,267.0,2020-10-21 05:25:10,刺网
1491,34.928305555555546,123.8873888888889,7.5,267.0,2020-10-21 05:35:10,刺网
1491,34.928416666666664,123.86119444444445,8.0,272.0,2020-10-21 05:45:10,刺网
1491,34.92855555555555,123.83469444444445,7.8,266.0,2020-10-21 05:55:10,刺网
1491,34.92861111111111,123.80836111111113,7.7,270.0,2020-10-21 06:05:10,刺网
1491,34.91525,123.81025,2.8,255.0,2020-10-21 06:15:10,刺网
1491,34.913444444444444,123.80744444444444,0.3,0.0,2020-10-21 06:25:10,刺网
1491,34.912638888888885,123.80652777777777,0.9,258.0,2020-10-21 06:35:10,刺网
1491,34.911805555555546,123.80569444444444,1.1,139.0,2020-10-21 06:45:10,刺网
1491,34.910999999999994,123.805,1.9,116.0,2020-10-21 06:55:10,刺网
1491,34.90986111111111,123.80411111111113,0.8,0.0,2020-10-21 07:05:10,刺网
1491,34.90869444444444,123.80325,1.4,161.0,2020-10-21 07:15:10,刺网
1491,34.90738888888889,123.80247222222219,1.1,0.0,2020-10-21 07:25:10,刺网
1491,34.90575,123.80130555555556,1.7,173.0,2020-10-21 07:35:38,刺网
1491,34.90422222222223,123.80025,0.8,209.0,2020-10-21 07:45:09,刺网
1491,34.90044444444444,123.79813888888887,0.9,274.0,2020-10-21 08:05:09,刺网
1491,34.8985,123.79716666666668,0.5,207.0,2020-10-21 08:15:09,刺网
1491,34.89658333333333,123.79613888888888,0.7,175.0,2020-10-21 08:25:09,刺网
1491,34.89472222222222,123.79511111111113,0.4,213.0,2020-10-21 08:35:09,刺网
1491,34.90002777777778,123.80608333333332,6.1,68.0,2020-10-21 08:45:09,刺网
1491,34.901305555555545,123.81358333333333,1.0,100.0,2020-10-21 08:55:09,刺网
1491,34.89816666666667,123.81730555555555,2.6,161.0,2020-10-21 09:05:09,刺网
1491,34.89322222222222,123.82169444444445,2.5,138.0,2020-10-21 09:15:09,刺网
1491,34.890166666666666,123.82711111111112,1.7,115.0,2020-10-21 09:25:09,刺网
1491,34.88783333333333,123.83202777777778,3.1,147.0,2020-10-21 09:35:09,刺网
1491,34.882583333333336,123.84755555555556,2.1,128.0,2020-10-21 10:05:37,刺网
1491,34.87175000000001,123.8599722222222,1.0,129.0,2020-10-21 10:35:09,刺网
1491,34.86925,123.86447222222222,1.3,134.0,2020-10-21 10:45:09,刺网
1491,34.86719444444444,123.86816666666664,1.7,132.0,2020-10-21 10:55:09,刺网
1491,34.86394444444444,123.87694444444445,1.8,97.0,2020-10-21 11:15:09,刺网
1491,34.86272222222223,123.88088888888888,1.9,93.0,2020-10-21 11:25:09,刺网
1491,34.861916666666666,123.88488888888894,2.3,17.0,2020-10-21 11:35:09,刺网
1491,34.86133333333333,123.88919444444444,1.2,117.0,2020-10-21 11:45:09,刺网
1491,34.861250000000005,123.89333333333336,1.4,80.0,2020-10-21 11:55:09,刺网
1491,34.86152777777778,123.89736111111112,1.4,70.0,2020-10-21 12:05:09,刺网
1491,34.861805555555556,123.90155555555555,1.3,72.0,2020-10-21 12:15:08,刺网
1491,34.86208333333334,123.90572222222224,1.1,84.0,2020-10-21 12:25:08,刺网
1491,34.862277777777784,123.90941666666667,0.7,161.0,2020-10-21 12:35:08,刺网
1491,34.86241666666667,123.9135,1.9,114.0,2020-10-21 12:45:08,刺网
1491,34.86288888888889,123.91708333333334,1.4,0.0,2020-10-21 12:55:08,刺网
1491,34.86380555555556,123.92116666666668,2.3,85.0,2020-10-21 13:05:10,刺网
1491,34.86505555555556,123.92525,0.5,0.0,2020-10-21 13:15:08,刺网
1491,34.86672222222221,123.92863888888887,1.9,53.0,2020-10-21 13:25:38,刺网
1491,34.86869444444445,123.9325277777778,2.1,46.0,2020-10-21 13:35:08,刺网
1491,34.87063888888889,123.93694444444445,1.7,48.0,2020-10-21 13:45:08,刺网
1491,34.8725,123.9412222222222,0.7,69.0,2020-10-21 13:55:08,刺网
1491,34.8765,123.94994444444444,1.5,56.0,2020-10-21 14:15:08,刺网
1491,34.87863888888889,123.95380555555555,1.5,54.0,2020-10-21 14:25:08,刺网
1491,34.880694444444444,123.95847222222223,1.3,76.0,2020-10-21 14:35:08,刺网
1491,34.88305555555556,123.96305555555556,2.5,76.0,2020-10-21 14:45:08,刺网
1491,34.885,123.96708333333332,1.1,0.0,2020-10-21 14:55:11,刺网
1491,34.88783333333333,123.97066666666667,1.7,0.0,2020-10-21 15:05:09,刺网
1491,34.89030555555556,123.97516666666668,1.2,12.0,2020-10-21 15:15:38,刺网
1491,34.89194444444444,123.97961111111113,2.1,64.0,2020-10-21 15:25:08,刺网
1491,34.89883333333333,123.98663888888888,6.4,47.0,2020-10-21 15:45:08,刺网
1491,34.906305555555555,124.01588888888894,9.3,66.0,2020-10-21 15:55:08,刺网
1491,34.91458333333333,124.04508333333334,9.0,59.0,2020-10-21 16:05:08,刺网
1491,34.925555555555555,124.07336111111107,8.7,84.0,2020-10-21 16:15:08,刺网
1491,34.92869444444445,124.08433333333332,0.5,93.0,2020-10-21 16:25:08,刺网
1491,34.92872222222222,124.08488888888887,0.6,326.0,2020-10-21 16:35:08,刺网
1491,34.92872222222222,124.08491666666666,0.5,329.0,2020-10-21 16:45:08,刺网
1491,34.92875,124.08491666666666,0.2,0.0,2020-10-21 16:55:07,刺网
1491,34.92875,124.08483333333332,0.1,0.0,2020-10-21 17:05:07,刺网
1491,34.92875,124.08483333333332,0.7,298.0,2020-10-21 17:15:07,刺网
1491,34.92877777777777,124.08486111111107,0.2,0.0,2020-10-21 17:25:07,刺网
1491,34.92872222222222,124.08491666666666,0.7,106.0,2020-10-21 17:35:07,刺网
1491,34.92872222222222,124.08486111111107,0.2,0.0,2020-10-21 17:45:11,刺网
1491,34.92849999999999,124.0855,0.6,0.0,2020-10-21 17:55:29,刺网
1491,34.92872222222222,124.08486111111107,0.2,0.0,2020-10-21 18:05:37,刺网
1491,34.92875,124.08480555555555,0.3,0.0,2020-10-21 18:25:07,刺网
1491,34.92872222222222,124.08494444444445,1.2,45.0,2020-10-21 18:35:07,刺网
1491,34.92875,124.08497222222219,1.0,18.0,2020-10-21 18:45:07,刺网
1491,34.92872222222222,124.08497222222219,2.1,29.0,2020-10-21 18:55:07,刺网
1491,34.92875,124.08480555555555,0.8,346.0,2020-10-21 19:05:07,刺网
1491,34.92875,124.08458333333333,0.4,0.0,2020-10-21 19:15:07,刺网
1491,34.92875,124.08477777777777,0.5,0.0,2020-10-21 19:25:07,刺网
1491,34.92875,124.08483333333332,0.7,299.0,2020-10-21 19:35:07,刺网
1491,34.928666666666665,124.085,1.0,237.0,2020-10-21 19:45:07,刺网
1491,34.92863888888889,124.08513888888888,0.7,8.0,2020-10-21 19:55:07,刺网
1491,34.92858333333333,124.08508333333332,0.0,0.0,2020-10-21 20:05:07,刺网
1491,34.92861111111111,124.08486111111107,0.2,0.0,2020-10-21 20:15:07,刺网
1491,34.928444444444445,124.08458333333333,0.3,0.0,2020-10-21 20:25:07,刺网
1491,34.928055555555545,124.0845,0.1,0.0,2020-10-21 20:35:07,刺网
1491,34.92747222222222,124.08458333333333,0.4,0.0,2020-10-21 20:45:07,刺网
1491,34.926944444444445,124.08469444444445,1.2,133.0,2020-10-21 20:55:07,刺网
1491,34.926944444444445,124.08469444444445,0.0,0.0,2020-10-21 21:05:07,刺网
1491,34.926944444444445,124.08458333333333,1.8,81.0,2020-10-21 21:15:07,刺网
1491,34.926944444444445,124.08458333333333,0.2,0.0,2020-10-21 21:25:38,刺网
1491,34.926944444444445,124.08444444444444,0.2,0.0,2020-10-21 21:35:06,刺网
1491,34.926972222222226,124.08447222222222,0.0,0.0,2020-10-21 21:45:06,刺网
1491,34.926944444444445,124.08444444444444,0.7,61.0,2020-10-21 21:55:06,刺网
1491,34.92691666666666,124.08452777777778,0.4,0.0,2020-10-21 22:05:06,刺网
1491,34.926888888888875,124.08455555555555,0.6,99.0,2020-10-21 22:15:06,刺网
1491,34.926888888888875,124.08461111111113,1.0,39.0,2020-10-21 22:25:06,刺网
1491,34.92686111111111,124.0847222222222,0.5,0.0,2020-10-21 22:35:06,刺网
1491,34.926888888888875,124.08477777777777,0.3,0.0,2020-10-21 22:45:06,刺网
1491,34.926888888888875,124.08488888888887,0.3,0.0,2020-10-21 22:55:06,刺网
1491,34.926888888888875,124.08488888888887,0.1,0.0,2020-10-21 23:05:06,刺网
1491,34.926888888888875,124.08488888888887,0.4,0.0,2020-10-21 23:15:06,刺网
1491,34.92691666666666,124.08497222222219,0.3,0.0,2020-10-21 23:25:06,刺网
1491,34.926972222222226,124.08511111111108,0.2,0.0,2020-10-21 23:35:06,刺网
1491,34.926972222222226,124.08516666666668,0.3,0.0,2020-10-21 23:45:06,刺网
1491,34.927,124.0852222222222,0.4,0.0,2020-10-21 23:55:06,刺网
1491,34.927,124.0852222222222,0.3,0.0,2020-10-22 00:05:37,刺网
1491,34.92702777777778,124.0852777777778,0.5,184.0,2020-10-22 00:15:06,刺网
1491,34.927083333333336,124.08536111111113,0.3,0.0,2020-10-22 00:25:06,刺网
1491,34.92713888888889,124.08544444444445,0.3,304.0,2020-10-22 00:35:06,刺网
1491,34.927166666666665,124.0855,0.1,0.0,2020-10-22 00:45:06,刺网
1491,34.92727777777777,124.08561111111106,0.3,0.0,2020-10-22 00:55:06,刺网
1491,34.92733333333333,124.08563888888888,1.0,53.0,2020-10-22 01:05:06,刺网
1491,34.92722222222222,124.08558333333332,0.4,152.0,2020-10-22 01:15:06,刺网
1491,34.92722222222222,124.08552777777777,0.5,0.0,2020-10-22 01:25:06,刺网
1491,34.927416666666666,124.08572222222222,0.0,0.0,2020-10-22 01:35:06,刺网
1491,34.927388888888885,124.08572222222222,0.0,0.0,2020-10-22 01:45:06,刺网
1491,34.92733333333333,124.08569444444444,0.3,0.0,2020-10-22 01:55:06,刺网
1491,34.92727777777777,124.08566666666664,0.4,0.0,2020-10-22 02:05:05,刺网
1491,34.92727777777777,124.08569444444444,0.4,0.0,2020-10-22 02:15:05,刺网
1491,34.927416666666666,124.08572222222222,0.9,294.0,2020-10-22 02:25:05,刺网
1491,34.92736111111111,124.08572222222222,0.6,0.0,2020-10-22 02:35:05,刺网
1491,34.927416666666666,124.08575,0.2,0.0,2020-10-22 02:45:05,刺网
1491,34.92736111111111,124.08572222222222,0.4,0.0,2020-10-22 02:55:05,刺网
1491,34.92733333333333,124.08566666666664,0.6,294.0,2020-10-22 03:05:05,刺网
1491,34.926944444444445,124.08519444444444,0.4,0.0,2020-10-22 03:15:05,刺网
1491,34.926944444444445,124.08525,0.8,156.0,2020-10-22 03:25:05,刺网
1491,34.92691666666666,124.08511111111108,0.1,0.0,2020-10-22 03:35:05,刺网
1491,34.927416666666666,124.08491666666666,1.0,315.0,2020-10-22 03:45:05,刺网
1491,34.92686111111111,124.07105555555556,8.5,265.0,2020-10-22 03:55:05,刺网
1491,34.924,124.03908333333334,8.8,254.0,2020-10-22 04:06:21,刺网
1491,34.92119444444445,124.01188888888888,8.8,262.0,2020-10-22 04:15:56,刺网
1491,34.920277777777784,123.98527777777778,7.7,265.0,2020-10-22 04:25:10,刺网
1491,34.920472222222216,123.95719444444444,7.8,281.0,2020-10-22 04:35:06,刺网
1491,34.92055555555555,123.92991666666668,7.8,270.0,2020-10-22 04:45:05,刺网
1491,34.92088888888889,123.90888888888892,5.1,78.0,2020-10-22 04:55:05,刺网
1491,34.92008333333333,123.93491666666668,8.1,99.0,2020-10-22 05:05:05,刺网
1491,34.919999999999995,123.96180555555556,8.2,85.0,2020-10-22 05:15:05,刺网
1491,34.919999999999995,123.98936111111112,8.2,90.0,2020-10-22 05:25:05,刺网
1491,34.920111111111105,124.01705555555556,8.0,92.0,2020-10-22 05:35:05,刺网
1491,34.919999999999995,124.04469444444445,8.2,95.0,2020-10-22 05:45:05,刺网
1491,34.92002777777777,124.07238888888894,8.0,88.0,2020-10-22 05:55:05,刺网
1491,34.931,124.07469444444445,7.2,315.0,2020-10-22 06:05:05,刺网
1491,34.94836111111111,124.06111111111107,7.7,327.0,2020-10-22 06:15:05,刺网
1491,34.94908333333333,124.05791666666666,2.7,143.0,2020-10-22 06:25:05,刺网
1491,34.94694444444444,124.05836111111113,1.2,143.0,2020-10-22 06:35:04,刺网
1491,34.944611111111115,124.0585,1.6,153.0,2020-10-22 06:45:05,刺网
1491,34.94233333333333,124.05880555555555,2.2,179.0,2020-10-22 06:55:04,刺网
1491,34.94186111111111,124.0594722222222,1.7,193.0,2020-10-22 07:05:04,刺网
1491,34.93975,124.06097222222222,1.2,0.0,2020-10-22 07:15:32,刺网
1491,34.93797222222222,124.06275,1.0,145.0,2020-10-22 07:25:04,刺网
1491,34.933833333333325,124.06588888888888,1.0,170.0,2020-10-22 07:45:04,刺网
1491,34.93161111111111,124.06752777777777,0.9,155.0,2020-10-22 07:55:04,刺网
1491,34.92925,124.069,1.1,164.0,2020-10-22 08:05:04,刺网
1491,34.92427777777777,124.0719722222222,1.3,167.0,2020-10-22 08:25:04,刺网
1491,34.92175,124.07336111111107,0.7,147.0,2020-10-22 08:35:04,刺网
1491,34.90869444444444,124.08244444444445,8.5,152.0,2020-10-22 08:45:04,刺网
1491,34.898805555555555,124.08708333333333,0.0,0.0,2020-10-22 08:55:04,刺网
1491,34.89647222222221,124.08580555555555,1.4,197.0,2020-10-22 09:05:04,刺网
1491,34.894055555555546,124.08230555555555,2.0,237.0,2020-10-22 09:15:04,刺网
1491,34.89291666666667,124.07858333333333,0.7,260.0,2020-10-22 09:25:04,刺网
1491,34.890388888888886,124.07472222222222,2.6,196.0,2020-10-22 09:35:04,刺网
1491,34.88683333333333,124.07116666666668,1.9,228.0,2020-10-22 09:45:04,刺网
1491,34.88363888888889,124.06611111111113,2.4,225.0,2020-10-22 09:55:04,刺网
1491,34.88111111111111,124.0615,2.3,221.0,2020-10-22 10:05:31,刺网
1491,34.87897222222223,124.05716666666666,1.6,218.0,2020-10-22 10:15:04,刺网
1491,34.87722222222221,124.05247222222219,0.9,252.0,2020-10-22 10:25:04,刺网
1491,34.876055555555546,124.04716666666668,0.8,253.0,2020-10-22 10:35:04,刺网
1491,34.87527777777777,124.04233333333332,1.0,267.0,2020-10-22 10:45:04,刺网
1491,34.875,124.03775,1.0,253.0,2020-10-22 10:55:04,刺网
1491,34.87302777777778,124.0347777777778,2.0,245.0,2020-10-22 11:05:03,刺网
1491,34.86902777777778,124.03061111111113,1.5,155.0,2020-10-22 11:15:03,刺网
1491,34.86716666666666,124.02527777777777,1.1,244.0,2020-10-22 11:25:03,刺网
1491,34.86580555555556,124.01975,0.8,246.0,2020-10-22 11:35:03,刺网
1491,34.864805555555556,124.01444444444445,1.8,246.0,2020-10-22 11:45:03,刺网
1491,34.86402777777778,124.00902777777776,0.6,0.0,2020-10-22 11:55:03,刺网
1491,34.86311111111111,124.00405555555555,0.2,0.0,2020-10-22 12:05:03,刺网
1491,34.86236111111111,123.99938888888887,1.3,256.0,2020-10-22 12:15:03,刺网
1491,34.861666666666665,123.99458333333332,1.6,235.0,2020-10-22 12:25:03,刺网
1491,34.86136111111111,123.99044444444445,0.6,282.0,2020-10-22 12:35:03,刺网
1491,34.861444444444444,123.98541666666668,1.5,255.0,2020-10-22 12:45:32,刺网
1491,34.86169444444445,123.9812777777778,3.5,0.0,2020-10-22 12:55:06,刺网
1491,34.86225,123.9772222222222,1.4,281.0,2020-10-22 13:05:03,刺网
1491,34.8635,123.97344444444445,1.8,315.0,2020-10-22 13:15:03,刺网
1491,34.86505555555556,123.96936111111113,1.7,309.0,2020-10-22 13:25:03,刺网
1491,34.866055555555555,123.96597222222222,0.6,261.0,2020-10-22 13:35:03,刺网
1491,34.86666666666667,123.96169444444445,1.4,254.0,2020-10-22 13:45:03,刺网
1491,34.86783333333333,123.95761111111106,0.9,298.0,2020-10-22 13:55:03,刺网
1491,34.86958333333334,123.954,0.7,320.0,2020-10-22 14:05:03,刺网
1491,34.87141666666667,123.95033333333336,1.1,272.0,2020-10-22 14:15:03,刺网
1491,34.873194444444444,123.9475,2.2,295.0,2020-10-22 14:25:32,刺网
1491,34.87491666666667,123.94391666666668,2.0,256.0,2020-10-22 14:35:05,刺网
1491,34.876138888888896,123.94044444444445,4.2,247.0,2020-10-22 14:45:03,刺网
1491,34.87763888888889,123.93738888888893,1.4,334.0,2020-10-22 14:55:03,刺网
1491,34.87975,123.93433333333334,1.6,285.0,2020-10-22 15:05:03,刺网
1491,34.88913888888889,123.93766666666669,4.9,35.0,2020-10-22 15:15:03,刺网
1491,34.90377777777777,123.94772222222224,8.4,76.0,2020-10-22 15:25:03,刺网
1491,34.918194444444445,123.99838888888893,8.6,66.0,2020-10-22 15:45:02,刺网
1491,34.92072222222222,124.0022777777778,4.1,38.0,2020-10-22 15:55:02,刺网
1491,34.91972222222222,124.00338888888888,0.2,0.0,2020-10-22 16:05:02,刺网
1491,34.91883333333333,124.00272222222222,0.8,247.0,2020-10-22 16:15:02,刺网
1491,34.91866666666667,124.00288888888888,0.6,227.0,2020-10-22 16:25:02,刺网
1491,34.91858333333333,124.00258333333332,0.5,0.0,2020-10-22 16:35:02,刺网
1491,34.91855555555555,124.00194444444445,0.6,40.0,2020-10-22 16:55:02,刺网
1491,34.91861111111111,124.00266666666668,0.5,282.0,2020-10-22 17:05:02,刺网
1491,34.91855555555555,124.00213888888894,0.6,0.0,2020-10-22 17:15:02,刺网
1491,34.91852777777777,124.00158333333331,0.0,0.0,2020-10-22 17:25:02,刺网
1491,34.918499999999995,124.00172222222223,2.5,106.0,2020-10-22 17:35:02,刺网
1491,34.91855555555555,124.00136111111112,0.2,0.0,2020-10-22 17:45:02,刺网
1491,34.91852777777777,124.00169444444445,1.8,171.0,2020-10-22 18:05:31,刺网
1491,34.918499999999995,124.0017777777778,0.7,26.0,2020-10-22 18:15:02,刺网
1491,34.918499999999995,124.00155555555556,0.4,0.0,2020-10-22 18:25:02,刺网
1491,34.918499999999995,124.00161111111107,0.2,0.0,2020-10-22 18:35:02,刺网
1491,34.91852777777777,124.00144444444445,1.3,245.0,2020-10-22 18:45:02,刺网
1491,34.91852777777777,124.0015,0.2,0.0,2020-10-22 18:55:02,刺网
1491,34.91855555555555,124.00133333333332,2.3,111.0,2020-10-22 19:05:02,刺网
1491,34.91852777777777,124.0015,1.3,168.0,2020-10-22 19:15:02,刺网
1491,34.918499999999995,124.00180555555555,2.3,274.0,2020-10-22 19:25:02,刺网
1491,34.918499999999995,124.00169444444445,1.1,35.0,2020-10-22 19:35:02,刺网
1491,34.918499999999995,124.00200000000001,0.4,0.0,2020-10-22 19:45:02,刺网
1491,34.918499999999995,124.0019722222222,0.5,0.0,2020-10-22 19:55:02,刺网
1491,34.918499999999995,124.0019722222222,0.4,0.0,2020-10-22 20:05:02,刺网
1491,34.91847222222222,124.00188888888887,0.5,0.0,2020-10-22 20:15:01,刺网
1491,34.918499999999995,124.00188888888887,1.3,138.0,2020-10-22 20:25:01,刺网
1491,34.918499999999995,124.00155555555556,0.8,279.0,2020-10-22 20:35:01,刺网
1491,34.918499999999995,124.00147222222222,1.8,96.0,2020-10-22 20:45:01,刺网
1491,34.91847222222222,124.00175,0.2,0.0,2020-10-22 20:55:01,刺网
1491,34.91847222222222,124.00188888888887,0.6,0.0,2020-10-22 21:05:01,刺网
1491,34.918499999999995,124.0022777777778,0.6,165.0,2020-10-22 21:15:01,刺网
1491,34.91852777777777,124.0022777777778,1.5,325.0,2020-10-22 21:25:01,刺网
1491,34.918499999999995,124.00211111111112,0.8,121.0,2020-10-22 21:35:32,刺网
1491,34.91847222222222,124.00191666666666,2.4,70.0,2020-10-22 21:45:01,刺网
1491,34.918499999999995,124.0019722222222,0.4,224.0,2020-10-22 21:55:01,刺网
1491,34.918499999999995,124.00169444444445,0.7,146.0,2020-10-22 22:05:01,刺网
1491,34.91847222222222,124.00158333333331,0.9,266.0,2020-10-22 22:15:01,刺网
1491,34.918499999999995,124.00175,0.2,0.0,2020-10-22 22:25:01,刺网
1491,34.91847222222222,124.00180555555555,1.5,284.0,2020-10-22 22:35:01,刺网
1491,34.918499999999995,124.00186111111113,0.2,0.0,2020-10-22 22:55:01,刺网
1491,34.918499999999995,124.00175,0.8,147.0,2020-10-22 23:05:01,刺网
1491,34.91847222222222,124.00200000000001,0.8,355.0,2020-10-22 23:15:01,刺网
1491,34.91847222222222,124.0017777777778,1.3,154.0,2020-10-22 23:25:01,刺网
1491,34.91847222222222,124.0019722222222,0.2,0.0,2020-10-22 23:35:01,刺网
1491,34.918416666666666,124.00202777777778,2.4,260.0,2020-10-22 23:45:01,刺网
1491,34.91847222222222,124.00213888888894,1.1,0.0,2020-10-22 23:55:01,刺网
1491,34.918499999999995,124.00225,0.1,0.0,2020-10-23 00:05:31,刺网
1491,34.91855555555555,124.0024722222222,0.4,174.0,2020-10-23 00:25:01,刺网
1491,34.91855555555555,124.00261111111112,0.1,0.0,2020-10-23 00:35:01,刺网
1491,34.91855555555555,124.00258333333332,0.6,0.0,2020-10-23 00:45:01,刺网
1491,34.91852777777777,124.00261111111112,0.8,153.0,2020-10-23 00:55:00,刺网
1491,34.91852777777777,124.00269444444444,2.2,94.0,2020-10-23 01:05:00,刺网
1491,34.91855555555555,124.00272222222222,1.0,174.0,2020-10-23 01:15:00,刺网
1491,34.91858333333333,124.00283333333334,1.0,304.0,2020-10-23 01:25:00,刺网
1491,34.918638888888886,124.00297222222223,0.1,0.0,2020-10-23 01:35:00,刺网
1491,34.91861111111111,124.003,0.4,0.0,2020-10-23 01:45:00,刺网
1491,34.91852777777777,124.00269444444444,1.6,72.0,2020-10-23 01:55:00,刺网
1491,34.91847222222222,124.00269444444444,1.1,0.0,2020-10-23 02:05:00,刺网
1491,34.918499999999995,124.0024722222222,1.3,130.0,2020-10-23 02:15:00,刺网
1491,34.918416666666666,124.0025,3.1,92.0,2020-10-23 02:25:00,刺网
1491,34.918416666666666,124.00233333333333,2.3,0.0,2020-10-23 02:35:00,刺网
1491,34.918416666666666,124.00261111111112,0.5,0.0,2020-10-23 02:45:00,刺网
1491,34.91847222222222,124.00266666666668,1.1,0.0,2020-10-23 02:55:00,刺网
1491,34.918499999999995,124.00275,1.0,0.0,2020-10-23 03:05:00,刺网
1491,34.91847222222222,124.00244444444445,1.8,47.0,2020-10-23 03:15:00,刺网
1491,34.918499999999995,124.00269444444444,2.2,113.0,2020-10-23 03:25:00,刺网
1491,34.91852777777777,124.00266666666668,1.4,22.0,2020-10-23 03:35:00,刺网
1491,34.91855555555555,124.00288888888888,1.1,19.0,2020-10-23 03:45:00,刺网
1491,34.91855555555555,124.003,0.6,0.0,2020-10-23 03:55:00,刺网
1491,34.91866666666667,124.00319444444445,0.1,0.0,2020-10-23 04:05:31,刺网
1491,34.91861111111111,124.00308333333334,1.0,314.0,2020-10-23 04:15:00,刺网
1491,34.918638888888886,124.00308333333334,1.2,224.0,2020-10-23 04:25:00,刺网
1491,34.918638888888886,124.00313888888893,0.3,0.0,2020-10-23 04:35:00,刺网
1491,34.91869444444445,124.00338888888888,2.1,72.0,2020-10-23 04:45:00,刺网
1491,34.91866666666667,124.00325,0.6,355.0,2020-10-23 04:55:00,刺网
1491,34.91852777777777,124.00277777777778,2.1,208.0,2020-10-23 05:05:00,刺网
1491,34.91852777777777,124.00277777777778,0.7,0.0,2020-10-23 05:15:00,刺网
1491,34.91858333333333,124.003,0.6,0.0,2020-10-23 05:25:00,刺网
1491,34.918638888888886,124.00313888888893,0.4,0.0,2020-10-23 05:34:59,刺网
1491,34.91855555555555,124.00280555555555,0.8,322.0,2020-10-23 05:44:59,刺网
1491,34.91852777777777,124.00261111111112,2.3,313.0,2020-10-23 05:54:59,刺网
1491,34.91855555555555,124.00294444444445,0.9,56.0,2020-10-23 06:04:59,刺网
1491,34.918638888888886,124.00316666666667,1.6,338.0,2020-10-23 06:14:59,刺网
1491,34.91858333333333,124.00283333333334,1.4,7.0,2020-10-23 06:24:59,刺网
1491,34.918499999999995,124.00238888888887,0.4,0.0,2020-10-23 06:34:59,刺网
1491,34.91855555555555,124.00277777777778,1.5,323.0,2020-10-23 06:54:59,刺网
1491,34.918499999999995,124.00230555555555,0.9,199.0,2020-10-23 07:04:59,刺网
1491,34.91852777777777,124.0025,1.6,237.0,2020-10-23 07:14:59,刺网
1491,34.91852777777777,124.00258333333332,0.5,0.0,2020-10-23 07:25:32,刺网
1491,34.91852777777777,124.00258333333332,1.3,102.0,2020-10-23 07:35:00,刺网
1491,34.91852777777777,124.0024722222222,0.3,0.0,2020-10-23 07:44:59,刺网
1491,34.918499999999995,124.00241666666666,0.9,10.0,2020-10-23 07:54:59,刺网
1491,34.91847222222222,124.00213888888894,1.5,28.0,2020-10-23 08:04:59,刺网
1491,34.91847222222222,124.0022777777778,0.8,104.0,2020-10-23 08:14:59,刺网
1491,34.918499999999995,124.00236111111107,1.4,217.0,2020-10-23 08:24:59,刺网
1491,34.918499999999995,124.0025,0.8,107.0,2020-10-23 08:34:59,刺网
1491,34.918499999999995,124.0025,0.7,46.0,2020-10-23 08:44:59,刺网
1491,34.918499999999995,124.00236111111107,1.0,243.0,2020-10-23 08:54:59,刺网
1491,34.918499999999995,124.0022777777778,0.8,74.0,2020-10-23 09:04:59,刺网
1491,34.918499999999995,124.00236111111107,2.9,25.0,2020-10-23 09:14:59,刺网
1491,34.918499999999995,124.00236111111107,2.5,130.0,2020-10-23 09:24:59,刺网
1491,34.91847222222222,124.00236111111107,0.6,74.0,2020-10-23 09:34:59,刺网
1491,34.91852777777777,124.0025,1.0,297.0,2020-10-23 09:44:59,刺网
1491,34.91847222222222,124.0022777777778,2.7,263.0,2020-10-23 09:55:26,刺网
1491,34.918499999999995,124.00255555555556,0.7,60.0,2020-10-23 10:04:59,刺网
1491,34.91847222222222,124.0024722222222,1.3,38.0,2020-10-23 10:14:58,刺网
1491,34.918499999999995,124.0025,1.6,32.0,2020-10-23 10:24:58,刺网
1491,34.918499999999995,124.00266666666668,0.9,136.0,2020-10-23 10:34:58,刺网
1491,34.918499999999995,124.00261111111112,0.1,0.0,2020-10-23 10:44:58,刺网
1491,34.91855555555555,124.00277777777778,0.2,0.0,2020-10-23 10:54:58,刺网
1491,34.91855555555555,124.00288888888888,0.6,0.0,2020-10-23 11:04:58,刺网
1491,34.919000000000004,124.00230555555555,0.3,0.0,2020-10-23 11:14:58,刺网
1491,34.92183333333333,124.00183333333334,1.5,16.0,2020-10-23 11:24:58,刺网
1491,34.91686111111111,124.0185277777778,8.6,107.0,2020-10-23 11:34:58,刺网
1491,34.90722222222223,124.04663888888888,8.9,122.0,2020-10-23 11:44:58,刺网
1491,34.8885,124.06327777777777,9.5,153.0,2020-10-23 11:54:58,刺网
1491,34.86483333333334,124.07533333333332,7.9,158.0,2020-10-23 12:05:25,刺网
1491,34.849250000000005,124.07891666666666,7.6,183.0,2020-10-23 12:14:58,刺网
1491,34.844194444444454,124.07813888888887,0.0,0.0,2020-10-23 12:24:58,刺网
1491,34.844138888888885,124.07794444444444,2.2,66.0,2020-10-23 12:34:58,刺网
1491,34.84408333333334,124.07769444444445,0.3,0.0,2020-10-23 12:44:58,刺网
1491,34.84411111111111,124.07788888888888,1.0,81.0,2020-10-23 12:54:58,刺网
1491,34.844166666666666,124.07830555555556,1.4,34.0,2020-10-23 13:04:58,刺网
1491,34.84411111111111,124.07811111111113,1.6,128.0,2020-10-23 13:14:58,刺网
1491,34.844055555555556,124.07794444444444,3.3,212.0,2020-10-23 13:24:58,刺网
1491,34.844055555555556,124.07788888888888,0.2,0.0,2020-10-23 13:34:58,刺网
1491,34.84411111111111,124.07816666666666,0.6,288.0,2020-10-23 13:44:58,刺网
1491,34.844138888888885,124.07827777777777,0.4,64.0,2020-10-23 13:55:03,刺网
1491,34.84508333333333,124.07769444444445,1.7,8.0,2020-10-23 14:04:58,刺网
1491,34.84791666666667,124.07711111111112,0.4,0.0,2020-10-23 14:14:58,刺网
1491,34.855555555555554,124.07811111111113,2.2,340.0,2020-10-23 14:25:00,刺网
1491,34.85783333333333,124.07830555555556,1.8,297.0,2020-10-23 14:34:58,刺网
1491,34.86027777777778,124.07772222222222,1.8,0.0,2020-10-23 14:44:58,刺网
1491,34.862500000000004,124.07683333333334,1.1,315.0,2020-10-23 14:55:00,刺网
1491,34.864555555555555,124.07658333333332,1.4,149.0,2020-10-23 15:04:57,刺网
1491,34.86666666666667,124.07594444444445,0.5,0.0,2020-10-23 15:14:59,刺网
1491,34.869305555555556,124.07530555555556,0.6,0.0,2020-10-23 15:25:00,刺网
1491,34.871722222222225,124.07469444444445,1.8,4.0,2020-10-23 15:35:26,刺网
1491,34.87425,124.07461111111112,0.7,6.0,2020-10-23 15:44:57,刺网
1491,34.87705555555556,124.07422222222222,1.0,59.0,2020-10-23 15:54:57,刺网
1491,34.87963888888889,124.07363888888888,1.3,333.0,2020-10-23 16:04:57,刺网
1491,34.88252777777778,124.07344444444445,2.1,315.0,2020-10-23 16:14:57,刺网
1491,34.88536111111112,124.07302777777777,2.9,19.0,2020-10-23 16:24:57,刺网
1491,34.88877777777777,124.07180555555556,1.5,13.0,2020-10-23 16:34:57,刺网
1491,34.891888888888886,124.06969444444445,1.7,285.0,2020-10-23 16:44:57,刺网
1491,34.89244444444444,124.06736111111107,3.4,145.0,2020-10-23 16:54:57,刺网
1491,34.8925,124.06594444444444,2.6,276.0,2020-10-23 17:04:57,刺网
1491,34.89294444444445,124.06563888888887,0.9,312.0,2020-10-23 17:14:58,刺网
1491,34.891666666666666,124.06544444444445,4.7,69.0,2020-10-23 17:24:57,刺网
1491,34.8945,124.06458333333332,0.9,0.0,2020-10-23 17:34:57,刺网
1491,34.89797222222221,124.06488888888887,3.7,40.0,2020-10-23 17:44:57,刺网
1491,34.902194444444454,124.0649722222222,0.6,0.0,2020-10-23 17:54:57,刺网
1491,34.909694444444455,124.05455555555555,7.8,311.0,2020-10-23 18:06:07,刺网
1491,34.91719444444444,124.03811111111112,1.8,355.0,2020-10-23 18:14:57,刺网
1491,34.915972222222216,124.03944444444444,0.4,61.0,2020-10-23 18:24:57,刺网
1491,34.91536111111111,124.03944444444444,0.3,0.0,2020-10-23 18:34:57,刺网
1491,34.915166666666664,124.03916666666666,1.8,73.0,2020-10-23 18:44:57,刺网
1491,34.91508333333333,124.03897222222223,1.4,117.0,2020-10-23 18:54:57,刺网
1491,34.915055555555554,124.03880555555556,0.9,0.0,2020-10-23 19:04:57,刺网
1491,34.915055555555554,124.03897222222223,1.3,46.0,2020-10-23 19:14:57,刺网
1491,34.91511111111111,124.03911111111113,0.9,0.0,2020-10-23 19:24:56,刺网
1491,34.915166666666664,124.03933333333332,0.9,293.0,2020-10-23 19:34:56,刺网
1491,34.91511111111111,124.03916666666666,0.4,0.0,2020-10-23 19:44:56,刺网
1491,34.91513888888889,124.03927777777777,0.7,69.0,2020-10-23 19:54:56,刺网
1491,34.91511111111111,124.03908333333334,0.0,0.0,2020-10-23 20:04:56,刺网
1491,34.915166666666664,124.03930555555556,0.5,0.0,2020-10-23 20:14:56,刺网
1491,34.915416666666665,124.03988888888892,1.5,111.0,2020-10-23 20:24:56,刺网
1491,34.91533333333333,124.0397777777778,1.2,186.0,2020-10-23 20:34:56,刺网
1491,34.915194444444445,124.03944444444444,0.0,0.0,2020-10-23 20:44:56,刺网
1491,34.91522222222222,124.0395277777778,1.8,73.0,2020-10-23 20:54:56,刺网
1491,34.91533333333333,124.0397777777778,0.5,0.0,2020-10-23 21:04:56,刺网
1491,34.91522222222222,124.0395,0.4,0.0,2020-10-23 21:15:26,刺网
1491,34.91544444444444,124.03988888888892,1.8,56.0,2020-10-23 21:24:56,刺网
1491,34.91552777777777,124.04,0.2,0.0,2020-10-23 21:34:56,刺网
1491,34.91533333333333,124.0397222222222,0.9,67.0,2020-10-23 21:44:56,刺网
1491,34.91527777777777,124.03961111111113,1.1,322.0,2020-10-23 21:54:56,刺网
1491,34.915416666666665,124.03997222222222,0.7,0.0,2020-10-23 22:04:56,刺网
1491,34.91533333333333,124.0397777777778,0.6,0.0,2020-10-23 22:14:56,刺网
1491,34.91527777777777,124.03966666666666,1.5,0.0,2020-10-23 22:24:56,刺网
1491,34.91538888888889,124.03986111111112,1.5,0.0,2020-10-23 22:34:57,刺网
1491,34.915055555555554,124.03911111111113,1.0,0.0,2020-10-23 22:44:56,刺网
1491,34.91513888888889,124.03938888888888,2.6,293.0,2020-10-23 22:54:56,刺网
1491,34.915166666666664,124.03955555555555,1.5,0.0,2020-10-23 23:04:56,刺网
1491,34.91522222222222,124.0395,1.2,0.0,2020-10-23 23:14:56,刺网
1491,34.915194444444445,124.03955555555555,0.7,0.0,2020-10-23 23:24:56,刺网
1491,34.91513888888889,124.03961111111113,1.9,215.0,2020-10-23 23:35:08,刺网
1491,34.91513888888889,124.03969444444445,2.2,110.0,2020-10-23 23:44:56,刺网
1491,34.91513888888889,124.03961111111113,0.5,215.0,2020-10-23 23:54:56,刺网
1491,34.91511111111111,124.03963888888887,0.6,0.0,2020-10-24 00:05:07,刺网
1491,34.915166666666664,124.03969444444445,2.5,221.0,2020-10-24 00:14:55,刺网
1491,34.915,124.03955555555555,0.3,0.0,2020-10-24 00:24:55,刺网
1491,34.914861111111115,124.03955555555555,0.6,0.0,2020-10-24 00:34:55,刺网
1491,34.91472222222223,124.03930555555556,1.1,62.0,2020-10-24 00:44:55,刺网
1491,34.91472222222223,124.0395277777778,0.3,0.0,2020-10-24 00:54:55,刺网
1491,34.91441666666667,124.03944444444444,0.2,0.0,2020-10-24 01:04:55,刺网
1491,34.914277777777784,124.03905555555555,1.7,111.0,2020-10-24 01:14:55,刺网
1491,34.91416666666667,124.03925,1.5,89.0,2020-10-24 01:24:55,刺网
1491,34.91386111111111,124.03927777777777,1.3,80.0,2020-10-24 01:34:55,刺网
1491,34.913666666666664,124.0392222222222,2.6,107.0,2020-10-24 01:44:55,刺网
1491,34.913472222222225,124.03897222222223,0.6,0.0,2020-10-24 01:54:55,刺网
1491,34.91352777777778,124.03925,1.5,236.0,2020-10-24 02:05:08,刺网
1491,34.91341666666667,124.039,0.4,154.0,2020-10-24 02:14:55,刺网
1491,34.91333333333333,124.03905555555555,1.0,17.0,2020-10-24 02:24:55,刺网
1491,34.913361111111115,124.0395,2.5,70.0,2020-10-24 02:34:55,刺网
1491,34.91333333333333,124.03936111111106,0.8,106.0,2020-10-24 02:44:55,刺网
1491,34.91588888888889,124.03819444444444,2.3,318.0,2020-10-24 02:54:55,刺网
1491,34.91844444444444,124.02208333333333,7.4,279.0,2020-10-24 03:04:57,刺网
1491,34.91916666666666,123.99594444444445,7.8,282.0,2020-10-24 03:14:55,刺网
1491,34.91902777777778,123.97041666666668,8.8,266.0,2020-10-24 03:24:55,刺网
1491,34.91905555555555,123.94466666666666,8.3,271.0,2020-10-24 03:34:55,刺网
1491,34.91883333333333,123.91838888888893,7.6,267.0,2020-10-24 03:44:55,刺网
1491,34.91738888888889,123.8917777777778,8.2,284.0,2020-10-24 03:54:55,刺网
1491,34.91705555555555,123.866,6.9,282.0,2020-10-24 04:04:55,刺网
1491,34.916999999999994,123.8574722222222,6.7,258.0,2020-10-24 04:14:55,刺网
1491,34.91677777777777,123.87430555555555,6.9,92.0,2020-10-24 04:25:08,刺网
1491,34.91683333333333,123.90075,7.8,102.0,2020-10-24 04:34:55,刺网
1491,34.916694444444445,123.92808333333332,8.2,99.0,2020-10-24 04:44:55,刺网
1491,34.91688888888889,123.9555,7.5,90.0,2020-10-24 04:54:54,刺网
1491,34.91688888888889,123.98383333333334,8.7,87.0,2020-10-24 05:04:54,刺网
1491,34.91688888888889,124.01144444444445,7.5,84.0,2020-10-24 05:14:54,刺网
1491,34.916805555555555,124.03888888888888,9.1,82.0,2020-10-24 05:24:54,刺网
1491,34.920944444444444,124.05141666666664,4.8,355.0,2020-10-24 05:34:54,刺网
1491,34.935111111111105,124.0485277777778,5.3,337.0,2020-10-24 05:44:54,刺网
1491,34.94944444444444,124.04411111111106,5.3,2.0,2020-10-24 05:54:54,刺网
1491,34.948388888888886,124.04430555555555,0.9,218.0,2020-10-24 06:04:54,刺网
1491,34.94558333333333,124.0437777777778,1.1,177.0,2020-10-24 06:14:54,刺网
1491,34.94258333333333,124.04313888888888,0.7,216.0,2020-10-24 06:24:54,刺网
1491,34.939416666666666,124.04233333333332,1.1,172.0,2020-10-24 06:34:54,刺网
1491,34.93647222222222,124.04155555555555,3.5,176.0,2020-10-24 06:44:54,刺网
1491,34.93352777777777,124.041,1.2,215.0,2020-10-24 06:54:54,刺网
1491,34.93052777777777,124.03969444444445,1.7,288.0,2020-10-24 07:04:54,刺网
1491,34.92769444444444,124.03908333333334,0.2,0.0,2020-10-24 07:15:08,刺网
1491,34.92494444444444,124.03822222222223,1.0,266.0,2020-10-24 07:24:54,刺网
1491,34.92202777777778,124.03747222222222,4.1,171.0,2020-10-24 07:34:54,刺网
1491,34.91913888888889,124.03661111111113,2.9,157.0,2020-10-24 07:44:54,刺网
1491,34.91572222222222,124.03563888888887,1.1,195.0,2020-10-24 07:54:54,刺网
1491,34.91255555555556,124.0347222222222,1.4,174.0,2020-10-24 08:04:54,刺网
1491,34.91575,124.04422222222223,7.5,63.0,2020-10-24 08:14:54,刺网
1491,34.92069444444444,124.05747222222222,0.9,21.0,2020-10-24 08:24:54,刺网
1491,34.92166666666667,124.05688888888888,2.3,271.0,2020-10-24 08:34:54,刺网
1491,34.92183333333333,124.05552777777777,1.6,277.0,2020-10-24 08:44:54,刺网
1491,34.92191666666667,124.05411111111113,0.5,0.0,2020-10-24 08:54:54,刺网
1491,34.92183333333333,124.05266666666668,1.5,230.0,2020-10-24 09:04:54,刺网
1491,34.921416666666666,124.04975,1.3,347.0,2020-10-24 09:24:53,刺网
1491,34.92111111111111,124.04811111111113,0.3,0.0,2020-10-24 09:35:07,刺网
1491,34.921055555555554,124.04669444444444,1.0,256.0,2020-10-24 09:44:53,刺网
1491,34.92072222222222,124.04486111111108,1.2,187.0,2020-10-24 09:54:53,刺网
1491,34.92033333333333,124.04297222222222,2.5,237.0,2020-10-24 10:05:08,刺网
1491,34.91997222222222,124.04186111111113,0.7,258.0,2020-10-24 10:14:53,刺网
1491,34.919694444444445,124.04005555555555,2.4,231.0,2020-10-24 10:24:53,刺网
1491,34.91913888888889,124.03794444444445,1.0,217.0,2020-10-24 10:34:53,刺网
1491,34.91858333333333,124.03619444444445,0.5,267.0,2020-10-24 10:44:53,刺网
1491,34.91799999999999,124.03444444444445,1.0,178.0,2020-10-24 10:54:53,刺网
1491,34.91752777777778,124.0325,1.1,316.0,2020-10-24 11:04:53,刺网
1491,34.91686111111111,124.03075,1.2,161.0,2020-10-24 11:14:53,刺网
1491,34.91625,124.02866666666668,1.6,212.0,2020-10-24 11:24:53,刺网
1491,34.91619444444444,124.01644444444445,8.4,274.0,2020-10-24 11:34:53,刺网
1491,34.91511111111111,123.98652777777778,8.6,273.0,2020-10-24 11:44:53,刺网
1491,34.91538888888889,123.9565,9.4,258.0,2020-10-24 11:54:53,刺网
1491,34.916361111111115,123.9265277777778,9.5,270.0,2020-10-24 12:04:52,刺网
1491,34.91733333333333,123.89666666666668,8.9,270.0,2020-10-24 12:14:55,刺网
1491,34.915499999999994,123.87241666666668,0.9,18.0,2020-10-24 12:24:54,刺网
1491,34.91594444444444,123.8749722222222,0.3,0.0,2020-10-24 12:35:08,刺网
1491,34.915777777777784,123.87830555555556,2.1,109.0,2020-10-24 12:44:53,刺网
1491,34.91469444444444,123.88119444444445,3.3,119.0,2020-10-24 12:54:54,刺网
1491,34.91405555555555,123.88436111111113,1.3,2.0,2020-10-24 13:04:53,刺网
1491,34.91372222222222,123.88780555555556,1.2,120.0,2020-10-24 13:14:53,刺网
1491,34.91244444444444,123.89105555555555,0.6,0.0,2020-10-24 13:24:53,刺网
1491,34.91169444444444,123.8945,0.9,59.0,2020-10-24 13:34:53,刺网
1491,34.91105555555555,123.89797222222224,2.4,119.0,2020-10-24 13:44:53,刺网
1491,34.910666666666664,123.90094444444445,0.6,0.0,2020-10-24 13:54:52,刺网
1491,34.91072222222222,123.9044722222222,1.9,81.0,2020-10-24 14:05:08,刺网
1491,34.911861111111115,123.90727777777781,2.1,99.0,2020-10-24 14:14:52,刺网
1491,34.91130555555556,123.91005555555556,1.7,109.0,2020-10-24 14:24:52,刺网
1491,34.910444444444444,123.91308333333332,1.2,98.0,2020-10-24 14:34:52,刺网
1491,34.90952777777778,123.91580555555555,2.1,109.0,2020-10-24 14:45:08,刺网
1491,34.908861111111115,123.91822222222223,1.6,94.0,2020-10-24 14:54:52,刺网
1491,34.90844444444444,123.9212777777778,0.4,0.0,2020-10-24 15:04:52,刺网
1491,34.90847222222221,123.92441666666666,0.9,76.0,2020-10-24 15:14:52,刺网
1491,34.90869444444444,123.92705555555555,1.3,94.0,2020-10-24 15:24:52,刺网
1491,34.90922222222222,123.93041666666667,0.9,95.0,2020-10-24 15:34:52,刺网
1491,34.90952777777778,123.93363888888894,1.7,100.0,2020-10-24 15:44:52,刺网
1491,34.90933333333333,123.93613888888888,1.4,55.0,2020-10-24 15:54:52,刺网
1491,34.90908333333333,123.93944444444445,1.9,49.0,2020-10-24 16:04:52,刺网
1491,34.908944444444444,123.9424722222222,0.9,100.0,2020-10-24 16:14:52,刺网
1491,34.90902777777778,123.94505555555556,1.3,105.0,2020-10-24 16:24:52,刺网
1491,34.909555555555556,123.95125,2.5,77.0,2020-10-24 16:44:52,刺网
1491,34.909416666666665,123.95391666666669,1.9,134.0,2020-10-24 16:54:52,刺网
1491,34.91,123.95708333333332,1.0,0.0,2020-10-24 17:04:52,刺网
1491,34.910555555555554,123.9607777777778,2.9,87.0,2020-10-24 17:14:52,刺网
1491,34.910555555555554,123.96355555555556,1.8,98.0,2020-10-24 17:24:52,刺网
1491,34.91183333333333,123.96630555555555,2.2,123.0,2020-10-24 17:34:52,刺网
1491,34.91275,123.96958333333332,2.6,138.0,2020-10-24 17:44:52,刺网
1491,34.91361111111111,123.9725,1.2,0.0,2020-10-24 17:54:52,刺网
1491,34.91441666666667,123.97552777777777,1.2,85.0,2020-10-24 18:05:07,刺网
1491,34.91525,123.97838888888893,2.1,141.0,2020-10-24 18:14:52,刺网
1491,34.915972222222216,123.98033333333336,1.4,71.0,2020-10-24 18:24:52,刺网
1491,34.91677777777777,123.98311111111113,1.1,77.0,2020-10-24 18:34:51,刺网
1491,34.91758333333333,123.9857222222222,1.4,78.0,2020-10-24 18:44:51,刺网
1491,34.91869444444445,123.9885277777778,1.2,94.0,2020-10-24 18:54:51,刺网
1491,34.919666666666664,123.99102777777777,0.4,0.0,2020-10-24 19:04:51,刺网
1491,34.920138888888886,123.99569444444445,1.1,92.0,2020-10-24 19:24:51,刺网
1491,34.92166666666667,123.99813888888887,2.0,51.0,2020-10-24 19:34:51,刺网
1491,34.92269444444445,123.99961111111112,1.9,79.0,2020-10-24 19:44:51,刺网
1491,34.922666666666665,124.00169444444445,2.5,154.0,2020-10-24 19:54:51,刺网
1491,34.92236111111111,124.00394444444444,1.3,0.0,2020-10-24 20:04:51,刺网
1491,34.921055555555554,124.0052777777778,2.0,127.0,2020-10-24 20:14:51,刺网
1491,34.92325,124.00619444444445,1.1,40.0,2020-10-24 20:24:51,刺网
1491,34.92561111111111,124.00622222222222,1.5,31.0,2020-10-24 20:34:51,刺网
1491,34.92775,124.00836111111113,1.3,0.0,2020-10-24 20:44:52,刺网
1491,34.92933333333333,124.00966666666666,0.6,0.0,2020-10-24 20:54:52,刺网
1491,34.93077777777777,124.01036111111112,0.7,95.0,2020-10-24 21:05:08,刺网
1491,34.9315,124.01122222222222,1.1,6.0,2020-10-24 21:14:51,刺网
1491,34.932805555555554,124.01291666666664,0.2,0.0,2020-10-24 21:24:51,刺网
1491,34.93347222222222,124.01341666666669,1.1,56.0,2020-10-24 21:34:51,刺网
1491,34.93472222222222,124.01416666666668,1.9,38.0,2020-10-24 21:44:51,刺网
1491,34.93627777777777,124.01463888888892,1.3,292.0,2020-10-24 21:54:51,刺网
1491,34.937388888888876,124.01472222222222,1.6,301.0,2020-10-24 22:04:51,刺网
1491,34.93863888888889,124.01636111111112,0.9,104.0,2020-10-24 22:14:51,刺网
1491,34.93925,124.01772222222222,2.9,311.0,2020-10-24 22:24:51,刺网
1491,34.93977777777777,124.01827777777777,0.5,0.0,2020-10-24 22:34:51,刺网
1491,34.940277777777766,124.01858333333332,2.2,266.0,2020-10-24 22:44:51,刺网
1491,34.92855555555555,124.01161111111112,7.8,209.0,2020-10-24 22:54:51,刺网
1491,34.91675,124.0065,3.0,134.0,2020-10-24 23:04:51,刺网
1491,34.91688888888889,124.00736111111112,1.8,352.0,2020-10-24 23:14:50,刺网
1491,34.916999999999994,124.00752777777777,0.9,0.0,2020-10-24 23:24:50,刺网
1491,34.91683333333333,124.00738888888893,1.4,221.0,2020-10-24 23:35:08,刺网
1491,34.91694444444444,124.00761111111107,1.1,22.0,2020-10-24 23:44:50,刺网
1491,34.91686111111111,124.00758333333332,0.0,0.0,2020-10-24 23:54:50,刺网
1491,34.916805555555555,124.00755555555556,1.0,263.0,2020-10-25 00:04:50,刺网
1491,34.916805555555555,124.00758333333332,0.1,0.0,2020-10-25 00:14:50,刺网
1491,34.91677777777777,124.00747222222222,0.3,0.0,2020-10-25 00:24:50,刺网
1491,34.916694444444445,124.00738888888893,0.6,86.0,2020-10-25 00:34:50,刺网
1491,34.916694444444445,124.00747222222222,0.7,81.0,2020-10-25 00:44:50,刺网
1491,34.91672222222222,124.0075,1.0,234.0,2020-10-25 00:54:50,刺网
1491,34.916694444444445,124.00752777777777,0.1,0.0,2020-10-25 01:04:50,刺网
1491,34.916666666666664,124.00747222222222,0.3,0.0,2020-10-25 01:14:50,刺网
1491,34.916666666666664,124.00747222222222,0.7,67.0,2020-10-25 01:24:50,刺网
1491,34.91658333333333,124.00730555555555,0.3,0.0,2020-10-25 01:34:50,刺网
1491,34.91658333333333,124.00733333333334,0.7,0.0,2020-10-25 01:44:50,刺网
1491,34.91663888888889,124.0075,0.6,0.0,2020-10-25 01:54:50,刺网
1491,34.91663888888889,124.00755555555556,0.0,0.0,2020-10-25 02:05:07,刺网
1491,34.91661111111111,124.00752777777777,0.4,0.0,2020-10-25 02:14:50,刺网
1491,34.916666666666664,124.00763888888888,1.0,51.0,2020-10-25 02:24:50,刺网
1491,34.91661111111111,124.0075,0.7,198.0,2020-10-25 02:34:50,刺网
1491,34.91661111111111,124.00758333333332,1.1,117.0,2020-10-25 02:44:50,刺网
1491,34.91652777777778,124.00738888888893,0.3,0.0,2020-10-25 02:54:50,刺网
1491,34.91661111111111,124.00758333333332,0.3,0.0,2020-10-25 03:04:50,刺网
1491,34.91652777777778,124.00744444444445,0.2,0.0,2020-10-25 03:14:50,刺网
1491,34.916472222222225,124.00719444444445,0.5,33.0,2020-10-25 03:24:50,刺网
1491,34.916472222222225,124.00719444444445,0.0,0.0,2020-10-25 03:34:50,刺网
1491,34.91741666666667,124.00683333333332,0.5,284.0,2020-10-25 03:44:50,刺网
1491,34.91786111111111,123.98933333333332,8.1,267.0,2020-10-25 03:54:49,刺网
1491,34.917777777777765,123.96144444444445,8.3,278.0,2020-10-25 04:04:49,刺网
1491,34.926972222222226,123.94061111111112,8.2,310.0,2020-10-25 04:14:49,刺网
1491,34.91886111111111,123.914,8.7,268.0,2020-10-25 04:24:49,刺网
1491,34.91827777777777,123.88744444444444,8.0,262.0,2020-10-25 04:34:49,刺网
1491,34.91847222222222,123.86069444444445,7.5,275.0,2020-10-25 04:44:49,刺网
1491,34.91866666666667,123.83402777777776,7.6,277.0,2020-10-25 04:54:49,刺网
1491,34.91855555555555,123.8075,8.0,279.0,2020-10-25 05:04:49,刺网
1491,34.91858333333333,123.78069444444445,7.5,276.0,2020-10-25 05:14:49,刺网
1491,34.930416666666666,123.76794444444445,6.8,358.0,2020-10-25 05:24:51,刺网
1491,34.9315,123.79455555555555,8.6,82.0,2020-10-25 05:34:51,刺网
1491,34.931444444444445,123.82180555555556,7.3,91.0,2020-10-25 05:44:50,刺网
1491,34.937916666666666,123.82205555555555,1.6,198.0,2020-10-25 05:55:08,刺网
1491,34.94772222222222,123.82025,1.8,246.0,2020-10-25 06:04:49,刺网
1491,34.946694444444454,123.81886111111106,1.7,140.0,2020-10-25 06:14:49,刺网
1491,34.94536111111111,123.81952777777781,1.2,159.0,2020-10-25 06:24:49,刺网
1491,34.94391666666667,123.81997222222222,0.4,0.0,2020-10-25 06:34:49,刺网
1491,34.94247222222222,123.82008333333332,0.5,212.0,2020-10-25 06:44:49,刺网
1491,34.941361111111114,123.81991666666669,0.7,145.0,2020-10-25 06:54:49,刺网
1491,34.94,123.82011111111107,0.7,197.0,2020-10-25 07:04:49,刺网
1491,34.93883333333333,123.82025,0.0,0.0,2020-10-25 07:14:49,刺网
1491,34.93725,123.82061111111112,0.8,183.0,2020-10-25 07:24:49,刺网
1491,34.93497222222222,123.82013888888888,1.2,158.0,2020-10-25 07:44:49,刺网
1491,34.93375,123.82030555555555,1.0,256.0,2020-10-25 07:54:49,刺网
1491,34.93263888888889,123.82044444444445,0.3,0.0,2020-10-25 08:05:07,刺网
1491,34.93138888888889,123.8207777777778,0.6,230.0,2020-10-25 08:14:49,刺网
1491,34.930055555555555,123.82108333333332,0.8,230.0,2020-10-25 08:24:48,刺网
1491,34.93136111111111,123.82105555555556,4.1,19.0,2020-10-25 08:34:48,刺网
1491,34.93597222222222,123.82380555555555,0.4,0.0,2020-10-25 08:44:48,刺网
1491,34.936305555555556,123.82266666666666,1.3,248.0,2020-10-25 08:54:48,刺网
1491,34.93636111111111,123.81883333333332,1.2,263.0,2020-10-25 09:04:48,刺网
1491,34.93647222222222,123.8155,1.8,305.0,2020-10-25 09:14:48,刺网
1491,34.93652777777777,123.81225,0.9,258.0,2020-10-25 09:24:48,刺网
1491,34.936611111111105,123.809,0.3,0.0,2020-10-25 09:34:48,刺网
1491,34.93658333333333,123.8052222222222,1.3,322.0,2020-10-25 09:45:08,刺网
1491,34.93666666666666,123.80138888888888,1.5,294.0,2020-10-25 09:54:48,刺网
1491,34.93647222222222,123.79752777777777,2.6,229.0,2020-10-25 10:04:48,刺网
1491,34.93636111111111,123.79466666666666,1.0,254.0,2020-10-25 10:14:48,刺网
1491,34.93611111111111,123.79125,2.2,314.0,2020-10-25 10:24:48,刺网
1491,34.935944444444445,123.78738888888893,0.8,305.0,2020-10-25 10:34:48,刺网
1491,34.935611111111115,123.78394444444444,1.2,264.0,2020-10-25 10:44:48,刺网
1491,34.93497222222222,123.78083333333332,1.7,251.0,2020-10-25 10:54:48,刺网
1491,34.93327777777777,123.7785,1.8,227.0,2020-10-25 11:04:48,刺网
1491,34.92944444444444,123.77777777777777,1.6,170.0,2020-10-25 11:14:48,刺网
1491,34.92594444444444,123.77761111111113,1.1,173.0,2020-10-25 11:24:48,刺网
1491,34.92138888888889,123.78163888888888,0.7,84.0,2020-10-25 11:44:48,刺网
1491,34.92086111111111,123.78469444444444,0.6,70.0,2020-10-25 11:54:48,刺网
1491,34.92025,123.78838888888887,1.7,95.0,2020-10-25 12:05:07,刺网
1491,34.91988888888889,123.79213888888887,2.1,121.0,2020-10-25 12:14:48,刺网
1491,34.91977777777777,123.79541666666664,1.6,122.0,2020-10-25 12:24:48,刺网
1491,34.91933333333333,123.79944444444445,0.9,92.0,2020-10-25 12:34:48,刺网
1491,34.91938888888888,123.80225,1.3,6.0,2020-10-25 12:44:48,刺网
1491,34.9205,123.80519444444445,1.8,44.0,2020-10-25 12:54:47,刺网
1491,34.91958333333333,123.80863888888888,1.7,111.0,2020-10-25 13:04:47,刺网
1491,34.91880555555556,123.81255555555555,1.3,103.0,2020-10-25 13:14:47,刺网
1491,34.91838888888889,123.81586111111106,1.3,84.0,2020-10-25 13:24:47,刺网
1491,34.91797222222222,123.81952777777781,1.3,106.0,2020-10-25 13:34:47,刺网
1491,34.915972222222216,123.82641666666666,1.2,128.0,2020-10-25 13:54:47,刺网
1491,34.91483333333333,123.82983333333333,2.0,129.0,2020-10-25 14:04:47,刺网
1491,34.914138888888886,123.83377777777778,0.8,69.0,2020-10-25 14:14:47,刺网
1491,34.91388888888889,123.83766666666666,0.9,0.0,2020-10-25 14:24:47,刺网
1491,34.91430555555556,123.84111111111108,1.1,0.0,2020-10-25 14:34:47,刺网
1491,34.915638888888886,123.84488888888887,1.5,0.0,2020-10-25 14:44:48,刺网
1491,34.91730555555556,123.84802777777777,0.4,0.0,2020-10-25 14:54:47,刺网
1491,34.918499999999995,123.85033333333334,1.6,128.0,2020-10-25 15:04:47,刺网
1491,34.916555555555554,123.85338888888887,1.9,124.0,2020-10-25 15:14:47,刺网
1491,34.91561111111111,123.85652777777777,2.4,122.0,2020-10-25 15:24:47,刺网
1491,34.916,123.85977777777778,0.3,0.0,2020-10-25 15:35:02,刺网
1491,34.91491666666667,123.86252777777777,1.2,74.0,2020-10-25 15:44:47,刺网
1491,34.91433333333333,123.86569444444444,0.7,52.0,2020-10-25 15:54:47,刺网
1491,34.915055555555554,123.86913888888887,1.0,73.0,2020-10-25 16:04:47,刺网
1491,34.91755555555555,123.87508333333334,1.4,28.0,2020-10-25 16:24:47,刺网
1491,34.91883333333333,123.87911111111107,1.1,172.0,2020-10-25 16:34:47,刺网
1491,34.91769444444444,123.8814722222222,1.0,133.0,2020-10-25 16:44:47,刺网
1491,34.91725,123.8862777777778,1.4,75.0,2020-10-25 16:54:47,刺网
1491,34.91513888888889,123.88908333333336,1.2,133.0,2020-10-25 17:04:47,刺网
1491,34.913472222222225,123.89186111111113,1.1,70.0,2020-10-25 17:14:47,刺网
1491,34.9125,123.8947777777778,1.7,163.0,2020-10-25 17:24:46,刺网
1491,34.91133333333333,123.89708333333334,0.7,113.0,2020-10-25 17:34:46,刺网
1491,34.90975,123.90227777777778,0.9,97.0,2020-10-25 17:54:46,刺网
1491,34.92505555555555,123.9125,9.0,27.0,2020-10-25 18:05:07,刺网
1491,34.94613888888889,123.92516666666668,8.8,22.0,2020-10-25 18:14:46,刺网
1491,34.9685,123.93769444444445,8.5,19.0,2020-10-25 18:24:46,刺网
1491,34.991,123.94994444444444,8.6,21.0,2020-10-25 18:34:46,刺网
1491,35.01358333333334,123.96175,8.9,20.0,2020-10-25 18:44:46,刺网
1491,35.03688888888888,123.97213888888888,9.2,13.0,2020-10-25 18:54:46,刺网
1491,35.08558333333334,123.98975,9.7,11.0,2020-10-25 19:14:46,刺网
1491,35.11130555555556,123.99563888888888,9.7,4.0,2020-10-25 19:24:46,刺网
1491,35.126111111111115,123.99897222222219,0.5,0.0,2020-10-25 19:34:46,刺网
1491,35.12705555555556,123.99955555555556,0.2,0.0,2020-10-25 19:44:46,刺网
1491,35.127361111111114,123.99913888888888,0.9,248.0,2020-10-25 19:54:46,刺网
1491,35.127361111111114,123.99905555555556,0.1,0.0,2020-10-25 20:04:46,刺网
1491,35.127361111111114,123.99908333333332,0.2,0.0,2020-10-25 20:14:46,刺网
1491,35.12733333333333,123.99911111111106,0.7,0.0,2020-10-25 20:24:46,刺网
1491,35.12741666666667,123.999,0.5,167.0,2020-10-25 20:34:46,刺网
1491,35.127361111111114,123.99905555555556,0.2,0.0,2020-10-25 20:44:46,刺网
1491,35.12733333333333,123.99913888888888,0.7,39.0,2020-10-25 20:54:46,刺网
1491,35.127361111111114,123.99905555555556,0.4,0.0,2020-10-25 21:04:46,刺网
1491,35.12733333333333,123.99908333333332,0.3,0.0,2020-10-25 21:14:46,刺网
1491,35.12733333333333,123.99913888888888,0.2,0.0,2020-10-25 21:25:08,刺网
1491,35.12733333333333,123.99905555555556,0.6,306.0,2020-10-25 21:34:46,刺网
1491,35.127361111111114,123.99908333333332,0.1,0.0,2020-10-25 21:44:46,刺网
1491,35.127361111111114,123.999,0.7,104.0,2020-10-25 21:54:46,刺网
1491,35.127361111111114,123.99905555555556,0.8,202.0,2020-10-25 22:04:45,刺网
1491,35.127361111111114,123.99897222222219,0.9,69.0,2020-10-25 22:14:45,刺网
1491,35.127361111111114,123.99897222222219,0.1,0.0,2020-10-25 22:24:45,刺网
1491,35.127361111111114,123.99897222222219,0.1,0.0,2020-10-25 22:34:45,刺网
1491,35.12738888888889,123.99891666666666,0.1,0.0,2020-10-25 22:44:45,刺网
1491,35.127361111111114,123.99894444444445,0.0,0.0,2020-10-25 22:54:45,刺网
1491,35.127361111111114,123.99886111111113,0.7,122.0,2020-10-25 23:04:45,刺网
1491,35.12741666666667,123.99883333333334,0.5,0.0,2020-10-25 23:14:45,刺网
1491,35.12738888888889,123.99888888888887,0.3,0.0,2020-10-25 23:24:45,刺网
1491,35.12747222222223,123.99894444444445,0.6,0.0,2020-10-25 23:34:45,刺网
1491,35.12738888888889,123.99888888888887,0.2,0.0,2020-10-25 23:44:45,刺网
1491,35.127694444444444,123.9987777777778,0.3,0.0,2020-10-25 23:54:46,刺网
1491,35.127361111111114,123.99902777777777,0.1,0.0,2020-10-26 00:14:45,刺网
1491,35.127361111111114,123.99913888888888,0.7,132.0,2020-10-26 00:24:45,刺网
1491,35.12719444444445,123.99938888888887,1.0,80.0,2020-10-26 00:34:45,刺网
1491,35.12708333333334,123.9995,0.7,114.0,2020-10-26 00:44:45,刺网
1491,35.126999999999995,123.9995277777778,0.2,0.0,2020-10-26 00:54:45,刺网
1491,35.126999999999995,123.9994722222222,0.4,115.0,2020-10-26 01:04:45,刺网
1491,35.12675,123.99963888888892,0.1,0.0,2020-10-26 01:14:45,刺网
1491,35.126444444444445,123.99966666666668,0.0,0.0,2020-10-26 01:24:45,刺网
1491,35.12641666666667,123.99961111111112,1.2,177.0,2020-10-26 01:34:45,刺网
1491,35.12616666666667,123.99941666666666,0.1,0.0,2020-10-26 01:44:45,刺网
1491,35.12602777777778,123.99936111111113,0.2,0.0,2020-10-26 01:54:45,刺网
1491,35.126,123.99933333333334,0.5,0.0,2020-10-26 02:04:45,刺网
1491,35.126138888888896,123.9995,0.4,0.0,2020-10-26 02:14:45,刺网
1491,35.12602777777778,123.99933333333334,0.1,0.0,2020-10-26 02:24:45,刺网
1491,35.126,123.99913888888888,0.2,0.0,2020-10-26 02:34:45,刺网
1491,35.12594444444444,123.99916666666668,1.2,0.0,2020-10-26 02:44:45,刺网
1491,35.12591666666667,123.99919444444444,0.3,0.0,2020-10-26 02:54:44,刺网
1491,35.12591666666667,123.99916666666668,0.2,0.0,2020-10-26 03:04:44,刺网
1491,35.12594444444444,123.99916666666668,0.5,0.0,2020-10-26 03:14:44,刺网
1491,35.12597222222223,123.99922222222223,0.2,0.0,2020-10-26 03:24:44,刺网
1491,35.12588888888889,123.99908333333332,7.4,123.0,2020-10-26 03:34:44,刺网
1491,35.12711111111111,123.99886111111113,1.0,0.0,2020-10-26 03:44:44,刺网
1491,35.12675,123.99708333333334,8.1,84.0,2020-10-26 03:54:45,刺网
1491,35.12786111111112,124.02691666666666,8.4,90.0,2020-10-26 04:05:25,刺网
1491,35.127250000000004,124.05283333333334,8.2,91.0,2020-10-26 04:14:44,刺网
1491,35.126888888888885,124.0805,7.9,85.0,2020-10-26 04:24:44,刺网
1491,35.12555555555556,124.10802777777776,8.2,91.0,2020-10-26 04:34:44,刺网
1491,35.124694444444444,124.13569444444445,8.1,98.0,2020-10-26 04:44:44,刺网
1491,35.12202777777778,124.16308333333332,8.0,90.0,2020-10-26 04:54:44,刺网
1491,35.12747222222223,124.1809722222222,7.7,342.0,2020-10-26 05:04:44,刺网
1491,35.136777777777766,124.17644444444444,0.7,332.0,2020-10-26 05:14:44,刺网
1491,35.13663888888889,124.17566666666669,0.2,0.0,2020-10-26 05:24:44,刺网
1491,35.13591666666667,124.17580555555556,0.5,0.0,2020-10-26 05:34:44,刺网
1491,35.13497222222223,124.17544444444445,1.0,253.0,2020-10-26 05:44:44,刺网
1491,35.134166666666665,124.17494444444445,0.2,0.0,2020-10-26 05:54:44,刺网
1491,35.13341666666667,124.17444444444445,0.3,0.0,2020-10-26 06:04:44,刺网
1491,35.13283333333333,124.17369444444445,0.7,0.0,2020-10-26 06:14:44,刺网
1491,35.132444444444445,124.17325,0.3,0.0,2020-10-26 06:24:44,刺网
1491,35.132,124.17297222222223,0.3,0.0,2020-10-26 06:34:44,刺网
1491,35.13158333333334,124.17252777777777,0.3,0.0,2020-10-26 06:44:44,刺网
1491,35.13136111111111,124.17188888888887,0.2,0.0,2020-10-26 06:54:44,刺网
1491,35.13130555555556,124.17147222222223,0.8,244.0,2020-10-26 07:05:08,刺网
1491,35.13111111111111,124.17144444444445,0.0,0.0,2020-10-26 07:14:44,刺网
1491,35.13088888888889,124.17133333333334,0.6,293.0,2020-10-26 07:24:44,刺网
1491,35.130944444444445,124.17111111111113,0.4,335.0,2020-10-26 07:34:43,刺网
1491,35.13113888888889,124.17105555555555,0.1,0.0,2020-10-26 07:44:43,刺网
1491,35.13125,124.17125,0.1,0.0,2020-10-26 07:54:43,刺网
1491,35.131416666666674,124.17141666666667,0.3,0.0,2020-10-26 08:04:43,刺网
1491,35.131722222222216,124.17147222222223,0.1,0.0,2020-10-26 08:14:43,刺网
1491,35.13133333333333,124.15958333333332,9.1,267.0,2020-10-26 08:24:43,刺网
1491,35.130222222222216,124.12866666666666,9.0,265.0,2020-10-26 08:34:43,刺网
1491,35.129888888888885,124.09772222222222,9.0,272.0,2020-10-26 08:44:43,刺网
1491,35.128388888888885,124.11013888888887,9.1,101.0,2020-10-26 08:54:43,刺网
1491,35.12811111111111,124.14125,9.1,91.0,2020-10-26 09:04:43,刺网
1491,35.12716666666667,124.17230555555555,9.2,96.0,2020-10-26 09:14:43,刺网
1491,35.12341666666667,124.1897777777778,1.2,173.0,2020-10-26 09:24:43,刺网
1491,35.123000000000005,124.18922222222223,0.6,0.0,2020-10-26 09:34:43,刺网
1491,35.123472222222226,124.18675,1.1,295.0,2020-10-26 09:45:05,刺网
1491,35.12425,124.18413888888887,0.7,277.0,2020-10-26 09:54:43,刺网
1491,35.12466666666666,124.18138888888888,1.4,306.0,2020-10-26 10:04:43,刺网
1491,35.12511111111111,124.17891666666668,0.7,287.0,2020-10-26 10:14:43,刺网
1491,35.12555555555556,124.17672222222224,0.4,0.0,2020-10-26 10:24:43,刺网
1491,35.126,124.17430555555555,1.3,301.0,2020-10-26 10:34:43,刺网
1491,35.1265,124.1717777777778,1.0,266.0,2020-10-26 10:44:43,刺网
1491,35.12672222222222,124.16936111111113,1.3,274.0,2020-10-26 10:54:43,刺网
1491,35.12708333333334,124.16691666666668,0.8,298.0,2020-10-26 11:04:43,刺网
1491,35.12744444444444,124.16458333333334,0.9,298.0,2020-10-26 11:14:43,刺网
1491,35.12772222222222,124.16238888888893,0.7,0.0,2020-10-26 11:24:43,刺网
1491,35.12783333333333,124.15975,0.8,281.0,2020-10-26 11:34:43,刺网
1491,35.12802777777778,124.1569722222222,0.9,266.0,2020-10-26 11:44:43,刺网
1491,35.128166666666665,124.15408333333336,1.3,293.0,2020-10-26 11:54:43,刺网
1491,35.128166666666665,124.15119444444444,0.7,269.0,2020-10-26 12:05:07,刺网
1491,35.12819444444445,124.1484722222222,1.1,274.0,2020-10-26 12:14:42,刺网
1491,35.12813888888889,124.14575,0.7,254.0,2020-10-26 12:24:42,刺网
1491,35.12825,124.1419722222222,1.1,254.0,2020-10-26 12:34:42,刺网
1491,35.12833333333333,124.1375277777778,1.3,277.0,2020-10-26 12:44:42,刺网
1491,35.12827777777777,124.13372222222223,1.3,266.0,2020-10-26 12:54:42,刺网
1491,35.12802777777778,124.12988888888887,0.3,0.0,2020-10-26 13:04:42,刺网
1491,35.12763888888889,124.12716666666664,0.6,271.0,2020-10-26 13:14:42,刺网
1491,35.12741666666667,124.12361111111107,3.0,329.0,2020-10-26 13:24:43,刺网
1491,35.12702777777778,124.12008333333333,1.1,273.0,2020-10-26 13:34:42,刺网
1491,35.1265,124.11627777777778,0.8,272.0,2020-10-26 13:44:42,刺网
1491,35.125750000000004,124.113,1.1,259.0,2020-10-26 13:54:42,刺网
1491,35.125,124.10944444444445,1.4,243.0,2020-10-26 14:04:42,刺网
1491,35.124277777777785,124.10580555555555,1.2,254.0,2020-10-26 14:14:42,刺网
1491,35.123305555555554,124.10230555555556,1.4,267.0,2020-10-26 14:24:42,刺网
1491,35.122388888888885,124.09794444444445,1.3,0.0,2020-10-26 14:34:42,刺网
1491,35.12169444444445,124.0944722222222,1.3,0.0,2020-10-26 14:44:42,刺网
1491,35.12083333333334,124.09052777777777,1.2,0.0,2020-10-26 14:54:44,刺网
1491,35.120444444444445,124.08619444444444,1.1,0.0,2020-10-26 15:04:42,刺网
1491,35.12016666666666,124.08202777777778,1.0,0.0,2020-10-26 15:14:42,刺网
1491,35.12041666666667,124.07477777777778,0.8,288.0,2020-10-26 15:34:42,刺网
1491,35.12119444444445,124.07113888888887,1.1,177.0,2020-10-26 15:44:45,刺网
1491,35.11936111111111,124.06786111111113,1.1,277.0,2020-10-26 15:54:42,刺网
1491,35.119305555555556,124.06386111111112,0.9,284.0,2020-10-26 16:05:07,刺网
1491,35.11975,124.06077777777777,0.8,0.0,2020-10-26 16:14:42,刺网
1491,35.119972222222216,124.05816666666666,0.9,239.0,2020-10-26 16:24:42,刺网
1491,35.12033333333333,124.055,0.6,274.0,2020-10-26 16:34:41,刺网
1491,35.11955555555556,124.05166666666666,1.6,0.0,2020-10-26 16:44:41,刺网
1491,35.11919444444445,124.04758333333334,0.8,265.0,2020-10-26 16:54:41,刺网
1491,35.1185,124.04358333333332,1.5,251.0,2020-10-26 17:04:41,刺网
1491,35.11880555555556,124.03938888888888,1.5,276.0,2020-10-26 17:14:41,刺网
1491,35.11936111111111,124.03527777777781,1.2,273.0,2020-10-26 17:24:41,刺网
1491,35.120888888888885,124.03091666666668,0.5,315.0,2020-10-26 17:34:41,刺网
1491,35.12188888888889,124.0277222222222,1.0,296.0,2020-10-26 17:44:41,刺网
1491,35.123666666666665,124.02425,0.9,295.0,2020-10-26 17:54:41,刺网
1491,35.125305555555556,124.02075,1.1,264.0,2020-10-26 18:04:49,刺网
1491,35.12386111111111,124.01913888888888,1.1,209.0,2020-10-26 18:14:41,刺网
1491,35.12136111111111,124.01886111111112,1.1,198.0,2020-10-26 18:24:41,刺网
1491,35.120055555555545,124.01625,6.1,291.0,2020-10-26 18:35:08,刺网
1491,35.13019444444445,123.99125,8.6,291.0,2020-10-26 18:44:41,刺网
1491,35.13905555555555,123.96291666666666,9.0,291.0,2020-10-26 18:54:41,刺网
1491,35.147416666666665,123.93447222222223,8.8,290.0,2020-10-26 19:04:41,刺网
1491,35.15575,123.90625,8.7,290.0,2020-10-26 19:14:41,刺网
1491,35.16394444444444,123.87811111111112,8.8,291.0,2020-10-26 19:24:41,刺网
1491,35.16788888888888,123.85905555555556,0.5,127.0,2020-10-26 19:34:41,刺网
1491,35.167777777777765,123.85894444444445,0.0,0.0,2020-10-26 19:44:41,刺网
1491,35.16775,123.85891666666666,0.0,0.0,2020-10-26 19:54:41,刺网
1491,35.16775,123.85886111111107,0.3,0.0,2020-10-26 20:04:41,刺网
1491,35.16783333333333,123.85891666666666,0.2,0.0,2020-10-26 20:14:41,刺网
1491,35.16788888888888,123.85905555555556,0.6,0.0,2020-10-26 20:24:41,刺网
1491,35.16797222222222,123.85888888888887,0.4,0.0,2020-10-26 20:34:41,刺网
1491,35.16811111111111,123.85894444444445,0.5,292.0,2020-10-26 20:44:41,刺网
1491,35.168305555555555,123.8585,0.1,0.0,2020-10-26 21:04:41,刺网
1491,35.16838888888889,123.85863888888888,0.2,0.0,2020-10-26 21:14:40,刺网
1491,35.16833333333333,123.8585,0.2,0.0,2020-10-26 21:25:08,刺网
1491,35.16833333333333,123.85855555555555,0.2,0.0,2020-10-26 21:34:40,刺网
1491,35.16836111111111,123.8585,0.1,0.0,2020-10-26 21:44:40,刺网
1491,35.16836111111111,123.85852777777778,0.2,0.0,2020-10-26 21:54:40,刺网
1491,35.16836111111111,123.85847222222222,0.1,0.0,2020-10-26 22:04:40,刺网
1491,35.16836111111111,123.85847222222222,0.6,0.0,2020-10-26 22:14:40,刺网
1491,35.16838888888889,123.8585,0.0,0.0,2020-10-26 22:24:40,刺网
1491,35.16833333333333,123.8585,0.1,0.0,2020-10-26 22:34:40,刺网
1491,35.16836111111111,123.85847222222222,0.2,0.0,2020-10-26 22:44:40,刺网
1491,35.16836111111111,123.85844444444444,0.0,0.0,2020-10-26 22:54:40,刺网
1491,35.16833333333333,123.85844444444444,0.0,0.0,2020-10-26 23:04:40,刺网
1491,35.16833333333333,123.85847222222222,0.4,0.0,2020-10-26 23:14:40,刺网
1491,35.168416666666666,123.85841666666668,0.8,0.0,2020-10-26 23:24:40,刺网
1491,35.16836111111111,123.85844444444444,0.0,0.0,2020-10-26 23:35:06,刺网
1491,35.16836111111111,123.85844444444444,0.4,247.0,2020-10-26 23:44:40,刺网
1491,35.16833333333333,123.85841666666668,0.1,0.0,2020-10-26 23:54:40,刺网
1491,35.16836111111111,123.85844444444444,0.5,101.0,2020-10-27 00:04:40,刺网
1491,35.16836111111111,123.85841666666668,0.3,0.0,2020-10-27 00:14:40,刺网
1491,35.16838888888889,123.85844444444444,0.1,0.0,2020-10-27 00:24:40,刺网
1491,35.16838888888889,123.85844444444444,0.2,0.0,2020-10-27 00:34:40,刺网
1491,35.16833333333333,123.85836111111112,0.4,0.0,2020-10-27 00:44:40,刺网
1491,35.16833333333333,123.85838888888892,0.1,0.0,2020-10-27 00:54:40,刺网
1491,35.16833333333333,123.85833333333332,0.1,0.0,2020-10-27 01:04:40,刺网
1491,35.16827777777777,123.85830555555556,0.4,0.0,2020-10-27 01:14:40,刺网
1491,35.168166666666664,123.85830555555556,0.3,0.0,2020-10-27 01:24:40,刺网
1491,35.17849999999999,123.87591666666668,8.8,43.0,2020-10-27 01:34:40,刺网
1491,35.19430555555555,123.8985277777778,8.8,54.0,2020-10-27 01:44:40,刺网
1491,35.2145,123.9147777777778,8.9,43.0,2020-10-27 01:54:39,刺网
1491,35.2335,123.93588888888893,8.8,29.0,2020-10-27 02:05:07,刺网
1491,35.248583333333336,123.95666666666666,8.7,64.0,2020-10-27 02:14:39,刺网
1491,35.252555555555546,123.98613888888887,8.7,77.0,2020-10-27 02:24:39,刺网
1491,35.24938888888889,123.99288888888887,9.5,212.0,2020-10-27 02:34:39,刺网
1491,35.22325,123.98966666666666,9.3,182.0,2020-10-27 02:44:39,刺网
1491,35.197194444444435,123.98719444444444,9.2,187.0,2020-10-27 02:54:39,刺网
1491,35.17122222222222,123.98230555555556,9.5,190.0,2020-10-27 03:04:39,刺网
1491,35.15772222222222,123.95733333333334,9.2,253.0,2020-10-27 03:14:39,刺网
1491,35.154472222222225,123.92658333333334,9.0,266.0,2020-10-27 03:24:39,刺网
1491,35.153166666666664,123.89530555555555,9.1,271.0,2020-10-27 03:34:39,刺网
1491,35.152944444444444,123.8635,9.3,265.0,2020-10-27 03:44:39,刺网
1491,35.15208333333334,123.83230555555555,9.2,266.0,2020-10-27 03:54:39,刺网
1491,35.150499999999994,123.80127777777778,9.1,268.0,2020-10-27 04:04:39,刺网
1491,35.14988888888889,123.77036111111113,9.0,265.0,2020-10-27 04:14:39,刺网
1491,35.149750000000004,123.74161111111113,7.8,267.0,2020-10-27 04:24:39,刺网
1491,35.14936111111111,123.71519444444445,7.7,272.0,2020-10-27 04:34:39,刺网
1491,35.149388888888886,123.68891666666669,7.7,263.0,2020-10-27 04:44:39,刺网
1491,35.149138888888885,123.66213888888888,8.0,265.0,2020-10-27 04:54:39,刺网
1491,35.13436111111111,123.66327777777781,7.0,89.0,2020-10-27 05:04:39,刺网
1491,35.131777777777785,123.69030555555555,8.1,93.0,2020-10-27 05:14:39,刺网
1491,35.131166666666665,123.71794444444444,8.6,93.0,2020-10-27 05:24:39,刺网
1491,35.130555555555546,123.74572222222223,8.5,92.0,2020-10-27 05:34:39,刺网
1491,35.13686111111111,123.7612777777778,3.4,0.0,2020-10-27 05:44:39,刺网
1491,35.139777777777766,123.75886111111107,0.3,0.0,2020-10-27 05:54:40,刺网
1491,35.13938888888889,123.75855555555556,0.8,188.0,2020-10-27 06:05:07,刺网
1491,35.13883333333333,123.75844444444445,0.0,0.0,2020-10-27 06:14:39,刺网
1491,35.138194444444444,123.75855555555556,0.7,161.0,2020-10-27 06:24:39,刺网
1491,35.13758333333334,123.75872222222222,0.4,125.0,2020-10-27 06:34:38,刺网
1491,35.13713888888889,123.75861111111112,0.4,0.0,2020-10-27 06:44:38,刺网
1491,35.13683333333333,123.75855555555556,0.3,0.0,2020-10-27 06:54:38,刺网
1491,35.1365,123.75877777777778,0.3,0.0,2020-10-27 07:04:38,刺网
1491,35.136361111111114,123.759,0.3,0.0,2020-10-27 07:14:38,刺网
1491,35.13633333333333,123.75941666666668,0.3,0.0,2020-10-27 07:24:38,刺网
1491,35.13647222222223,123.75986111111106,0.1,0.0,2020-10-27 07:34:38,刺网
1491,35.13658333333333,123.76013888888887,0.4,0.0,2020-10-27 07:44:38,刺网
1491,35.136777777777766,123.76052777777777,0.3,0.0,2020-10-27 07:54:38,刺网
1491,35.13722222222222,123.76100000000001,0.3,0.0,2020-10-27 08:04:38,刺网
1491,35.137750000000004,123.76133333333333,0.1,0.0,2020-10-27 08:14:38,刺网
1491,35.13927777777778,123.76172222222223,0.4,0.0,2020-10-27 08:34:38,刺网
1491,35.14025,123.7619722222222,0.3,0.0,2020-10-27 08:44:38,刺网
1491,35.141305555555554,123.76208333333332,0.4,0.0,2020-10-27 08:54:38,刺网
1491,35.14136111111111,123.75861111111112,3.8,281.0,2020-10-27 09:04:38,刺网
1491,35.14238888888889,123.75158333333331,0.7,261.0,2020-10-27 09:24:38,刺网
1491,35.14291666666667,123.74455555555555,1.2,281.0,2020-10-27 09:45:07,刺网
1491,35.14366666666667,123.74113888888887,1.3,276.0,2020-10-27 09:54:38,刺网
1491,35.144277777777766,123.7372777777778,0.8,0.0,2020-10-27 10:04:38,刺网
1491,35.144472222222234,123.73380555555555,1.3,277.0,2020-10-27 10:14:38,刺网
1491,35.14513888888889,123.73122222222223,0.5,306.0,2020-10-27 10:24:38,刺网
1491,35.14544444444444,123.72786111111112,1.2,259.0,2020-10-27 10:34:38,刺网
1491,35.144666666666666,123.72433333333332,0.7,264.0,2020-10-27 10:44:38,刺网
1491,35.146138888888885,123.72186111111112,1.0,306.0,2020-10-27 10:54:38,刺网
1491,35.14777777777777,123.71855555555555,0.7,297.0,2020-10-27 11:04:38,刺网
1491,35.148555555555554,123.71625,0.8,295.0,2020-10-27 11:14:37,刺网
1491,35.148972222222234,123.71994444444445,9.1,101.0,2020-10-27 11:24:37,刺网
1491,35.14133333333333,123.75022222222222,9.2,111.0,2020-10-27 11:34:37,刺网
1491,35.13580555555556,123.7625277777778,1.6,237.0,2020-10-27 11:44:37,刺网
1491,35.134861111111114,123.75911111111112,1.3,247.0,2020-10-27 11:54:37,刺网
1491,35.132444444444445,123.75113888888887,1.3,236.0,2020-10-27 12:14:37,刺网
1491,35.13275,123.74705555555555,1.1,307.0,2020-10-27 12:24:37,刺网
1491,35.13347222222223,123.74322222222223,1.5,261.0,2020-10-27 12:34:37,刺网
1491,35.133027777777784,123.73911111111113,1.2,265.0,2020-10-27 12:44:37,刺网
1491,35.13208333333333,123.73561111111113,1.0,235.0,2020-10-27 12:54:37,刺网
1491,35.132472222222226,123.73305555555555,0.8,310.0,2020-10-27 13:04:37,刺网
1491,35.13252777777778,123.7295277777778,1.2,272.0,2020-10-27 13:14:37,刺网
1491,35.13230555555556,123.7270277777778,0.5,0.0,2020-10-27 13:24:37,刺网
1491,35.13191666666667,123.72405555555555,0.7,259.0,2020-10-27 13:34:37,刺网
1491,35.13163888888889,123.72097222222222,0.4,0.0,2020-10-27 13:44:37,刺网
1491,35.13194444444444,123.71911111111108,0.7,330.0,2020-10-27 13:54:37,刺网
1491,35.13194444444444,123.71675,0.4,0.0,2020-10-27 14:04:37,刺网
1491,35.13166666666667,123.71458333333334,0.3,0.0,2020-10-27 14:14:37,刺网
1491,35.13113888888889,123.71169444444445,0.8,0.0,2020-10-27 14:24:37,刺网
1491,35.131055555555555,123.70897222222223,0.6,0.0,2020-10-27 14:34:37,刺网
1491,35.13072222222222,123.70591666666668,0.9,0.0,2020-10-27 14:44:37,刺网
1491,35.13013888888889,123.7035,0.5,0.0,2020-10-27 14:54:37,刺网
1491,35.12952777777778,123.70158333333332,0.7,138.0,2020-10-27 15:04:37,刺网
1491,35.128722222222216,123.699,1.1,0.0,2020-10-27 15:14:37,刺网
1491,35.128083333333336,123.696,0.9,240.0,2020-10-27 15:24:37,刺网
1491,35.12730555555556,123.6935277777778,1.2,158.0,2020-10-27 15:34:37,刺网
1491,35.12683333333333,123.69138888888894,0.1,0.0,2020-10-27 15:44:36,刺网
1491,35.1265,123.68866666666668,0.3,0.0,2020-10-27 15:54:37,刺网
1491,35.126555555555555,123.68652777777778,0.6,283.0,2020-10-27 16:05:07,刺网
1491,35.12625000000001,123.68591666666669,0.4,212.0,2020-10-27 16:14:36,刺网
1491,35.125,123.68577777777777,0.4,167.0,2020-10-27 16:24:36,刺网
1491,35.12372222222222,123.68625,0.3,0.0,2020-10-27 16:34:36,刺网
1491,35.124722222222225,123.68594444444444,0.2,0.0,2020-10-27 16:44:36,刺网
1491,35.12561111111111,123.68536111111112,0.7,326.0,2020-10-27 16:54:36,刺网
1491,35.12633333333333,123.68444444444445,0.3,0.0,2020-10-27 17:04:36,刺网
1491,35.12616666666667,123.68322222222223,0.2,0.0,2020-10-27 17:14:36,刺网
1491,35.13927777777778,123.67294444444444,5.3,332.0,2020-10-27 17:24:36,刺网
1491,35.13983333333333,123.673,0.6,248.0,2020-10-27 17:34:36,刺网
1491,35.14002777777778,123.67441666666666,0.5,0.0,2020-10-27 17:44:36,刺网
1491,35.139361111111114,123.68069444444444,0.7,100.0,2020-10-27 18:04:36,刺网
1491,35.13927777777778,123.68291666666669,1.2,102.0,2020-10-27 18:14:36,刺网
1491,35.13863888888889,123.68555555555555,0.5,0.0,2020-10-27 18:24:36,刺网
1491,35.138277777777766,123.68841666666668,1.1,91.0,2020-10-27 18:34:36,刺网
1491,35.138194444444444,123.69119444444445,1.0,81.0,2020-10-27 18:44:36,刺网
1491,35.138444444444445,123.69408333333334,0.8,95.0,2020-10-27 18:55:08,刺网
1491,35.13733333333333,123.69666666666667,0.8,119.0,2020-10-27 19:04:36,刺网
1491,35.13530555555556,123.70094444444445,0.2,0.0,2020-10-27 19:24:36,刺网
1491,35.135472222222226,123.70219444444444,0.5,111.0,2020-10-27 19:34:36,刺网
1491,35.134722222222216,123.7042777777778,0.6,84.0,2020-10-27 19:44:36,刺网
1491,35.134861111111114,123.70686111111112,1.3,80.0,2020-10-27 19:54:36,刺网
1491,35.13563888888889,123.70988888888893,1.8,105.0,2020-10-27 20:04:36,刺网
1491,35.13541666666667,123.71197222222222,0.8,0.0,2020-10-27 20:14:35,刺网
1491,35.13525,123.71413888888887,0.4,0.0,2020-10-27 20:24:35,刺网
1491,35.13552777777778,123.71633333333334,0.4,0.0,2020-10-27 20:34:35,刺网
1491,35.13594444444444,123.71786111111112,0.2,0.0,2020-10-27 20:44:35,刺网
1491,35.14797222222221,123.70416666666668,6.4,306.0,2020-10-27 20:54:35,刺网
1491,35.147694444444454,123.70347222222222,0.0,0.0,2020-10-27 21:04:35,刺网
1491,35.14772222222222,123.70336111111112,0.4,0.0,2020-10-27 21:14:35,刺网
1491,35.14761111111111,123.70313888888893,0.4,221.0,2020-10-27 21:25:08,刺网
1491,35.147555555555556,123.70308333333334,0.1,0.0,2020-10-27 21:44:35,刺网
1491,35.147666666666666,123.70322222222224,0.2,0.0,2020-10-27 21:54:35,刺网
1491,35.147555555555556,123.70311111111113,0.0,0.0,2020-10-27 22:04:35,刺网
1491,35.147,123.70313888888893,0.3,0.0,2020-10-27 22:24:35,刺网
1491,35.146972222222225,123.70297222222223,0.2,0.0,2020-10-27 22:34:35,刺网
1491,35.14683333333333,123.70291666666668,0.0,0.0,2020-10-27 22:44:35,刺网
1491,35.14691666666667,123.70291666666668,0.1,0.0,2020-10-27 22:54:35,刺网
1491,35.146972222222225,123.70286111111112,0.2,0.0,2020-10-27 23:04:35,刺网
1491,35.14688888888889,123.70291666666668,0.1,0.0,2020-10-27 23:14:35,刺网
1491,35.14663888888889,123.70313888888893,0.0,0.0,2020-10-27 23:24:35,刺网
1491,35.14658333333333,123.70338888888894,0.2,0.0,2020-10-27 23:34:35,刺网
1491,35.14658333333333,123.70369444444445,0.0,0.0,2020-10-27 23:44:35,刺网
1491,35.14655555555555,123.70380555555555,0.2,0.0,2020-10-27 23:54:35,刺网
1491,35.14655555555555,123.70383333333334,0.0,0.0,2020-10-28 00:14:35,刺网
1491,35.14647222222221,123.7035,0.1,0.0,2020-10-28 00:24:35,刺网
1491,35.14647222222221,123.70344444444444,0.1,0.0,2020-10-28 00:34:35,刺网
1491,35.14647222222221,123.70341666666668,0.2,0.0,2020-10-28 00:44:35,刺网
1491,35.1465,123.70355555555555,0.1,0.0,2020-10-28 00:54:34,刺网
1491,35.14644444444444,123.70347222222222,0.1,0.0,2020-10-28 01:04:34,刺网
1491,35.14644444444444,123.70347222222222,0.0,0.0,2020-10-28 01:14:34,刺网
1491,35.14644444444444,123.7035,0.4,0.0,2020-10-28 01:24:34,刺网
1491,35.14641666666667,123.70372222222224,0.2,0.0,2020-10-28 01:34:34,刺网
1491,35.14641666666667,123.70361111111113,0.0,0.0,2020-10-28 01:44:34,刺网
1491,35.14644444444444,123.70361111111113,0.1,0.0,2020-10-28 01:54:34,刺网
1491,35.14472222222222,123.70366666666668,0.8,153.0,2020-10-28 02:04:34,刺网
1491,35.142111111111106,123.70397222222223,1.2,0.0,2020-10-28 02:14:34,刺网
1491,35.14422222222222,123.69783333333336,7.7,288.0,2020-10-28 02:24:34,刺网
1491,35.147,123.6698888888889,8.5,278.0,2020-10-28 02:34:34,刺网
1491,35.15108333333333,123.64222222222223,8.9,290.0,2020-10-28 02:44:34,刺网
1491,35.155944444444444,123.61497222222219,8.0,285.0,2020-10-28 02:54:34,刺网
1491,35.16797222222222,123.59286111111106,7.4,332.0,2020-10-28 03:04:34,刺网
1491,35.18594444444444,123.57991666666666,7.7,341.0,2020-10-28 03:14:34,刺网
1491,35.205833333333345,123.57580555555555,7.4,11.0,2020-10-28 03:24:34,刺网
1491,35.2261388888889,123.57413888888887,6.7,359.0,2020-10-28 03:34:34,刺网
1491,35.246472222222216,123.57302777777777,7.3,3.0,2020-10-28 03:44:34,刺网
1491,35.26625,123.57133333333331,4.6,350.0,2020-10-28 03:54:34,刺网
1491,35.28722222222222,123.56836111111107,7.2,356.0,2020-10-28 04:05:07,刺网
1491,35.30586111111111,123.56577777777777,7.7,337.0,2020-10-28 04:14:36,刺网
1491,35.320527777777784,123.55633333333333,7.3,4.0,2020-10-28 04:24:34,刺网
1491,35.32791666666667,123.5572222222222,7.6,174.0,2020-10-28 04:34:34,刺网
1491,35.304694444444436,123.5572222222222,7.8,179.0,2020-10-28 04:44:34,刺网
1491,35.281583333333344,123.55799999999999,7.7,182.0,2020-10-28 04:54:34,刺网
1491,35.258083333333346,123.55736111111106,8.3,183.0,2020-10-28 05:04:34,刺网
1491,35.2345,123.5575,8.7,177.0,2020-10-28 05:14:34,刺网
1491,35.210722222222216,123.5575,8.7,179.0,2020-10-28 05:24:33,刺网
1491,35.18683333333333,123.55736111111106,8.2,179.0,2020-10-28 05:34:33,刺网
1491,35.17905555555555,123.56194444444445,6.3,24.0,2020-10-28 05:44:33,刺网
1491,35.194694444444444,123.5632222222222,5.0,344.0,2020-10-28 05:54:33,刺网
1491,35.208333333333336,123.5637777777778,1.5,149.0,2020-10-28 06:05:02,刺网
1491,35.20369444444445,123.5647777777778,1.7,191.0,2020-10-28 06:14:33,刺网
1491,35.19891666666667,123.56558333333332,1.1,148.0,2020-10-28 06:24:33,刺网
1491,35.19413888888889,123.56666666666666,2.4,150.0,2020-10-28 06:34:33,刺网
1491,35.18947222222222,123.56783333333334,2.1,178.0,2020-10-28 06:44:33,刺网
1491,35.18483333333333,123.56908333333332,1.5,169.0,2020-10-28 06:54:33,刺网
1491,35.180499999999995,123.57019444444445,1.9,186.0,2020-10-28 07:04:33,刺网
1491,35.17636111111111,123.57127777777778,1.7,185.0,2020-10-28 07:14:33,刺网
1491,35.17222222222222,123.57263888888887,1.5,143.0,2020-10-28 07:24:33,刺网
1491,35.16836111111111,123.57358333333332,1.5,173.0,2020-10-28 07:34:33,刺网
1491,35.16458333333333,123.57438888888888,1.8,171.0,2020-10-28 07:44:33,刺网
1491,35.16102777777777,123.57488888888888,3.0,198.0,2020-10-28 07:54:33,刺网
1491,35.15761111111111,123.57613888888888,0.7,157.0,2020-10-28 08:04:33,刺网
1491,35.15441666666667,123.577,1.1,160.0,2020-10-28 08:14:33,刺网
1491,35.159777777777784,123.56758333333332,7.5,314.0,2020-10-28 08:24:33,刺网
1491,35.16933333333333,123.56169444444444,1.1,335.0,2020-10-28 08:34:33,刺网
1491,35.17305555555555,123.56213888888887,1.5,358.0,2020-10-28 08:44:33,刺网
1491,35.177416666666666,123.56266666666669,1.7,12.0,2020-10-28 08:54:33,刺网
1491,35.18197222222222,123.5629722222222,2.2,40.0,2020-10-28 09:04:33,刺网
1491,35.19163888888889,123.5632222222222,2.4,25.0,2020-10-28 09:24:33,刺网
1491,35.19638888888888,123.56344444444444,2.1,27.0,2020-10-28 09:34:33,刺网
1491,35.20163888888889,123.56391666666666,1.7,19.0,2020-10-28 09:45:02,刺网
1491,35.20611111111111,123.56438888888887,2.0,18.0,2020-10-28 09:54:33,刺网
1491,35.211333333333336,123.56455555555556,2.0,13.0,2020-10-28 10:04:32,刺网
1491,35.2156388888889,123.56522222222222,2.1,3.0,2020-10-28 10:14:32,刺网
1491,35.2205,123.56580555555556,2.2,359.0,2020-10-28 10:24:32,刺网
1491,35.23013888888889,123.5672777777778,1.3,4.0,2020-10-28 10:44:32,刺网
1491,35.23455555555555,123.56758333333332,1.6,325.0,2020-10-28 10:54:32,刺网
1491,35.23891666666667,123.56836111111107,1.1,0.0,2020-10-28 11:04:32,刺网
1491,35.243305555555565,123.5689722222222,2.2,354.0,2020-10-28 11:14:32,刺网
1491,35.24766666666667,123.56966666666666,1.7,44.0,2020-10-28 11:24:32,刺网
1491,35.251944444444455,123.57033333333334,1.1,29.0,2020-10-28 11:34:32,刺网
1491,35.256,123.57119444444444,1.7,346.0,2020-10-28 11:44:32,刺网
1491,35.259722222222216,123.57194444444444,2.3,45.0,2020-10-28 11:54:32,刺网
1491,35.26375,123.57280555555555,1.2,350.0,2020-10-28 12:05:01,刺网
1491,35.266999999999996,123.57330555555555,1.8,327.0,2020-10-28 12:14:32,刺网
1491,35.27027777777778,123.57386111111107,1.4,15.0,2020-10-28 12:24:32,刺网
1491,35.273305555555545,123.57433333333331,1.2,4.0,2020-10-28 12:34:32,刺网
1491,35.276555555555554,123.57469444444445,1.6,346.0,2020-10-28 12:44:32,刺网
1491,35.28,123.57541666666664,1.7,341.0,2020-10-28 12:54:32,刺网
1491,35.2825,123.57563888888888,1.9,0.0,2020-10-28 13:04:32,刺网
1491,35.28516666666665,123.57575,1.1,10.0,2020-10-28 13:14:32,刺网
1491,35.28775,123.57572222222224,1.1,40.0,2020-10-28 13:24:32,刺网
1491,35.290527777777775,123.57555555555555,1.3,17.0,2020-10-28 13:34:32,刺网
1491,35.29358333333333,123.57491666666668,0.5,0.0,2020-10-28 13:44:32,刺网
1491,35.29533333333333,123.57463888888887,1.1,358.0,2020-10-28 13:54:32,刺网
1491,35.297888888888885,123.57477777777778,1.9,0.0,2020-10-28 14:04:32,刺网
1491,35.30072222222222,123.57519444444445,1.9,0.0,2020-10-28 14:14:33,刺网
1491,35.30316666666665,123.5750277777778,1.1,47.0,2020-10-28 14:25:02,刺网
1491,35.305166666666665,123.5750277777778,0.4,354.0,2020-10-28 14:34:31,刺网
1491,35.30813888888889,123.57486111111106,0.8,327.0,2020-10-28 14:44:31,刺网
1491,35.310666666666656,123.57472222222222,1.4,349.0,2020-10-28 14:54:31,刺网
1491,35.31275,123.57463888888887,0.6,309.0,2020-10-28 15:04:31,刺网
1491,35.314777777777785,123.57416666666666,1.4,14.0,2020-10-28 15:14:31,刺网
1491,35.316750000000006,123.57372222222222,1.1,357.0,2020-10-28 15:24:31,刺网
1491,35.32013888888889,123.5739722222222,0.9,16.0,2020-10-28 15:34:31,刺网
1491,35.323,123.57441666666664,1.8,20.0,2020-10-28 15:44:31,刺网
1491,35.32511111111111,123.57472222222222,1.8,143.0,2020-10-28 15:54:31,刺网
1491,35.305083333333336,123.56961111111113,9.4,187.0,2020-10-28 16:04:31,刺网
1491,35.279694444444445,123.56572222222222,9.6,191.0,2020-10-28 16:14:31,刺网
1491,35.22877777777778,123.55694444444444,8.3,184.0,2020-10-28 16:34:31,刺网
1491,35.20338888888889,123.55166666666666,8.6,185.0,2020-10-28 16:44:31,刺网
1491,35.178388888888875,123.54655555555556,8.4,198.0,2020-10-28 16:54:31,刺网
1491,35.15311111111111,123.54158333333334,9.1,191.0,2020-10-28 17:04:31,刺网
1491,35.127555555555546,123.53638888888894,10.1,187.0,2020-10-28 17:14:31,刺网
1491,35.10188888888889,123.53063888888887,9.2,188.0,2020-10-28 17:24:31,刺网
1491,35.07602777777778,123.52522222222223,9.0,186.0,2020-10-28 17:34:31,刺网
1491,35.05033333333333,123.52238888888893,9.2,189.0,2020-10-28 17:44:31,刺网
1491,35.02513888888889,123.51680555555555,9.9,183.0,2020-10-28 17:54:31,刺网
1491,34.998805555555556,123.51075,9.6,186.0,2020-10-28 18:05:01,刺网
1491,34.974666666666664,123.50575,9.4,190.0,2020-10-28 18:14:31,刺网
1491,34.94933333333333,123.5005277777778,9.3,194.0,2020-10-28 18:24:31,刺网
1491,34.92433333333333,123.4945,8.7,187.0,2020-10-28 18:34:31,刺网
1491,34.899722222222216,123.48752777777777,9.2,193.0,2020-10-28 18:44:31,刺网
1491,34.87480555555556,123.4824722222222,8.2,178.0,2020-10-28 18:54:31,刺网
1491,34.85044444444444,123.47475,9.4,189.0,2020-10-28 19:04:30,刺网
1491,34.826055555555556,123.46652777777777,9.9,191.0,2020-10-28 19:14:30,刺网
