渔船ID,lat,lon,速度,方向,time,type
1644,31.378442444444442,124.916968,6.9,55.0,2017-11-20 20:17:38,刺网
1644,31.386775777777768,124.93569022222223,5.4,58.0,2017-11-20 20:27:37,刺网
1644,31.395359111111112,124.95449577777778,6.4,68.0,2017-11-20 20:37:51,刺网
1644,31.404247999999995,124.97257911111113,5.8,55.0,2017-11-20 20:47:42,刺网
1644,31.413109111111112,124.99130133333334,5.8,70.0,2017-11-20 20:57:38,刺网
1644,31.42183133333333,125.0099957777778,7.2,60.0,2017-11-20 21:07:37,刺网
1644,31.431109111111112,125.02932911111112,7.1,79.0,2017-11-20 21:18:08,刺网
1644,31.438498,125.04727355555555,6.4,73.0,2017-11-20 21:27:38,刺网
1644,31.447775777777768,125.06641244444445,6.6,69.0,2017-11-20 21:37:38,刺网
1644,31.45722022222222,125.08627355555555,8.0,66.0,2017-11-20 21:47:36,刺网
1644,31.467775777777767,125.105218,7.4,70.0,2017-11-20 21:57:37,刺网
1644,31.47908133333333,125.12477355555555,8.1,54.0,2017-11-20 22:07:38,刺网
1644,31.488998,125.14549577777781,7.0,67.0,2017-11-20 22:17:37,刺网
1644,31.501275777777767,125.16532911111112,8.2,60.0,2017-11-20 22:27:38,刺网
1644,31.513775777777767,125.18571800000002,7.4,55.0,2017-11-20 22:37:36,刺网
1644,31.53208133333333,125.19657911111112,8.3,29.0,2017-11-20 22:47:36,刺网
1644,31.551914666666665,125.20738466666668,7.8,48.0,2017-11-20 22:57:37,刺网
1644,31.572470222222233,125.21652355555555,7.8,15.0,2017-11-20 23:07:37,刺网
1644,31.59391466666667,125.22477355555556,8.1,28.0,2017-11-20 23:17:37,刺网
1644,31.614498,125.23580133333334,8.9,14.0,2017-11-20 23:27:37,刺网
1644,31.634442444444442,125.2467457777778,7.9,21.0,2017-11-20 23:37:36,刺网
1644,31.655914666666664,125.25566244444444,9.1,29.0,2017-11-20 23:47:37,刺网
1644,31.67591466666667,125.26902355555555,8.3,35.0,2017-11-20 23:57:37,刺网
1644,31.697609111111113,125.28077355555556,8.4,21.0,2017-11-21 00:08:09,刺网
1644,31.71833133333333,125.28782911111112,8.5,10.0,2017-11-21 00:17:37,刺网
1644,31.740053555555555,125.2966902222222,8.5,26.0,2017-11-21 00:27:37,刺网
1644,31.760470222222214,125.3062457777778,8.0,18.0,2017-11-21 00:37:38,刺网
1644,31.77988688888889,125.31616244444444,8.2,36.0,2017-11-21 00:47:37,刺网
1644,31.799525777777767,125.32860688888893,8.2,70.0,2017-11-21 00:57:37,刺网
1644,31.819303555555557,125.34194022222223,7.3,42.0,2017-11-21 01:07:37,刺网
1644,31.83847022222222,125.35360688888888,7.5,10.0,2017-11-21 01:17:37,刺网
1644,31.859970222222234,125.35438466666666,7.9,8.0,2017-11-21 01:27:36,刺网
1644,31.863220222222232,125.37682911111112,7.9,87.0,2017-11-21 01:37:36,刺网
1644,31.863248,125.40335688888894,8.8,91.0,2017-11-21 01:47:37,刺网
1644,31.864053555555557,125.431718,9.0,95.0,2017-11-21 01:57:37,刺网
1644,31.855748,125.45810688888888,8.8,120.0,2017-11-21 02:07:36,刺网
1644,31.851136888888888,125.48616244444445,8.3,90.0,2017-11-21 02:17:46,刺网
1644,31.843248,125.51080133333332,8.5,135.0,2017-11-21 02:27:37,刺网
1644,31.833498,125.53555133333334,6.8,85.0,2017-11-21 02:37:49,刺网
1644,31.83258133333333,125.5399957777778,1.0,89.0,2017-11-21 02:47:37,刺网
1644,31.833109111111106,125.54094022222223,0.9,0.0,2017-11-21 02:57:35,刺网
1644,31.833136888888887,125.540968,0.3,0.0,2017-11-21 03:07:35,刺网
1644,31.833053555555548,125.5407457777778,1.0,0.0,2017-11-21 03:17:35,刺网
1644,31.833053555555548,125.54063466666666,1.1,0.0,2017-11-21 03:28:02,刺网
1644,31.83291466666667,125.54077355555556,0.7,159.0,2017-11-21 03:37:36,刺网
1644,31.832803555555554,125.54060688888887,0.3,0.0,2017-11-21 03:47:36,刺网
1644,31.83269244444445,125.54052355555555,0.1,0.0,2017-11-21 03:57:35,刺网
1644,31.83260911111111,125.54035688888894,0.7,169.0,2017-11-21 04:07:36,刺网
1644,31.83260911111111,125.54032911111112,0.3,0.0,2017-11-21 04:17:36,刺网
1644,31.832553555555553,125.54019022222224,0.6,0.0,2017-11-21 04:27:36,刺网
1644,31.83247022222222,125.54013466666667,0.2,0.0,2017-11-21 04:37:36,刺网
1644,31.833553555555554,125.53910688888894,1.2,344.0,2017-11-21 04:47:36,刺网
1644,31.826442444444442,125.54216244444444,8.7,150.0,2017-11-21 04:57:37,刺网
1644,31.828664666666665,125.54377355555556,5.8,3.0,2017-11-21 05:07:36,刺网
1644,31.84435911111111,125.5436902222222,5.5,348.0,2017-11-21 05:17:37,刺网
1644,31.858942444444452,125.5436902222222,5.2,356.0,2017-11-21 05:27:37,刺网
1644,31.87444244444445,125.54377355555556,6.2,2.0,2017-11-21 05:37:37,刺网
1644,31.889525777777767,125.54352355555555,5.2,0.0,2017-11-21 05:47:37,刺网
1644,31.905164666666664,125.54363466666668,5.6,357.0,2017-11-21 05:57:37,刺网
1644,31.90144244444444,125.55377355555555,6.4,180.0,2017-11-21 06:17:37,刺网
1644,31.88447022222222,125.55369022222222,6.3,186.0,2017-11-21 06:27:37,刺网
1644,31.867303555555555,125.55388466666668,6.7,179.0,2017-11-21 06:37:37,刺网
1644,31.849525777777767,125.55366244444444,6.5,188.0,2017-11-21 06:47:36,刺网
1644,31.831914666666666,125.553718,7.5,180.0,2017-11-21 06:57:35,刺网
1644,31.81785911111111,125.55849577777781,5.7,82.0,2017-11-21 07:07:35,刺网
1644,31.83283133333333,125.56199577777778,7.1,354.0,2017-11-21 07:17:35,刺网
1644,31.85110911111111,125.56191244444445,6.0,349.0,2017-11-21 07:27:35,刺网
1644,31.869275777777766,125.56166244444445,6.5,354.0,2017-11-21 07:37:36,刺网
1644,31.887386888888887,125.56180133333334,6.2,356.0,2017-11-21 07:47:36,刺网
1644,31.894942444444442,125.55291244444444,8.1,204.0,2017-11-21 08:07:36,刺网
1644,31.873192444444445,125.543218,8.6,203.0,2017-11-21 08:17:35,刺网
1644,31.852859111111112,125.53635688888888,8.1,225.0,2017-11-21 08:27:34,刺网
1644,31.821498,125.53363466666669,0.5,0.0,2017-11-21 08:47:34,刺网
1644,31.82205355555555,125.53094022222223,0.1,0.0,2017-11-21 08:57:35,刺网
1644,31.827775777777767,125.5279957777778,1.7,335.0,2017-11-21 09:07:35,刺网
1644,31.83438688888889,125.52719022222222,2.5,351.0,2017-11-21 09:17:35,刺网
1644,31.841053555555554,125.526718,2.7,352.0,2017-11-21 09:27:35,刺网
1644,31.848775777777767,125.52560688888887,2.6,1.0,2017-11-21 09:37:34,刺网
1644,31.856248,125.52527355555556,3.4,14.0,2017-11-21 09:47:35,刺网
1644,31.862886888888887,125.52766244444445,2.2,77.0,2017-11-21 09:57:35,刺网
1644,31.87283133333333,125.52760688888893,3.8,321.0,2017-11-21 10:17:35,刺网
1644,31.888748,125.52702355555556,3.2,355.0,2017-11-21 10:37:34,刺网
1644,31.89183133333333,125.53019022222223,0.5,0.0,2017-11-21 10:47:34,刺网
1644,31.893414666666665,125.53391244444445,1.3,51.0,2017-11-21 10:57:35,刺网
1644,31.899275777777767,125.5296068888889,2.0,338.0,2017-11-21 11:07:36,刺网
1644,31.904664666666665,125.52538466666668,5.6,177.0,2017-11-21 11:17:35,刺网
1644,31.90755355555555,125.52544022222223,1.7,131.0,2017-11-21 11:27:35,刺网
1644,31.911386888888888,125.52552355555555,3.2,9.0,2017-11-21 11:37:35,刺网
1644,31.91197022222222,125.52935688888893,2.2,132.0,2017-11-21 11:47:34,刺网
1644,31.907303555555547,125.530718,2.2,199.0,2017-11-21 11:57:34,刺网
1644,31.902942444444445,125.52660688888888,1.8,0.0,2017-11-21 12:07:35,刺网
1644,31.89783133333333,125.52669022222223,1.4,0.0,2017-11-21 12:17:34,刺网
1644,31.892164666666666,125.52807911111113,1.6,162.0,2017-11-21 12:28:02,刺网
1644,31.88702577777777,125.529218,1.7,191.0,2017-11-21 12:37:34,刺网
1644,31.88113688888889,125.52919022222223,1.6,177.0,2017-11-21 12:47:34,刺网
1644,31.875275777777766,125.528218,1.4,194.0,2017-11-21 12:57:34,刺网
1644,31.86938688888889,125.52710688888894,2.2,190.0,2017-11-21 13:07:35,刺网
1644,31.86358133333333,125.52685688888893,2.3,189.0,2017-11-21 13:17:33,刺网
1644,31.857025777777785,125.52774577777778,2.1,170.0,2017-11-21 13:27:34,刺网
1644,31.850498,125.52855133333334,1.9,162.0,2017-11-21 13:37:34,刺网
1644,31.84527577777777,125.53038466666668,2.3,154.0,2017-11-21 13:47:33,刺网
1644,31.83985911111111,125.532718,2.2,160.0,2017-11-21 13:57:33,刺网
1644,31.830998,125.54241244444445,0.2,0.0,2017-11-21 14:17:35,刺网
1644,31.837275777777766,125.5449402222222,3.0,19.0,2017-11-21 14:27:35,刺网
1644,31.84452577777777,125.54524577777778,2.2,354.0,2017-11-21 14:37:34,刺网
1644,31.851164666666666,125.54374577777777,2.6,1.0,2017-11-21 14:47:35,刺网
1644,31.858053555555557,125.54441244444445,2.3,18.0,2017-11-21 14:58:06,刺网
1644,31.864220222222233,125.54488466666668,2.1,353.0,2017-11-21 15:08:06,刺网
1644,31.87035911111111,125.54527355555555,2.9,352.0,2017-11-21 15:18:06,刺网
1644,31.877220222222213,125.54660688888887,2.4,349.0,2017-11-21 15:28:06,刺网
1644,31.883664666666665,125.54816244444444,1.7,334.0,2017-11-21 15:38:04,刺网
1644,31.89033133333333,125.54705133333334,2.5,17.0,2017-11-21 15:48:04,刺网
1644,31.89733133333333,125.54777355555555,2.7,24.0,2017-11-21 15:58:04,刺网
1644,31.90391466666666,125.54677355555555,2.1,340.0,2017-11-21 16:08:33,刺网
1644,31.909498,125.54719022222223,2.1,44.0,2017-11-21 16:18:06,刺网
1644,31.914247999999997,125.53299577777778,7.5,292.0,2017-11-21 16:28:05,刺网
1644,31.918748,125.50891244444445,7.7,280.0,2017-11-21 16:38:05,刺网
1644,31.925525777777786,125.48566244444444,7.4,308.0,2017-11-21 16:48:05,刺网
1644,31.938748,125.46810688888893,6.7,331.0,2017-11-21 16:58:05,刺网
1644,31.95960911111111,125.46352355555555,7.4,346.0,2017-11-21 17:08:04,刺网
1644,31.977109111111112,125.45071800000002,7.3,308.0,2017-11-21 17:18:05,刺网
1644,31.98819244444445,125.43057911111113,6.8,251.0,2017-11-21 17:28:05,刺网
1644,31.987720222222233,125.42202355555555,3.2,14.0,2017-11-21 17:38:05,刺网
1644,31.98647022222222,125.42280133333334,0.9,109.0,2017-11-21 17:48:05,刺网
1644,31.986414666666665,125.42380133333334,2.0,113.0,2017-11-21 17:58:05,刺网
1644,31.98658133333333,125.423718,3.1,121.0,2017-11-21 18:08:05,刺网
1644,31.986497999999997,125.42369022222223,2.7,105.0,2017-11-21 18:18:04,刺网
1644,31.986414666666665,125.42341244444445,0.9,111.0,2017-11-21 18:28:04,刺网
1644,31.986442444444442,125.42305133333336,0.9,118.0,2017-11-21 18:38:04,刺网
1644,31.986442444444442,125.42252355555556,0.8,268.0,2017-11-21 18:48:35,刺网
1644,31.98655355555556,125.42213466666668,0.4,353.0,2017-11-21 18:58:04,刺网
1644,31.986664666666666,125.42191244444444,0.3,0.0,2017-11-21 19:08:03,刺网
1644,31.98683133333333,125.42160688888893,0.7,195.0,2017-11-21 19:18:04,刺网
1644,31.987192444444442,125.42127355555556,0.5,0.0,2017-11-21 19:28:04,刺网
1644,31.987498,125.42110688888893,0.1,0.0,2017-11-21 19:38:04,刺网
1644,31.98766466666667,125.42105133333334,0.4,0.0,2017-11-21 19:48:04,刺网
1644,31.98791466666667,125.4209957777778,0.2,0.0,2017-11-21 19:58:04,刺网
1644,31.988025777777786,125.420968,0.2,0.0,2017-11-21 20:08:05,刺网
1644,31.988220222222232,125.42102355555555,0.2,0.0,2017-11-21 20:18:04,刺网
1644,31.988248,125.4209957777778,0.1,0.0,2017-11-21 20:28:05,刺网
1644,31.988359111111112,125.4209957777778,0.6,103.0,2017-11-21 20:38:05,刺网
1644,31.98844244444444,125.42113466666667,0.6,218.0,2017-11-21 20:48:05,刺网
1644,31.98858133333333,125.42113466666667,0.4,0.0,2017-11-21 20:58:04,刺网
1644,31.988664666666665,125.4211902222222,0.2,0.0,2017-11-21 21:08:05,刺网
1644,31.988664666666665,125.42116244444445,0.9,313.0,2017-11-21 21:18:04,刺网
1644,31.98880355555556,125.42124577777778,0.5,184.0,2017-11-21 21:28:04,刺网
1644,31.98885911111111,125.42130133333336,0.3,0.0,2017-11-21 21:38:04,刺网
1644,31.98894244444445,125.42132911111112,0.4,0.0,2017-11-21 21:48:04,刺网
1644,31.98902577777778,125.42144022222223,0.3,0.0,2017-11-21 21:58:04,刺网
1644,31.98916466666667,125.42155133333335,0.2,0.0,2017-11-21 22:08:33,刺网
1644,31.989192444444445,125.42160688888893,0.2,0.0,2017-11-21 22:18:04,刺网
1644,31.989275777777767,125.42169022222224,0.1,0.0,2017-11-21 22:28:04,刺网
1644,31.989275777777767,125.42163466666668,0.2,0.0,2017-11-21 22:38:05,刺网
1644,31.989331333333336,125.42182911111112,0.1,0.0,2017-11-21 22:48:04,刺网
1644,31.989331333333336,125.42185688888893,0.3,79.0,2017-11-21 22:58:05,刺网
1644,31.989414666666665,125.42202355555555,0.2,0.0,2017-11-21 23:08:03,刺网
1644,31.98947022222222,125.42207911111113,0.5,28.0,2017-11-21 23:18:05,刺网
1644,31.989525777777768,125.42221800000002,0.2,0.0,2017-11-21 23:28:04,刺网
1644,31.989553555555553,125.42238466666667,0.4,0.0,2017-11-21 23:38:04,刺网
1644,31.98958133333333,125.42255133333336,0.1,0.0,2017-11-21 23:48:03,刺网
1644,31.98960911111111,125.42266244444444,0.2,0.0,2017-11-21 23:58:03,刺网
1644,31.98960911111111,125.42280133333334,0.4,0.0,2017-11-22 00:08:04,刺网
1644,31.98960911111111,125.4229957777778,0.0,0.0,2017-11-22 00:18:04,刺网
1644,31.98958133333333,125.42307911111112,0.3,136.0,2017-11-22 00:28:03,刺网
1644,31.989553555555553,125.42324577777781,1.1,223.0,2017-11-22 00:38:03,刺网
1644,31.98963688888889,125.42330133333334,0.7,113.0,2017-11-22 00:48:04,刺网
1644,31.989497999999998,125.42366244444445,1.2,139.0,2017-11-22 00:58:03,刺网
1644,31.989386888888887,125.42380133333334,0.4,0.0,2017-11-22 01:08:03,刺网
1644,31.98930355555556,125.42394022222223,1.0,219.0,2017-11-22 01:18:03,刺网
1644,31.989109111111112,125.42419022222224,0.4,0.0,2017-11-22 01:28:03,刺网
1644,31.98908133333333,125.424218,0.0,0.0,2017-11-22 01:38:03,刺网
1644,31.98894244444445,125.42441244444444,0.7,0.0,2017-11-22 01:48:03,刺网
1644,31.988775777777786,125.42444022222223,0.1,0.0,2017-11-22 01:58:34,刺网
1644,31.988692444444442,125.4244957777778,0.3,99.0,2017-11-22 02:08:04,刺网
1644,31.98858133333333,125.42455133333334,0.1,0.0,2017-11-22 02:18:03,刺网
1644,31.988470222222233,125.42457911111113,0.6,132.0,2017-11-22 02:28:04,刺网
1644,31.988303555555554,125.42466244444445,0.3,98.0,2017-11-22 02:38:03,刺网
1644,31.98805355555556,125.42466244444445,0.1,0.0,2017-11-22 02:48:03,刺网
1644,31.987970222222234,125.4246902222222,0.2,0.0,2017-11-22 02:58:03,刺网
1644,31.987720222222233,125.42466244444445,0.2,0.0,2017-11-22 03:08:04,刺网
1644,31.98763688888889,125.42463466666668,0.1,0.0,2017-11-22 03:18:03,刺网
1644,31.987414666666666,125.42457911111113,0.3,0.0,2017-11-22 03:28:03,刺网
1644,31.98730355555555,125.42452355555555,0.0,0.0,2017-11-22 03:38:03,刺网
1644,31.987164666666665,125.42441244444444,0.0,0.0,2017-11-22 03:48:03,刺网
1644,31.987081333333336,125.42438466666668,0.2,0.0,2017-11-22 03:58:03,刺网
1644,31.986970222222233,125.42427355555556,0.5,0.0,2017-11-22 04:08:34,刺网
1644,31.98691466666667,125.424218,0.8,131.0,2017-11-22 04:18:04,刺网
1644,31.986775777777765,125.42405133333335,0.0,0.0,2017-11-22 04:28:03,刺网
1644,31.986775777777765,125.4239957777778,0.2,0.0,2017-11-22 04:38:02,刺网
1644,31.986664666666666,125.42385688888888,0.1,0.0,2017-11-22 04:48:02,刺网
1644,31.98660911111111,125.42374577777778,0.1,0.0,2017-11-22 04:58:02,刺网
1644,31.98658133333333,125.42363466666669,0.3,0.0,2017-11-22 05:08:02,刺网
1644,31.986525777777786,125.42357911111112,0.3,0.0,2017-11-22 05:18:02,刺网
1644,31.98647022222222,125.42341244444445,0.3,0.0,2017-11-22 05:28:02,刺网
1644,31.988220222222232,125.422718,3.3,29.0,2017-11-22 05:38:02,刺网
1644,31.983525777777785,125.4136068888889,5.7,8.0,2017-11-22 05:48:02,刺网
1644,32.000248000000006,125.4137457777778,5.7,8.0,2017-11-22 05:58:34,刺网
1644,32.01538688888889,125.41338466666667,5.6,357.0,2017-11-22 06:08:02,刺网
1644,32.03152577777778,125.41357911111112,5.8,5.0,2017-11-22 06:18:02,刺网
1644,32.048053555555555,125.41380133333335,5.9,0.0,2017-11-22 06:28:02,刺网
1644,32.06463688888889,125.41363466666668,5.7,357.0,2017-11-22 06:38:02,刺网
1644,32.08135911111112,125.41363466666668,5.9,358.0,2017-11-22 06:48:02,刺网
1644,32.082303555555555,125.421968,6.4,183.0,2017-11-22 06:58:02,刺网
1644,32.06458133333334,125.42202355555555,5.6,187.0,2017-11-22 07:08:02,刺网
1644,32.04669244444445,125.42213466666668,7.0,177.0,2017-11-22 07:18:02,刺网
1644,32.02813688888889,125.42213466666668,6.8,177.0,2017-11-22 07:28:02,刺网
1644,32.00977577777777,125.42216244444445,6.6,176.0,2017-11-22 07:38:02,刺网
1644,31.991747999999998,125.42207911111113,6.7,183.0,2017-11-22 07:48:02,刺网
1644,31.973942444444447,125.42210688888893,5.9,169.0,2017-11-22 07:58:02,刺网
1644,31.98444244444445,125.43035688888894,6.4,355.0,2017-11-22 08:08:34,刺网
1644,32.001748000000006,125.43027355555556,6.6,9.0,2017-11-22 08:18:02,刺网
1644,32.020247999999995,125.43019022222224,6.9,349.0,2017-11-22 08:28:03,刺网
1644,32.03585911111111,125.42816244444445,7.9,212.0,2017-11-22 08:38:02,刺网
1644,32.01483133333333,125.41844022222223,8.5,186.0,2017-11-22 08:48:02,刺网
1644,31.99169244444445,125.41244022222223,8.6,204.0,2017-11-22 08:58:02,刺网
1644,31.97522022222222,125.40691244444444,2.1,341.0,2017-11-22 09:08:03,刺网
1644,31.980497999999997,125.40569022222223,2.0,346.0,2017-11-22 09:18:02,刺网
1644,31.987025777777767,125.4049957777778,2.3,349.0,2017-11-22 09:28:02,刺网
1644,31.994275777777766,125.40313466666667,1.3,331.0,2017-11-22 09:38:02,刺网
1644,32.00110911111111,125.40244022222224,1.7,49.0,2017-11-22 09:48:01,刺网
1644,32.007998,125.40291244444445,2.5,35.0,2017-11-22 09:58:02,刺网
1644,32.01455355555556,125.40682911111116,3.0,71.0,2017-11-22 10:08:02,刺网
1644,32.02008133333334,125.40938466666668,7.1,23.0,2017-11-22 10:18:02,刺网
1644,32.03558133333334,125.4156902222222,1.6,137.0,2017-11-22 10:28:02,刺网
1644,32.02977577777778,125.41419022222223,1.2,0.0,2017-11-22 10:38:03,刺网
1644,32.02372022222223,125.4137457777778,1.8,187.0,2017-11-22 10:48:02,刺网
1644,32.01733133333333,125.412468,1.7,179.0,2017-11-22 10:58:27,刺网
1644,32.01135911111112,125.411218,2.0,178.0,2017-11-22 11:08:02,刺网
1644,32.00544244444445,125.40982911111112,0.5,262.0,2017-11-22 11:18:01,刺网
1644,32.00019244444445,125.40999577777781,2.0,157.0,2017-11-22 11:28:01,刺网
1644,31.99483133333333,125.40991244444444,2.2,110.0,2017-11-22 11:38:01,刺网
1644,31.989497999999998,125.40927355555556,2.1,179.0,2017-11-22 11:48:01,刺网
1644,31.98466466666667,125.40813466666668,1.6,207.0,2017-11-22 11:58:01,刺网
1644,31.982248,125.40302355555555,2.0,264.0,2017-11-22 12:08:01,刺网
1644,31.98660911111111,125.40016244444445,2.0,343.0,2017-11-22 12:18:01,刺网
1644,31.994998,125.39963466666669,3.0,345.0,2017-11-22 12:28:01,刺网
1644,32.003553555555555,125.39888466666667,2.7,2.0,2017-11-22 12:38:01,刺网
1644,32.00930355555556,125.399218,2.8,8.0,2017-11-22 12:48:02,刺网
1644,32.01763688888889,125.40241244444448,2.6,44.0,2017-11-22 12:58:01,刺网
1644,32.017053555555556,125.40930133333336,3.0,156.0,2017-11-22 13:08:02,刺网
1644,32.01652577777778,125.41016244444448,1.4,0.0,2017-11-22 13:18:01,刺网
1644,32.02344244444444,125.40216244444444,5.0,338.0,2017-11-22 13:28:01,刺网
1644,32.028553555555554,125.40513466666668,1.0,0.0,2017-11-22 13:38:01,刺网
1644,32.02230355555556,125.40916244444445,3.0,162.0,2017-11-22 13:48:34,刺网
1644,32.015470222222234,125.41071800000002,1.0,183.0,2017-11-22 13:58:01,刺网
1644,32.02302577777778,125.4059957777778,8.2,331.0,2017-11-22 14:08:02,刺网
1644,32.03313688888889,125.40730133333334,3.1,292.0,2017-11-22 14:18:01,刺网
1644,32.051248,125.39899577777778,8.9,29.0,2017-11-22 14:28:01,刺网
1644,32.05483133333333,125.40177355555555,1.9,123.0,2017-11-22 14:38:02,刺网
1644,32.050248,125.40188466666667,2.2,222.0,2017-11-22 14:48:01,刺网
1644,32.04835911111111,125.4034957777778,1.9,79.0,2017-11-22 14:58:00,刺网
1644,32.046886888888885,125.40419022222223,1.8,163.0,2017-11-22 15:08:00,刺网
1644,32.058192444444444,125.40627355555556,4.5,343.0,2017-11-22 15:18:01,刺网
1644,32.061275777777766,125.40082911111116,2.3,330.0,2017-11-22 15:28:00,刺网
1644,32.068525777777786,125.39963466666669,3.5,7.0,2017-11-22 15:38:00,刺网
1644,32.07530355555557,125.39919022222223,2.0,332.0,2017-11-22 15:48:00,刺网
1644,32.08197022222223,125.39982911111113,2.8,19.0,2017-11-22 15:58:00,刺网
1644,32.08622022222223,125.40032911111112,0.3,0.0,2017-11-22 16:08:27,刺网
1644,32.0836368888889,125.40113466666668,2.5,156.0,2017-11-22 16:18:01,刺网
1644,32.0766368888889,125.40163466666668,3.2,178.0,2017-11-22 16:28:01,刺网
1644,32.06972022222223,125.40088466666668,2.5,190.0,2017-11-22 16:38:09,刺网
1644,32.06288688888889,125.40210688888894,3.4,156.0,2017-11-22 16:48:01,刺网
1644,32.055470222222226,125.40669022222224,2.9,150.0,2017-11-22 16:58:00,刺网
1644,32.04769244444444,125.41110688888894,2.8,163.0,2017-11-22 17:08:03,刺网
1644,32.04116466666667,125.41180133333334,2.9,172.0,2017-11-22 17:18:28,刺网
1644,32.03355355555556,125.41194022222223,3.1,186.0,2017-11-22 17:28:00,刺网
1644,32.02641466666667,125.40991244444444,2.0,189.0,2017-11-22 17:38:01,刺网
1644,32.020192444444454,125.41091244444445,3.2,149.0,2017-11-22 17:48:00,刺网
1644,32.013998,125.41030133333336,2.5,108.0,2017-11-22 17:58:00,刺网
1644,32.01444244444445,125.40832911111113,6.2,310.0,2017-11-22 18:08:00,刺网
1644,32.021998,125.39455133333334,6.1,301.0,2017-11-22 18:18:00,刺网
1644,32.028998,125.38005133333333,4.9,288.0,2017-11-22 18:28:01,刺网
1644,32.035275777777784,125.365968,5.6,309.0,2017-11-22 18:38:01,刺网
1644,32.042748,125.35241244444444,6.0,302.0,2017-11-22 18:48:00,刺网
1644,32.04916466666666,125.33807911111113,6.1,295.0,2017-11-22 18:58:00,刺网
1644,32.053692444444444,125.32177355555555,2.6,274.0,2017-11-22 19:08:00,刺网
1644,32.06083133333333,125.30727355555555,7.1,300.0,2017-11-22 19:18:01,刺网
1644,32.06935911111112,125.29552355555555,5.5,311.0,2017-11-22 19:28:01,刺网
1644,32.07724800000001,125.28452355555555,5.5,325.0,2017-11-22 19:38:01,刺网
1644,32.08544244444445,125.27444022222224,5.2,328.0,2017-11-22 19:48:00,刺网
1644,32.09405355555556,125.26394022222223,4.2,330.0,2017-11-22 19:57:59,刺网
1644,32.103775777777784,125.25369022222222,5.2,322.0,2017-11-22 20:08:27,刺网
1644,32.112636888888886,125.24463466666668,5.4,313.0,2017-11-22 20:18:00,刺网
1644,32.12219244444445,125.23466244444445,4.6,306.0,2017-11-22 20:28:00,刺网
1644,32.13185911111111,125.22538466666668,4.5,324.0,2017-11-22 20:38:00,刺网
1644,32.14130355555556,125.21591244444444,5.2,337.0,2017-11-22 20:47:59,刺网
1644,32.15030355555556,125.20605133333332,4.9,303.0,2017-11-22 20:57:59,刺网
1644,32.15872022222222,125.19752355555555,5.0,311.0,2017-11-22 21:08:00,刺网
1644,32.165914666666666,125.18935688888894,2.3,251.0,2017-11-22 21:17:59,刺网
1644,32.162970222222235,125.18702355555556,0.7,7.0,2017-11-22 21:27:59,刺网
1644,32.16269244444445,125.18721800000002,1.5,341.0,2017-11-22 21:37:59,刺网
1644,32.16230355555556,125.18721800000002,1.2,105.0,2017-11-22 21:47:59,刺网
1644,32.16216466666667,125.1871068888889,1.6,204.0,2017-11-22 21:57:59,刺网
1644,32.162109111111114,125.18685688888893,0.3,0.0,2017-11-22 22:07:59,刺网
1644,32.161775777777784,125.18735688888893,0.7,64.0,2017-11-22 22:18:28,刺网
1644,32.161636888888886,125.18741244444445,1.0,34.0,2017-11-22 22:27:59,刺网
1644,32.161636888888886,125.18713466666668,0.2,0.0,2017-11-22 22:37:59,刺网
1644,32.16166466666667,125.18707911111113,0.2,0.0,2017-11-22 22:47:59,刺网
1644,32.161636888888886,125.18705133333334,0.6,210.0,2017-11-22 22:57:59,刺网
1644,32.16166466666667,125.18730133333334,0.3,0.0,2017-11-22 23:08:00,刺网
1644,32.161636888888886,125.187468,0.8,318.0,2017-11-22 23:17:59,刺网
1644,32.16166466666667,125.18744022222224,0.4,0.0,2017-11-22 23:28:00,刺网
1644,32.16169244444445,125.18780133333334,1.2,131.0,2017-11-22 23:38:00,刺网
1644,32.16172022222222,125.18791244444445,1.6,109.0,2017-11-22 23:48:00,刺网
1644,32.161748,125.18821800000002,0.8,314.0,2017-11-22 23:57:59,刺网
1644,32.16172022222222,125.18785688888887,0.3,0.0,2017-11-23 00:08:00,刺网
1644,32.16160911111111,125.18749577777781,0.9,76.0,2017-11-23 00:17:59,刺网
1644,32.16166466666667,125.18782911111113,1.9,251.0,2017-11-23 00:28:00,刺网
1644,32.16169244444445,125.18802355555556,0.6,17.0,2017-11-23 00:38:28,刺网
1644,32.16183133333333,125.188468,0.4,0.0,2017-11-23 00:47:59,刺网
1644,32.16183133333333,125.18832911111113,0.6,246.0,2017-11-23 00:58:00,刺网
1644,32.161748,125.18816244444444,1.6,158.0,2017-11-23 01:08:00,刺网
1644,32.161970222222216,125.18838466666668,0.9,5.0,2017-11-23 01:17:58,刺网
1644,32.16194244444444,125.18869022222222,0.5,257.0,2017-11-23 01:27:58,刺网
1644,32.161970222222216,125.188718,0.5,198.0,2017-11-23 01:37:59,刺网
1644,32.16191466666667,125.18855133333334,0.8,10.0,2017-11-23 01:47:58,刺网
1644,32.16194244444444,125.18866244444445,0.4,0.0,2017-11-23 01:57:58,刺网
1644,32.161998,125.18877355555556,0.5,0.0,2017-11-23 02:07:59,刺网
1644,32.162109111111114,125.18894022222223,1.2,84.0,2017-11-23 02:17:59,刺网
1644,32.16205355555555,125.188968,0.6,0.0,2017-11-23 02:27:58,刺网
1644,32.16233133333333,125.18944022222223,1.9,97.0,2017-11-23 02:47:59,刺网
1644,32.16233133333333,125.189468,1.6,90.0,2017-11-23 02:57:58,刺网
1644,32.16241466666667,125.18938466666668,1.2,108.0,2017-11-23 03:07:59,刺网
1644,32.16227577777778,125.18924577777778,2.4,30.0,2017-11-23 03:17:59,刺网
1644,32.162109111111114,125.18902355555555,0.2,0.0,2017-11-23 03:28:10,刺网
1644,32.162109111111114,125.18916244444445,0.6,0.0,2017-11-23 03:37:59,刺网
1644,32.162109111111114,125.18913466666667,3.1,117.0,2017-11-23 03:47:58,刺网
1644,32.16219244444445,125.18916244444445,0.6,139.0,2017-11-23 03:57:59,刺网
1644,32.16252577777778,125.18930133333332,0.6,0.0,2017-11-23 04:08:09,刺网
1644,32.16194244444444,125.18902355555555,0.3,0.0,2017-11-23 04:17:58,刺网
1644,32.16185911111111,125.18885688888888,0.4,0.0,2017-11-23 04:27:59,刺网
1644,32.16169244444445,125.18855133333334,1.9,254.0,2017-11-23 04:37:58,刺网
1644,32.16169244444445,125.18852355555555,0.3,0.0,2017-11-23 04:47:58,刺网
1644,32.161748,125.18866244444445,0.4,0.0,2017-11-23 04:57:58,刺网
1644,32.16188688888889,125.18866244444445,0.5,0.0,2017-11-23 05:08:11,刺网
1644,32.16183133333333,125.18860688888893,0.6,81.0,2017-11-23 05:17:59,刺网
1644,32.16183133333333,125.18863466666667,0.9,0.0,2017-11-23 05:27:58,刺网
1644,32.16180355555556,125.18838466666668,2.0,65.0,2017-11-23 05:37:59,刺网
1644,32.16172022222222,125.18824577777781,0.5,0.0,2017-11-23 05:48:11,刺网
1644,32.16172022222222,125.18832911111113,0.7,0.0,2017-11-23 05:57:59,刺网
1644,32.161748,125.18835688888893,2.7,95.0,2017-11-23 06:07:58,刺网
1644,32.162248000000005,125.18791244444445,2.1,293.0,2017-11-23 06:17:59,刺网
1644,32.16258133333333,125.18727355555555,2.7,226.0,2017-11-23 06:27:58,刺网
1644,32.170970222222216,125.18877355555556,2.4,349.0,2017-11-23 06:37:58,刺网
1644,32.181942444444445,125.18877355555556,2.2,32.0,2017-11-23 06:47:58,刺网
1644,32.19313688888889,125.18874577777778,4.9,11.0,2017-11-23 06:57:58,刺网
1644,32.20513688888889,125.18877355555556,4.2,15.0,2017-11-23 07:08:10,刺网
1644,32.21688688888889,125.18869022222222,4.5,8.0,2017-11-23 07:17:58,刺网
1644,32.22824800000001,125.188468,5.0,2.0,2017-11-23 07:27:58,刺网
1644,32.22872022222222,125.17832911111113,6.2,188.0,2017-11-23 07:37:58,刺网
1644,32.212303555555565,125.17857911111112,5.6,173.0,2017-11-23 07:47:58,刺网
1644,32.196692444444444,125.17880133333335,6.4,162.0,2017-11-23 07:57:58,刺网
1644,32.17891466666667,125.18030133333336,9.2,151.0,2017-11-23 08:08:11,刺网
1644,32.155331333333336,125.18769022222223,10.3,168.0,2017-11-23 08:17:58,刺网
1644,32.153498,125.18738466666667,1.4,304.0,2017-11-23 08:27:58,刺网
1644,32.15388688888889,125.18605133333334,3.0,350.0,2017-11-23 08:37:57,刺网
1644,32.159692444444445,125.186718,2.4,301.0,2017-11-23 08:47:58,刺网
1644,32.165553555555555,125.18641244444444,2.2,28.0,2017-11-23 08:57:57,刺网
1644,32.168053555555545,125.18488466666668,2.7,328.0,2017-11-23 09:07:58,刺网
1644,32.17522022222221,125.18444022222224,2.4,301.0,2017-11-23 09:17:57,刺网
1644,32.17955355555556,125.17952355555555,2.6,179.0,2017-11-23 09:27:58,刺网
1644,32.17538688888889,125.17669022222223,1.5,217.0,2017-11-23 09:37:58,刺网
1644,32.17183133333333,125.17377355555556,3.4,195.0,2017-11-23 09:47:57,刺网
1644,32.168498,125.16994022222224,1.5,346.0,2017-11-23 09:57:57,刺网
1644,32.170081333333336,125.17757911111113,1.7,359.0,2017-11-23 10:07:57,刺网
1644,32.176636888888886,125.1777457777778,0.6,0.0,2017-11-23 10:17:58,刺网
1644,32.183581333333336,125.17752355555555,3.0,3.0,2017-11-23 10:28:09,刺网
1644,32.190359111111114,125.17680133333334,3.2,9.0,2017-11-23 10:37:58,刺网
1644,32.19666466666666,125.17616244444444,2.3,41.0,2017-11-23 10:47:57,刺网
1644,32.201470222222234,125.17280133333334,3.9,289.0,2017-11-23 10:57:57,刺网
1644,32.20760911111112,125.17263466666668,1.3,347.0,2017-11-23 11:07:58,刺网
1644,32.210914666666675,125.16638466666667,3.5,310.0,2017-11-23 11:17:57,刺网
1644,32.21624800000001,125.15916244444445,2.4,301.0,2017-11-23 11:27:57,刺网
1644,32.214720222222226,125.15138466666669,3.5,182.0,2017-11-23 11:37:57,刺网
1644,32.20977577777778,125.15388466666668,1.2,124.0,2017-11-23 11:47:56,刺网
1644,32.204914666666674,125.15749577777781,2.0,135.0,2017-11-23 11:57:56,刺网
1644,32.19991466666667,125.16221800000002,2.2,159.0,2017-11-23 12:07:57,刺网
1644,32.19513688888889,125.16466244444445,1.1,166.0,2017-11-23 12:18:10,刺网
1644,32.19127577777777,125.16532911111112,2.5,218.0,2017-11-23 12:27:56,刺网
1644,32.18813688888889,125.16255133333334,0.6,217.0,2017-11-23 12:37:56,刺网
1644,32.17258133333333,125.1504957777778,7.6,204.0,2017-11-23 12:47:56,刺网
1644,32.155970222222216,125.13677355555555,6.6,233.0,2017-11-23 12:57:56,刺网
1644,32.13860911111112,125.125218,8.0,208.0,2017-11-23 13:07:58,刺网
1644,32.120220222222216,125.11374577777778,7.5,200.0,2017-11-23 13:17:57,刺网
1644,32.10258133333334,125.10094022222222,6.6,206.0,2017-11-23 13:27:57,刺网
1644,32.087053555555556,125.088718,1.2,327.0,2017-11-23 13:37:57,刺网
1644,32.08819244444445,125.08980133333333,0.6,33.0,2017-11-23 13:47:57,刺网
1644,32.08852577777778,125.089718,1.5,169.0,2017-11-23 13:57:57,刺网
1644,32.08852577777778,125.08977355555555,0.9,11.0,2017-11-23 14:07:56,刺网
1644,32.0886368888889,125.08966244444444,0.7,243.0,2017-11-23 14:17:57,刺网
1644,32.088498,125.08985688888887,0.8,71.0,2017-11-23 14:27:58,刺网
1644,32.088303555555555,125.09010688888893,1.3,156.0,2017-11-23 14:37:57,刺网
1644,32.088025777777794,125.09024577777778,0.8,109.0,2017-11-23 14:47:57,刺网
1644,32.08783133333333,125.09027355555556,0.1,0.0,2017-11-23 14:57:58,刺网
1644,32.08763688888889,125.09035688888888,1.4,17.0,2017-11-23 15:07:56,刺网
1644,32.08758133333334,125.09035688888888,0.1,0.0,2017-11-23 15:18:09,刺网
1644,32.08735911111112,125.09035688888888,1.4,55.0,2017-11-23 15:27:57,刺网
1644,32.08724800000001,125.09038466666668,1.6,5.0,2017-11-23 15:37:56,刺网
1644,32.08727577777778,125.09038466666668,0.3,0.0,2017-11-23 15:47:58,刺网
1644,32.08710911111111,125.09038466666668,1.9,107.0,2017-11-23 15:57:58,刺网
1644,32.08710911111111,125.09038466666668,1.0,65.0,2017-11-23 16:17:57,刺网
1644,32.08708133333334,125.09035688888888,1.7,264.0,2017-11-23 16:27:56,刺网
1644,32.086998,125.09038466666668,0.3,0.0,2017-11-23 16:37:56,刺网
1644,32.08694244444445,125.09035688888888,0.5,0.0,2017-11-23 16:47:57,刺网
1644,32.086831333333336,125.09030133333334,1.4,95.0,2017-11-23 16:57:57,刺网
1644,32.086859111111124,125.09032911111113,1.8,140.0,2017-11-23 17:07:56,刺网
1644,32.08677577777778,125.09024577777778,0.7,309.0,2017-11-23 17:17:56,刺网
1644,32.0866368888889,125.09019022222223,1.0,76.0,2017-11-23 17:27:56,刺网
1644,32.0866368888889,125.09016244444445,0.5,0.0,2017-11-23 17:37:56,刺网
1644,32.0866368888889,125.09007911111112,1.0,0.0,2017-11-23 17:47:56,刺网
1644,32.08649800000001,125.09010688888893,0.5,0.0,2017-11-23 17:57:57,刺网
1644,32.08655355555556,125.09007911111112,0.7,0.0,2017-11-23 18:07:55,刺网
1644,32.08649800000001,125.089968,0.3,0.0,2017-11-23 18:17:57,刺网
1644,32.086386888888896,125.08982911111113,0.8,134.0,2017-11-23 18:27:56,刺网
1644,32.08635911111112,125.08988466666668,0.6,269.0,2017-11-23 18:38:12,刺网
1644,32.08633133333334,125.08985688888887,0.6,93.0,2017-11-23 18:47:57,刺网
1644,32.08630355555556,125.08982911111113,1.0,197.0,2017-11-23 18:57:55,刺网
1644,32.08641466666668,125.089968,0.7,121.0,2017-11-23 19:07:55,刺网
1644,32.08635911111112,125.08991244444445,0.5,0.0,2017-11-23 19:17:57,刺网
1644,32.08622022222223,125.08980133333333,0.7,42.0,2017-11-23 19:27:57,刺网
1644,32.08633133333334,125.0899402222222,0.4,0.0,2017-11-23 19:37:55,刺网
1644,32.086248000000005,125.08982911111113,0.7,0.0,2017-11-23 19:47:56,刺网
1644,32.08608133333334,125.08963466666668,0.3,0.0,2017-11-23 19:57:57,刺网
1644,32.08608133333334,125.08957911111106,0.1,0.0,2017-11-23 20:07:55,刺网
1644,32.085998000000004,125.089468,0.6,28.0,2017-11-23 20:18:10,刺网
1644,32.08605355555556,125.08952355555556,0.9,193.0,2017-11-23 20:27:56,刺网
1644,32.086025777777785,125.089468,0.3,0.0,2017-11-23 20:37:57,刺网
1644,32.085998000000004,125.08938466666666,0.6,125.0,2017-11-23 20:47:56,刺网
1644,32.08594244444445,125.08927355555555,0.2,0.0,2017-11-23 20:57:56,刺网
1644,32.086025777777785,125.08938466666666,0.8,345.0,2017-11-23 21:07:56,刺网
1644,32.086025777777785,125.08941244444445,0.9,0.0,2017-11-23 21:17:56,刺网
1644,32.08605355555556,125.08938466666666,0.5,259.0,2017-11-23 21:27:56,刺网
1644,32.08613688888889,125.08952355555556,1.0,210.0,2017-11-23 21:38:01,刺网
1644,32.08619244444445,125.08960688888894,0.3,0.0,2017-11-23 21:47:55,刺网
1644,32.086386888888896,125.08985688888887,1.1,14.0,2017-11-23 21:57:56,刺网
1644,32.08666466666667,125.09013466666669,0.8,147.0,2017-11-23 22:08:11,刺网
1644,32.086831333333336,125.090218,0.1,0.0,2017-11-23 22:17:54,刺网
1644,32.086720222222226,125.09016244444445,0.7,7.0,2017-11-23 22:27:54,刺网
1644,32.08677577777778,125.090218,0.6,0.0,2017-11-23 22:37:55,刺网
1644,32.08710911111111,125.09032911111113,0.5,166.0,2017-11-23 22:47:55,刺网
1644,32.08655355555556,125.09005133333334,0.4,0.0,2017-11-23 22:57:54,刺网
1644,32.08694244444445,125.09032911111113,0.6,0.0,2017-11-23 23:07:55,刺网
1644,32.086803555555555,125.09024577777778,1.3,85.0,2017-11-23 23:17:54,刺网
1644,32.087053555555556,125.09032911111113,1.9,16.0,2017-11-23 23:27:56,刺网
1644,32.087220222222236,125.09038466666668,1.8,356.0,2017-11-23 23:37:56,刺网
1644,32.087303555555565,125.09041244444445,1.1,342.0,2017-11-23 23:47:54,刺网
1644,32.08727577777778,125.09038466666668,1.4,105.0,2017-11-23 23:57:55,刺网
1644,32.08733133333334,125.09041244444445,1.5,20.0,2017-11-24 00:07:55,刺网
1644,32.08727577777778,125.09041244444445,1.2,52.0,2017-11-24 00:17:55,刺网
1644,32.08758133333334,125.09041244444445,2.0,190.0,2017-11-24 00:28:29,刺网
1644,32.08791466666667,125.09035688888888,0.4,128.0,2017-11-24 00:37:54,刺网
1644,32.087970222222225,125.09032911111113,0.9,337.0,2017-11-24 00:47:55,刺网
1644,32.08788688888889,125.09035688888888,0.5,7.0,2017-11-24 00:57:55,刺网
1644,32.08780355555556,125.09035688888888,0.1,0.0,2017-11-24 01:07:55,刺网
1644,32.08772022222223,125.09038466666668,1.0,195.0,2017-11-24 01:17:55,刺网
1644,32.08791466666667,125.09032911111113,0.4,8.0,2017-11-24 01:27:56,刺网
1644,32.08780355555556,125.09035688888888,0.5,275.0,2017-11-24 01:37:56,刺网
1644,32.08783133333333,125.09035688888888,1.1,25.0,2017-11-24 01:47:56,刺网
1644,32.08772022222223,125.09038466666668,0.4,0.0,2017-11-24 01:57:55,刺网
1644,32.08772022222223,125.09038466666668,1.1,35.0,2017-11-24 02:07:55,刺网
1644,32.08769244444445,125.09041244444445,2.6,183.0,2017-11-24 02:17:55,刺网
1644,32.087609111111114,125.09044022222223,0.3,0.0,2017-11-24 02:27:56,刺网
1644,32.087498000000004,125.09044022222223,1.2,176.0,2017-11-24 02:37:56,刺网
1644,32.08738688888889,125.09044022222223,2.7,178.0,2017-11-24 02:47:55,刺网
1644,32.087498000000004,125.090468,0.8,74.0,2017-11-24 02:57:54,刺网
1644,32.087414666666675,125.090468,0.6,155.0,2017-11-24 03:07:54,刺网
1644,32.08724800000001,125.0904957777778,0.5,0.0,2017-11-24 03:17:54,刺网
1644,32.087303555555565,125.09038466666668,0.5,0.0,2017-11-24 03:27:55,刺网
1644,32.087053555555556,125.09041244444445,0.5,0.0,2017-11-24 03:37:55,刺网
1644,32.086970222222234,125.09041244444445,1.0,133.0,2017-11-24 03:47:55,刺网
1644,32.08708133333334,125.09038466666668,1.5,0.0,2017-11-24 03:57:55,刺网
1644,32.08688688888889,125.09032911111113,0.5,177.0,2017-11-24 04:08:10,刺网
1644,32.086998,125.09038466666668,0.3,0.0,2017-11-24 04:17:54,刺网
1644,32.08691466666667,125.09032911111113,1.0,146.0,2017-11-24 04:27:54,刺网
1644,32.08677577777778,125.09030133333334,1.0,13.0,2017-11-24 04:37:54,刺网
1644,32.08577577777778,125.092218,1.2,151.0,2017-11-24 04:47:54,刺网
1644,32.08480355555556,125.09410688888887,2.3,89.0,2017-11-24 04:57:55,刺网
1644,32.08358133333334,125.09602355555555,0.3,0.0,2017-11-24 05:07:54,刺网
1644,32.08260911111111,125.09755133333331,1.4,151.0,2017-11-24 05:17:55,刺网
1644,32.08124800000001,125.09932911111113,0.9,0.0,2017-11-24 05:27:55,刺网
1644,32.079803555555564,125.10138466666668,1.8,125.0,2017-11-24 05:37:54,刺网
1644,32.07877577777778,125.10277355555556,1.5,0.0,2017-11-24 05:47:55,刺网
1644,32.07722022222223,125.104218,0.8,0.0,2017-11-24 05:57:54,刺网
1644,32.07494244444445,125.10477355555555,8.1,148.0,2017-11-24 06:07:55,刺网
1644,32.072053555555556,125.10707911111106,4.3,17.0,2017-11-24 06:17:55,刺网
1644,32.08616466666667,125.10694022222224,3.2,356.0,2017-11-24 06:27:54,刺网
1644,32.09919244444445,125.10702355555556,4.5,14.0,2017-11-24 06:37:53,刺网
1644,32.11166466666667,125.10707911111106,4.2,6.0,2017-11-24 06:47:54,刺网
1644,32.12613688888889,125.10705133333332,4.3,0.0,2017-11-24 06:58:12,刺网
1644,32.12988688888889,125.10038466666668,5.0,197.0,2017-11-24 07:07:54,刺网
1644,32.114275777777785,125.10041244444444,4.9,163.0,2017-11-24 07:17:54,刺网
1644,32.098720222222234,125.10032911111112,6.7,174.0,2017-11-24 07:27:55,刺网
1644,32.08277577777778,125.10052355555555,5.3,188.0,2017-11-24 07:37:54,刺网
1644,32.08116466666667,125.0936902222222,5.2,0.0,2017-11-24 07:47:53,刺网
1644,32.09538688888889,125.09374577777777,3.6,344.0,2017-11-24 07:58:11,刺网
1644,32.10874800000001,125.09391244444444,5.4,355.0,2017-11-24 08:07:55,刺网
1644,32.12233133333333,125.09363466666667,3.0,348.0,2017-11-24 08:17:54,刺网
1644,32.136053555555556,125.09357911111113,5.0,4.0,2017-11-24 08:27:55,刺网
1644,32.13252577777778,125.08705133333332,5.5,193.0,2017-11-24 08:37:54,刺网
1644,32.11683133333334,125.08685688888887,5.6,190.0,2017-11-24 08:47:53,刺网
1644,32.10135911111111,125.08666244444444,5.7,186.0,2017-11-24 08:57:53,刺网
1644,32.08585911111112,125.08677355555555,5.7,167.0,2017-11-24 09:07:53,刺网
1644,32.06910911111112,125.08766244444445,8.0,152.0,2017-11-24 09:17:53,刺网
1644,32.059748,125.09460688888888,0.6,174.0,2017-11-24 09:27:52,刺网
1644,32.065525777777786,125.09630133333334,3.5,355.0,2017-11-24 09:37:53,刺网
1644,32.057775777777785,125.09205133333332,8.6,175.0,2017-11-24 09:47:52,刺网
1644,32.06108133333333,125.08807911111113,3.0,322.0,2017-11-24 09:57:52,刺网
1644,32.066386888888886,125.08577355555555,1.1,273.0,2017-11-24 10:08:10,刺网
1644,32.05194244444444,125.0972457777778,8.2,164.0,2017-11-24 10:17:54,刺网
1644,32.03972022222222,125.10544022222223,1.2,39.0,2017-11-24 10:27:53,刺网
1644,32.04585911111111,125.10394022222222,3.2,342.0,2017-11-24 10:37:54,刺网
1644,32.05010911111111,125.10427355555555,1.7,1.0,2017-11-24 10:47:53,刺网
1644,32.049470222222226,125.104718,0.5,0.0,2017-11-24 10:57:54,刺网
1644,32.05372022222222,125.100468,0.5,0.0,2017-11-24 11:07:52,刺网
1644,32.05402577777778,125.09799577777778,2.4,311.0,2017-11-24 11:17:52,刺网
1644,32.060859111111114,125.097968,3.2,348.0,2017-11-24 11:27:52,刺网
1644,32.067581333333344,125.09730133333332,0.4,0.0,2017-11-24 11:37:52,刺网
1644,32.07360911111112,125.09716244444445,1.4,69.0,2017-11-24 11:47:54,刺网
1644,32.08088688888889,125.09377355555556,3.5,355.0,2017-11-24 11:57:54,刺网
1644,32.08727577777778,125.094718,2.3,7.0,2017-11-24 12:08:12,刺网
1644,32.09335911111112,125.0894402222222,4.0,339.0,2017-11-24 12:17:54,刺网
1644,32.10122022222223,125.08660688888894,3.2,4.0,2017-11-24 12:27:54,刺网
1644,32.10685911111111,125.08216244444445,2.3,299.0,2017-11-24 12:37:52,刺网
1644,32.104553555555555,125.07699577777778,2.1,195.0,2017-11-24 12:47:52,刺网
1644,32.09933133333333,125.08010688888888,2.8,185.0,2017-11-24 12:57:54,刺网
1644,32.093414666666675,125.07938466666668,1.8,188.0,2017-11-24 13:07:54,刺网
1644,32.087748000000005,125.07985688888887,3.1,149.0,2017-11-24 13:17:54,刺网
1644,32.08180355555556,125.08210688888893,1.8,179.0,2017-11-24 13:27:52,刺网
1644,32.0776368888889,125.08327355555555,0.7,229.0,2017-11-24 13:37:52,刺网
1644,32.073692444444454,125.0791902222222,2.0,177.0,2017-11-24 13:47:54,刺网
1644,32.07899800000001,125.07882911111112,2.3,12.0,2017-11-24 13:57:51,刺网
1644,32.08744244444445,125.07513466666668,3.8,345.0,2017-11-24 14:07:51,刺网
1644,32.094664666666674,125.069468,3.6,320.0,2017-11-24 14:17:53,刺网
1644,32.102609111111114,125.065718,3.0,337.0,2017-11-24 14:27:53,刺网
1644,32.11166466666667,125.06435688888894,2.4,9.0,2017-11-24 14:37:53,刺网
1644,32.12047022222223,125.06552355555556,3.9,14.0,2017-11-24 14:47:51,刺网
1644,32.128498,125.068468,3.7,19.0,2017-11-24 14:57:53,刺网
1644,32.13666466666667,125.07066244444445,2.8,4.0,2017-11-24 15:07:53,刺网
1644,32.13313688888889,125.06727355555556,1.3,194.0,2017-11-24 15:18:12,刺网
1644,32.12733133333334,125.06438466666668,3.2,173.0,2017-11-24 15:27:52,刺网
1644,32.122025777777786,125.06327355555555,2.5,190.0,2017-11-24 15:37:53,刺网
1644,32.115164666666665,125.06316244444444,1.3,88.0,2017-11-24 15:47:53,刺网
1644,32.108609111111114,125.06380133333334,2.4,183.0,2017-11-24 15:57:51,刺网
1644,32.101803555555556,125.06538466666667,2.7,177.0,2017-11-24 16:07:52,刺网
1644,32.094692444444455,125.06866244444444,2.8,169.0,2017-11-24 16:17:53,刺网
1644,32.088025777777794,125.07266244444445,3.4,141.0,2017-11-24 16:27:53,刺网
1644,32.08110911111112,125.0749402222222,2.9,165.0,2017-11-24 16:37:52,刺网
1644,32.075414666666674,125.07785688888887,4.0,128.0,2017-11-24 16:47:51,刺网
1644,32.098248000000005,125.0491902222222,7.1,327.0,2017-11-24 17:07:53,刺网
1644,32.113109111111115,125.03505133333334,5.9,314.0,2017-11-24 17:17:51,刺网
1644,32.12788688888889,125.02091244444445,5.8,322.0,2017-11-24 17:27:53,刺网
1644,32.144359111111115,125.00780133333336,6.9,325.0,2017-11-24 17:38:11,刺网
1644,32.158970222222216,124.99444022222224,6.8,327.0,2017-11-24 17:47:51,刺网
1644,32.172136888888886,124.97899577777778,7.3,323.0,2017-11-24 17:57:53,刺网
1644,32.186303555555554,124.96444022222224,6.4,323.0,2017-11-24 18:07:53,刺网
1644,32.20085911111112,124.95091244444444,6.9,329.0,2017-11-24 18:17:52,刺网
1644,32.215053555555556,124.93794022222224,7.3,324.0,2017-11-24 18:27:51,刺网
1644,32.23074800000001,124.92549577777778,7.9,332.0,2017-11-24 18:37:52,刺网
1644,32.24616466666667,124.91310688888893,7.1,332.0,2017-11-24 18:47:51,刺网
1644,32.26216466666667,124.90077355555556,7.0,323.0,2017-11-24 18:57:53,刺网
1644,32.27702577777778,124.8887457777778,6.8,320.0,2017-11-24 19:07:51,刺网
1644,32.29272022222222,124.87757911111107,5.2,332.0,2017-11-24 19:17:50,刺网
1644,32.30860911111111,124.86580133333332,6.4,334.0,2017-11-24 19:28:12,刺网
1644,32.32310911111112,124.85524577777777,6.3,332.0,2017-11-24 19:37:52,刺网
1644,32.338581333333345,124.84410688888887,4.9,330.0,2017-11-24 19:47:52,刺网
1644,32.35408133333334,124.83355133333332,6.8,332.0,2017-11-24 19:57:52,刺网
1644,32.369720222222234,124.822468,5.2,323.0,2017-11-24 20:07:51,刺网
1644,32.38485911111111,124.81094022222223,5.1,330.0,2017-11-24 20:17:50,刺网
1644,32.40019244444445,124.7991902222222,7.0,329.0,2017-11-24 20:27:51,刺网
1644,32.416498,124.787718,6.9,326.0,2017-11-24 20:37:52,刺网
1644,32.43313688888889,124.77566244444445,6.7,329.0,2017-11-24 20:47:52,刺网
1644,32.44974800000001,124.76416244444445,6.6,329.0,2017-11-24 20:57:51,刺网
1644,32.46619244444445,124.75174577777778,7.2,326.0,2017-11-24 21:07:52,刺网
1644,32.482553555555555,124.7396902222222,6.1,324.0,2017-11-24 21:17:51,刺网
1644,32.49844244444444,124.72682911111113,6.2,329.0,2017-11-24 21:27:51,刺网
1644,32.514970222222225,124.71527355555556,7.0,334.0,2017-11-24 21:37:51,刺网
1644,32.531970222222235,124.70332911111113,7.5,333.0,2017-11-24 21:47:51,刺网
1644,32.549248,124.68955133333334,7.1,316.0,2017-11-24 21:57:52,刺网
1644,32.56683133333334,124.67444022222223,7.8,320.0,2017-11-24 22:08:10,刺网
1644,32.58394244444445,124.66091244444445,7.6,323.0,2017-11-24 22:17:51,刺网
1644,32.600775777777784,124.64516244444448,8.1,328.0,2017-11-24 22:27:51,刺网
1644,32.61769244444445,124.62863466666668,8.2,318.0,2017-11-24 22:37:51,刺网
1644,32.634692444444454,124.61274577777776,6.8,321.0,2017-11-24 22:47:51,刺网
1644,32.64602577777778,124.59102355555555,8.5,284.0,2017-11-24 22:57:51,刺网
1644,32.65508133333333,124.568718,7.0,359.0,2017-11-24 23:07:51,刺网
1644,32.676386888888885,124.56766244444445,7.4,350.0,2017-11-24 23:17:51,刺网
1644,32.69216466666666,124.56385688888888,0.9,216.0,2017-11-24 23:27:50,刺网
1644,32.691720222222216,124.56260688888894,0.2,0.0,2017-11-24 23:37:51,刺网
1644,32.69235911111111,124.56221800000002,0.9,142.0,2017-11-24 23:47:51,刺网
1644,32.69272022222222,124.56219022222223,0.7,90.0,2017-11-24 23:57:51,刺网
1644,32.69305355555555,124.56221800000002,1.6,23.0,2017-11-25 00:07:51,刺网
1644,32.69327577777778,124.56232911111113,0.7,0.0,2017-11-25 00:17:51,刺网
1644,32.69360911111111,124.56257911111106,1.0,227.0,2017-11-25 00:28:11,刺网
1644,32.69344244444444,124.56252355555556,0.6,212.0,2017-11-25 00:37:50,刺网
1644,32.693775777777766,124.56305133333336,0.2,0.0,2017-11-25 00:47:50,刺网
1644,32.69366466666666,124.5629957777778,0.4,211.0,2017-11-25 00:57:50,刺网
1644,32.69388688888889,124.56335688888888,0.4,214.0,2017-11-25 01:07:50,刺网
1644,32.69394244444445,124.56319022222222,0.2,0.0,2017-11-25 01:17:50,刺网
1644,32.693748,124.56338466666666,0.7,75.0,2017-11-25 01:27:50,刺网
1644,32.693970222222234,124.563468,0.5,85.0,2017-11-25 01:37:50,刺网
1644,32.693998,124.563468,1.1,270.0,2017-11-25 01:47:51,刺网
1644,32.69388688888889,124.56355133333334,0.4,135.0,2017-11-25 01:57:50,刺网
1644,32.693998,124.56366244444445,0.2,0.0,2017-11-25 02:07:51,刺网
1644,32.694053555555556,124.56382911111113,0.6,0.0,2017-11-25 02:17:50,刺网
1644,32.69408133333334,124.5641902222222,0.6,0.0,2017-11-25 02:27:50,刺网
1644,32.69394244444445,124.56457911111113,0.4,47.0,2017-11-25 02:37:51,刺网
1644,32.693859111111124,124.56469022222224,0.5,0.0,2017-11-25 02:47:51,刺网
1644,32.693859111111124,124.56480133333334,0.6,70.0,2017-11-25 02:57:51,刺网
1644,32.693748,124.56502355555556,0.0,0.0,2017-11-25 03:07:51,刺网
1644,32.693692444444444,124.56502355555556,0.7,0.0,2017-11-25 03:17:51,刺网
1644,32.69366466666666,124.56502355555556,1.0,132.0,2017-11-25 03:27:50,刺网
1644,32.69344244444444,124.56530133333334,0.5,0.0,2017-11-25 03:37:51,刺网
1644,32.69333133333333,124.56532911111113,0.2,0.0,2017-11-25 03:47:51,刺网
1644,32.693359111111114,124.56535688888887,0.5,105.0,2017-11-25 03:57:50,刺网
1644,32.69316466666666,124.56544022222224,0.6,137.0,2017-11-25 04:17:51,刺网
1644,32.693109111111106,124.56544022222224,0.1,0.0,2017-11-25 04:27:50,刺网
1644,32.69297022222222,124.56549577777778,0.2,0.0,2017-11-25 04:37:51,刺网
1644,32.69294244444444,124.56549577777778,0.1,0.0,2017-11-25 04:47:51,刺网
1644,32.69297022222222,124.56549577777778,1.7,186.0,2017-11-25 04:57:51,刺网
1644,32.692886888888886,124.56552355555556,0.7,121.0,2017-11-25 05:07:51,刺网
1644,32.69283133333333,124.56552355555556,0.9,265.0,2017-11-25 05:17:50,刺网
1644,32.69285911111111,124.56552355555556,0.6,305.0,2017-11-25 05:27:51,刺网
1644,32.692442444444445,124.56444022222223,1.9,299.0,2017-11-25 05:37:51,刺网
1644,32.70724800000001,124.56238466666667,7.7,348.0,2017-11-25 05:47:51,刺网
1644,32.69063688888889,124.56232911111113,6.1,357.0,2017-11-25 05:57:50,刺网
1644,32.70677577777778,124.56255133333332,4.6,5.0,2017-11-25 06:07:49,刺网
1644,32.72274800000001,124.56238466666667,6.0,8.0,2017-11-25 06:17:50,刺网
1644,32.73877577777778,124.56241244444445,5.8,0.0,2017-11-25 06:27:49,刺网
1644,32.754859111111124,124.56232911111113,6.3,1.0,2017-11-25 06:37:49,刺网
1644,32.77088688888889,124.5624402222222,6.0,1.0,2017-11-25 06:47:50,刺网
1644,32.786775777777784,124.56269022222223,5.1,358.0,2017-11-25 06:57:49,刺网
1644,32.79083133333334,124.555468,6.3,168.0,2017-11-25 07:08:12,刺网
1644,32.774998000000004,124.55560688888887,5.0,189.0,2017-11-25 07:17:49,刺网
1644,32.75980355555556,124.55552355555555,5.6,178.0,2017-11-25 07:27:49,刺网
1644,32.744553555555555,124.555468,6.0,176.0,2017-11-25 07:37:49,刺网
1644,32.729025777777785,124.55563466666666,5.7,180.0,2017-11-25 07:47:49,刺网
1644,32.7136368888889,124.5556902222222,5.1,179.0,2017-11-25 07:57:49,刺网
1644,32.69824800000001,124.55541244444444,5.9,180.0,2017-11-25 08:07:49,刺网
1644,32.68758133333333,124.54994022222222,4.8,309.0,2017-11-25 08:17:50,刺网
1644,32.70299800000001,124.54960688888893,4.8,3.0,2017-11-25 08:27:50,刺网
1644,32.718275777777784,124.54966244444445,5.2,358.0,2017-11-25 08:37:49,刺网
1644,32.73383133333333,124.54941244444444,5.2,352.0,2017-11-25 08:47:49,刺网
1644,32.749386888888885,124.54957911111113,5.6,1.0,2017-11-25 08:57:49,刺网
1644,32.75077577777778,124.55327355555555,1.6,114.0,2017-11-25 09:07:49,刺网
1644,32.745220222222216,124.55680133333334,7.2,169.0,2017-11-25 09:17:49,刺网
1644,32.72374800000001,124.56207911111113,7.7,166.0,2017-11-25 09:27:49,刺网
1644,32.70152577777778,124.565718,8.3,202.0,2017-11-25 09:37:49,刺网
1644,32.68322022222222,124.56707911111113,1.2,352.0,2017-11-25 09:47:50,刺网
1644,32.68908133333333,124.56455133333334,2.1,3.0,2017-11-25 09:57:49,刺网
1644,32.702386888888896,124.56355133333334,3.0,22.0,2017-11-25 10:17:49,刺网
1644,32.709525777777785,124.56291244444445,2.0,5.0,2017-11-25 10:27:50,刺网
1644,32.7166368888889,124.562718,2.7,8.0,2017-11-25 10:37:49,刺网
1644,32.72335911111111,124.56282911111113,2.8,14.0,2017-11-25 10:47:47,刺网
1644,32.730414666666675,124.56285688888887,2.6,336.0,2017-11-25 10:57:50,刺网
1644,32.73752577777778,124.563218,1.4,0.0,2017-11-25 11:07:49,刺网
1644,32.743748000000004,124.56310688888892,0.5,335.0,2017-11-25 11:17:49,刺网
1644,32.75052577777778,124.56241244444445,2.8,349.0,2017-11-25 11:27:49,刺网
1644,32.757970222222234,124.56055133333334,2.4,352.0,2017-11-25 11:37:49,刺网
1644,32.76513688888889,124.55919022222223,2.0,355.0,2017-11-25 11:47:49,刺网
1644,32.77227577777778,124.5581902222222,2.7,346.0,2017-11-25 11:57:48,刺网
1644,32.77894244444445,124.557218,2.9,346.0,2017-11-25 12:07:48,刺网
1644,32.784109111111114,124.55541244444444,0.6,329.0,2017-11-25 12:17:49,刺网
1644,32.77852577777778,124.55141244444445,3.0,196.0,2017-11-25 12:27:48,刺网
1644,32.771498,124.55016244444445,2.4,181.0,2017-11-25 12:37:48,刺网
1644,32.76408133333334,124.54930133333332,2.1,185.0,2017-11-25 12:47:48,刺网
1644,32.75033133333333,124.55055133333336,2.7,190.0,2017-11-25 13:07:49,刺网
1644,32.74319244444445,124.54913466666666,3.8,203.0,2017-11-25 13:17:49,刺网
1644,32.73716466666667,124.54630133333336,3.4,194.0,2017-11-25 13:27:50,刺网
1644,32.729803555555556,124.54530133333334,2.6,150.0,2017-11-25 13:37:49,刺网
1644,32.72285911111112,124.54410688888888,2.2,215.0,2017-11-25 13:47:50,刺网
1644,32.716470222222235,124.5431902222222,2.3,133.0,2017-11-25 13:57:49,刺网
1644,32.709609111111114,124.54210688888894,2.8,178.0,2017-11-25 14:08:11,刺网
1644,32.704498,124.54232911111113,0.7,65.0,2017-11-25 14:17:48,刺网
1644,32.70497022222223,124.54263466666669,2.9,285.0,2017-11-25 14:27:49,刺网
1644,32.699525777777794,124.54099577777781,2.0,193.0,2017-11-25 14:37:49,刺网
1644,32.695414666666665,124.54194022222224,1.4,96.0,2017-11-25 14:47:49,刺网
1644,32.689553555555555,124.54066244444445,2.5,182.0,2017-11-25 14:57:48,刺网
1644,32.68352577777778,124.54624577777778,2.3,137.0,2017-11-25 15:07:48,刺网
1644,32.68122022222221,124.54794022222224,8.1,335.0,2017-11-25 15:17:49,刺网
1644,32.69430355555556,124.54024577777778,1.9,245.0,2017-11-25 15:27:49,刺网
1644,32.69494244444444,124.5386902222222,1.9,71.0,2017-11-25 15:37:49,刺网
1644,32.700192444444454,124.5387457777778,3.3,1.0,2017-11-25 15:47:49,刺网
1644,32.704359111111124,124.54188466666668,0.7,228.0,2017-11-25 15:57:48,刺网
1644,32.70724800000001,124.54282911111113,0.7,313.0,2017-11-25 16:07:47,刺网
1644,32.72252577777778,124.53985688888888,9.0,348.0,2017-11-25 16:17:47,刺网
1644,32.720442444444444,124.53927355555555,2.9,144.0,2017-11-25 16:27:48,刺网
1644,32.71255355555556,124.54110688888893,3.1,167.0,2017-11-25 16:37:47,刺网
1644,32.706192444444454,124.54255133333334,3.6,179.0,2017-11-25 16:47:48,刺网
1644,32.709053555555556,124.54266244444445,7.5,330.0,2017-11-25 16:57:48,刺网
1644,32.72894244444445,124.54024577777778,1.3,173.0,2017-11-25 17:07:47,刺网
1644,32.73188688888889,124.537968,3.2,340.0,2017-11-25 17:17:48,刺网
1644,32.73983133333333,124.53780133333332,2.7,8.0,2017-11-25 17:27:48,刺网
1644,32.74427577777778,124.53788466666668,2.9,12.0,2017-11-25 17:37:48,刺网
1644,32.750914666666674,124.54016244444445,1.0,0.0,2017-11-25 17:47:48,刺网
1644,32.76952577777778,124.54010688888893,7.6,357.0,2017-11-25 17:57:48,刺网
1644,32.792442444444454,124.54213466666668,7.9,2.0,2017-11-25 18:08:10,刺网
1644,32.81285911111112,124.54088466666668,8.0,347.0,2017-11-25 18:17:47,刺网
1644,32.81994244444445,124.54266244444445,0.6,54.0,2017-11-25 18:27:47,刺网
1644,32.828886888888896,124.546218,2.6,15.0,2017-11-25 18:37:48,刺网
1644,32.836859111111124,124.55238466666668,4.1,20.0,2017-11-25 18:47:47,刺网
1644,32.855525777777785,124.55363466666668,8.1,10.0,2017-11-25 18:57:47,刺网
1644,32.86602577777778,124.55377355555555,0.9,78.0,2017-11-25 19:07:48,刺网
1644,32.865636888888886,124.55463466666669,0.5,61.0,2017-11-25 19:17:48,刺网
1644,32.86572022222221,124.55477355555556,0.4,0.0,2017-11-25 19:27:47,刺网
1644,32.865748,124.55480133333332,0.7,18.0,2017-11-25 19:37:48,刺网
1644,32.865748,124.55480133333332,0.7,135.0,2017-11-25 19:47:48,刺网
1644,32.865748,124.55477355555556,0.3,291.0,2017-11-25 19:57:48,刺网
1644,32.86572022222221,124.55482911111113,0.6,314.0,2017-11-25 20:07:48,刺网
1644,32.86560911111111,124.55488466666668,0.4,219.0,2017-11-25 20:17:48,刺网
1644,32.86560911111111,124.55488466666668,0.7,192.0,2017-11-25 20:27:47,刺网
1644,32.865636888888886,124.55491244444444,0.2,0.0,2017-11-25 20:37:48,刺网
1644,32.865497999999995,124.55494022222223,0.1,0.0,2017-11-25 20:47:48,刺网
1644,32.86558133333334,124.55488466666668,0.6,354.0,2017-11-25 20:57:47,刺网
1644,32.86566466666667,124.55482911111113,1.1,97.0,2017-11-25 21:17:47,刺网
1644,32.86555355555556,124.55485688888888,0.3,0.0,2017-11-25 21:27:47,刺网
1644,32.86569244444445,124.55480133333332,0.4,0.0,2017-11-25 21:37:47,刺网
1644,32.86569244444445,124.55482911111113,0.6,0.0,2017-11-25 21:47:47,刺网
1644,32.865775777777785,124.554718,0.8,66.0,2017-11-25 21:57:46,刺网
1644,32.86591466666667,124.55466244444445,0.9,129.0,2017-11-25 22:08:10,刺网
1644,32.86597022222223,124.55463466666669,0.3,78.0,2017-11-25 22:17:47,刺网
1644,32.86591466666667,124.55466244444445,0.3,0.0,2017-11-25 22:27:46,刺网
1644,32.86591466666667,124.55466244444445,0.3,315.0,2017-11-25 22:37:47,刺网
1644,32.86588688888889,124.55469022222222,0.4,300.0,2017-11-25 22:47:47,刺网
1644,32.86580355555556,124.554718,0.3,0.0,2017-11-25 22:57:47,刺网
1644,32.865748,124.55480133333332,0.4,356.0,2017-11-25 23:07:47,刺网
1644,32.86580355555556,124.55474577777778,0.2,0.0,2017-11-25 23:17:47,刺网
1644,32.86569244444445,124.55480133333332,0.7,30.0,2017-11-25 23:27:47,刺网
1644,32.86591466666667,124.55466244444445,0.4,338.0,2017-11-25 23:37:47,刺网
1644,32.86588688888889,124.55466244444445,0.4,293.0,2017-11-25 23:47:47,刺网
1644,32.86588688888889,124.554718,0.1,0.0,2017-11-25 23:57:47,刺网
1644,32.86591466666667,124.55469022222222,0.8,351.0,2017-11-26 00:07:47,刺网
1644,32.86591466666667,124.55469022222222,0.8,0.0,2017-11-26 00:17:46,刺网
1644,32.86588688888889,124.55466244444445,1.4,316.0,2017-11-26 00:27:47,刺网
1644,32.865998,124.55452355555555,0.6,0.0,2017-11-26 00:37:47,刺网
1644,32.86583133333333,124.554718,0.5,0.0,2017-11-26 00:47:46,刺网
1644,32.865748,124.55477355555556,0.3,0.0,2017-11-26 00:57:46,刺网
1644,32.86594244444444,124.55463466666669,0.7,20.0,2017-11-26 01:07:47,刺网
1644,32.86580355555556,124.55477355555556,1.0,66.0,2017-11-26 01:17:47,刺网
1644,32.865748,124.55477355555556,1.0,0.0,2017-11-26 01:27:46,刺网
1644,32.86591466666667,124.55469022222222,1.1,38.0,2017-11-26 01:38:11,刺网
1644,32.86597022222223,124.55460688888893,0.3,0.0,2017-11-26 01:47:46,刺网
1644,32.86602577777778,124.55455133333334,0.5,127.0,2017-11-26 01:57:46,刺网
1644,32.865748,124.55480133333332,0.4,0.0,2017-11-26 02:07:47,刺网
1644,32.86558133333334,124.55488466666668,0.3,0.0,2017-11-26 02:17:45,刺网
1644,32.86566466666667,124.55488466666668,1.1,66.0,2017-11-26 02:27:45,刺网
1644,32.865775777777785,124.55477355555556,0.2,0.0,2017-11-26 02:37:45,刺网
1644,32.86555355555556,124.55494022222223,0.5,0.0,2017-11-26 02:47:45,刺网
1644,32.86560911111111,124.55488466666668,0.4,339.0,2017-11-26 02:58:11,刺网
1644,32.86555355555556,124.55491244444444,0.2,0.0,2017-11-26 03:07:46,刺网
1644,32.86558133333334,124.55488466666668,0.2,0.0,2017-11-26 03:17:46,刺网
1644,32.865497999999995,124.55494022222223,0.4,0.0,2017-11-26 03:27:46,刺网
1644,32.86555355555556,124.55494022222223,0.2,0.0,2017-11-26 03:37:46,刺网
1644,32.865442444444454,124.55494022222223,0.1,0.0,2017-11-26 03:47:46,刺网
1644,32.86535911111112,124.5549957777778,0.6,129.0,2017-11-26 03:57:45,刺网
1644,32.86527577777778,124.5549957777778,0.4,0.0,2017-11-26 04:07:46,刺网
1644,32.86524800000001,124.5549957777778,0.2,0.0,2017-11-26 04:17:45,刺网
1644,32.86519244444445,124.5549957777778,0.6,0.0,2017-11-26 04:27:46,刺网
1644,32.865081333333336,124.55507911111113,0.6,0.0,2017-11-26 04:37:45,刺网
1644,32.864998,124.55494022222223,0.8,0.0,2017-11-26 04:47:46,刺网
1644,32.864970222222226,124.55507911111113,0.9,0.0,2017-11-26 04:57:45,刺网
1644,32.864998,124.55505133333334,0.5,0.0,2017-11-26 05:07:46,刺网
1644,32.864970222222226,124.55502355555555,0.4,0.0,2017-11-26 05:17:46,刺网
1644,32.864970222222226,124.5549957777778,0.7,0.0,2017-11-26 05:27:46,刺网
1644,32.86488688888889,124.5549957777778,0.6,52.0,2017-11-26 05:37:46,刺网
1644,32.86483133333333,124.554968,0.7,0.0,2017-11-26 05:47:45,刺网
1644,32.86466466666667,124.55502355555555,0.0,0.0,2017-11-26 05:57:46,刺网
1644,32.86469244444445,124.55505133333334,0.7,19.0,2017-11-26 06:08:11,刺网
1644,32.864636888888896,124.5549957777778,0.5,0.0,2017-11-26 06:17:46,刺网
1644,32.864498000000005,124.5549957777778,0.2,0.0,2017-11-26 06:27:45,刺网
1644,32.864498000000005,124.5549957777778,0.2,0.0,2017-11-26 06:37:46,刺网
1644,32.86433133333333,124.55494022222223,0.5,0.0,2017-11-26 06:47:46,刺网
1644,32.86433133333333,124.55491244444444,0.2,0.0,2017-11-26 06:57:45,刺网
1644,32.86430355555556,124.55488466666668,0.1,0.0,2017-11-26 07:07:45,刺网
1644,32.864248,124.55485688888888,0.5,57.0,2017-11-26 07:17:45,刺网
1644,32.86416466666667,124.55480133333332,1.3,103.0,2017-11-26 07:27:44,刺网
1644,32.86410911111111,124.55477355555556,0.9,250.0,2017-11-26 07:37:45,刺网
1644,32.86408133333334,124.55480133333332,1.7,286.0,2017-11-26 07:47:44,刺网
1644,32.863970222222235,124.55466244444445,0.6,168.0,2017-11-26 07:58:11,刺网
1644,32.863942444444454,124.55463466666669,0.6,275.0,2017-11-26 08:07:45,刺网
1644,32.863942444444454,124.55463466666669,1.2,12.0,2017-11-26 08:17:45,刺网
1644,32.86385911111112,124.55460688888893,0.9,307.0,2017-11-26 08:27:45,刺网
1644,32.863803555555556,124.55452355555555,1.8,156.0,2017-11-26 08:37:44,刺网
1644,32.86385911111112,124.55455133333334,0.4,55.0,2017-11-26 08:47:45,刺网
1644,32.863803555555556,124.55452355555555,0.5,0.0,2017-11-26 08:57:44,刺网
1644,32.86374800000001,124.55444022222223,0.5,288.0,2017-11-26 09:07:45,刺网
1644,32.863720222222234,124.55441244444445,0.3,0.0,2017-11-26 09:17:45,刺网
1644,32.8636368888889,124.55430133333331,0.4,0.0,2017-11-26 09:27:45,刺网
1644,32.863609111111124,124.55427355555555,0.3,0.0,2017-11-26 09:37:44,刺网
1644,32.86358133333334,124.55407911111112,1.5,344.0,2017-11-26 09:57:44,刺网
1644,32.869442444444445,124.56219022222223,5.7,178.0,2017-11-26 10:17:44,刺网
1644,32.85430355555556,124.56213466666668,5.2,190.0,2017-11-26 10:27:44,刺网
1644,32.839803555555555,124.56219022222223,5.7,167.0,2017-11-26 10:37:45,刺网
1644,32.82533133333334,124.56205133333334,4.9,174.0,2017-11-26 10:47:45,刺网
1644,32.81063688888889,124.561968,5.6,179.0,2017-11-26 10:57:45,刺网
1644,32.79774800000001,124.55863466666668,4.3,264.0,2017-11-26 11:07:45,刺网
1644,32.80885911111111,124.55388466666668,5.9,22.0,2017-11-26 11:17:45,刺网
1644,32.82285911111112,124.5537457777778,5.6,21.0,2017-11-26 11:27:45,刺网
1644,32.83708133333334,124.55391244444445,5.2,355.0,2017-11-26 11:37:45,刺网
1644,32.866109111111115,124.55385688888887,5.8,357.0,2017-11-26 11:57:45,刺网
1644,32.87208133333334,124.551968,1.3,177.0,2017-11-26 12:07:44,刺网
1644,32.869970222222236,124.55191244444444,0.5,159.0,2017-11-26 12:17:44,刺网
1644,32.868414666666666,124.55194022222223,0.4,0.0,2017-11-26 12:27:43,刺网
1644,32.866970222222236,124.55188466666668,0.4,0.0,2017-11-26 12:37:43,刺网
1644,32.86469244444445,124.55524577777777,8.3,107.0,2017-11-26 12:47:43,刺网
1644,32.86183133333333,124.5586902222222,3.0,162.0,2017-11-26 12:57:43,刺网
1644,32.85319244444445,124.55785688888888,3.4,176.0,2017-11-26 13:07:44,刺网
1644,32.844998000000004,124.5574957777778,3.0,170.0,2017-11-26 13:17:44,刺网
1644,32.836831333333336,124.55655133333336,2.5,195.0,2017-11-26 13:27:45,刺网
1644,32.828886888888896,124.55627355555555,3.2,164.0,2017-11-26 13:37:44,刺网
1644,32.82094244444445,124.555968,2.3,155.0,2017-11-26 13:47:44,刺网
1644,32.81327577777777,124.55544022222223,3.0,168.0,2017-11-26 13:57:45,刺网
1644,32.805553555555555,124.55527355555556,2.2,185.0,2017-11-26 14:08:11,刺网
1644,32.79916466666666,124.553968,2.3,188.0,2017-11-26 14:17:44,刺网
1644,32.79672022222222,124.54819022222222,3.5,307.0,2017-11-26 14:27:44,刺网
1644,32.80297022222222,124.54694022222223,2.4,341.0,2017-11-26 14:37:44,刺网
1644,32.81013688888889,124.54660688888887,2.9,356.0,2017-11-26 14:47:44,刺网
1644,32.81635911111112,124.54805133333336,2.7,355.0,2017-11-26 14:57:44,刺网
1644,32.823220222222226,124.545468,2.9,5.0,2017-11-26 15:07:44,刺网
1644,32.82994244444445,124.54527355555555,2.3,350.0,2017-11-26 15:17:44,刺网
1644,32.836859111111124,124.54405133333334,2.5,9.0,2017-11-26 15:27:44,刺网
1644,32.844359111111125,124.54380133333332,2.8,1.0,2017-11-26 15:37:44,刺网
1644,32.85113688888889,124.54438466666667,2.7,12.0,2017-11-26 15:47:44,刺网
1644,32.856386888888885,124.54702355555555,1.9,340.0,2017-11-26 15:57:44,刺网
1644,32.86341466666667,124.54602355555555,2.6,21.0,2017-11-26 16:07:44,刺网
1644,32.87091466666667,124.54702355555555,2.9,344.0,2017-11-26 16:17:43,刺网
1644,32.875136888888896,124.54685688888893,3.5,74.0,2017-11-26 16:27:44,刺网
1644,32.871914666666676,124.55449577777777,0.4,0.0,2017-11-26 16:37:44,刺网
1644,32.871386888888885,124.55510688888887,0.4,0.0,2017-11-26 16:47:44,刺网
1644,32.87135911111112,124.55530133333332,0.0,0.0,2017-11-26 16:57:44,刺网
1644,32.871303555555556,124.55538466666668,1.0,164.0,2017-11-26 17:07:44,刺网
1644,32.871303555555556,124.55530133333332,1.1,145.0,2017-11-26 17:17:43,刺网
1644,32.871303555555556,124.55538466666668,0.5,0.0,2017-11-26 17:27:42,刺网
1644,32.871303555555556,124.55541244444444,0.5,0.0,2017-11-26 17:37:46,刺网
1644,32.87122022222222,124.55560688888887,1.5,104.0,2017-11-26 17:47:43,刺网
1644,32.87122022222222,124.55563466666666,0.7,0.0,2017-11-26 17:57:43,刺网
1644,32.871303555555556,124.55530133333332,1.6,56.0,2017-11-26 18:08:11,刺网
1644,32.871248,124.55552355555555,0.7,271.0,2017-11-26 18:17:44,刺网
1644,32.87119244444445,124.55560688888887,1.0,176.0,2017-11-26 18:27:43,刺网
1644,32.87122022222222,124.55563466666666,0.6,313.0,2017-11-26 18:37:43,刺网
1644,32.87122022222222,124.5556902222222,0.7,199.0,2017-11-26 18:47:42,刺网
1644,32.87127577777777,124.55541244444444,0.9,249.0,2017-11-26 18:57:43,刺网
1644,32.87122022222222,124.55555133333334,1.2,247.0,2017-11-26 19:07:43,刺网
1644,32.87127577777777,124.55532911111106,0.0,0.0,2017-11-26 19:17:42,刺网
1644,32.87122022222222,124.55552355555555,0.5,314.0,2017-11-26 19:27:42,刺网
1644,32.871248,124.555468,0.2,0.0,2017-11-26 19:37:43,刺网
1644,32.87122022222222,124.55555133333334,0.3,0.0,2017-11-26 19:47:42,刺网
1644,32.871248,124.55555133333334,0.1,0.0,2017-11-26 19:57:43,刺网
1644,32.871248,124.55552355555555,0.3,0.0,2017-11-26 20:07:43,刺网
1644,32.87119244444445,124.55566244444445,1.0,318.0,2017-11-26 20:17:44,刺网
1644,32.87122022222222,124.5556902222222,0.8,355.0,2017-11-26 20:27:43,刺网
1644,32.87119244444445,124.55566244444445,0.3,0.0,2017-11-26 20:37:43,刺网
1644,32.87122022222222,124.55560688888887,0.9,141.0,2017-11-26 20:47:43,刺网
1644,32.87122022222222,124.55566244444445,0.2,0.0,2017-11-26 20:57:43,刺网
1644,32.87119244444445,124.55577355555555,0.9,310.0,2017-11-26 21:07:43,刺网
1644,32.87119244444445,124.5557457777778,0.5,54.0,2017-11-26 21:17:43,刺网
1644,32.87119244444445,124.55580133333332,0.4,0.0,2017-11-26 21:27:43,刺网
1644,32.87119244444445,124.5557457777778,0.1,0.0,2017-11-26 21:37:44,刺网
1644,32.87119244444445,124.55560688888887,0.6,161.0,2017-11-26 21:47:43,刺网
1644,32.87122022222222,124.55552355555555,0.7,270.0,2017-11-26 21:58:12,刺网
1644,32.87119244444445,124.5556902222222,0.1,0.0,2017-11-26 22:07:43,刺网
1644,32.87119244444445,124.555718,1.1,264.0,2017-11-26 22:17:43,刺网
1644,32.87119244444445,124.55577355555555,0.2,0.0,2017-11-26 22:27:43,刺网
1644,32.87122022222222,124.55557911111113,0.9,313.0,2017-11-26 22:37:43,刺网
1644,32.87122022222222,124.55560688888887,0.3,0.0,2017-11-26 22:47:43,刺网
1644,32.871248,124.555468,0.2,0.0,2017-11-26 22:57:41,刺网
1644,32.87122022222222,124.55555133333334,0.3,304.0,2017-11-26 23:07:42,刺网
1644,32.87122022222222,124.55555133333334,0.2,0.0,2017-11-26 23:17:42,刺网
1644,32.871248,124.555468,0.6,59.0,2017-11-26 23:27:42,刺网
1644,32.871248,124.555468,0.3,0.0,2017-11-26 23:37:42,刺网
1644,32.87127577777777,124.55532911111106,1.3,246.0,2017-11-26 23:47:42,刺网
1644,32.87127577777777,124.55535688888888,0.7,162.0,2017-11-26 23:57:42,刺网
1644,32.871303555555556,124.55535688888888,0.7,85.0,2017-11-27 00:08:11,刺网
1644,32.871303555555556,124.55535688888888,0.3,0.0,2017-11-27 00:17:42,刺网
1644,32.87135911111112,124.55510688888887,0.7,239.0,2017-11-27 00:27:43,刺网
1644,32.871442444444455,124.55502355555555,1.0,16.0,2017-11-27 00:37:43,刺网
1644,32.871414666666674,124.55505133333334,0.8,174.0,2017-11-27 00:47:42,刺网
1644,32.871470222222236,124.5549957777778,0.6,168.0,2017-11-27 00:57:41,刺网
1644,32.871497999999995,124.55491244444444,0.2,0.0,2017-11-27 01:07:43,刺网
1644,32.871470222222236,124.55494022222223,0.4,283.0,2017-11-27 01:17:43,刺网
1644,32.87183133333333,124.55488466666668,0.4,0.0,2017-11-27 01:27:41,刺网
1644,32.871470222222236,124.554968,0.7,0.0,2017-11-27 01:37:43,刺网
1644,32.871470222222236,124.5549957777778,0.2,0.0,2017-11-27 01:47:42,刺网
1644,32.871720222222216,124.55463466666669,0.4,0.0,2017-11-27 01:58:12,刺网
1644,32.871748000000004,124.55460688888893,0.3,227.0,2017-11-27 02:07:42,刺网
1644,32.871720222222216,124.55466244444445,0.9,261.0,2017-11-27 02:17:42,刺网
1644,32.871720222222216,124.55466244444445,0.0,0.0,2017-11-27 02:27:43,刺网
1644,32.871748000000004,124.55463466666669,1.2,323.0,2017-11-27 02:37:42,刺网
1644,32.871775777777785,124.55460688888893,0.2,0.0,2017-11-27 02:47:41,刺网
1644,32.87166466666667,124.55469022222222,0.4,0.0,2017-11-27 02:57:43,刺网
1644,32.87169244444445,124.55469022222222,0.6,252.0,2017-11-27 03:07:42,刺网
1644,32.871775777777785,124.55457911111112,0.5,5.0,2017-11-27 03:17:41,刺网
1644,32.871748000000004,124.55463466666669,1.2,270.0,2017-11-27 03:27:42,刺网
1644,32.87263688888889,124.5561902222222,1.1,198.0,2017-11-27 03:37:41,刺网
1644,32.86641466666667,124.56227355555555,9.0,139.0,2017-11-27 03:47:43,刺网
1644,32.85024800000001,124.56213466666668,5.8,174.0,2017-11-27 03:57:42,刺网
1644,32.818498000000005,124.5622457777778,5.5,177.0,2017-11-27 04:17:40,刺网
1644,32.80224800000001,124.56194022222223,5.7,185.0,2017-11-27 04:27:40,刺网
1644,32.78969244444445,124.55710688888892,6.5,266.0,2017-11-27 04:37:41,刺网
1644,32.805803555555556,124.5562457777778,5.8,359.0,2017-11-27 04:47:40,刺网
1644,32.82327577777778,124.5561902222222,5.6,355.0,2017-11-27 04:57:42,刺网
1644,32.84097022222223,124.55541244444444,7.5,351.0,2017-11-27 05:07:42,刺网
1644,32.85733133333333,124.548718,6.0,182.0,2017-11-27 05:27:40,刺网
1644,32.841998000000004,124.54869022222222,6.1,181.0,2017-11-27 05:37:42,刺网
1644,32.79535911111111,124.548718,5.5,174.0,2017-11-27 06:07:42,刺网
1644,32.795970222222216,124.54277355555556,6.4,7.0,2017-11-27 06:17:41,刺网
1644,32.81335911111111,124.54291244444444,5.6,353.0,2017-11-27 06:27:41,刺网
1644,32.83049800000001,124.542968,5.7,12.0,2017-11-27 06:37:42,刺网
1644,32.84741466666667,124.5429957777778,6.1,0.0,2017-11-27 06:47:41,刺网
1644,32.865053555555555,124.55124577777778,4.0,84.0,2017-11-27 06:58:11,刺网
1644,32.86330355555556,124.55366244444444,0.8,0.0,2017-11-27 07:07:41,刺网
1644,32.860886888888885,124.55460688888893,1.0,190.0,2017-11-27 07:17:41,刺网
1644,32.85877577777778,124.555468,1.0,71.0,2017-11-27 07:27:41,刺网
1644,32.854581333333336,124.55744022222223,0.6,0.0,2017-11-27 07:47:41,刺网
1644,32.85224800000001,124.55849577777781,0.9,184.0,2017-11-27 07:57:40,刺网
1644,32.84738688888889,124.56060688888887,0.8,164.0,2017-11-27 08:17:41,刺网
1644,32.86122022222221,124.56207911111113,6.7,2.0,2017-11-27 08:27:41,刺网
1644,32.861498000000005,124.56155133333334,0.7,0.0,2017-11-27 08:37:42,刺网
1644,32.85916466666667,124.56138466666668,0.4,0.0,2017-11-27 08:47:42,刺网
1644,32.856636888888886,124.561218,1.3,52.0,2017-11-27 08:57:41,刺网
1644,32.85405355555556,124.56116244444445,1.2,177.0,2017-11-27 09:07:42,刺网
1644,32.851442444444444,124.56088466666668,0.9,164.0,2017-11-27 09:17:42,刺网
1644,32.84874800000001,124.56057911111112,0.5,0.0,2017-11-27 09:27:40,刺网
1644,32.84610911111112,124.55982911111113,0.5,0.0,2017-11-27 09:37:41,刺网
1644,32.86074800000001,124.56207911111113,4.6,3.0,2017-11-27 09:47:39,刺网
1644,32.85716466666667,124.5622457777778,3.5,185.0,2017-11-27 09:57:39,刺网
1644,32.84805355555556,124.56135688888888,3.8,153.0,2017-11-27 10:08:11,刺网
1644,32.84024800000001,124.56135688888888,2.9,180.0,2017-11-27 10:17:40,刺网
1644,32.8311368888889,124.561718,3.5,186.0,2017-11-27 10:27:39,刺网
1644,32.82177577777778,124.56188466666669,3.0,172.0,2017-11-27 10:37:41,刺网
1644,32.812720222222225,124.5639957777778,4.1,184.0,2017-11-27 10:47:40,刺网
1644,32.803553555555546,124.5647457777778,3.8,178.0,2017-11-27 10:57:40,刺网
1644,32.79444244444444,124.56482911111112,3.3,193.0,2017-11-27 11:07:41,刺网
1644,32.78610911111111,124.56221800000002,3.1,253.0,2017-11-27 11:17:41,刺网
1644,32.790803555555556,124.55752355555555,3.2,326.0,2017-11-27 11:27:41,刺网
1644,32.798164666666665,124.55730133333331,2.4,352.0,2017-11-27 11:37:41,刺网
1644,32.80572022222222,124.55705133333332,2.8,351.0,2017-11-27 11:47:40,刺网
1644,32.81347022222222,124.55657911111112,1.4,349.0,2017-11-27 11:57:40,刺网
1644,32.82019244444445,124.55582911111112,2.7,348.0,2017-11-27 12:07:41,刺网
1644,32.82774800000001,124.55566244444445,3.2,342.0,2017-11-27 12:17:39,刺网
1644,32.83472022222223,124.55524577777777,2.8,355.0,2017-11-27 12:27:40,刺网
1644,32.84188688888889,124.55491244444444,2.3,358.0,2017-11-27 12:37:41,刺网
1644,32.848997999999995,124.55474577777778,2.6,12.0,2017-11-27 12:47:40,刺网
1644,32.85569244444445,124.55438466666666,3.2,337.0,2017-11-27 12:57:40,刺网
1644,32.86169244444445,124.55152355555555,2.5,303.0,2017-11-27 13:07:41,刺网
1644,32.855498000000004,124.54999577777778,3.6,187.0,2017-11-27 13:17:39,刺网
1644,32.847442444444454,124.54905133333334,2.8,176.0,2017-11-27 13:27:40,刺网
1644,32.839498000000006,124.548718,2.3,185.0,2017-11-27 13:37:41,刺网
1644,32.830970222222234,124.54855133333334,3.0,141.0,2017-11-27 13:47:40,刺网
1644,32.822498,124.54927355555556,3.7,165.0,2017-11-27 13:57:40,刺网
1644,32.806775777777766,124.54855133333334,2.2,188.0,2017-11-27 14:17:40,刺网
1644,32.799303555555554,124.5472457777778,2.8,181.0,2017-11-27 14:27:39,刺网
1644,32.793442444444445,124.54641244444444,2.8,203.0,2017-11-27 14:37:41,刺网
1644,32.78988688888889,124.53982911111113,2.3,356.0,2017-11-27 14:57:39,刺网
1644,32.79833133333333,124.538968,2.2,9.0,2017-11-27 15:07:40,刺网
1644,32.805581333333336,124.53907911111112,2.8,44.0,2017-11-27 15:17:40,刺网
1644,32.81408133333333,124.5407457777778,3.2,0.0,2017-11-27 15:27:38,刺网
1644,32.82244244444445,124.54119022222223,3.2,352.0,2017-11-27 15:37:40,刺网
1644,32.83041466666668,124.53977355555556,2.9,339.0,2017-11-27 15:47:38,刺网
1644,32.83816466666667,124.53944022222224,2.9,26.0,2017-11-27 15:57:39,刺网
1644,32.84555355555556,124.53988466666668,2.7,338.0,2017-11-27 16:07:40,刺网
1644,32.85299800000001,124.52894022222223,8.8,287.0,2017-11-27 16:17:40,刺网
1644,32.86144244444445,124.50135688888888,9.6,298.0,2017-11-27 16:27:39,刺网
1644,32.870525777777786,124.4739957777778,8.7,289.0,2017-11-27 16:37:40,刺网
1644,32.880192444444454,124.44769022222223,8.5,301.0,2017-11-27 16:47:38,刺网
1644,32.88922022222222,124.4211902222222,8.1,299.0,2017-11-27 16:57:40,刺网
1644,32.895859111111115,124.393468,8.2,285.0,2017-11-27 17:07:41,刺网
1644,32.901942444444444,124.36566244444445,8.0,283.0,2017-11-27 17:17:42,刺网
1644,32.90880355555556,124.33763466666666,4.8,329.0,2017-11-27 17:28:05,刺网
1644,32.91219244444445,124.32366244444445,3.7,330.0,2017-11-27 17:37:40,刺网
1644,32.91363688888889,124.32255133333334,0.7,0.0,2017-11-27 17:47:39,刺网
1644,32.914442444444454,124.32274577777777,0.1,0.0,2017-11-27 17:57:38,刺网
1644,32.91458133333334,124.32305133333334,0.4,0.0,2017-11-27 18:07:40,刺网
1644,32.91460911111111,124.32307911111113,0.3,0.0,2017-11-27 18:17:38,刺网
1644,32.91460911111111,124.32307911111113,0.3,0.0,2017-11-27 18:27:38,刺网
1644,32.91460911111111,124.32291244444444,0.1,0.0,2017-11-27 18:37:40,刺网
1644,32.91460911111111,124.32305133333334,0.2,0.0,2017-11-27 18:47:38,刺网
1644,32.914636888888886,124.32310688888887,0.4,0.0,2017-11-27 18:57:39,刺网
1644,32.91460911111111,124.32338466666668,0.1,0.0,2017-11-27 19:08:12,刺网
1644,32.91460911111111,124.32335688888894,0.4,149.0,2017-11-27 19:17:39,刺网
1644,32.91458133333334,124.32357911111113,0.4,157.0,2017-11-27 19:27:39,刺网
1644,32.91455355555556,124.32369022222224,0.2,0.0,2017-11-27 19:37:40,刺网
1644,32.914497999999995,124.32385688888887,0.1,0.0,2017-11-27 19:47:39,刺网
1644,32.914442444444454,124.323968,0.3,0.0,2017-11-27 19:57:40,刺网
1644,32.91435911111111,124.32402355555556,0.3,0.0,2017-11-27 20:07:40,刺网
1644,32.91441466666667,124.32405133333334,0.1,0.0,2017-11-27 20:17:38,刺网
1644,32.91419244444445,124.32413466666668,0.2,0.0,2017-11-27 20:27:38,刺网
1644,32.914164666666665,124.324218,0.1,0.0,2017-11-27 20:37:39,刺网
1644,32.91427577777777,124.32413466666668,0.1,0.0,2017-11-27 20:47:37,刺网
1644,32.91391466666667,124.32416244444444,0.2,0.0,2017-11-27 20:57:37,刺网
1644,32.91388688888889,124.323968,0.2,0.0,2017-11-27 21:07:38,刺网
1644,32.91391466666667,124.32369022222224,0.3,0.0,2017-11-27 21:17:37,刺网
1644,32.91366466666667,124.32352355555555,0.1,0.0,2017-11-27 21:27:39,刺网
1644,32.91344244444444,124.32335688888894,0.2,0.0,2017-11-27 21:37:38,刺网
1644,32.913248,124.32302355555555,0.3,0.0,2017-11-27 21:47:37,刺网
1644,32.91316466666667,124.32269022222222,0.3,0.0,2017-11-27 21:57:38,刺网
1644,32.91352577777778,124.32230133333331,0.0,0.0,2017-11-27 22:08:05,刺网
1644,32.91338688888889,124.32210688888892,0.8,245.0,2017-11-27 22:17:39,刺网
1644,32.913748000000005,124.32216244444444,0.6,332.0,2017-11-27 22:27:37,刺网
1644,32.91344244444444,124.32216244444444,0.6,226.0,2017-11-27 22:37:39,刺网
1644,32.91319244444445,124.32213466666668,0.4,0.0,2017-11-27 22:47:39,刺网
1644,32.91372022222223,124.32216244444444,0.3,0.0,2017-11-27 22:57:38,刺网
1644,32.91380355555556,124.32207911111112,0.0,0.0,2017-11-27 23:07:39,刺网
1644,32.914081333333336,124.322218,0.1,0.0,2017-11-27 23:17:38,刺网
1644,32.91352577777778,124.32210688888892,0.1,0.0,2017-11-27 23:27:37,刺网
1644,32.91402577777778,124.32227355555555,0.3,0.0,2017-11-27 23:37:39,刺网
1644,32.914303555555556,124.322468,0.5,343.0,2017-11-27 23:47:37,刺网
1644,32.91388688888889,124.32210688888892,0.5,226.0,2017-11-27 23:57:39,刺网
1644,32.91413688888889,124.32235688888888,0.4,0.0,2017-11-28 00:07:39,刺网
1644,32.91419244444445,124.32238466666668,0.2,0.0,2017-11-28 00:17:39,刺网
1644,32.91438688888889,124.32266244444445,0.0,0.0,2017-11-28 00:27:39,刺网
1644,32.91419244444445,124.32235688888888,1.0,0.0,2017-11-28 00:37:39,刺网
1644,32.914248,124.32235688888888,0.1,0.0,2017-11-28 00:47:52,刺网
1644,32.91410911111111,124.32230133333331,0.0,0.0,2017-11-28 00:58:02,刺网
1644,32.91413688888889,124.32232911111113,0.5,205.0,2017-11-28 01:07:38,刺网
1644,32.91413688888889,124.32230133333331,0.0,0.0,2017-11-28 01:17:39,刺网
1644,32.914053555555554,124.32224577777778,0.2,0.0,2017-11-28 01:27:38,刺网
1644,32.91391466666667,124.32219022222222,0.1,0.0,2017-11-28 01:37:38,刺网
1644,32.91410911111111,124.32230133333331,0.1,0.0,2017-11-28 01:47:38,刺网
1644,32.91402577777778,124.32224577777778,0.1,0.0,2017-11-28 01:57:38,刺网
1644,32.91388688888889,124.32219022222222,0.3,0.0,2017-11-28 02:07:38,刺网
1644,32.913970222222225,124.32224577777778,0.2,0.0,2017-11-28 02:18:06,刺网
1644,32.913970222222225,124.322218,0.1,0.0,2017-11-28 02:27:38,刺网
1644,32.91391466666667,124.32224577777778,0.0,0.0,2017-11-28 02:37:37,刺网
1644,32.913998,124.32219022222222,0.2,0.0,2017-11-28 02:47:37,刺网
1644,32.913970222222225,124.32224577777778,0.3,0.0,2017-11-28 02:57:38,刺网
1644,32.914164666666665,124.32235688888888,0.3,0.0,2017-11-28 03:07:38,刺网
1644,32.914248,124.322468,0.0,0.0,2017-11-28 03:17:37,刺网
1644,32.91419244444445,124.32244022222223,0.3,0.0,2017-11-28 03:27:38,刺网
1644,32.91419244444445,124.32244022222223,0.0,0.0,2017-11-28 03:37:38,刺网
1644,32.914248,124.3224957777778,0.1,0.0,2017-11-28 03:47:36,刺网
1644,32.91427577777777,124.32244022222223,0.0,0.0,2017-11-28 03:57:37,刺网
1644,32.912997999999995,124.323718,0.5,89.0,2017-11-28 04:07:38,刺网
1644,32.919470222222216,124.32413466666668,7.0,355.0,2017-11-28 04:17:38,刺网
1644,32.93744244444444,124.32388466666669,6.6,2.0,2017-11-28 04:27:38,刺网
1644,32.95569244444445,124.32382911111112,6.4,5.0,2017-11-28 04:37:38,刺网
1644,32.97388688888889,124.323718,6.6,359.0,2017-11-28 04:47:38,刺网
1644,32.99216466666667,124.32382911111112,6.4,359.0,2017-11-28 04:57:37,刺网
1644,32.98302577777778,124.32788466666666,6.3,177.0,2017-11-28 05:07:37,刺网
1644,32.965748000000005,124.3279402222222,6.4,176.0,2017-11-28 05:17:37,刺网
1644,32.948359111111124,124.32788466666666,6.1,179.0,2017-11-28 05:27:37,刺网
1644,32.93094244444444,124.32799577777777,6.3,174.0,2017-11-28 05:37:37,刺网
1644,32.916275777777784,124.33113466666669,6.1,92.0,2017-11-28 05:47:36,刺网
1644,32.93383133333333,124.33202355555555,6.6,4.0,2017-11-28 05:57:37,刺网
1644,32.95316466666667,124.33191244444444,6.7,356.0,2017-11-28 06:08:05,刺网
1644,32.97069244444445,124.33191244444444,6.5,0.0,2017-11-28 06:17:36,刺网
1644,32.988803555555556,124.33202355555555,6.6,357.0,2017-11-28 06:27:38,刺网
1644,32.97772022222223,124.3361902222222,6.7,179.0,2017-11-28 06:37:37,刺网
1644,32.96010911111112,124.336218,6.0,175.0,2017-11-28 06:47:36,刺网
1644,32.94305355555555,124.33630133333334,6.5,187.0,2017-11-28 06:57:36,刺网
1644,32.924970222222235,124.33616244444444,5.8,182.0,2017-11-28 07:07:47,刺网
1644,32.911748,124.32549577777776,3.3,286.0,2017-11-28 07:17:38,刺网
1644,32.91402577777778,124.32241244444445,0.3,0.0,2017-11-28 07:27:37,刺网
1644,32.91508133333333,124.32155133333336,0.2,0.0,2017-11-28 07:38:07,刺网
1644,32.91610911111111,124.32105133333332,0.2,0.0,2017-11-28 07:47:37,刺网
1644,32.917053555555555,124.32057911111113,0.5,296.0,2017-11-28 07:57:37,刺网
1644,32.918053555555545,124.320218,0.5,345.0,2017-11-28 08:07:37,刺网
1644,32.91885911111112,124.31994022222223,0.1,0.0,2017-11-28 08:17:37,刺网
1644,32.91969244444445,124.319718,0.4,6.0,2017-11-28 08:27:36,刺网
1644,32.92372022222221,124.3207457777778,2.5,358.0,2017-11-28 08:37:37,刺网
1644,32.931998,124.31994022222223,2.4,6.0,2017-11-28 08:47:37,刺网
1644,32.93991466666667,124.319968,2.2,353.0,2017-11-28 08:57:36,刺网
1644,32.94547022222222,124.32007911111113,2.9,1.0,2017-11-28 09:07:37,刺网
1644,32.95299800000001,124.32002355555555,3.3,346.0,2017-11-28 09:17:37,刺网
1644,32.960359111111124,124.32005133333334,2.4,344.0,2017-11-28 09:27:36,刺网
1644,32.96788688888889,124.31991244444444,2.6,359.0,2017-11-28 09:37:37,刺网
1644,32.97497022222223,124.319968,2.3,353.0,2017-11-28 09:47:37,刺网
1644,32.981748,124.31963466666667,2.2,347.0,2017-11-28 09:57:37,刺网
1644,32.98916466666667,124.32027355555556,2.2,4.0,2017-11-28 10:08:06,刺网
1644,32.99460911111111,124.32085688888893,2.2,1.0,2017-11-28 10:17:37,刺网
1644,32.99191466666667,124.32480133333333,2.6,172.0,2017-11-28 10:27:37,刺网
1644,32.984303555555556,124.32591244444444,2.6,175.0,2017-11-28 10:37:36,刺网
1644,32.97710911111111,124.326218,3.3,164.0,2017-11-28 10:47:36,刺网
1644,32.96941466666667,124.32710688888888,3.3,175.0,2017-11-28 10:57:37,刺网
1644,32.96544244444445,124.3279402222222,0.4,0.0,2017-11-28 11:07:37,刺网
1644,32.965303555555565,124.3279402222222,0.0,0.0,2017-11-28 11:17:37,刺网
1644,32.964998,124.3277457777778,0.3,0.0,2017-11-28 11:27:37,刺网
1644,32.964720222222226,124.32752355555556,0.3,0.0,2017-11-28 11:37:36,刺网
1644,32.964359111111115,124.32713466666668,0.2,0.0,2017-11-28 11:47:36,刺网
1644,32.963998000000004,124.32677355555555,0.6,267.0,2017-11-28 11:57:35,刺网
1644,32.96374800000001,124.32632911111112,0.0,0.0,2017-11-28 12:07:36,刺网
1644,32.95324800000001,124.326968,2.7,188.0,2017-11-28 12:27:35,刺网
1644,32.94535911111111,124.32802355555555,3.2,182.0,2017-11-28 12:37:35,刺网
1644,32.93730355555556,124.32863466666667,2.8,170.0,2017-11-28 12:47:35,刺网
1644,32.92927577777777,124.32885688888894,2.0,164.0,2017-11-28 12:57:36,刺网
1644,32.921248,124.32869022222219,3.1,177.0,2017-11-28 13:07:35,刺网
1644,32.914636888888886,124.32999577777778,2.4,43.0,2017-11-28 13:17:36,刺网
1644,32.92116466666666,124.33080133333333,3.1,19.0,2017-11-28 13:27:35,刺网
1644,32.928275777777785,124.33080133333333,2.9,21.0,2017-11-28 13:37:37,刺网
1644,32.935303555555556,124.33132911111113,3.1,7.0,2017-11-28 13:47:35,刺网
1644,32.94208133333333,124.33102355555555,0.2,0.0,2017-11-28 13:57:36,刺网
1644,32.948470222222234,124.33127355555555,3.4,11.0,2017-11-28 14:08:05,刺网
1644,32.955025777777784,124.331218,2.3,1.0,2017-11-28 14:17:36,刺网
1644,32.966331333333336,124.33038466666667,2.2,28.0,2017-11-28 14:37:36,刺网
1644,32.973109111111114,124.33055133333336,2.2,13.0,2017-11-28 14:47:35,刺网
1644,32.97922022222223,124.33088466666666,2.4,26.0,2017-11-28 14:57:35,刺网
1644,32.984220222222234,124.33144022222223,2.4,38.0,2017-11-28 15:07:36,刺网
1644,32.98644244444445,124.335468,1.9,145.0,2017-11-28 15:17:36,刺网
1644,32.980275777777784,124.33735688888888,2.4,145.0,2017-11-28 15:27:35,刺网
1644,32.97330355555556,124.335218,2.8,192.0,2017-11-28 15:38:07,刺网
1644,32.96608133333334,124.33413466666669,2.6,186.0,2017-11-28 15:47:35,刺网
1644,32.959053555555556,124.33410688888893,2.8,182.0,2017-11-28 15:57:36,刺网
1644,32.95244244444445,124.33369022222222,2.4,183.0,2017-11-28 16:07:35,刺网
1644,32.945747999999995,124.3332457777778,2.2,122.0,2017-11-28 16:17:35,刺网
1644,32.939275777777766,124.33299577777778,2.9,193.0,2017-11-28 16:27:36,刺网
1644,32.93291466666667,124.32969022222223,3.0,204.0,2017-11-28 16:37:36,刺网
1644,32.926414666666666,124.32805133333332,2.6,163.0,2017-11-28 16:47:36,刺网
1644,32.921997999999995,124.33080133333333,0.5,66.0,2017-11-28 16:57:35,刺网
1644,32.92347022222222,124.33107911111112,0.6,26.0,2017-11-28 17:07:35,刺网
1644,32.92460911111111,124.331718,0.2,0.0,2017-11-28 17:17:34,刺网
1644,32.925748,124.33244022222222,0.5,0.0,2017-11-28 17:27:34,刺网
1644,32.92683133333333,124.33313466666668,0.6,37.0,2017-11-28 17:37:35,刺网
1644,32.927886888888885,124.33405133333336,4.1,113.0,2017-11-28 17:47:35,刺网
1644,32.928692444444444,124.34444022222223,4.1,111.0,2017-11-28 17:57:35,刺网
1644,32.930997999999995,124.34602355555555,1.0,18.0,2017-11-28 18:08:05,刺网
1644,32.93541466666667,124.34432911111112,2.1,321.0,2017-11-28 18:17:34,刺网
1644,32.93558133333334,124.30391244444445,7.9,262.0,2017-11-28 18:37:34,刺网
1644,32.934886888888876,124.27757911111112,5.6,273.0,2017-11-28 18:47:34,刺网
1644,32.934748,124.26635688888894,5.6,269.0,2017-11-28 18:57:34,刺网
1644,32.93452577777778,124.24030133333336,7.9,275.0,2017-11-28 19:07:34,刺网
1644,32.934359111111114,124.21385688888893,8.2,264.0,2017-11-28 19:17:34,刺网
1644,32.934359111111114,124.18788466666668,7.4,263.0,2017-11-28 19:27:34,刺网
1644,32.93308133333333,124.16280133333336,7.8,270.0,2017-11-28 19:37:34,刺网
1644,32.93335911111112,124.15102355555555,0.5,67.0,2017-11-28 19:47:34,刺网
1644,32.93419244444445,124.15130133333336,0.4,334.0,2017-11-28 19:57:34,刺网
1644,32.93438688888889,124.1512457777778,0.0,0.0,2017-11-28 20:07:34,刺网
1644,32.93441466666667,124.151218,0.6,291.0,2017-11-28 20:17:34,刺网
1644,32.934359111111114,124.15127355555558,0.5,0.0,2017-11-28 20:27:35,刺网
1644,32.934248000000004,124.15130133333336,0.2,0.0,2017-11-28 20:37:34,刺网
1644,32.93408133333333,124.15144022222223,0.4,0.0,2017-11-28 20:47:34,刺网
1644,32.93397022222222,124.151468,1.8,95.0,2017-11-28 20:57:34,刺网
1644,32.933886888888885,124.15144022222223,0.2,0.0,2017-11-28 21:07:36,刺网
1644,32.933886888888885,124.15149577777781,0.3,0.0,2017-11-28 21:17:34,刺网
1644,32.93385911111111,124.15144022222223,0.2,0.0,2017-11-28 21:27:34,刺网
1644,32.93377577777777,124.15144022222223,0.4,0.0,2017-11-28 21:37:34,刺网
1644,32.933664666666665,124.15144022222223,0.3,105.0,2017-11-28 21:48:06,刺网
1644,32.93363688888889,124.15144022222223,0.2,0.0,2017-11-28 21:57:35,刺网
1644,32.933581333333336,124.151468,0.4,0.0,2017-11-28 22:07:34,刺网
1644,32.933498,124.15144022222223,0.4,0.0,2017-11-28 22:17:33,刺网
1644,32.933248,124.15141244444445,0.2,0.0,2017-11-28 22:27:33,刺网
1644,32.93322022222222,124.15141244444445,0.1,0.0,2017-11-28 22:37:33,刺网
1644,32.933192444444444,124.15138466666669,0.2,0.0,2017-11-28 22:47:33,刺网
1644,32.93313688888889,124.15141244444445,0.2,0.0,2017-11-28 22:57:33,刺网
1644,32.93308133333333,124.15138466666669,0.6,67.0,2017-11-28 23:07:33,刺网
1644,32.93288688888889,124.151218,0.4,206.0,2017-11-28 23:17:33,刺网
1644,32.932859111111114,124.151218,0.1,0.0,2017-11-28 23:27:33,刺网
1644,32.93280355555556,124.151218,0.2,0.0,2017-11-28 23:37:33,刺网
1644,32.93263688888889,124.15110688888893,0.5,17.0,2017-11-28 23:47:33,刺网
1644,32.93266466666666,124.15107911111113,0.6,0.0,2017-11-28 23:57:33,刺网
1644,32.932609111111105,124.15105133333334,0.5,0.0,2017-11-29 00:08:06,刺网
1644,32.93244244444444,124.15094022222223,0.4,0.0,2017-11-29 00:17:33,刺网
1644,32.93247022222222,124.15091244444444,0.3,0.0,2017-11-29 00:27:33,刺网
1644,32.93244244444444,124.15088466666668,0.1,0.0,2017-11-29 00:37:33,刺网
1644,32.93235911111111,124.15069022222224,0.4,0.0,2017-11-29 00:47:33,刺网
1644,32.932303555555556,124.15063466666668,0.5,115.0,2017-11-29 00:57:33,刺网
1644,32.932303555555556,124.15066244444445,0.6,0.0,2017-11-29 01:07:33,刺网
1644,32.932303555555556,124.15066244444445,0.1,0.0,2017-11-29 01:17:33,刺网
1644,32.93222022222222,124.15052355555555,0.3,0.0,2017-11-29 01:28:07,刺网
1644,32.93219244444445,124.15044022222223,0.5,0.0,2017-11-29 01:37:33,刺网
1644,32.93219244444445,124.15044022222223,0.2,0.0,2017-11-29 01:47:33,刺网
1644,32.93213688888889,124.15035688888894,0.4,0.0,2017-11-29 01:57:33,刺网
1644,32.93213688888889,124.15035688888894,0.1,0.0,2017-11-29 02:07:34,刺网
1644,32.93210911111111,124.15027355555556,0.0,0.0,2017-11-29 02:17:33,刺网
1644,32.932053555555555,124.15013466666667,0.4,0.0,2017-11-29 02:27:33,刺网
1644,32.932053555555555,124.15007911111113,0.1,0.0,2017-11-29 02:37:33,刺网
1644,32.931998,124.1499957777778,0.3,0.0,2017-11-29 02:47:33,刺网
1644,32.931970222222226,124.14982911111113,0.3,0.0,2017-11-29 02:57:33,刺网
1644,32.931942444444445,124.14974577777781,0.4,0.0,2017-11-29 03:07:33,刺网
1644,32.93191466666667,124.14966244444444,0.3,0.0,2017-11-29 03:17:33,刺网
1644,32.931970222222226,124.14930133333334,0.3,0.0,2017-11-29 03:27:32,刺网
1644,32.931998,124.149218,0.3,0.0,2017-11-29 03:37:32,刺网
1644,32.931998,124.14913466666668,0.0,0.0,2017-11-29 03:47:33,刺网
1644,32.932053555555555,124.14905133333336,0.5,0.0,2017-11-29 03:57:33,刺网
1644,32.933997999999995,124.15132911111112,7.7,180.0,2017-11-29 04:08:05,刺网
1644,32.918470222222226,124.15707911111113,4.3,25.0,2017-11-29 04:17:32,刺网
1644,32.93463688888889,124.15732911111112,6.3,358.0,2017-11-29 04:27:33,刺网
1644,32.95063688888889,124.1572457777778,5.1,357.0,2017-11-29 04:37:33,刺网
1644,32.96516466666667,124.15732911111112,5.7,352.0,2017-11-29 04:47:32,刺网
1644,32.97985911111112,124.15713466666668,5.8,359.0,2017-11-29 04:57:33,刺网
1644,32.99485911111112,124.15727355555555,5.1,354.0,2017-11-29 05:07:33,刺网
1644,32.9916368888889,124.16391244444445,4.8,202.0,2017-11-29 05:17:33,刺网
1644,32.97841466666667,124.16419022222223,4.5,160.0,2017-11-29 05:27:33,刺网
1644,32.96508133333334,124.16430133333334,5.1,182.0,2017-11-29 05:37:32,刺网
1644,32.95210911111111,124.16410688888894,4.6,192.0,2017-11-29 05:47:33,刺网
1644,32.939692444444454,124.16413466666668,4.8,183.0,2017-11-29 05:57:33,刺网
1644,32.92719244444445,124.16394022222224,4.2,161.0,2017-11-29 06:07:33,刺网
1644,32.91658133333333,124.1627457777778,1.9,229.0,2017-11-29 06:17:32,刺网
1644,32.914748,124.15957911111113,2.2,230.0,2017-11-29 06:27:32,刺网
1644,32.912970222222235,124.15741244444445,0.7,0.0,2017-11-29 06:37:32,刺网
1644,32.91102577777778,124.15535688888887,1.1,240.0,2017-11-29 06:48:01,刺网
1644,32.90938688888889,124.15307911111113,1.1,268.0,2017-11-29 06:57:33,刺网
1644,32.91577577777777,124.15182911111113,4.1,320.0,2017-11-29 07:07:33,刺网
1644,32.92302577777778,124.15338466666668,2.2,18.0,2017-11-29 07:17:33,刺网
1644,32.93105355555556,124.15338466666668,2.8,5.0,2017-11-29 07:27:32,刺网
1644,32.93863688888889,124.15163466666668,3.5,19.0,2017-11-29 07:37:32,刺网
1644,32.946748,124.15027355555556,3.6,40.0,2017-11-29 07:47:33,刺网
1644,32.95391466666668,124.14938466666668,0.2,0.0,2017-11-29 07:57:32,刺网
1644,32.959859111111115,124.14791244444444,3.3,266.0,2017-11-29 08:07:32,刺网
1644,32.967025777777785,124.146468,4.2,322.0,2017-11-29 08:17:31,刺网
1644,32.97424800000001,124.14785688888892,2.4,354.0,2017-11-29 08:27:31,刺网
1644,32.98069244444445,124.14980133333334,2.3,12.0,2017-11-29 08:37:32,刺网
1644,32.987081333333336,124.15041244444444,2.5,296.0,2017-11-29 08:47:32,刺网
1644,32.989998,124.15105133333334,2.7,40.0,2017-11-29 08:57:32,刺网
1644,32.99602577777778,124.15319022222224,3.2,347.0,2017-11-29 09:07:32,刺网
1644,33.000692444444454,124.15557911111112,2.4,94.0,2017-11-29 09:17:31,刺网
1644,32.999998000000005,124.1619957777778,3.4,180.0,2017-11-29 09:27:32,刺网
1644,32.99405355555556,124.1632457777778,3.3,231.0,2017-11-29 09:37:32,刺网
1644,32.987970222222216,124.1624957777778,2.3,158.0,2017-11-29 09:47:32,刺网
1644,32.98224800000001,124.16191244444444,2.0,155.0,2017-11-29 09:57:32,刺网
1644,32.97683133333334,124.16194022222223,3.5,165.0,2017-11-29 10:08:01,刺网
1644,32.97005355555556,124.16188466666668,3.2,202.0,2017-11-29 10:17:32,刺网
1644,32.96305355555556,124.16113466666668,1.4,192.0,2017-11-29 10:27:33,刺网
1644,32.956414666666674,124.1627457777778,1.7,163.0,2017-11-29 10:37:32,刺网
1644,32.94583133333333,124.167468,3.0,162.0,2017-11-29 10:57:32,刺网
1644,32.939664666666665,124.16810688888893,0.6,0.0,2017-11-29 11:07:32,刺网
1644,32.932859111111114,124.17069022222223,2.9,156.0,2017-11-29 11:17:32,刺网
1644,32.92552577777778,124.17316244444444,3.5,217.0,2017-11-29 11:27:32,刺网
1644,32.911164666666664,124.165718,1.0,156.0,2017-11-29 11:37:32,刺网
1644,32.90872022222222,124.16588466666668,0.9,189.0,2017-11-29 11:47:32,刺网
1644,32.907275777777784,124.16552355555555,1.1,52.0,2017-11-29 12:07:32,刺网
1644,32.907275777777784,124.16585688888892,0.4,0.0,2017-11-29 12:17:31,刺网
1644,32.907275777777784,124.16594022222223,0.4,0.0,2017-11-29 12:27:31,刺网
1644,32.90733133333333,124.165718,1.4,0.0,2017-11-29 12:37:31,刺网
1644,32.907275777777784,124.16585688888892,0.1,0.0,2017-11-29 12:48:01,刺网
1644,32.90722022222222,124.16577355555556,1.0,151.0,2017-11-29 12:57:31,刺网
1644,32.90730355555556,124.1657457777778,1.5,178.0,2017-11-29 13:07:31,刺网
1644,32.907275777777784,124.16552355555555,0.5,0.0,2017-11-29 13:17:31,刺网
1644,32.90730355555556,124.16541244444444,0.3,0.0,2017-11-29 13:27:32,刺网
1644,32.907275777777784,124.16563466666668,0.8,0.0,2017-11-29 13:37:31,刺网
1644,32.907275777777784,124.16552355555555,1.1,68.0,2017-11-29 13:47:31,刺网
1644,32.90730355555556,124.16513466666667,1.8,46.0,2017-11-29 13:57:31,刺网
1644,32.90730355555556,124.164968,1.5,72.0,2017-11-29 14:07:32,刺网
1644,32.90730355555556,124.16488466666668,0.5,0.0,2017-11-29 14:17:32,刺网
1644,32.90733133333333,124.16474577777781,0.8,0.0,2017-11-29 14:27:32,刺网
1644,32.90738688888889,124.16482911111113,0.0,0.0,2017-11-29 14:37:33,刺网
1644,32.90738688888889,124.16444022222224,0.4,0.0,2017-11-29 14:48:01,刺网
1644,32.90741466666667,124.164218,0.6,173.0,2017-11-29 14:57:31,刺网
1644,32.90744244444445,124.16430133333334,0.7,339.0,2017-11-29 15:07:31,刺网
1644,32.907609111111114,124.16382911111113,0.3,0.0,2017-11-29 15:17:31,刺网
1644,32.90766466666667,124.1636068888889,0.6,19.0,2017-11-29 15:27:31,刺网
1644,32.90783133333333,124.16332911111112,1.4,145.0,2017-11-29 15:37:31,刺网
1644,32.907998,124.16307911111113,1.3,204.0,2017-11-29 15:47:31,刺网
1644,32.90802577777778,124.16305133333336,1.8,124.0,2017-11-29 15:57:31,刺网
1644,32.90802577777778,124.16310688888893,2.2,106.0,2017-11-29 16:07:31,刺网
1644,32.908053555555554,124.16305133333336,1.4,234.0,2017-11-29 16:17:31,刺网
1644,32.908164666666664,124.16294022222223,0.4,185.0,2017-11-29 16:27:30,刺网
1644,32.90822022222222,124.16288466666668,1.9,107.0,2017-11-29 16:37:30,刺网
1644,32.908442444444454,124.16266244444445,0.7,0.0,2017-11-29 16:47:31,刺网
1644,32.908442444444454,124.16263466666668,0.7,0.0,2017-11-29 16:57:31,刺网
1644,32.90866466666667,124.16238466666668,0.3,0.0,2017-11-29 17:07:32,刺网
1644,32.90922022222223,124.16202355555555,1.7,225.0,2017-11-29 17:27:37,刺网
1644,32.90935911111111,124.16202355555555,1.0,329.0,2017-11-29 17:37:31,刺网
1644,32.90933133333333,124.16205133333335,0.2,0.0,2017-11-29 17:47:31,刺网
1644,32.909498,124.16191244444444,1.3,35.0,2017-11-29 17:57:30,刺网
1644,32.90983133333333,124.16196800000002,1.2,2.0,2017-11-29 18:07:43,刺网
1644,32.909803555555555,124.16194022222223,1.6,184.0,2017-11-29 18:17:31,刺网
1644,32.909748,124.1619957777778,1.1,101.0,2017-11-29 18:27:30,刺网
1644,32.909692444444445,124.16210688888893,0.5,338.0,2017-11-29 18:37:31,刺网
1644,32.90952577777778,124.16219022222224,1.3,188.0,2017-11-29 18:47:31,刺网
1644,32.90952577777778,124.16227355555556,0.1,0.0,2017-11-29 18:57:29,刺网
1644,32.90958133333333,124.16216244444445,0.9,197.0,2017-11-29 19:07:29,刺网
1644,32.90941466666667,124.16227355555556,0.7,0.0,2017-11-29 19:17:31,刺网
1644,32.90933133333333,124.16230133333336,0.8,0.0,2017-11-29 19:27:30,刺网
1644,32.90930355555556,124.16227355555556,0.6,0.0,2017-11-29 19:37:30,刺网
1644,32.90930355555556,124.16241244444444,0.5,0.0,2017-11-29 19:47:30,刺网
1644,32.908998,124.16269022222224,1.2,322.0,2017-11-29 20:07:41,刺网
1644,32.90888688888889,124.16285688888892,1.5,133.0,2017-11-29 20:17:29,刺网
1644,32.90860911111111,124.16294022222223,0.5,0.0,2017-11-29 20:27:30,刺网
1644,32.908248,124.16316244444445,0.8,113.0,2017-11-29 20:37:30,刺网
1644,32.907970222222225,124.16369022222223,0.2,0.0,2017-11-29 20:47:30,刺网
1644,32.90766466666667,124.16388466666668,0.5,0.0,2017-11-29 20:57:30,刺网
1644,32.90741466666667,124.1644957777778,0.6,233.0,2017-11-29 21:07:30,刺网
1644,32.90730355555556,124.164968,1.0,37.0,2017-11-29 21:17:31,刺网
1644,32.90741466666667,124.16460688888893,1.5,238.0,2017-11-29 21:27:30,刺网
1644,32.907275777777784,124.16516244444445,1.1,179.0,2017-11-29 21:37:30,刺网
1644,32.907248,124.16552355555555,0.4,0.0,2017-11-29 21:57:30,刺网
1644,32.907248,124.16532911111112,0.7,317.0,2017-11-29 22:07:30,刺网
1644,32.90722022222222,124.16546800000002,0.8,318.0,2017-11-29 22:17:30,刺网
1644,32.907248,124.165218,0.6,50.0,2017-11-29 22:27:30,刺网
1644,32.907248,124.165218,0.5,198.0,2017-11-29 22:37:30,刺网
1644,32.90722022222222,124.16563466666668,2.1,268.0,2017-11-29 22:47:30,刺网
1644,32.907192444444455,124.16591244444444,0.4,113.0,2017-11-29 22:57:29,刺网
1644,32.90722022222222,124.16613466666668,0.3,0.0,2017-11-29 23:07:30,刺网
1644,32.907275777777784,124.16644022222223,0.1,0.0,2017-11-29 23:17:31,刺网
1644,32.90730355555556,124.16677355555555,1.1,180.0,2017-11-29 23:27:30,刺网
1644,32.90738688888889,124.166968,0.4,94.0,2017-11-29 23:37:30,刺网
1644,32.90738688888889,124.16705133333336,0.3,0.0,2017-11-29 23:47:30,刺网
1644,32.90733133333333,124.16691244444445,0.9,0.0,2017-11-29 23:57:37,刺网
1644,32.90733133333333,124.16705133333336,1.2,145.0,2017-11-30 00:07:43,刺网
1644,32.90735911111111,124.16710688888894,2.0,287.0,2017-11-30 00:17:29,刺网
1644,32.90730355555556,124.1669957777778,0.9,58.0,2017-11-30 00:27:29,刺网
1644,32.90722022222222,124.16680133333334,1.7,19.0,2017-11-30 00:37:29,刺网
1644,32.90722022222222,124.16682911111113,2.0,147.0,2017-11-30 00:47:35,刺网
1644,32.907192444444455,124.16669022222223,1.1,276.0,2017-11-30 00:57:30,刺网
1644,32.907136888888886,124.166718,1.3,208.0,2017-11-30 01:07:28,刺网
1644,32.90722022222222,124.166468,1.7,332.0,2017-11-30 01:17:41,刺网
1644,32.907136888888886,124.16619022222223,2.2,122.0,2017-11-30 01:27:29,刺网
1644,32.907136888888886,124.16613466666668,0.4,0.0,2017-11-30 01:37:28,刺网
1644,32.90613688888889,124.1657457777778,0.9,357.0,2017-11-30 01:47:29,刺网
1644,32.90613688888889,124.16566244444445,1.1,171.0,2017-11-30 01:57:28,刺网
1644,32.90555355555556,124.16566244444445,0.2,0.0,2017-11-30 02:07:30,刺网
1644,32.903803555555555,124.16519022222224,1.8,134.0,2017-11-30 02:17:28,刺网
1644,32.90283133333333,124.16516244444445,1.7,24.0,2017-11-30 02:27:29,刺网
1644,32.902636888888885,124.16510688888893,0.7,0.0,2017-11-30 02:37:29,刺网
1644,32.90144244444444,124.16466244444445,1.1,31.0,2017-11-30 02:47:43,刺网
1644,32.90141466666667,124.16457911111112,1.9,321.0,2017-11-30 02:57:30,刺网
1644,32.90141466666667,124.16460688888893,1.6,36.0,2017-11-30 03:07:30,刺网
1644,32.90019244444445,124.16402355555556,1.7,203.0,2017-11-30 03:17:28,刺网
1644,32.898748000000005,124.1636068888889,1.0,255.0,2017-11-30 03:27:30,刺网
1644,32.897859111111124,124.16277355555556,1.2,75.0,2017-11-30 03:37:29,刺网
1644,32.89697022222223,124.16235688888894,0.6,220.0,2017-11-30 03:47:30,刺网
1644,32.89458133333333,124.16124577777778,1.7,227.0,2017-11-30 03:57:28,刺网
1644,32.89419244444445,124.16077355555555,1.8,306.0,2017-11-30 04:07:30,刺网
1644,32.89419244444445,124.1607457777778,1.1,201.0,2017-11-30 04:17:30,刺网
1644,32.89394244444445,124.16044022222223,1.2,304.0,2017-11-30 04:27:29,刺网
1644,32.89266466666667,124.15960688888893,0.5,243.0,2017-11-30 04:37:28,刺网
1644,32.89094244444445,124.15863466666669,0.9,197.0,2017-11-30 04:47:29,刺网
1644,32.889720222222216,124.157218,2.5,165.0,2017-11-30 04:57:28,刺网
1644,32.889053555555556,124.15632911111112,1.1,247.0,2017-11-30 05:07:30,刺网
1644,32.88860911111112,124.15557911111112,0.6,0.0,2017-11-30 05:17:44,刺网
1644,32.88830355555556,124.15524577777781,0.1,0.0,2017-11-30 05:27:29,刺网
1644,32.88866466666667,124.154968,0.9,0.0,2017-11-30 05:37:28,刺网
1644,32.888998,124.15466244444444,1.7,0.0,2017-11-30 05:47:29,刺网
1644,32.88894244444445,124.15455133333334,2.0,298.0,2017-11-30 05:57:39,刺网
1644,32.888970222222234,124.154468,3.4,158.0,2017-11-30 06:07:29,刺网
1644,32.888998,124.15449577777778,2.1,272.0,2017-11-30 06:17:28,刺网
1644,32.889136888888885,124.154468,0.6,0.0,2017-11-30 06:27:28,刺网
1644,32.88927577777777,124.15432911111112,0.0,0.0,2017-11-30 06:37:28,刺网
1644,32.88960911111111,124.15477355555555,0.9,0.0,2017-11-30 06:47:30,刺网
1644,32.88927577777777,124.15438466666667,1.2,286.0,2017-11-30 06:57:33,刺网
1644,32.889247999999995,124.15427355555555,0.4,0.0,2017-11-30 07:07:29,刺网
1644,32.88922022222222,124.15419022222223,1.1,96.0,2017-11-30 07:17:28,刺网
1644,32.88944244444445,124.15405133333336,1.5,111.0,2017-11-30 07:27:28,刺网
1644,32.88955355555556,124.15419022222223,0.5,57.0,2017-11-30 07:37:44,刺网
1644,32.88955355555556,124.15416244444448,1.9,10.0,2017-11-30 07:47:28,刺网
1644,32.88947022222223,124.154468,1.0,250.0,2017-11-30 07:57:28,刺网
1644,32.889164666666666,124.15449577777778,1.3,112.0,2017-11-30 08:07:28,刺网
1644,32.888859111111124,124.15477355555555,3.1,153.0,2017-11-30 08:17:29,刺网
1644,32.888803555555555,124.15480133333334,2.3,284.0,2017-11-30 08:27:29,刺网
1644,32.888831333333336,124.154968,0.8,264.0,2017-11-30 08:37:27,刺网
1644,32.88858133333334,124.15530133333334,1.2,202.0,2017-11-30 08:57:28,刺网
1644,32.88827577777778,124.15555133333336,1.1,158.0,2017-11-30 09:07:29,刺网
1644,32.88805355555556,124.15588466666668,1.7,123.0,2017-11-30 09:17:29,刺网
1644,32.88777577777777,124.15652355555555,1.5,171.0,2017-11-30 09:27:29,刺网
1644,32.887692444444454,124.156718,1.8,222.0,2017-11-30 09:37:28,刺网
1644,32.88760911111111,124.15713466666668,0.9,347.0,2017-11-30 09:47:28,刺网
1644,32.88760911111111,124.15691244444444,1.2,166.0,2017-11-30 09:57:28,刺网
1644,32.88772022222222,124.1572457777778,1.5,297.0,2017-11-30 10:07:43,刺网
1644,32.887664666666666,124.15735688888893,1.9,301.0,2017-11-30 10:17:29,刺网
1644,32.887692444444454,124.15755133333334,0.8,346.0,2017-11-30 10:27:29,刺网
1644,32.887692444444454,124.15794022222224,0.9,314.0,2017-11-30 10:37:28,刺网
1644,32.88772022222222,124.15827355555555,0.1,0.0,2017-11-30 10:47:29,刺网
1644,32.887747999999995,124.158468,1.0,173.0,2017-11-30 10:57:29,刺网
1644,32.88791466666667,124.15891244444445,0.5,293.0,2017-11-30 11:07:28,刺网
1644,32.88791466666667,124.15907911111113,1.6,233.0,2017-11-30 11:17:28,刺网
1644,32.88794244444444,124.15924577777778,0.8,179.0,2017-11-30 11:27:26,刺网
1644,32.88794244444444,124.15935688888894,0.3,0.0,2017-11-30 11:37:28,刺网
1644,32.888025777777784,124.15960688888893,0.2,0.0,2017-11-30 11:47:27,刺网
1644,32.888025777777784,124.15960688888893,1.5,159.0,2017-11-30 11:57:27,刺网
1644,32.888025777777784,124.15963466666668,1.3,157.0,2017-11-30 12:07:28,刺网
1644,32.88805355555556,124.15966244444445,2.0,145.0,2017-11-30 12:17:28,刺网
1644,32.887998,124.1594957777778,1.0,325.0,2017-11-30 12:27:27,刺网
1644,32.88791466666667,124.15930133333336,1.9,85.0,2017-11-30 12:37:28,刺网
1644,32.88783133333333,124.15910688888893,0.3,0.0,2017-11-30 12:47:26,刺网
1644,32.88794244444444,124.15919022222224,0.9,0.0,2017-11-30 12:57:44,刺网
1644,32.88780355555556,124.15885688888888,0.1,0.0,2017-11-30 13:07:44,刺网
1644,32.88783133333333,124.15902355555555,2.7,147.0,2017-11-30 13:17:27,刺网
1644,32.88783133333333,124.15891244444445,0.4,0.0,2017-11-30 13:27:28,刺网
1644,32.887747999999995,124.15880133333334,1.2,79.0,2017-11-30 13:37:44,刺网
1644,32.887692444444454,124.15855133333336,0.6,189.0,2017-11-30 13:47:27,刺网
1644,32.88772022222222,124.15863466666669,1.4,114.0,2017-11-30 13:57:28,刺网
1644,32.88772022222222,124.15844022222224,0.6,89.0,2017-11-30 14:07:27,刺网
1644,32.887692444444454,124.15802355555556,1.2,355.0,2017-11-30 14:27:28,刺网
1644,32.887664666666666,124.15802355555556,0.7,123.0,2017-11-30 14:37:28,刺网
1644,32.88760911111111,124.1577457777778,1.4,253.0,2017-11-30 14:47:27,刺网
1644,32.887664666666666,124.15755133333334,1.8,352.0,2017-11-30 14:57:28,刺网
1644,32.887636888888885,124.15738466666667,1.2,207.0,2017-11-30 15:07:28,刺网
1644,32.88810911111111,124.15710688888893,1.6,18.0,2017-11-30 15:17:28,刺网
1644,32.89119244444445,124.15777355555558,1.4,51.0,2017-11-30 15:27:27,刺网
1644,32.89313688888889,124.13988466666667,6.3,274.0,2017-11-30 15:37:27,刺网
1644,32.89641466666667,124.11524577777777,7.9,278.0,2017-11-30 15:47:27,刺网
1644,32.89910911111111,124.08980133333333,8.7,267.0,2017-11-30 15:57:28,刺网
1644,32.90155355555555,124.06310688888892,8.8,268.0,2017-11-30 16:07:43,刺网
1644,32.90394244444445,124.03782911111112,7.3,275.0,2017-11-30 16:17:28,刺网
1644,32.906942444444454,124.01180133333334,7.8,278.0,2017-11-30 16:27:28,刺网
1644,32.91030355555556,123.98544022222224,8.7,274.0,2017-11-30 16:37:28,刺网
1644,32.91619244444445,123.95980133333332,7.8,294.0,2017-11-30 16:47:26,刺网
1644,32.92252577777778,123.9342457777778,8.2,288.0,2017-11-30 16:57:27,刺网
1644,32.92391466666667,123.91977355555555,1.8,121.0,2017-11-30 17:57:27,刺网
1644,32.924053555555545,123.91971800000002,0.2,0.0,2017-11-30 18:07:25,刺网
1644,32.924136888888896,123.91966244444444,1.6,22.0,2017-11-30 18:17:26,刺网
1644,32.924220222222225,123.91966244444444,2.5,0.0,2017-11-30 18:27:25,刺网
1644,32.92433133333333,123.91955133333336,0.6,0.0,2017-11-30 18:37:26,刺网
1644,32.924581333333336,123.91960688888894,0.6,143.0,2017-11-30 18:47:42,刺网
1644,32.92460911111111,123.91960688888894,0.9,165.0,2017-11-30 18:57:27,刺网
1644,32.924803555555556,123.91960688888894,3.0,315.0,2017-11-30 19:07:25,刺网
1644,32.92483133333333,123.91963466666668,0.9,25.0,2017-11-30 19:17:25,刺网
1644,32.924914666666666,123.91960688888894,0.5,337.0,2017-11-30 19:27:27,刺网
1644,32.92510911111111,123.91971800000002,1.3,9.0,2017-11-30 19:37:26,刺网
1644,32.92535911111111,123.91980133333334,0.5,22.0,2017-11-30 19:47:26,刺网
1644,32.92552577777778,123.91988466666668,2.0,210.0,2017-11-30 19:57:26,刺网
1644,32.925498,123.9199957777778,0.2,0.0,2017-11-30 20:07:27,刺网
1644,32.92566466666666,123.92002355555556,2.5,189.0,2017-11-30 20:17:27,刺网
1644,32.92585911111112,123.92019022222223,0.1,0.0,2017-11-30 20:27:26,刺网
1644,32.92613688888889,123.92066244444445,0.5,31.0,2017-11-30 20:37:25,刺网
1644,32.92622022222222,123.92082911111113,0.6,217.0,2017-11-30 20:57:26,刺网
1644,32.92627577777777,123.921468,0.4,277.0,2017-11-30 21:07:26,刺网
1644,32.92627577777777,123.921718,0.3,0.0,2017-11-30 21:17:26,刺网
1644,32.926053555555555,123.92227355555555,2.0,115.0,2017-11-30 21:27:25,刺网
1644,32.925748,123.922718,1.4,194.0,2017-11-30 21:37:25,刺网
1644,32.92541466666667,123.92285688888887,1.1,167.0,2017-11-30 21:47:26,刺网
1644,32.925498,123.92260688888894,0.6,0.0,2017-11-30 21:57:25,刺网
1644,32.926053555555555,123.92235688888893,0.8,253.0,2017-11-30 22:07:42,刺网
1644,32.926164666666665,123.92169022222224,1.2,313.0,2017-11-30 22:17:25,刺网
1644,32.92610911111111,123.92155133333335,0.7,57.0,2017-11-30 22:27:25,刺网
1644,32.926081333333336,123.921968,0.3,0.0,2017-11-30 22:37:24,刺网
1644,32.92591466666667,123.92263466666668,0.1,0.0,2017-11-30 22:47:24,刺网
1644,32.92572022222222,123.9229957777778,0.7,152.0,2017-11-30 22:57:24,刺网
1644,32.92530355555556,123.92332911111113,1.5,37.0,2017-11-30 23:07:24,刺网
1644,32.924942444444454,123.92344022222223,0.4,0.0,2017-11-30 23:17:24,刺网
1644,32.92463688888889,123.923468,0.5,0.0,2017-11-30 23:27:24,刺网
1644,32.92441466666667,123.923468,0.4,0.0,2017-11-30 23:37:24,刺网
1644,32.924109111111115,123.92335688888893,0.8,165.0,2017-11-30 23:47:24,刺网
1644,32.92394244444444,123.92330133333334,0.1,0.0,2017-11-30 23:57:44,刺网
1644,32.92372022222221,123.92319022222223,0.8,149.0,2017-12-01 00:07:24,刺网
1644,32.92358133333334,123.92310688888894,0.8,0.0,2017-12-01 00:17:24,刺网
1644,32.92358133333334,123.92310688888894,0.4,0.0,2017-12-01 00:27:24,刺网
1644,32.92360911111111,123.92310688888894,0.3,0.0,2017-12-01 00:37:24,刺网
1644,32.923414666666666,123.92282911111113,0.5,0.0,2017-12-01 00:47:24,刺网
1644,32.92327577777777,123.92257911111112,1.1,256.0,2017-12-01 00:57:25,刺网
1644,32.92358133333334,123.92255133333336,0.0,0.0,2017-12-01 01:07:24,刺网
1644,32.92327577777777,123.92266244444444,0.9,229.0,2017-12-01 01:17:44,刺网
1644,32.92327577777777,123.922718,0.5,40.0,2017-12-01 01:27:24,刺网
1644,32.923248,123.922718,0.3,0.0,2017-12-01 01:37:24,刺网
1644,32.922970222222226,123.922718,0.4,0.0,2017-12-01 01:47:24,刺网
1644,32.92258133333333,123.922718,2.7,125.0,2017-12-01 01:57:24,刺网
1644,32.92205355555556,123.922968,0.3,0.0,2017-12-01 02:07:25,刺网
1644,32.923386888888885,123.92221800000002,1.8,122.0,2017-12-01 02:17:24,刺网
1644,32.92502577777778,123.92135688888894,4.5,323.0,2017-12-01 02:27:24,刺网
1644,32.93663688888889,123.92055133333336,4.0,12.0,2017-12-01 02:37:24,刺网
1644,32.95097022222223,123.92044022222224,6.2,348.0,2017-12-01 02:47:24,刺网
1644,32.96430355555556,123.9204957777778,4.8,1.0,2017-12-01 02:57:25,刺网
1644,32.97772022222223,123.92035688888888,6.0,351.0,2017-12-01 03:07:24,刺网
1644,32.992248000000004,123.92041244444445,5.0,349.0,2017-12-01 03:17:24,刺网
1644,33.001248000000004,123.92727355555556,8.0,89.0,2017-12-01 03:27:27,刺网
1644,32.98535911111112,123.92902355555556,7.3,173.0,2017-12-01 03:37:24,刺网
1644,32.96838688888889,123.93119022222223,5.5,178.0,2017-12-01 03:47:25,刺网
1644,32.95124800000001,123.93213466666668,6.6,201.0,2017-12-01 03:57:40,刺网
1644,32.93522022222222,123.93221800000002,5.4,198.0,2017-12-01 04:07:24,刺网
1644,32.92291466666667,123.93705133333334,4.9,88.0,2017-12-01 04:17:24,刺网
1644,32.93383133333333,123.9419957777778,6.2,359.0,2017-12-01 04:27:24,刺网
1644,32.948470222222234,123.94213466666668,5.0,7.0,2017-12-01 04:37:23,刺网
1644,32.96244244444445,123.94205133333334,4.9,341.0,2017-12-01 04:47:24,刺网
1644,32.97710911111111,123.9418568888889,4.6,349.0,2017-12-01 04:57:23,刺网
1644,32.98852577777778,123.94513466666668,5.3,93.0,2017-12-01 05:07:24,刺网
1644,32.97780355555556,123.951968,5.5,164.0,2017-12-01 05:17:23,刺网
1644,32.96272022222223,123.95191244444445,5.4,182.0,2017-12-01 05:27:23,刺网
1644,32.94763688888889,123.9517457777778,4.6,163.0,2017-12-01 05:37:23,刺网
1644,32.937914666666664,123.95088466666668,1.6,216.0,2017-12-01 05:47:23,刺网
1644,32.93433133333333,123.94769022222223,1.0,0.0,2017-12-01 05:57:23,刺网
1644,32.92644244444444,123.93730133333334,2.4,194.0,2017-12-01 06:17:23,刺网
1644,32.923386888888885,123.93238466666668,2.3,209.0,2017-12-01 06:27:24,刺网
1644,32.92085911111111,123.9274957777778,1.3,234.0,2017-12-01 06:37:24,刺网
1644,32.91869244444445,123.92291244444445,1.7,236.0,2017-12-01 06:47:24,刺网
1644,32.91691466666667,123.91860688888893,1.7,208.0,2017-12-01 06:57:23,刺网
1644,32.91522022222223,123.91410688888894,1.9,230.0,2017-12-01 07:07:24,刺网
1644,32.91388688888889,123.90960688888893,1.7,204.0,2017-12-01 07:17:24,刺网
1644,32.91310911111111,123.90513466666668,2.7,271.0,2017-12-01 07:27:24,刺网
1644,32.918498,123.90357911111113,3.8,16.0,2017-12-01 07:37:24,刺网
1644,32.923497999999995,123.89766244444445,3.2,331.0,2017-12-01 07:47:23,刺网
1644,32.929998,123.89755133333334,2.3,344.0,2017-12-01 07:57:24,刺网
1644,32.93591466666667,123.8944957777778,2.2,357.0,2017-12-01 08:07:24,刺网
1644,32.94305355555555,123.895218,2.1,355.0,2017-12-01 08:17:24,刺网
1644,32.95010911111112,123.89621800000002,2.7,18.0,2017-12-01 08:27:23,刺网
1644,32.95697022222223,123.897718,3.1,27.0,2017-12-01 08:37:24,刺网
1644,32.963914666666675,123.89802355555555,2.3,43.0,2017-12-01 08:47:24,刺网
1644,32.96716466666667,123.90230133333334,3.0,48.0,2017-12-01 08:57:24,刺网
1644,32.98083133333333,123.89891244444445,2.2,13.0,2017-12-01 09:17:25,刺网
1644,32.98905355555556,123.90030133333336,2.1,18.0,2017-12-01 09:27:25,刺网
1644,32.98644244444445,123.90505133333336,1.8,168.0,2017-12-01 09:37:24,刺网
1644,32.98752577777778,123.9047457777778,3.1,283.0,2017-12-01 09:47:24,刺网
1644,32.99372022222221,123.9034957777778,3.2,357.0,2017-12-01 09:57:44,刺网
1644,32.995720222222225,123.90594022222223,1.8,226.0,2017-12-01 10:07:24,刺网
1644,32.991609111111124,123.90660688888893,2.0,194.0,2017-12-01 10:17:23,刺网
1644,32.987998000000005,123.90738466666667,2.3,207.0,2017-12-01 10:27:23,刺网
1644,32.982886888888885,123.90799577777778,2.0,167.0,2017-12-01 10:37:23,刺网
1644,32.97738688888889,123.90891244444445,2.6,154.0,2017-12-01 10:47:23,刺网
1644,32.97122022222222,123.90741244444445,1.9,230.0,2017-12-01 10:57:23,刺网
1644,32.96755355555556,123.91035688888893,1.9,179.0,2017-12-01 11:07:23,刺网
1644,32.96238688888889,123.90938466666668,2.5,157.0,2017-12-01 11:17:23,刺网
1644,32.95716466666667,123.91044022222223,1.9,192.0,2017-12-01 11:27:22,刺网
1644,32.95485911111112,123.91238466666668,2.3,169.0,2017-12-01 11:37:23,刺网
1644,32.94974800000001,123.91313466666668,1.4,158.0,2017-12-01 11:47:23,刺网
1644,32.94730355555556,123.91985688888893,3.1,115.0,2017-12-01 11:57:23,刺网
1644,32.94841466666667,123.92871800000002,2.6,70.0,2017-12-01 12:07:43,刺网
1644,32.94885911111112,123.92660688888893,1.4,324.0,2017-12-01 12:17:22,刺网
1644,32.955998,123.93160688888894,2.1,342.0,2017-12-01 12:27:23,刺网
1644,32.96305355555556,123.931968,2.5,341.0,2017-12-01 12:37:23,刺网
1644,32.969498,123.93132911111113,3.5,339.0,2017-12-01 12:47:22,刺网
1644,32.97319244444445,123.93405133333336,4.2,91.0,2017-12-01 12:57:23,刺网
1644,32.966803555555565,123.93969022222224,3.0,200.0,2017-12-01 13:07:23,刺网
1644,32.962609111111114,123.9331902222222,1.1,349.0,2017-12-01 13:17:23,刺网
1644,32.96352577777778,123.93827355555555,6.6,70.0,2017-12-01 13:27:23,刺网
1644,32.97088688888889,123.95141244444444,1.8,29.0,2017-12-01 13:37:23,刺网
1644,32.96510911111111,123.94530133333336,4.1,236.0,2017-12-01 13:47:23,刺网
1644,32.96235911111112,123.93985688888893,3.5,268.0,2017-12-01 13:57:23,刺网
1644,32.96272022222223,123.93302355555555,0.2,0.0,2017-12-01 14:07:23,刺网
1644,32.97469244444445,123.94188466666668,6.9,44.0,2017-12-01 14:17:23,刺网
1644,32.985886888888885,123.94766244444445,2.0,312.0,2017-12-01 14:27:23,刺网
1644,32.98622022222221,123.94469022222222,3.8,180.0,2017-12-01 14:37:23,刺网
1644,32.978109111111124,123.94841244444444,3.2,175.0,2017-12-01 14:47:22,刺网
1644,32.969303555555555,123.94888466666669,4.4,175.0,2017-12-01 14:57:23,刺网
1644,32.961025777777785,123.9457457777778,2.3,224.0,2017-12-01 15:07:22,刺网
1644,32.95841466666668,123.94019022222223,0.3,0.0,2017-12-01 15:17:22,刺网
1644,32.97408133333334,123.94744022222223,6.6,23.0,2017-12-01 15:27:22,刺网
1644,32.97805355555556,123.94960688888894,2.6,166.0,2017-12-01 15:37:24,刺网
1644,32.9691368888889,123.95082911111112,3.6,181.0,2017-12-01 15:47:22,刺网
1644,32.96108133333334,123.94694022222224,3.8,227.0,2017-12-01 15:57:23,刺网
1644,32.96269244444445,123.93282911111113,1.3,348.0,2017-12-01 16:17:22,刺网
1644,32.968275777777784,123.9361902222222,5.3,41.0,2017-12-01 16:27:22,刺网
1644,32.983525777777785,123.94482911111112,6.1,8.0,2017-12-01 16:37:23,刺网
1644,32.999470222222236,123.95221800000002,6.8,40.0,2017-12-01 16:47:23,刺网
1644,33.01538688888889,123.95916244444444,6.7,34.0,2017-12-01 16:57:22,刺网
1644,33.031942444444454,123.967468,7.6,22.0,2017-12-01 17:07:22,刺网
1644,33.048386888888885,123.97580133333334,7.4,32.0,2017-12-01 17:17:22,刺网
1644,33.06535911111112,123.98191244444445,7.3,23.0,2017-12-01 17:27:23,刺网
1644,33.08322022222223,123.98752355555555,7.4,20.0,2017-12-01 17:37:23,刺网
1644,33.101109111111114,123.99382911111113,6.4,22.0,2017-12-01 17:47:23,刺网
1644,33.119025777777786,123.99982911111113,7.2,11.0,2017-12-01 17:57:23,刺网
1644,33.13730355555556,124.00599577777778,7.1,11.0,2017-12-01 18:07:23,刺网
1644,33.15616466666667,124.011718,5.5,16.0,2017-12-01 18:17:23,刺网
1644,33.17435911111112,124.01791244444445,7.3,8.0,2017-12-01 18:27:22,刺网
1644,33.19277577777777,124.02460688888893,6.7,22.0,2017-12-01 18:37:22,刺网
1644,33.21174800000001,124.03188466666668,6.5,20.0,2017-12-01 18:47:43,刺网
1644,33.229248000000005,124.03888466666668,7.2,14.0,2017-12-01 18:57:23,刺网
1644,33.248025777777784,124.04641244444444,7.4,18.0,2017-12-01 19:07:23,刺网
1644,33.25158133333333,124.04588466666668,0.4,0.0,2017-12-01 19:17:22,刺网
1644,33.25188688888889,124.04577355555556,0.0,0.0,2017-12-01 19:27:23,刺网
1644,33.25216466666667,124.045718,0.5,134.0,2017-12-01 19:37:22,刺网
1644,33.27152577777778,124.02107911111106,2.9,341.0,2017-12-02 09:37:19,刺网
1644,33.28055355555556,124.019218,3.8,352.0,2017-12-02 09:47:19,刺网
1644,33.289470222222235,124.01816244444444,2.7,351.0,2017-12-02 09:57:43,刺网
1644,33.296997999999995,124.02141244444445,2.6,61.0,2017-12-02 10:07:20,刺网
1644,33.29452577777778,124.02805133333334,2.4,171.0,2017-12-02 10:17:20,刺网
1644,33.293970222222235,124.02985688888887,8.4,343.0,2017-12-02 10:27:19,刺网
1644,33.3206368888889,124.02444022222224,7.4,16.0,2017-12-02 10:37:19,刺网
1644,33.319525777777784,124.02610688888893,2.9,171.0,2017-12-02 10:47:19,刺网
1644,33.313192444444454,124.02763466666669,2.0,157.0,2017-12-02 10:57:19,刺网
1644,33.30813688888889,124.028718,1.6,159.0,2017-12-02 11:07:20,刺网
1644,33.30260911111111,124.02971800000002,2.9,154.0,2017-12-02 11:17:19,刺网
1644,33.297470222222216,124.03077355555556,1.7,170.0,2017-12-02 11:27:19,刺网
1644,33.291970222222226,124.03107911111113,0.8,214.0,2017-12-02 11:37:19,刺网
1644,33.29572022222221,124.02988466666667,9.7,352.0,2017-12-02 11:47:19,刺网
1644,33.322775777777785,124.02660688888888,9.8,0.0,2017-12-02 11:57:19,刺网
1644,33.331220222222235,124.02627355555555,1.6,229.0,2017-12-02 12:07:43,刺网
1644,33.33166466666667,124.02335688888893,1.2,192.0,2017-12-02 12:17:19,刺网
1644,33.32833133333334,124.02188466666666,1.5,206.0,2017-12-02 12:27:19,刺网
1644,33.323720222222235,124.02338466666669,2.5,141.0,2017-12-02 12:37:19,刺网
1644,33.321025777777784,124.02557911111113,0.7,32.0,2017-12-02 12:47:20,刺网
1644,33.30122022222222,124.03544022222223,8.4,183.0,2017-12-02 12:57:20,刺网
1644,33.281025777777785,124.04385688888887,8.7,132.0,2017-12-02 13:07:19,刺网
1644,33.26435911111111,124.05282911111112,2.2,194.0,2017-12-02 13:17:19,刺网
1644,33.26463688888889,124.0521902222222,1.7,0.0,2017-12-02 13:27:19,刺网
1644,33.271498,124.053968,2.4,13.0,2017-12-02 13:37:21,刺网
1644,33.27744244444445,124.05557911111113,1.8,0.0,2017-12-02 13:47:19,刺网
1644,33.28405355555555,124.05605133333331,3.0,15.0,2017-12-02 13:57:19,刺网
1644,33.290109111111114,124.05591244444444,2.5,0.0,2017-12-02 14:07:19,刺网
1644,33.29588688888889,124.05560688888887,1.8,0.0,2017-12-02 14:17:23,刺网
1644,33.30144244444444,124.05457911111112,3.0,0.0,2017-12-02 14:27:21,刺网
1644,33.306970222222226,124.05382911111113,2.5,3.0,2017-12-02 14:37:44,刺网
1644,33.312498,124.05366244444444,1.5,359.0,2017-12-02 14:47:19,刺网
1644,33.317720222222235,124.05307911111113,1.5,329.0,2017-12-02 14:57:19,刺网
1644,33.322414666666674,124.05241244444444,1.7,355.0,2017-12-02 15:07:19,刺网
1644,33.32494244444445,124.05038466666667,1.2,341.0,2017-12-02 15:17:19,刺网
1644,33.32291466666668,124.0466902222222,2.5,158.0,2017-12-02 15:27:19,刺网
1644,33.315748000000006,124.04885688888888,2.8,166.0,2017-12-02 15:37:19,刺网
1644,33.30872022222222,124.04707911111113,2.3,187.0,2017-12-02 15:47:19,刺网
1644,33.30183133333333,124.0454957777778,3.1,184.0,2017-12-02 15:57:19,刺网
1644,33.29480355555556,124.04627355555556,2.6,169.0,2017-12-02 16:07:19,刺网
1644,33.28785911111111,124.04838466666666,2.8,145.0,2017-12-02 16:17:18,刺网
1644,33.28072022222222,124.05116244444444,2.5,180.0,2017-12-02 16:27:18,刺网
1644,33.27327577777777,124.05163466666669,2.3,187.0,2017-12-02 16:37:19,刺网
1644,33.26777577777778,124.049468,1.0,0.0,2017-12-02 16:47:18,刺网
1644,33.261498,124.04752355555556,2.5,199.0,2017-12-02 16:57:19,刺网
1644,33.25580355555556,124.04191244444445,3.0,0.0,2017-12-02 17:07:19,刺网
1644,33.25469244444445,124.03316244444444,2.2,296.0,2017-12-02 17:17:23,刺网
1644,33.25738688888889,124.03055133333336,2.6,46.0,2017-12-02 17:27:25,刺网
1644,33.25755355555556,124.03044022222224,1.7,0.0,2017-12-02 17:37:19,刺网
1644,33.262886888888886,124.03077355555556,2.5,0.0,2017-12-02 17:47:18,刺网
1644,33.268636888888885,124.02857911111113,1.8,0.0,2017-12-02 17:57:18,刺网
1644,33.274359111111124,124.02638466666669,2.4,324.0,2017-12-02 18:07:43,刺网
1644,33.279498000000004,124.0256902222222,2.5,346.0,2017-12-02 18:17:19,刺网
1644,33.285609111111114,124.02627355555555,2.4,3.0,2017-12-02 18:27:19,刺网
1644,33.29019244444444,124.028718,0.9,96.0,2017-12-02 18:37:18,刺网
1644,33.290997999999995,124.0297457777778,0.9,116.0,2017-12-02 18:47:17,刺网
1644,33.29063688888889,124.02805133333334,3.5,87.0,2017-12-02 18:57:18,刺网
1644,33.290803555555556,124.03005133333332,2.3,208.0,2017-12-02 19:07:17,刺网
1644,33.290442444444444,124.02582911111112,1.0,100.0,2017-12-02 19:17:17,刺网
1644,33.29016466666666,124.03060688888893,2.0,212.0,2017-12-02 19:27:18,刺网
1644,33.28958133333334,124.02466244444444,0.7,0.0,2017-12-02 19:37:18,刺网
1644,33.272664666666664,124.02691244444445,7.4,154.0,2017-12-02 19:47:18,刺网
1644,33.258470222222236,124.03413466666667,4.8,171.0,2017-12-02 19:57:18,刺网
1644,33.249775777777785,124.03571800000002,5.1,214.0,2017-12-02 20:07:17,刺网
1644,33.23819244444445,124.034468,4.0,149.0,2017-12-02 20:17:18,刺网
1644,33.231998000000004,124.0327457777778,2.1,335.0,2017-12-02 20:27:17,刺网
1644,33.23680355555556,124.02766244444445,4.7,262.0,2017-12-02 20:37:17,刺网
1644,33.239636888888896,124.03319022222222,7.6,52.0,2017-12-02 20:47:19,刺网
1644,33.24177577777778,124.03566244444444,0.2,0.0,2017-12-02 20:57:20,刺网
1644,33.241803555555556,124.03566244444444,0.5,95.0,2017-12-02 21:07:19,刺网
1644,33.24183133333334,124.035468,1.3,116.0,2017-12-02 21:17:19,刺网
1644,33.241942444444454,124.03557911111113,0.7,0.0,2017-12-02 21:27:31,刺网
1644,33.241970222222236,124.03582911111113,0.3,0.0,2017-12-02 21:37:44,刺网
1644,33.24202577777778,124.03602355555556,0.1,0.0,2017-12-02 21:47:18,刺网
1644,33.24205355555556,124.03607911111106,0.2,0.0,2017-12-02 21:57:18,刺网
1644,33.242136888888886,124.036218,0.1,0.0,2017-12-02 22:07:18,刺网
1644,33.242136888888886,124.03630133333334,0.2,0.0,2017-12-02 22:17:18,刺网
1644,33.24216466666667,124.03638466666668,0.2,0.0,2017-12-02 22:27:18,刺网
1644,33.24222022222221,124.03652355555555,0.0,0.0,2017-12-02 22:37:18,刺网
1644,33.24219244444445,124.03657911111112,0.0,0.0,2017-12-02 22:47:18,刺网
1644,33.24222022222221,124.03680133333332,0.4,310.0,2017-12-02 22:57:18,刺网
1644,33.24222022222221,124.03682911111113,0.3,0.0,2017-12-02 23:07:18,刺网
1644,33.24222022222221,124.0369957777778,0.1,0.0,2017-12-02 23:17:18,刺网
1644,33.24222022222221,124.03716244444445,0.3,119.0,2017-12-02 23:27:17,刺网
1644,33.24219244444445,124.03727355555556,0.1,0.0,2017-12-02 23:37:18,刺网
1644,33.24219244444445,124.03732911111112,0.1,0.0,2017-12-02 23:47:17,刺网
1644,33.24216466666667,124.037468,0.2,0.0,2017-12-02 23:57:17,刺网
1644,33.24202577777778,124.03785688888887,0.2,0.0,2017-12-03 00:17:16,刺网
1644,33.241942444444454,124.03791244444444,0.2,0.0,2017-12-03 00:27:17,刺网
1644,33.24185911111112,124.03805133333334,0.2,0.0,2017-12-03 00:37:17,刺网
1644,33.24183133333334,124.03813466666666,0.0,0.0,2017-12-03 00:47:17,刺网
1644,33.24166466666667,124.03838466666667,0.1,0.0,2017-12-03 00:57:17,刺网
1644,33.24152577777778,124.038468,0.1,0.0,2017-12-03 01:07:17,刺网
1644,33.24130355555556,124.03863466666668,0.4,346.0,2017-12-03 01:17:17,刺网
1644,33.24116466666667,124.0386902222222,0.2,0.0,2017-12-03 01:27:17,刺网
1644,33.24088688888889,124.0387457777778,0.1,0.0,2017-12-03 01:37:16,刺网
1644,33.240775777777785,124.0387457777778,0.1,0.0,2017-12-03 01:47:16,刺网
1644,33.24055355555556,124.03882911111113,0.1,0.0,2017-12-03 01:57:17,刺网
1644,33.24035911111112,124.0387457777778,0.4,0.0,2017-12-03 02:07:17,刺网
1644,33.24019244444445,124.0387457777778,0.5,0.0,2017-12-03 02:17:16,刺网
1644,33.240053555555555,124.03866244444444,0.1,0.0,2017-12-03 02:27:16,刺网
1644,33.23988688888889,124.03855133333332,0.1,0.0,2017-12-03 02:37:16,刺网
1644,33.23977577777778,124.038468,0.2,0.0,2017-12-03 02:47:17,刺网
1644,33.23966466666667,124.03849577777778,0.2,0.0,2017-12-03 02:57:16,刺网
1644,33.23958133333334,124.03844022222222,0.0,0.0,2017-12-03 03:07:17,刺网
1644,33.239525777777786,124.0382457777778,0.3,0.0,2017-12-03 03:17:17,刺网
1644,33.23933133333333,124.038218,0.3,0.0,2017-12-03 03:27:17,刺网
1644,33.23941466666668,124.03807911111113,0.1,0.0,2017-12-03 03:37:16,刺网
1644,33.24124800000001,124.03930133333333,5.6,57.0,2017-12-03 03:47:18,刺网
1644,33.250942444444455,124.04902355555555,4.6,339.0,2017-12-03 03:57:43,刺网
1644,33.256970222222236,124.04699577777778,4.6,354.0,2017-12-03 04:07:17,刺网
1644,33.27252577777778,124.04691244444444,5.5,358.0,2017-12-03 04:17:16,刺网
1644,33.286970222222216,124.047468,5.4,4.0,2017-12-03 04:27:16,刺网
1644,33.301775777777785,124.04757911111106,5.2,8.0,2017-12-03 04:37:17,刺网
1644,33.316109111111125,124.04802355555556,5.4,7.0,2017-12-03 04:47:17,刺网
1644,33.33060911111112,124.04852355555555,5.3,7.0,2017-12-03 04:57:17,刺网
1644,33.32324800000001,124.0569957777778,7.6,177.0,2017-12-03 05:07:16,刺网
1644,33.30188688888889,124.05752355555555,7.8,176.0,2017-12-03 05:17:17,刺网
1644,33.28108133333334,124.0569957777778,7.4,180.0,2017-12-03 05:27:15,刺网
1644,33.26135911111112,124.05832911111112,6.9,186.0,2017-12-03 05:37:16,刺网
1644,33.26091466666667,124.06535688888887,5.7,353.0,2017-12-03 05:47:16,刺网
1644,33.276247999999995,124.06530133333334,6.1,19.0,2017-12-03 05:57:16,刺网
1644,33.30808133333333,124.06532911111113,5.5,33.0,2017-12-03 06:17:15,刺网
1644,33.3176368888889,124.07313466666666,6.2,106.0,2017-12-03 06:27:15,刺网
1644,33.299275777777765,124.07377355555555,7.5,176.0,2017-12-03 06:37:15,刺网
1644,33.27766466666667,124.072968,7.5,175.0,2017-12-03 06:47:16,刺网
1644,33.25727577777778,124.06994022222223,4.5,208.0,2017-12-03 06:57:15,刺网
1644,33.25208133333334,124.06624577777778,1.4,204.0,2017-12-03 07:07:16,刺网
1644,33.24866466666667,124.06394022222223,1.3,216.0,2017-12-03 07:17:45,刺网
1644,33.24588688888889,124.06163466666666,1.0,207.0,2017-12-03 07:27:15,刺网
1644,33.243414666666666,124.05919022222223,1.0,224.0,2017-12-03 07:37:16,刺网
1644,33.24116466666667,124.05635688888887,0.9,230.0,2017-12-03 07:47:15,刺网
1644,33.23874800000001,124.039218,8.9,258.0,2017-12-03 07:57:15,刺网
1644,33.242525777777786,124.033218,2.9,343.0,2017-12-03 08:07:17,刺网
1644,33.248609111111115,124.03174577777777,1.7,357.0,2017-12-03 08:17:16,刺网
1644,33.25352577777778,124.03077355555556,2.1,338.0,2017-12-03 08:27:15,刺网
1644,33.26047022222223,124.02863466666668,2.4,16.0,2017-12-03 08:37:15,刺网
1644,33.26735911111111,124.02730133333333,1.8,357.0,2017-12-03 08:47:15,刺网
1644,33.28185911111111,124.02535688888894,3.3,340.0,2017-12-03 09:07:17,刺网
1644,33.289248,124.0239402222222,1.8,18.0,2017-12-03 09:17:16,刺网
1644,33.29410911111111,124.02785688888888,2.7,337.0,2017-12-03 09:37:17,刺网
1644,33.301303555555556,124.02507911111113,3.0,335.0,2017-12-03 09:47:16,刺网
1644,33.30883133333333,124.02391244444445,2.9,338.0,2017-12-03 09:57:17,刺网
1644,33.321414666666676,124.01719022222223,2.0,64.0,2017-12-03 10:17:15,刺网
1644,33.324275777777785,124.02032911111112,1.1,6.0,2017-12-03 10:27:16,刺网
1644,33.32455355555556,124.023718,2.2,187.0,2017-12-03 10:37:15,刺网
1644,33.32030355555556,124.02630133333334,1.6,156.0,2017-12-03 10:47:14,刺网
1644,33.31530355555557,124.02705133333332,2.0,201.0,2017-12-03 10:57:14,刺网
1644,33.310386888888885,124.027718,1.8,137.0,2017-12-03 11:07:15,刺网
1644,33.30524800000001,124.02855133333334,1.4,158.0,2017-12-03 11:17:14,刺网
1644,33.30044244444444,124.029218,1.8,130.0,2017-12-03 11:27:14,刺网
1644,33.29558133333334,124.03013466666668,1.9,181.0,2017-12-03 11:37:14,刺网
1644,33.29202577777778,124.03085688888888,1.6,185.0,2017-12-03 11:47:14,刺网
1644,33.293997999999995,124.03044022222224,2.2,349.0,2017-12-03 11:57:14,刺网
1644,33.29777577777778,124.02999577777778,0.4,0.0,2017-12-03 12:07:14,刺网
1644,33.298248,124.02666244444444,1.5,171.0,2017-12-03 12:17:14,刺网
1644,33.29369244444445,124.02632911111112,2.0,141.0,2017-12-03 12:27:14,刺网
1644,33.28910911111111,124.02752355555555,1.9,153.0,2017-12-03 12:37:14,刺网
1644,33.28460911111111,124.028968,0.3,0.0,2017-12-03 12:47:14,刺网
1644,33.28038688888889,124.03080133333332,1.6,256.0,2017-12-03 12:57:14,刺网
1644,33.279748000000005,124.03205133333334,1.6,66.0,2017-12-03 13:07:15,刺网
1644,33.280303555555555,124.03282911111113,2.9,19.0,2017-12-03 13:17:15,刺网
1644,33.28730355555556,124.03435688888894,3.2,38.0,2017-12-03 13:27:14,刺网
1644,33.29360911111111,124.03610688888894,2.2,0.0,2017-12-03 13:37:14,刺网
1644,33.29547022222222,124.03441244444444,2.5,70.0,2017-12-03 13:47:16,刺网
1644,33.295414666666666,124.03505133333334,1.7,143.0,2017-12-03 13:57:14,刺网
1644,33.294470222222216,124.037468,2.5,158.0,2017-12-03 14:17:14,刺网
1644,33.29419244444445,124.03707911111113,2.2,0.0,2017-12-03 14:27:15,刺网
1644,33.307748000000004,124.03763466666666,8.6,359.0,2017-12-03 14:37:14,刺网
1644,33.32408133333334,124.04130133333334,2.3,215.0,2017-12-03 14:47:15,刺网
1644,33.31830355555557,124.06988466666668,8.5,115.0,2017-12-03 14:57:15,刺网
1644,33.31191466666667,124.07207911111112,2.5,160.0,2017-12-03 15:07:15,刺网
1644,33.30447022222222,124.07505133333332,2.4,172.0,2017-12-03 15:17:14,刺网
1644,33.29702577777778,124.07435688888893,2.2,218.0,2017-12-03 15:27:15,刺网
1644,33.29052577777778,124.071218,2.5,192.0,2017-12-03 15:37:15,刺网
1644,33.28785911111111,124.06485688888887,2.2,327.0,2017-12-03 15:47:14,刺网
1644,33.28555355555556,124.070718,1.3,82.0,2017-12-03 15:57:14,刺网
1644,33.29938688888889,124.058218,7.9,290.0,2017-12-03 16:17:15,刺网
1644,33.316470222222236,124.0447457777778,7.9,355.0,2017-12-03 16:27:14,刺网
1644,33.31658133333334,124.042468,2.2,207.0,2017-12-03 16:37:15,刺网
1644,33.312970222222226,124.03830133333334,1.8,189.0,2017-12-03 16:47:15,刺网
1644,33.31891466666668,124.04402355555555,1.3,24.0,2017-12-03 16:57:15,刺网
1644,33.323720222222235,124.04602355555555,2.2,41.0,2017-12-03 17:07:13,刺网
1644,33.32735911111112,124.04966244444445,1.0,0.0,2017-12-03 17:17:15,刺网
1644,33.33041466666668,124.05377355555555,1.6,90.0,2017-12-03 17:27:29,刺网
1644,33.328081333333344,124.059468,1.6,0.0,2017-12-03 17:37:19,刺网
1644,33.32394244444445,124.0639957777778,1.5,94.0,2017-12-03 17:47:45,刺网
1644,33.320692444444454,124.06819022222223,2.7,174.0,2017-12-03 17:57:13,刺网
1644,33.314886888888886,124.06985688888888,1.4,194.0,2017-12-03 18:07:13,刺网
1644,33.319914666666676,124.0449957777778,8.7,279.0,2017-12-03 18:17:15,刺网
1644,33.32385911111112,124.01710688888893,8.7,273.0,2017-12-03 18:27:14,刺网
1644,33.325775777777785,123.988468,9.1,264.0,2017-12-03 18:37:14,刺网
1644,33.32741466666668,123.95977355555556,8.9,267.0,2017-12-03 18:47:15,刺网
1644,33.32769244444445,123.930968,8.7,278.0,2017-12-03 18:57:13,刺网
1644,33.32555355555556,123.90132911111112,9.3,251.0,2017-12-03 19:07:14,刺网
1644,33.32341466666667,123.87152355555556,9.3,271.0,2017-12-03 19:17:15,刺网
1644,33.32216466666667,123.84632911111113,3.1,203.0,2017-12-03 19:27:13,刺网
1644,33.321970222222234,123.84538466666667,0.1,0.0,2017-12-03 19:37:13,刺网
1644,33.32210911111112,123.84527355555555,0.0,0.0,2017-12-03 19:47:15,刺网
1644,33.32224800000001,123.84516244444444,0.3,0.0,2017-12-03 19:57:13,刺网
1644,33.322498,123.84502355555556,0.5,293.0,2017-12-03 20:17:14,刺网
1644,33.32258133333334,123.84499577777778,0.4,0.0,2017-12-03 20:27:15,刺网
1644,33.32272022222223,123.84499577777778,0.0,0.0,2017-12-03 20:37:13,刺网
1644,33.32283133333334,123.84499577777778,0.2,0.0,2017-12-03 20:47:13,刺网
1644,33.32297022222223,123.84499577777778,0.1,0.0,2017-12-03 20:57:13,刺网
1644,33.3231368888889,123.844968,0.0,0.0,2017-12-03 21:07:13,刺网
1644,33.32330355555556,123.84502355555556,0.0,0.0,2017-12-03 21:17:12,刺网
1644,33.32352577777778,123.84507911111106,0.2,0.0,2017-12-03 21:37:13,刺网
1644,33.32360911111112,123.84513466666668,0.0,0.0,2017-12-03 21:47:13,刺网
1644,33.323720222222235,123.84519022222223,0.0,0.0,2017-12-03 21:57:13,刺网
1644,33.32385911111112,123.84532911111113,0.1,0.0,2017-12-03 22:07:13,刺网
1644,33.323914666666674,123.84538466666667,0.0,0.0,2017-12-03 22:17:13,刺网
1644,33.323998,123.84549577777778,0.1,0.0,2017-12-03 22:27:13,刺网
1644,33.3241368888889,123.84563466666668,0.1,0.0,2017-12-03 22:37:12,刺网
1644,33.324275777777785,123.84580133333333,0.0,0.0,2017-12-03 22:47:12,刺网
1644,33.32433133333334,123.84605133333334,0.0,0.0,2017-12-03 22:57:13,刺网
1644,33.32447022222223,123.84627355555556,0.2,0.0,2017-12-03 23:07:13,刺网
1644,33.32444244444445,123.84641244444445,0.1,0.0,2017-12-03 23:17:13,刺网
1644,33.32444244444445,123.84655133333334,0.3,0.0,2017-12-03 23:27:12,刺网
1644,33.32444244444445,123.84663466666666,0.1,0.0,2017-12-03 23:37:13,刺网
1644,33.32444244444445,123.8466902222222,0.3,0.0,2017-12-03 23:47:44,刺网
1644,33.32447022222223,123.846968,0.2,0.0,2017-12-03 23:57:13,刺网
1644,33.32438688888889,123.8466902222222,0.1,0.0,2017-12-04 00:07:13,刺网
1644,33.32438688888889,123.84705133333334,0.1,0.0,2017-12-04 00:17:12,刺网
1644,33.32438688888889,123.84707911111113,0.0,0.0,2017-12-04 00:27:12,刺网
1644,33.32438688888889,123.84738466666668,0.0,0.0,2017-12-04 00:37:13,刺网
1644,33.32433133333334,123.84757911111107,0.0,0.0,2017-12-04 00:47:12,刺网
1644,33.32424800000001,123.847968,0.2,0.0,2017-12-04 00:57:13,刺网
1644,33.32405355555556,123.84810688888888,0.1,0.0,2017-12-04 01:07:13,刺网
1644,33.32394244444445,123.848218,0.3,0.0,2017-12-04 01:17:12,刺网
1644,33.3236368888889,123.84852355555556,0.0,0.0,2017-12-04 01:27:13,刺网
1644,33.323220222222226,123.84869022222222,0.1,0.0,2017-12-04 01:37:13,刺网
1644,33.322775777777785,123.848718,0.1,0.0,2017-12-04 01:47:13,刺网
1644,33.322414666666674,123.84863466666668,0.1,0.0,2017-12-04 01:57:12,刺网
1644,33.32210911111112,123.8484402222222,0.3,0.0,2017-12-04 02:07:43,刺网
1644,33.322053555555556,123.8484402222222,0.3,298.0,2017-12-04 02:17:12,刺网
1644,33.321970222222234,123.84835688888887,0.4,0.0,2017-12-04 02:27:12,刺网
1644,33.3218868888889,123.84830133333332,0.4,0.0,2017-12-04 02:37:12,刺网
1644,33.32180355555556,123.8481902222222,0.1,0.0,2017-12-04 02:47:12,刺网
1644,33.32180355555556,123.848218,0.0,0.0,2017-12-04 02:57:11,刺网
1644,33.32166466666667,123.84805133333334,0.2,0.0,2017-12-04 03:07:12,刺网
1644,33.32166466666667,123.84805133333334,0.1,0.0,2017-12-04 03:17:12,刺网
1644,33.3216368888889,123.84810688888888,0.6,182.0,2017-12-04 03:27:12,刺网
1644,33.32158133333334,123.847968,0.3,0.0,2017-12-04 03:37:11,刺网
1644,33.32158133333334,123.84794022222223,0.0,0.0,2017-12-04 03:47:11,刺网
1644,33.32155355555556,123.84788466666667,0.7,174.0,2017-12-04 03:57:12,刺网
1644,33.32144244444445,123.84766244444445,0.4,159.0,2017-12-04 04:07:12,刺网
1644,33.321414666666676,123.84755133333331,0.4,138.0,2017-12-04 04:17:11,刺网
1644,33.32138688888889,123.84757911111107,0.0,0.0,2017-12-04 04:27:11,刺网
1644,33.32135911111112,123.84744022222222,0.3,0.0,2017-12-04 04:37:12,刺网
1644,33.32133133333334,123.84741244444444,0.5,0.0,2017-12-04 04:47:11,刺网
1644,33.32133133333334,123.84730133333332,0.1,0.0,2017-12-04 04:57:11,刺网
1644,33.32235911111112,123.8466902222222,1.5,26.0,2017-12-04 05:07:12,刺网
1644,33.306359111111114,123.8446902222222,9.7,182.0,2017-12-04 05:17:12,刺网
1644,33.28355355555556,123.84396799999999,3.8,2.0,2017-12-04 05:27:11,刺网
1644,33.29458133333333,123.84441244444444,4.4,18.0,2017-12-04 05:37:12,刺网
1644,33.30760911111111,123.84527355555555,6.2,35.0,2017-12-04 05:47:11,刺网
1644,33.31933133333334,123.844218,3.8,341.0,2017-12-04 05:57:12,刺网
1644,33.33060911111112,123.84455133333331,4.7,12.0,2017-12-04 06:07:44,刺网
1644,33.34105355555556,123.84357911111113,4.0,321.0,2017-12-04 06:17:11,刺网
1644,33.35272022222223,123.84530133333334,5.2,350.0,2017-12-04 06:27:12,刺网
1644,33.36416466666667,123.84355133333334,3.8,350.0,2017-12-04 06:37:12,刺网
1644,33.37283133333334,123.8441902222222,4.2,42.0,2017-12-04 06:47:12,刺网
1644,33.38313688888889,123.84438466666668,5.0,12.0,2017-12-04 06:57:12,刺网
1644,33.39208133333334,123.84466244444445,5.7,11.0,2017-12-04 07:07:12,刺网
1644,33.38752577777778,123.841968,1.9,211.0,2017-12-04 07:17:11,刺网
1644,33.380859111111114,123.839468,1.9,202.0,2017-12-04 07:27:11,刺网
1644,33.374386888888885,123.83682911111113,3.2,194.0,2017-12-04 07:37:11,刺网
1644,33.368248,123.83385688888887,2.4,208.0,2017-12-04 07:47:11,刺网
1644,33.362470222222235,123.83055133333336,3.1,203.0,2017-12-04 07:57:11,刺网
1644,33.35708133333334,123.82713466666668,2.0,205.0,2017-12-04 08:07:10,刺网
1644,33.36269244444445,123.82610688888893,2.2,318.0,2017-12-04 08:17:11,刺网
1644,33.37119244444445,123.82757911111106,2.6,9.0,2017-12-04 08:27:12,刺网
1644,33.368497999999995,123.82646799999999,3.0,202.0,2017-12-04 08:37:10,刺网
1644,33.36377577777778,123.82380133333334,3.2,207.0,2017-12-04 08:47:10,刺网
1644,33.35958133333334,123.82063466666666,2.9,214.0,2017-12-04 08:57:12,刺网
1644,33.364998,123.82577355555556,5.6,91.0,2017-12-04 09:07:11,刺网
1644,33.37113688888889,123.82860688888893,2.4,354.0,2017-12-04 09:17:11,刺网
1644,33.36966466666667,123.82902355555555,5.0,189.0,2017-12-04 09:27:11,刺网
1644,33.36422022222221,123.82769022222223,3.2,214.0,2017-12-04 09:37:10,刺网
1644,33.358720222222225,123.82413466666668,1.8,161.0,2017-12-04 09:47:44,刺网
1644,33.35544244444445,123.82530133333334,3.4,183.0,2017-12-04 09:57:11,刺网
1644,33.34999800000001,123.82205133333332,1.7,187.0,2017-12-04 10:07:11,刺网
1644,33.34508133333334,123.82005133333334,1.9,99.0,2017-12-04 10:17:11,刺网
1644,33.339970222222234,123.81788466666669,3.3,193.0,2017-12-04 10:27:10,刺网
1644,33.33524800000001,123.82035688888888,2.4,88.0,2017-12-04 10:37:11,刺网
1644,33.33227577777778,123.82402355555556,1.4,138.0,2017-12-04 10:47:11,刺网
1644,33.32816466666667,123.82735688888887,2.3,147.0,2017-12-04 10:57:11,刺网
1644,33.327859111111124,123.82644022222222,3.5,270.0,2017-12-04 11:07:11,刺网
1644,33.331192444444454,123.82252355555555,1.8,301.0,2017-12-04 11:17:11,刺网
1644,33.32966466666667,123.8212457777778,1.2,215.0,2017-12-04 11:27:10,刺网
1644,33.32610911111112,123.82057911111113,1.8,205.0,2017-12-04 11:37:11,刺网
1644,33.323998,123.81619022222222,1.8,209.0,2017-12-04 11:47:11,刺网
1644,33.320720222222235,123.8129957777778,1.9,186.0,2017-12-04 11:57:11,刺网
1644,33.31369244444445,123.81355133333334,1.3,88.0,2017-12-04 12:17:11,刺网
1644,33.31091466666667,123.81469022222224,1.2,159.0,2017-12-04 12:27:11,刺网
1644,33.307748000000004,123.814968,1.7,20.0,2017-12-04 12:37:10,刺网
1644,33.30080355555556,123.81388466666668,6.1,176.0,2017-12-04 12:47:10,刺网
1644,33.288275777777784,123.81177355555555,0.4,0.0,2017-12-04 12:57:10,刺网
1644,33.288998,123.81510688888888,4.3,117.0,2017-12-04 13:07:10,刺网
1644,33.290498,123.81682911111113,3.5,353.0,2017-12-04 13:17:11,刺网
1644,33.29630355555556,123.81657911111112,0.6,0.0,2017-12-04 13:27:11,刺网
1644,33.302997999999995,123.81757911111113,3.0,19.0,2017-12-04 13:37:09,刺网
1644,33.311192444444444,123.822468,2.9,153.0,2017-12-04 13:57:10,刺网
1644,33.31094244444444,123.82410688888888,1.0,29.0,2017-12-04 14:07:11,刺网
1644,33.31102577777778,123.82416244444444,1.1,309.0,2017-12-04 14:17:09,刺网
1644,33.31091466666667,123.82419022222223,0.2,0.0,2017-12-04 14:27:10,刺网
1644,33.310775777777785,123.82410688888888,0.8,45.0,2017-12-04 14:37:11,刺网
1644,33.31044244444444,123.82407911111113,2.5,73.0,2017-12-04 14:47:10,刺网
1644,33.31022022222222,123.82394022222222,2.6,196.0,2017-12-04 14:57:10,刺网
1644,33.310053555555555,123.82388466666669,2.3,87.0,2017-12-04 15:07:11,刺网
1644,33.30985911111111,123.82382911111112,1.4,0.0,2017-12-04 15:17:12,刺网
1644,33.31177577777777,123.82199577777777,1.4,300.0,2017-12-04 15:27:38,刺网
1644,33.310775777777785,123.82657911111113,8.8,140.0,2017-12-04 15:37:10,刺网
1644,33.295303555555556,123.84299577777777,3.5,156.0,2017-12-04 15:47:10,刺网
1644,33.29283133333333,123.84555133333336,0.5,30.0,2017-12-04 15:57:10,刺网
1644,33.29280355555556,123.84566244444444,0.8,173.0,2017-12-04 16:07:11,刺网
1644,33.29288688888889,123.84580133333333,1.1,118.0,2017-12-04 16:17:10,刺网
1644,33.29272022222222,123.84555133333336,1.1,66.0,2017-12-04 16:27:10,刺网
1644,33.29252577777778,123.84530133333334,0.3,0.0,2017-12-04 16:37:10,刺网
1644,33.29260911111111,123.84541244444445,2.4,114.0,2017-12-04 16:47:10,刺网
1644,33.29252577777778,123.84527355555555,0.6,0.0,2017-12-04 16:57:10,刺网
1644,33.292442444444454,123.84505133333332,0.2,0.0,2017-12-04 17:07:12,刺网
1644,33.292442444444454,123.84513466666668,1.1,131.0,2017-12-04 17:17:11,刺网
1644,33.292303555555556,123.84482911111112,0.9,130.0,2017-12-04 17:27:10,刺网
1644,33.29235911111111,123.84491244444445,0.7,103.0,2017-12-04 17:37:10,刺网
1644,33.292248,123.84457911111107,2.0,90.0,2017-12-04 17:47:10,刺网
1644,33.29219244444445,123.84455133333331,0.1,0.0,2017-12-04 17:57:38,刺网
1644,33.29222022222222,123.84457911111107,1.5,134.0,2017-12-04 18:07:09,刺网
1644,33.292081333333336,123.84391244444444,0.8,85.0,2017-12-04 18:17:09,刺网
1644,33.292081333333336,123.84366244444445,1.2,180.0,2017-12-04 18:27:10,刺网
1644,33.292081333333336,123.84394022222222,1.0,230.0,2017-12-04 18:37:39,刺网
1644,33.292053555555555,123.84380133333332,0.4,282.0,2017-12-04 18:47:09,刺网
1644,33.29202577777778,123.84360688888893,1.1,68.0,2017-12-04 18:57:09,刺网
1644,33.29202577777778,123.84355133333334,0.6,189.0,2017-12-04 19:07:10,刺网
1644,33.29202577777778,123.843718,1.2,305.0,2017-12-04 19:17:09,刺网
1644,33.29202577777778,123.84360688888893,1.3,29.0,2017-12-04 19:27:09,刺网
1644,33.291998,123.843468,0.5,191.0,2017-12-04 19:37:09,刺网
1644,33.29202577777778,123.84330133333332,1.0,29.0,2017-12-04 19:47:10,刺网
1644,33.291998,123.84319022222222,0.8,248.0,2017-12-04 19:57:09,刺网
1644,33.29202577777778,123.84285688888887,1.6,158.0,2017-12-04 20:07:10,刺网
1644,33.29202577777778,123.84269022222223,1.4,188.0,2017-12-04 20:17:09,刺网
1644,33.29210911111111,123.84227355555555,0.9,287.0,2017-12-04 20:27:09,刺网
1644,33.29210911111111,123.84213466666668,1.1,213.0,2017-12-04 20:37:09,刺网
1644,33.29222022222222,123.84182911111112,0.4,0.0,2017-12-04 20:47:09,刺网
1644,33.29227577777777,123.84177355555555,0.8,263.0,2017-12-04 20:57:09,刺网
1644,33.29235911111111,123.84144022222222,0.7,0.0,2017-12-04 21:07:09,刺网
1644,33.29238688888889,123.84144022222222,1.3,150.0,2017-12-04 21:17:09,刺网
1644,33.29255355555556,123.8411902222222,0.4,0.0,2017-12-04 21:27:09,刺网
1644,33.29260911111111,123.84127355555556,0.0,0.0,2017-12-04 21:37:38,刺网
1644,33.29269244444445,123.84105133333334,0.9,134.0,2017-12-04 21:47:09,刺网
1644,33.29280355555556,123.84107911111113,1.8,150.0,2017-12-04 22:07:09,刺网
1644,33.29285911111111,123.84107911111113,1.2,12.0,2017-12-04 22:17:09,刺网
1644,33.292775777777784,123.84130133333332,0.6,0.0,2017-12-04 22:27:09,刺网
1644,33.29269244444445,123.84157911111113,0.9,344.0,2017-12-04 22:37:09,刺网
1644,33.29266466666667,123.84166244444445,0.4,0.0,2017-12-04 22:47:09,刺网
1644,33.292497999999995,123.84205133333332,1.0,299.0,2017-12-04 22:57:09,刺网
1644,33.292470222222235,123.84232911111113,1.5,47.0,2017-12-04 23:07:09,刺网
1644,33.29219244444445,123.84266244444444,2.1,157.0,2017-12-04 23:17:09,刺网
1644,33.29213688888889,123.84310688888887,0.5,0.0,2017-12-04 23:27:09,刺网
1644,33.29213688888889,123.84385688888888,0.7,83.0,2017-12-04 23:37:09,刺网
1644,33.29233133333333,123.84452355555555,0.5,0.0,2017-12-04 23:47:09,刺网
1644,33.292970222222216,123.84569022222222,1.9,46.0,2017-12-04 23:57:08,刺网
1644,33.29330355555556,123.84607911111112,0.9,48.0,2017-12-05 00:07:38,刺网
1644,33.293581333333336,123.84638466666668,1.0,134.0,2017-12-05 00:17:08,刺网
1644,33.293581333333336,123.84632911111113,1.7,65.0,2017-12-05 00:27:08,刺网
1644,33.29360911111111,123.84635688888888,0.7,126.0,2017-12-05 00:37:08,刺网
1644,33.29385911111112,123.84657911111113,1.7,175.0,2017-12-05 00:47:08,刺网
1644,33.29405355555556,123.84666244444445,0.3,0.0,2017-12-05 00:57:08,刺网
1644,33.29430355555556,123.84680133333332,0.7,129.0,2017-12-05 01:07:08,刺网
1644,33.29422022222221,123.84682911111112,2.7,187.0,2017-12-05 01:17:08,刺网
1644,33.294553555555545,123.84702355555555,1.3,63.0,2017-12-05 01:27:08,刺网
1644,33.29444244444444,123.84694022222223,0.4,0.0,2017-12-05 01:37:08,刺网
1644,33.29441466666667,123.8469957777778,1.3,80.0,2017-12-05 01:47:08,刺网
1644,33.29438688888889,123.846968,1.2,148.0,2017-12-05 01:57:08,刺网
1644,33.29435911111111,123.84694022222223,0.8,20.0,2017-12-05 02:07:08,刺网
1644,33.294136888888886,123.84694022222223,2.1,277.0,2017-12-05 02:17:08,刺网
1644,33.294136888888886,123.84691244444444,0.6,0.0,2017-12-05 02:27:08,刺网
1644,33.29385911111112,123.84677355555556,0.1,0.0,2017-12-05 02:37:38,刺网
1644,33.29385911111112,123.84682911111112,0.1,0.0,2017-12-05 02:47:08,刺网
1644,33.293886888888885,123.84682911111112,0.7,147.0,2017-12-05 02:57:08,刺网
1644,33.29352577777778,123.84655133333334,0.3,0.0,2017-12-05 03:07:08,刺网
1644,33.293553555555555,123.84663466666666,1.1,141.0,2017-12-05 03:17:08,刺网
1644,33.29369244444445,123.84666244444445,0.5,183.0,2017-12-05 03:27:08,刺网
1644,33.29333133333333,123.84641244444445,0.4,0.0,2017-12-05 03:37:08,刺网
1644,33.29322022222222,123.84627355555556,1.4,62.0,2017-12-05 03:47:08,刺网
1644,33.293053555555545,123.84616244444445,1.9,335.0,2017-12-05 03:57:08,刺网
1644,33.293109111111114,123.84616244444445,0.4,0.0,2017-12-05 04:07:08,刺网
1644,33.293053555555545,123.84610688888893,0.4,0.0,2017-12-05 04:17:08,刺网
1644,33.292998,123.84624577777778,1.9,0.0,2017-12-05 04:27:08,刺网
1644,33.29291466666667,123.84607911111112,0.1,0.0,2017-12-05 04:37:39,刺网
1644,33.29294244444444,123.8459957777778,0.6,0.0,2017-12-05 04:47:08,刺网
1644,33.292775777777784,123.84588466666666,2.6,60.0,2017-12-05 04:57:08,刺网
1644,33.29269244444445,123.84569022222222,2.5,137.0,2017-12-05 05:07:08,刺网
1644,33.29255355555556,123.84549577777778,0.5,0.0,2017-12-05 05:17:08,刺网
1644,33.29252577777778,123.84538466666667,0.5,0.0,2017-12-05 05:27:08,刺网
1644,33.29238688888889,123.84510688888888,0.0,0.0,2017-12-05 05:37:08,刺网
1644,33.29233133333333,123.84494022222222,0.6,0.0,2017-12-05 05:47:08,刺网
1644,33.29233133333333,123.84480133333332,0.6,0.0,2017-12-05 05:57:08,刺网
1644,33.29227577777777,123.84474577777777,1.0,313.0,2017-12-05 06:07:39,刺网
1644,33.292164666666665,123.84444022222223,0.8,0.0,2017-12-05 06:17:07,刺网
1644,33.29213688888889,123.84438466666668,1.3,95.0,2017-12-05 06:27:07,刺网
1644,33.29338688888889,123.8434957777778,1.4,349.0,2017-12-05 06:37:07,刺网
1644,33.29452577777778,123.84310688888887,1.2,43.0,2017-12-05 06:47:07,刺网
1644,33.295636888888886,123.84324577777778,2.5,11.0,2017-12-05 06:57:07,刺网
1644,33.29663688888889,123.84544022222224,2.3,0.0,2017-12-05 07:07:08,刺网
1644,33.301248,123.84630133333334,3.6,335.0,2017-12-05 07:17:39,刺网
1644,33.31108133333333,123.84532911111113,3.8,26.0,2017-12-05 07:27:07,刺网
1644,33.320970222222236,123.84619022222222,4.4,346.0,2017-12-05 07:37:07,刺网
1644,33.332025777777794,123.84527355555555,2.7,6.0,2017-12-05 07:47:07,刺网
1644,33.34416466666667,123.845718,4.7,6.0,2017-12-05 07:57:07,刺网
1644,33.369025777777786,123.84380133333332,5.3,352.0,2017-12-05 08:17:07,刺网
1644,33.380748000000004,123.84146799999999,4.8,308.0,2017-12-05 08:27:07,刺网
1644,33.37283133333334,123.84141244444444,1.6,174.0,2017-12-05 08:47:07,刺网
1644,33.367498000000005,123.8404957777778,1.6,219.0,2017-12-05 08:57:07,刺网
1644,33.36224800000001,123.83919022222223,1.5,193.0,2017-12-05 09:07:07,刺网
1644,33.35585911111112,123.83763466666666,8.2,195.0,2017-12-05 09:17:08,刺网
1644,33.33310911111111,123.834718,9.2,177.0,2017-12-05 09:27:08,刺网
1644,33.31094244444444,123.83488466666668,9.0,186.0,2017-12-05 09:37:07,刺网
1644,33.275109111111114,123.82855133333334,1.8,348.0,2017-12-05 09:57:08,刺网
1644,33.28055355555556,123.82707911111108,3.2,346.0,2017-12-05 10:07:37,刺网
1644,33.286303555555556,123.82602355555555,3.4,322.0,2017-12-05 10:17:07,刺网
1644,33.292442444444454,123.82460688888894,2.5,295.0,2017-12-05 10:27:07,刺网
1644,33.29908133333333,123.82335688888894,2.2,357.0,2017-12-05 10:37:07,刺网
1644,33.304609111111105,123.82385688888887,0.8,7.0,2017-12-05 10:47:07,刺网
1644,33.311748,123.82155133333336,2.3,327.0,2017-12-05 10:57:07,刺网
1644,33.3166368888889,123.82669022222224,1.4,65.0,2017-12-05 11:07:07,刺网
1644,33.31711111111111,123.82761111111112,1.2,139.0,2017-12-05 11:17:07,刺网
1644,33.32475000000001,123.82136111111107,6.1,341.0,2017-12-05 11:27:07,刺网
1644,33.34305555555556,123.8192222222222,7.5,358.0,2017-12-05 11:37:07,刺网
1644,33.36172222222222,123.81472222222222,7.6,347.0,2017-12-05 11:47:07,刺网
1644,33.38091666666667,123.812,5.2,315.0,2017-12-05 11:57:06,刺网
1644,33.38769444444445,123.81138888888887,0.3,0.0,2017-12-05 12:07:06,刺网
1644,33.38444444444444,123.8112777777778,1.0,0.0,2017-12-05 12:17:06,刺网
1644,33.38033333333333,123.81088888888893,0.7,168.0,2017-12-05 12:27:06,刺网
1644,33.37566666666667,123.81141666666666,1.6,186.0,2017-12-05 12:37:07,刺网
1644,33.372388888888885,123.81222222222222,0.9,0.0,2017-12-05 12:47:06,刺网
1644,33.37027777777778,123.81272222222222,1.3,0.0,2017-12-05 12:57:06,刺网
1644,33.36591666666667,123.8135,1.0,0.0,2017-12-05 13:07:07,刺网
1644,33.361972222222235,123.81441666666666,2.5,142.0,2017-12-05 13:17:07,刺网
1644,33.35841666666667,123.81572222222222,3.2,114.0,2017-12-05 13:27:06,刺网
1644,33.355555555555554,123.81691666666666,4.0,83.0,2017-12-05 13:37:06,刺网
1644,33.35366666666667,123.82113888888887,6.2,148.0,2017-12-05 13:47:06,刺网
1644,33.3355,123.82386111111107,6.1,190.0,2017-12-05 13:57:07,刺网
1644,33.31880555555557,123.82483333333332,3.0,177.0,2017-12-05 14:07:37,刺网
1644,33.319500000000005,123.8274722222222,0.7,74.0,2017-12-05 14:17:06,刺网
1644,33.31980555555556,123.82888888888887,1.1,16.0,2017-12-05 14:27:06,刺网
1644,33.32,123.82975,1.3,81.0,2017-12-05 14:37:06,刺网
1644,33.320055555555555,123.83036111111113,2.4,157.0,2017-12-05 14:47:06,刺网
1644,33.320083333333336,123.83013888888887,0.6,0.0,2017-12-05 14:57:07,刺网
1644,33.31988888888889,123.83038888888888,1.9,8.0,2017-12-05 15:07:07,刺网
1644,33.32255555555556,123.83319444444444,1.9,116.0,2017-12-05 15:17:06,刺网
1644,33.32230555555556,123.83461111111113,0.7,0.0,2017-12-05 15:27:07,刺网
1644,33.322222222222216,123.8355,2.4,176.0,2017-12-05 15:37:06,刺网
1644,33.326527777777784,123.83894444444445,1.3,107.0,2017-12-05 15:47:06,刺网
1644,33.32461111111111,123.84311111111113,1.7,94.0,2017-12-05 15:57:06,刺网
1644,33.32408333333334,123.84608333333333,4.8,8.0,2017-12-05 16:07:07,刺网
1644,33.32361111111111,123.8432222222222,4.6,214.0,2017-12-05 16:17:07,刺网
1644,33.31841666666667,123.834,1.5,278.0,2017-12-05 16:27:38,刺网
1644,33.31663888888889,123.82955555555556,1.4,229.0,2017-12-05 16:37:06,刺网
1644,33.306805555555556,123.8322222222222,8.5,153.0,2017-12-05 16:47:07,刺网
1644,33.292972222222225,123.83341666666666,1.1,107.0,2017-12-05 16:57:06,刺网
1644,33.29233333333333,123.835,0.7,0.0,2017-12-05 17:07:06,刺网
1644,33.29230555555556,123.8352222222222,0.6,0.0,2017-12-05 17:17:06,刺网
1644,33.292138888888886,123.83511111111108,0.7,350.0,2017-12-05 17:27:06,刺网
1644,33.29208333333333,123.83505555555556,1.5,118.0,2017-12-05 17:37:06,刺网
1644,33.29202777777777,123.83494444444445,1.0,0.0,2017-12-05 17:47:05,刺网
1644,33.29186111111111,123.83469444444445,1.0,158.0,2017-12-05 18:07:06,刺网
1644,33.291805555555555,123.83466666666666,0.5,0.0,2017-12-05 18:17:05,刺网
1644,33.29183333333333,123.83466666666666,1.1,124.0,2017-12-05 18:27:33,刺网
1644,33.29177777777777,123.8345,0.6,0.0,2017-12-05 18:37:06,刺网
1644,33.29161111111111,123.83425,0.7,0.0,2017-12-05 18:47:06,刺网
1644,33.29172222222222,123.83436111111112,1.1,199.0,2017-12-05 18:57:06,刺网
1644,33.29161111111111,123.83413888888887,1.0,150.0,2017-12-05 19:07:05,刺网
1644,33.2915,123.83386111111106,0.7,75.0,2017-12-05 19:17:05,刺网
1644,33.291472222222225,123.83377777777778,0.6,294.0,2017-12-05 19:27:06,刺网
1644,33.291472222222225,123.83383333333332,1.3,310.0,2017-12-05 19:37:05,刺网
1644,33.291444444444444,123.83352777777776,0.4,0.0,2017-12-05 19:47:06,刺网
1644,33.29141666666667,123.83338888888888,0.7,217.0,2017-12-05 19:57:06,刺网
1644,33.291444444444444,123.83330555555555,0.1,0.0,2017-12-05 20:07:06,刺网
1644,33.291444444444444,123.83294444444445,1.0,13.0,2017-12-05 20:27:06,刺网
1644,33.291444444444444,123.83258333333332,1.2,91.0,2017-12-05 20:37:05,刺网
1644,33.2915,123.83252777777777,1.2,335.0,2017-12-05 20:47:05,刺网
1644,33.29152777777778,123.8322777777778,1.1,57.0,2017-12-05 20:57:05,刺网
1644,33.29158333333333,123.83208333333332,0.9,272.0,2017-12-05 21:07:05,刺网
1644,33.291694444444445,123.83169444444445,0.9,254.0,2017-12-05 21:17:06,刺网
1644,33.29194444444444,123.83133333333332,0.2,0.0,2017-12-05 21:27:38,刺网
1644,33.29219444444444,123.8309722222222,0.3,0.0,2017-12-05 21:37:05,刺网
1644,33.2925,123.83063888888887,0.3,0.0,2017-12-05 21:47:05,刺网
1644,33.29283333333333,123.83044444444445,0.9,0.0,2017-12-05 21:57:05,刺网
1644,33.29325,123.83013888888887,0.9,0.0,2017-12-05 22:07:06,刺网
1644,33.29369444444445,123.83013888888887,0.5,0.0,2017-12-05 22:17:05,刺网
1644,33.294111111111114,123.83022222222222,1.0,0.0,2017-12-05 22:27:05,刺网
1644,33.29477777777777,123.83047222222223,0.3,0.0,2017-12-05 22:37:06,刺网
1644,33.29516666666666,123.83080555555556,2.9,244.0,2017-12-05 22:47:05,刺网
1644,33.29544444444444,123.83119444444445,1.3,0.0,2017-12-05 22:57:05,刺网
1644,33.29452777777778,123.83086111111106,1.4,0.0,2017-12-05 23:07:05,刺网
1644,33.29463888888889,123.83044444444445,0.9,0.0,2017-12-05 23:17:07,刺网
1644,33.295472222222216,123.83155555555555,0.5,0.0,2017-12-05 23:27:10,刺网
1644,33.29530555555556,123.83138888888887,1.0,295.0,2017-12-05 23:37:39,刺网
1644,33.29502777777777,123.8312222222222,3.3,356.0,2017-12-05 23:47:04,刺网
1644,33.29566666666666,123.83211111111113,1.0,187.0,2017-12-05 23:57:04,刺网
1644,33.29525,123.83125,0.3,0.0,2017-12-06 00:07:05,刺网
1644,33.29555555555555,123.83138888888887,1.2,151.0,2017-12-06 00:17:04,刺网
1644,33.29575,123.83169444444445,0.0,0.0,2017-12-06 00:27:04,刺网
1644,33.29611111111111,123.83208333333332,0.4,214.0,2017-12-06 00:37:04,刺网
1644,33.296166666666664,123.8324722222222,0.8,255.0,2017-12-06 00:47:04,刺网
1644,33.29619444444445,123.83269444444444,0.4,317.0,2017-12-06 00:57:04,刺网
1644,33.29619444444445,123.83302777777777,0.9,34.0,2017-12-06 01:07:04,刺网
1644,33.29619444444445,123.83313888888887,0.8,86.0,2017-12-06 01:17:05,刺网
1644,33.29613888888889,123.83352777777776,1.4,1.0,2017-12-06 01:27:04,刺网
1644,33.296,123.83405555555555,0.3,0.0,2017-12-06 01:37:04,刺网
1644,33.29591666666667,123.83433333333332,0.4,0.0,2017-12-06 01:47:04,刺网
1644,33.29583333333333,123.83452777777778,0.5,0.0,2017-12-06 01:57:04,刺网
1644,33.29566666666666,123.8347222222222,0.9,0.0,2017-12-06 02:07:31,刺网
1644,33.295472222222216,123.835,0.7,0.0,2017-12-06 02:17:04,刺网
1644,33.29530555555556,123.83511111111108,1.5,0.0,2017-12-06 02:27:04,刺网
1644,33.29502777777777,123.83536111111113,0.5,0.0,2017-12-06 02:37:32,刺网
1644,33.294805555555556,123.83558333333332,0.9,81.0,2017-12-06 02:47:04,刺网
1644,33.29477777777777,123.83558333333332,0.6,78.0,2017-12-06 02:57:04,刺网
1644,33.29441666666666,123.83572222222222,0.8,83.0,2017-12-06 03:07:06,刺网
1644,33.294277777777765,123.83577777777776,0.2,0.0,2017-12-06 03:17:05,刺网
1644,33.294111111111114,123.83577777777776,0.2,0.0,2017-12-06 03:27:04,刺网
1644,33.29394444444444,123.83583333333333,1.0,153.0,2017-12-06 03:37:05,刺网
1644,33.29369444444445,123.83586111111107,0.1,0.0,2017-12-06 03:47:04,刺网
1644,33.29366666666667,123.83583333333333,0.8,78.0,2017-12-06 03:57:04,刺网
1644,33.29338888888889,123.83577777777776,0.4,110.0,2017-12-06 04:07:05,刺网
1644,33.29358333333333,123.83175,0.5,0.0,2017-12-06 04:17:05,刺网
1644,33.293194444444445,123.83497222222219,5.9,8.0,2017-12-06 04:27:04,刺网
1644,33.30983333333333,123.83463888888888,3.5,2.0,2017-12-06 04:37:05,刺网
1644,33.32438888888889,123.83430555555556,4.9,353.0,2017-12-06 04:47:04,刺网
1644,33.337805555555555,123.82486111111106,5.3,324.0,2017-12-06 04:57:04,刺网
1644,33.34027777777778,123.82336111111107,1.2,0.0,2017-12-06 05:07:04,刺网
1644,33.33644444444445,123.82736111111107,1.0,0.0,2017-12-06 05:17:04,刺网
1644,33.33227777777778,123.83152777777777,3.4,111.0,2017-12-06 05:27:03,刺网
1644,33.328027777777784,123.83513888888888,1.7,87.0,2017-12-06 05:37:04,刺网
1644,33.32358333333334,123.83861111111106,1.6,0.0,2017-12-06 05:47:03,刺网
1644,33.31883333333334,123.84141666666666,2.0,0.0,2017-12-06 05:57:04,刺网
1644,33.31383333333333,123.8444722222222,1.6,154.0,2017-12-06 06:07:32,刺网
1644,33.317527777777784,123.83941666666664,5.0,354.0,2017-12-06 06:17:04,刺网
1644,33.33175000000001,123.83575,2.8,332.0,2017-12-06 06:27:04,刺网
1644,33.34061111111112,123.83225,6.7,241.0,2017-12-06 06:37:04,刺网
1644,33.324666666666666,123.83258333333332,6.2,181.0,2017-12-06 06:47:04,刺网
1644,33.30913888888889,123.83366666666667,4.9,216.0,2017-12-06 06:57:03,刺网
1644,33.293166666666664,123.83325,6.4,182.0,2017-12-06 07:07:03,刺网
1644,33.27880555555556,123.8375,6.2,72.0,2017-12-06 07:17:03,刺网
1644,33.28808333333333,123.84327777777777,5.5,10.0,2017-12-06 07:27:04,刺网
1644,33.301972222222226,123.84294444444444,5.1,332.0,2017-12-06 07:37:03,刺网
1644,33.31627777777777,123.84261111111113,4.8,14.0,2017-12-06 07:47:03,刺网
1644,33.33027777777778,123.84258333333334,6.4,26.0,2017-12-06 07:57:03,刺网
1644,33.33888888888889,123.84944444444444,6.5,180.0,2017-12-06 08:07:04,刺网
1644,33.32033333333334,123.84988888888887,6.7,196.0,2017-12-06 08:17:05,刺网
1644,33.30213888888889,123.84952777777778,6.8,176.0,2017-12-06 08:27:04,刺网
1644,33.28458333333333,123.85008333333332,6.7,172.0,2017-12-06 08:37:04,刺网
1644,33.266694444444454,123.8484722222222,7.0,187.0,2017-12-06 08:47:05,刺网
1644,33.27769444444444,123.84075,5.1,350.0,2017-12-06 08:57:03,刺网
1644,33.29519444444444,123.83552777777777,5.3,345.0,2017-12-06 09:07:03,刺网
1644,33.313805555555554,123.83261111111106,7.0,355.0,2017-12-06 09:17:34,刺网
1644,33.317416666666674,123.83269444444444,1.1,194.0,2017-12-06 09:27:04,刺网
1644,33.31508333333333,123.83158333333333,1.2,201.0,2017-12-06 09:37:04,刺网
1644,33.313138888888886,123.83019444444444,0.7,179.0,2017-12-06 09:47:05,刺网
1644,33.311416666666666,123.8287222222222,1.0,171.0,2017-12-06 09:57:03,刺网
1644,33.31016666666666,123.82730555555555,0.3,0.0,2017-12-06 10:07:05,刺网
1644,33.30916666666666,123.82563888888888,0.8,201.0,2017-12-06 10:17:04,刺网
1644,33.30858333333333,123.82391666666666,0.4,198.0,2017-12-06 10:27:04,刺网
1644,33.312999999999995,123.82638888888887,3.3,145.0,2017-12-06 10:37:03,刺网
1644,33.31108333333333,123.82561111111113,0.7,176.0,2017-12-06 10:47:03,刺网
1644,33.325,123.83,2.7,47.0,2017-12-06 10:57:03,刺网
1644,33.322277777777785,123.82972222222222,2.4,192.0,2017-12-06 11:07:03,刺网
1644,33.31627777777777,123.82869444444445,1.0,355.0,2017-12-06 11:17:03,刺网
1644,33.310555555555545,123.82755555555555,2.2,182.0,2017-12-06 11:27:03,刺网
1644,33.30497222222222,123.82711111111112,0.7,0.0,2017-12-06 11:37:03,刺网
1644,33.30013888888889,123.82680555555555,1.7,153.0,2017-12-06 11:47:02,刺网
1644,33.29494444444444,123.82652777777777,1.9,173.0,2017-12-06 11:57:02,刺网
1644,33.28527777777778,123.82525,1.8,185.0,2017-12-06 12:17:02,刺网
1644,33.281166666666664,123.824,1.7,206.0,2017-12-06 12:27:02,刺网
1644,33.27533333333333,123.81830555555555,2.4,208.0,2017-12-06 12:37:03,刺网
1644,33.277166666666666,123.82,1.8,15.0,2017-12-06 12:47:03,刺网
1644,33.28283333333333,123.82255555555555,0.7,0.0,2017-12-06 12:57:03,刺网
1644,33.28877777777777,123.81980555555555,1.1,27.0,2017-12-06 13:07:04,刺网
1644,33.29405555555555,123.82044444444445,2.8,2.0,2017-12-06 13:17:02,刺网
1644,33.30083333333333,123.82125,1.1,10.0,2017-12-06 13:27:03,刺网
1644,33.305305555555556,123.82011111111107,2.1,49.0,2017-12-06 13:37:02,刺网
1644,33.31286111111111,123.81908333333332,3.4,352.0,2017-12-06 13:47:03,刺网
1644,33.32022222222222,123.81769444444444,0.8,6.0,2017-12-06 13:57:03,刺网
1644,33.32480555555557,123.8165,0.8,34.0,2017-12-06 14:07:03,刺网
1644,33.33244444444445,123.81516666666668,3.1,342.0,2017-12-06 14:17:16,刺网
1644,33.33555555555556,123.81005555555555,2.3,134.0,2017-12-06 14:27:04,刺网
1644,33.33161111111112,123.81158333333332,1.7,177.0,2017-12-06 14:37:04,刺网
1644,33.328,123.81188888888887,2.1,155.0,2017-12-06 14:47:04,刺网
1644,33.32355555555556,123.814,1.9,157.0,2017-12-06 14:57:03,刺网
1644,33.318611111111125,123.81530555555555,2.0,170.0,2017-12-06 15:07:03,刺网
1644,33.313944444444445,123.81661111111107,1.5,163.0,2017-12-06 15:17:04,刺网
1644,33.30916666666666,123.8177777777778,1.7,182.0,2017-12-06 15:27:04,刺网
1644,33.30458333333333,123.81919444444445,1.6,147.0,2017-12-06 15:37:02,刺网
1644,33.30552777777777,123.82113888888887,8.4,350.0,2017-12-06 15:47:02,刺网
1644,33.32933333333334,123.81466666666668,8.6,347.0,2017-12-06 15:57:03,刺网
1644,33.35302777777778,123.80725,7.7,342.0,2017-12-06 16:07:15,刺网
1644,33.37602777777778,123.8012222222222,8.4,334.0,2017-12-06 16:17:01,刺网
1644,33.400666666666666,123.80016666666668,9.0,0.0,2017-12-06 16:27:03,刺网
1644,33.424777777777784,123.79930555555555,8.2,352.0,2017-12-06 16:37:03,刺网
1644,33.44925,123.80002777777777,9.4,359.0,2017-12-06 16:47:02,刺网
1644,33.473333333333336,123.80002777777777,9.7,356.0,2017-12-06 16:57:01,刺网
1644,33.48369444444445,123.80116666666667,0.8,323.0,2017-12-06 17:07:06,刺网
1644,33.48383333333333,123.8010277777778,0.3,0.0,2017-12-06 17:17:01,刺网
1644,33.48386111111111,123.80094444444444,0.4,81.0,2017-12-06 17:27:03,刺网
1644,33.48375,123.801,0.4,0.0,2017-12-06 17:37:02,刺网
1644,33.48361111111111,123.80105555555555,0.4,164.0,2017-12-06 17:47:14,刺网
1644,33.483555555555554,123.80108333333332,0.3,117.0,2017-12-06 17:57:01,刺网
1644,33.48336111111111,123.80111111111113,0.8,158.0,2017-12-06 18:07:02,刺网
1644,33.48322222222223,123.80108333333332,0.5,293.0,2017-12-06 18:17:01,刺网
1644,33.48313888888889,123.80108333333332,0.3,0.0,2017-12-06 18:27:01,刺网
1644,33.483000000000004,123.80105555555555,0.2,0.0,2017-12-06 18:37:01,刺网
1644,33.48288888888889,123.80105555555555,0.2,0.0,2017-12-06 18:47:01,刺网
1644,33.48280555555556,123.8010277777778,0.6,0.0,2017-12-06 18:57:01,刺网
1644,33.482777777777784,123.8009722222222,0.3,0.0,2017-12-06 19:07:02,刺网
1644,33.48258333333334,123.80091666666668,1.0,44.0,2017-12-06 19:17:02,刺网
1644,33.48255555555556,123.80088888888888,0.0,0.0,2017-12-06 19:27:03,刺网
1644,33.482472222222235,123.80083333333332,0.2,0.0,2017-12-06 19:37:02,刺网
1644,33.48252777777778,123.80086111111108,0.1,0.0,2017-12-06 19:47:01,刺网
1644,33.482305555555556,123.80066666666666,0.4,0.0,2017-12-06 19:57:01,刺网
1644,33.482444444444454,123.80086111111108,0.7,0.0,2017-12-06 20:07:14,刺网
1644,33.482305555555556,123.80063888888887,0.5,38.0,2017-12-06 20:17:03,刺网
1644,33.48227777777778,123.80061111111112,0.6,0.0,2017-12-06 20:27:03,刺网
1644,33.482472222222235,123.80077777777777,0.2,0.0,2017-12-06 20:37:02,刺网
1644,33.48241666666667,123.80077777777777,0.3,0.0,2017-12-06 20:47:02,刺网
1644,33.482444444444454,123.80077777777777,0.2,0.0,2017-12-06 20:57:02,刺网
1644,33.48258333333334,123.80086111111108,0.1,0.0,2017-12-06 21:07:02,刺网
1644,33.48227777777778,123.80066666666666,0.2,0.0,2017-12-06 21:17:02,刺网
1644,33.48202777777778,123.8005,0.6,0.0,2017-12-06 21:27:02,刺网
1644,33.48211111111111,123.80052777777777,0.1,0.0,2017-12-06 21:37:03,刺网
1644,33.48227777777778,123.80055555555555,0.8,100.0,2017-12-06 21:47:01,刺网
1644,33.482472222222235,123.80072222222222,0.1,0.0,2017-12-06 21:57:02,刺网
1644,33.482638888888886,123.80094444444444,0.6,0.0,2017-12-06 22:07:02,刺网
1644,33.48294444444444,123.80086111111108,0.6,0.0,2017-12-06 22:17:00,刺网
1644,33.48327777777778,123.80091666666668,0.8,88.0,2017-12-06 22:27:02,刺网
1644,33.48383333333333,123.80088888888888,0.4,0.0,2017-12-06 22:37:00,刺网
1644,33.484277777777784,123.80011111111112,0.5,0.0,2017-12-06 22:47:00,刺网
1644,33.484277777777784,123.7997222222222,0.8,0.0,2017-12-06 22:57:01,刺网
1644,33.48430555555556,123.79919444444445,0.4,0.0,2017-12-06 23:07:04,刺网
1644,33.48452777777778,123.79883333333332,0.4,0.0,2017-12-06 23:17:01,刺网
1644,33.48425,123.79788888888888,0.4,0.0,2017-12-06 23:37:00,刺网
1644,33.48436111111111,123.798,0.4,341.0,2017-12-06 23:47:02,刺网
1644,33.48433333333333,123.79791666666668,0.1,0.0,2017-12-06 23:57:01,刺网
1644,33.48438888888889,123.798,0.1,0.0,2017-12-07 00:07:01,刺网
1644,33.48430555555556,123.79794444444444,0.2,0.0,2017-12-07 00:17:02,刺网
1644,33.4845,123.79813888888887,0.1,0.0,2017-12-07 00:27:00,刺网
1644,33.48455555555555,123.79825,0.5,111.0,2017-12-07 00:37:02,刺网
1644,33.48455555555555,123.79833333333332,0.3,0.0,2017-12-07 00:47:02,刺网
1644,33.48463888888889,123.79847222222222,0.3,0.0,2017-12-07 00:57:02,刺网
1644,33.484750000000005,123.79875,0.3,0.0,2017-12-07 01:07:00,刺网
1644,33.484750000000005,123.79897222222222,0.0,0.0,2017-12-07 01:17:01,刺网
1644,33.484750000000005,123.79916666666666,0.5,0.0,2017-12-07 01:27:02,刺网
1644,33.484750000000005,123.79922222222223,0.8,131.0,2017-12-07 01:37:01,刺网
1644,33.48477777777778,123.79933333333334,0.4,0.0,2017-12-07 01:47:00,刺网
1644,33.48477777777778,123.79944444444445,0.0,0.0,2017-12-07 01:57:01,刺网
1644,33.48477777777778,123.79952777777778,0.1,0.0,2017-12-07 02:07:14,刺网
1644,33.484750000000005,123.7997777777778,0.2,0.0,2017-12-07 02:17:01,刺网
1644,33.48466666666666,123.80008333333332,0.4,85.0,2017-12-07 02:27:01,刺网
1644,33.48463888888889,123.80008333333332,0.3,0.0,2017-12-07 02:37:00,刺网
1644,33.4845,123.80033333333334,0.0,0.0,2017-12-07 02:47:01,刺网
1644,33.48452777777778,123.80038888888888,0.3,0.0,2017-12-07 02:57:01,刺网
1644,33.48433333333333,123.80063888888887,0.4,0.0,2017-12-07 03:07:00,刺网
1644,33.484277777777784,123.80072222222222,0.6,255.0,2017-12-07 03:17:01,刺网
1644,33.48408333333334,123.80080555555556,0.2,0.0,2017-12-07 03:27:01,刺网
1644,33.48391666666667,123.80094444444444,0.1,0.0,2017-12-07 03:37:01,刺网
1644,33.48383333333333,123.801,0.7,38.0,2017-12-07 03:47:01,刺网
1644,33.48369444444445,123.8010277777778,0.1,0.0,2017-12-07 03:57:01,刺网
1644,33.483444444444444,123.80111111111113,0.5,271.0,2017-12-07 04:06:59,刺网
1644,33.48330555555556,123.80108333333332,0.5,169.0,2017-12-07 04:17:00,刺网
1644,33.48330555555556,123.80116666666667,0.5,195.0,2017-12-07 04:27:01,刺网
1644,33.48313888888889,123.80119444444445,0.8,0.0,2017-12-07 04:37:01,刺网
1644,33.48316666666667,123.80105555555555,0.3,0.0,2017-12-07 04:47:15,刺网
1644,33.48308333333334,123.80105555555555,0.4,190.0,2017-12-07 04:57:00,刺网
1644,33.48283333333333,123.8009722222222,0.1,0.0,2017-12-07 05:06:59,刺网
1644,33.48275,123.80091666666668,0.2,0.0,2017-12-07 05:17:01,刺网
1644,33.48261111111111,123.80088888888888,0.3,0.0,2017-12-07 05:27:01,刺网
1644,33.48258333333334,123.80091666666668,0.3,0.0,2017-12-07 05:37:00,刺网
1644,33.4825,123.80094444444444,0.6,0.0,2017-12-07 05:47:00,刺网
1644,33.4825,123.80088888888888,0.3,0.0,2017-12-07 05:57:00,刺网
1644,33.483111111111114,123.79752777777777,5.2,289.0,2017-12-07 06:07:01,刺网
1644,33.48480555555556,123.78019444444445,6.7,355.0,2017-12-07 06:17:01,刺网
1644,33.50136111111111,123.78011111111113,6.2,18.0,2017-12-07 06:27:00,刺网
1644,33.51855555555555,123.78,6.5,356.0,2017-12-07 06:37:00,刺网
1644,33.53513888888889,123.78016666666667,5.8,359.0,2017-12-07 06:47:01,刺网
1644,33.550555555555555,123.78008333333334,4.9,352.0,2017-12-07 06:57:00,刺网
1644,33.56658333333333,123.78025,5.8,359.0,2017-12-07 07:07:15,刺网
1644,33.56452777777777,123.77313888888894,6.4,185.0,2017-12-07 07:17:00,刺网
1644,33.54475,123.77308333333332,7.4,162.0,2017-12-07 07:27:00,刺网
1644,33.5245,123.77336111111107,7.5,178.0,2017-12-07 07:37:01,刺网
1644,33.50408333333333,123.773,7.2,185.0,2017-12-07 07:47:00,刺网
1644,33.48488888888889,123.77386111111107,5.9,212.0,2017-12-07 07:57:00,刺网
1644,33.48144444444445,123.76547222222223,5.3,5.0,2017-12-07 08:07:01,刺网
1644,33.496944444444445,123.76536111111112,5.8,341.0,2017-12-07 08:17:00,刺网
1644,33.51222222222222,123.76513888888887,5.6,4.0,2017-12-07 08:26:59,刺网
1644,33.528055555555554,123.76522222222222,6.0,351.0,2017-12-07 08:36:59,刺网
1644,33.54380555555556,123.76486111111107,5.5,20.0,2017-12-07 08:47:01,刺网
1644,33.545111111111105,123.77894444444445,3.0,226.0,2017-12-07 09:07:00,刺网
1644,33.544666666666664,123.77191666666666,4.0,262.0,2017-12-07 09:17:00,刺网
1644,33.5425,123.76116666666668,5.5,144.0,2017-12-07 09:27:00,刺网
1644,33.53177777777777,123.76586111111112,9.5,173.0,2017-12-07 09:36:59,刺网
1644,33.52125,123.77341666666666,1.9,148.0,2017-12-07 09:46:59,刺网
1644,33.514111111111106,123.78122222222223,3.2,134.0,2017-12-07 09:57:14,刺网
1644,33.49344444444444,123.78305555555555,9.8,174.0,2017-12-07 10:07:16,刺网
1644,33.477027777777785,123.78280555555556,1.8,201.0,2017-12-07 10:17:00,刺网
1644,33.4735,123.78163888888888,1.0,187.0,2017-12-07 10:27:00,刺网
1644,33.47061111111111,123.78044444444444,1.2,213.0,2017-12-07 10:36:59,刺网
1644,33.45977777777778,123.78630555555556,1.0,51.0,2017-12-07 10:46:59,刺网
1644,33.465444444444444,123.78583333333331,1.8,356.0,2017-12-07 10:57:00,刺网
1644,33.472055555555556,123.78566666666666,2.5,352.0,2017-12-07 11:07:00,刺网
1644,33.47838888888889,123.7847777777778,1.7,334.0,2017-12-07 11:17:00,刺网
1644,33.484611111111114,123.78286111111113,1.8,342.0,2017-12-07 11:27:00,刺网
1644,33.49019444444445,123.77841666666669,2.8,340.0,2017-12-07 11:36:59,刺网
1644,33.49644444444444,123.77463888888887,3.1,322.0,2017-12-07 11:47:00,刺网
1644,33.50202777777778,123.77180555555556,0.9,253.0,2017-12-07 11:56:59,刺网
1644,33.506861111111114,123.76752777777777,2.6,340.0,2017-12-07 12:07:00,刺网
1644,33.514250000000004,123.76508333333334,2.6,343.0,2017-12-07 12:16:59,刺网
1644,33.52208333333333,123.76386111111113,2.6,12.0,2017-12-07 12:27:00,刺网
1644,33.5275,123.76716666666668,0.5,14.0,2017-12-07 12:37:16,刺网
1644,33.52861111111111,123.76966666666668,0.9,305.0,2017-12-07 12:47:00,刺网
1644,33.529361111111115,123.77022222222222,2.4,73.0,2017-12-07 12:57:00,刺网
1644,33.53877777777777,123.75630555555556,9.2,277.0,2017-12-07 13:07:00,刺网
1644,33.54613888888889,123.73722222222223,1.9,79.0,2017-12-07 13:17:00,刺网
1644,33.54083333333333,123.73877777777778,2.0,160.0,2017-12-07 13:26:59,刺网
1644,33.53622222222222,123.74155555555555,2.1,149.0,2017-12-07 13:36:59,刺网
1644,33.532250000000005,123.74486111111106,1.9,163.0,2017-12-07 13:46:59,刺网
1644,33.52855555555555,123.74791666666668,1.3,132.0,2017-12-07 13:57:00,刺网
1644,33.525416666666665,123.75075,1.3,152.0,2017-12-07 14:06:59,刺网
1644,33.52283333333333,123.7475,2.0,200.0,2017-12-07 14:16:57,刺网
1644,33.519416666666665,123.74563888888888,1.4,166.0,2017-12-07 14:26:59,刺网
1644,33.51530555555556,123.74519444444445,1.7,165.0,2017-12-07 14:36:58,刺网
1644,33.5115,123.74680555555555,1.4,157.0,2017-12-07 14:46:58,刺网
1644,33.507472222222226,123.75005555555555,2.3,148.0,2017-12-07 14:56:58,刺网
1644,33.50380555555556,123.75355555555555,3.4,135.0,2017-12-07 15:06:58,刺网
1644,33.50061111111111,123.75844444444445,2.0,137.0,2017-12-07 15:16:59,刺网
1644,33.497,123.7624722222222,1.1,157.0,2017-12-07 15:26:59,刺网
1644,33.49316666666667,123.76444444444445,1.8,137.0,2017-12-07 15:36:59,刺网
1644,33.489472222222226,123.76638888888887,1.0,165.0,2017-12-07 15:46:59,刺网
1644,33.48922222222223,123.76908333333333,3.4,38.0,2017-12-07 15:56:57,刺网
1644,33.49761111111111,123.77019444444444,4.5,355.0,2017-12-07 16:07:15,刺网
1644,33.50505555555556,123.77002777777777,2.9,22.0,2017-12-07 16:16:59,刺网
1644,33.51288888888889,123.76969444444444,2.0,333.0,2017-12-07 16:26:58,刺网
1644,33.51997222222222,123.76761111111112,2.6,338.0,2017-12-07 16:36:59,刺网
1644,33.52661111111111,123.76591666666668,3.5,0.0,2017-12-07 16:46:59,刺网
1644,33.5415,123.76886111111112,4.1,28.0,2017-12-07 17:06:59,刺网
1644,33.542472222222216,123.77708333333332,2.5,149.0,2017-12-07 17:16:58,刺网
1644,33.53633333333333,123.77786111111112,2.4,207.0,2017-12-07 17:27:01,刺网
1644,33.528694444444454,123.77625,0.6,209.0,2017-12-07 17:47:15,刺网
1644,33.52827777777777,123.77355555555555,3.2,3.0,2017-12-07 17:56:58,刺网
1644,33.54244444444444,123.78047222222223,6.3,16.0,2017-12-07 18:06:58,刺网
1644,33.544916666666666,123.78886111111107,3.1,175.0,2017-12-07 18:26:59,刺网
1644,33.534305555555555,123.78383333333332,7.1,184.0,2017-12-07 18:36:59,刺网
1644,33.529250000000005,123.78016666666667,3.2,355.0,2017-12-07 18:46:57,刺网
1644,33.528694444444454,123.77863888888888,3.2,175.0,2017-12-07 18:56:58,刺网
1644,33.527055555555556,123.7789722222222,2.5,237.0,2017-12-07 19:06:58,刺网
1644,33.52658333333333,123.77675,0.9,231.0,2017-12-07 19:16:59,刺网
1644,33.52744444444444,123.7835,1.6,303.0,2017-12-07 19:26:58,刺网
1644,33.53308333333334,123.78399999999999,1.7,338.0,2017-12-07 19:36:58,刺网
1644,33.53655555555555,123.78508333333332,0.7,313.0,2017-12-07 19:46:57,刺网
1644,33.53908333333333,123.78669444444445,3.6,321.0,2017-12-07 19:56:58,刺网
1644,33.53616666666667,123.7877777777778,3.2,127.0,2017-12-07 20:07:15,刺网
1644,33.53527777777778,123.78688888888887,2.6,228.0,2017-12-07 20:16:58,刺网
1644,33.53113888888889,123.78311111111113,2.8,156.0,2017-12-07 20:26:58,刺网
1644,33.5245,123.77941666666666,2.5,237.0,2017-12-07 20:36:57,刺网
1644,33.514361111111114,123.7845,10.0,165.0,2017-12-07 20:46:58,刺网
1644,33.494638888888886,123.80108333333332,8.9,142.0,2017-12-07 20:56:57,刺网
1644,33.474805555555555,123.81788888888887,9.5,151.0,2017-12-07 21:06:58,刺网
1644,33.45511111111111,123.83533333333334,7.2,135.0,2017-12-07 21:16:57,刺网
1644,33.43636111111111,123.85322222222223,10.3,146.0,2017-12-07 21:26:57,刺网
1644,33.41738888888889,123.87130555555555,9.2,138.0,2017-12-07 21:36:57,刺网
1644,33.398972222222234,123.88913888888894,8.6,134.0,2017-12-07 21:46:57,刺网
1644,33.38163888888889,123.90775,7.5,132.0,2017-12-07 21:56:57,刺网
1644,33.36613888888889,123.9272777777778,7.2,124.0,2017-12-07 22:06:59,刺网
1644,33.35188888888889,123.9470277777778,8.0,134.0,2017-12-07 22:16:57,刺网
1644,33.33858333333334,123.96694444444445,8.4,130.0,2017-12-07 22:26:58,刺网
1644,33.32508333333334,123.98636111111112,7.0,124.0,2017-12-07 22:36:58,刺网
1644,33.313694444444444,124.00675,7.8,129.0,2017-12-07 22:46:57,刺网
1644,33.30433333333333,124.0275277777778,7.8,118.0,2017-12-07 22:56:59,刺网
1644,33.29802777777777,124.03855555555555,2.4,308.0,2017-12-07 23:06:59,刺网
1644,33.296,124.03711111111113,0.3,0.0,2017-12-07 23:17:02,刺网
1644,33.295777777777765,124.03694444444444,1.2,259.0,2017-12-07 23:27:16,刺网
1644,33.29586111111111,124.03661111111113,1.0,235.0,2017-12-07 23:36:57,刺网
1644,33.29563888888889,124.03644444444444,0.3,0.0,2017-12-07 23:46:57,刺网
1644,33.29586111111111,124.0360277777778,2.1,143.0,2017-12-07 23:56:57,刺网
1644,33.295972222222225,124.03580555555556,1.1,303.0,2017-12-08 00:06:57,刺网
1644,33.296055555555554,124.03572222222222,0.7,121.0,2017-12-08 00:16:57,刺网
1644,33.29608333333333,124.03572222222222,0.7,261.0,2017-12-08 00:26:56,刺网
1644,33.29611111111111,124.03569444444445,3.0,153.0,2017-12-08 00:36:56,刺网
1644,33.29608333333333,124.03575,1.0,350.0,2017-12-08 00:56:56,刺网
1644,33.29583333333333,124.03613888888887,1.2,236.0,2017-12-08 01:06:56,刺网
1644,33.29563888888889,124.03641666666668,1.2,326.0,2017-12-08 01:16:56,刺网
1644,33.29525,124.03675,0.3,0.0,2017-12-08 01:26:56,刺网
1644,33.295138888888886,124.03677777777777,0.8,239.0,2017-12-08 01:36:56,刺网
1644,33.294916666666666,124.03683333333332,2.2,338.0,2017-12-08 01:46:56,刺网
1644,33.29475,124.037,0.8,0.0,2017-12-08 01:56:56,刺网
1644,33.29405555555555,124.039,0.6,152.0,2017-12-08 02:16:56,刺网
1644,33.29380555555556,124.03997222222222,1.6,41.0,2017-12-08 02:26:56,刺网
1644,33.29372222222222,124.03997222222222,0.2,0.0,2017-12-08 02:36:56,刺网
1644,33.29391666666667,124.04038888888887,2.3,76.0,2017-12-08 02:46:56,刺网
1644,33.29336111111111,124.03966666666666,1.1,269.0,2017-12-08 02:56:56,刺网
1644,33.293499999999995,124.04047222222222,0.9,166.0,2017-12-08 03:06:56,刺网
1644,33.29352777777777,124.04038888888887,0.9,245.0,2017-12-08 03:16:56,刺网
1644,33.293416666666666,124.04019444444445,0.1,0.0,2017-12-08 03:26:56,刺网
1644,33.293416666666666,124.04036111111112,1.2,314.0,2017-12-08 03:36:56,刺网
1644,33.29352777777777,124.04069444444444,0.4,0.0,2017-12-08 03:46:56,刺网
1644,33.29347222222222,124.04102777777777,0.8,172.0,2017-12-08 03:56:56,刺网
1644,33.29291666666667,124.0407777777778,1.5,222.0,2017-12-08 04:06:56,刺网
1644,33.29244444444444,124.0419722222222,1.7,63.0,2017-12-08 04:16:56,刺网
1644,33.29233333333333,124.0422222222222,1.2,0.0,2017-12-08 04:26:56,刺网
1644,33.292111111111105,124.04241666666668,1.9,138.0,2017-12-08 04:36:56,刺网
1644,33.29141666666667,124.04230555555556,1.1,0.0,2017-12-08 04:46:56,刺网
1644,33.29061111111111,124.04294444444444,1.2,0.0,2017-12-08 04:56:56,刺网
1644,33.29011111111111,124.04319444444445,3.3,0.0,2017-12-08 05:06:56,刺网
1644,33.28955555555555,124.04383333333332,3.1,27.0,2017-12-08 05:16:56,刺网
1644,33.289194444444455,124.04411111111106,1.7,0.0,2017-12-08 05:26:56,刺网
1644,33.28916666666667,124.04425,1.3,0.0,2017-12-08 05:36:56,刺网
1644,33.28905555555555,124.04416666666668,1.4,13.0,2017-12-08 05:47:15,刺网
1644,33.288666666666664,124.04427777777778,1.2,176.0,2017-12-08 05:56:56,刺网
1644,33.28872222222222,124.0444722222222,0.6,0.0,2017-12-08 06:06:56,刺网
1644,33.288694444444445,124.04461111111112,0.7,0.0,2017-12-08 06:17:05,刺网
1644,33.288694444444445,124.04461111111112,2.4,254.0,2017-12-08 06:26:56,刺网
1644,33.2885,124.04438888888888,0.4,0.0,2017-12-08 06:36:56,刺网
1644,33.288472222222225,124.04413888888888,0.3,0.0,2017-12-08 06:47:15,刺网
1644,33.2885,124.04419444444444,2.3,204.0,2017-12-08 06:56:55,刺网
1644,33.2885,124.04416666666668,0.9,67.0,2017-12-08 07:06:55,刺网
1644,33.29152777777778,124.04302777777777,0.8,238.0,2017-12-08 07:16:55,刺网
1644,33.278666666666666,124.05386111111108,8.3,130.0,2017-12-08 07:26:55,刺网
1644,33.26258333333334,124.07569444444445,8.8,119.0,2017-12-08 07:36:55,刺网
1644,33.24436111111111,124.09527777777777,8.1,157.0,2017-12-08 07:46:55,刺网
1644,33.225527777777785,124.1147222222222,8.5,133.0,2017-12-08 07:56:55,刺网
1644,33.20816666666667,124.1352777777778,8.9,135.0,2017-12-08 08:06:55,刺网
1644,33.18975,124.15508333333334,8.3,133.0,2017-12-08 08:16:55,刺网
1644,33.17194444444444,124.17561111111112,9.5,137.0,2017-12-08 08:26:56,刺网
1644,33.154472222222225,124.19555555555556,7.6,152.0,2017-12-08 08:36:55,刺网
1644,33.13652777777778,124.21530555555556,9.3,112.0,2017-12-08 08:46:56,刺网
1644,33.120888888888885,124.23741666666668,9.2,127.0,2017-12-08 08:56:55,刺网
1644,33.10513888888889,124.25888888888888,8.7,138.0,2017-12-08 09:06:55,刺网
1644,33.086361111111124,124.2765,7.6,126.0,2017-12-08 09:16:56,刺网
1644,33.070166666666665,124.29741666666666,9.4,141.0,2017-12-08 09:26:56,刺网
1644,33.05397222222222,124.31794444444445,9.3,134.0,2017-12-08 09:36:56,刺网
1644,33.040972222222216,124.34077777777777,7.6,126.0,2017-12-08 09:47:40,刺网
1644,33.031694444444454,124.36163888888888,8.8,116.0,2017-12-08 09:56:56,刺网
1644,33.011944444444445,124.37241666666668,8.3,178.0,2017-12-08 10:06:56,刺网
1644,32.986666666666665,124.37311111111113,10.1,180.0,2017-12-08 10:16:55,刺网
1644,32.98144444444445,124.37105555555556,1.1,72.0,2017-12-08 10:26:55,刺网
1644,32.981,124.37102777777777,0.4,175.0,2017-12-08 10:36:55,刺网
1644,32.98013888888889,124.37088888888887,1.0,174.0,2017-12-08 10:46:56,刺网
1644,32.97941666666667,124.37069444444445,0.8,175.0,2017-12-08 10:56:55,刺网
1644,32.9785,124.36977777777778,0.5,54.0,2017-12-08 11:06:56,刺网
1644,32.97841666666667,124.36908333333332,0.7,204.0,2017-12-08 11:16:56,刺网
1644,32.97808333333334,124.3689722222222,1.0,203.0,2017-12-08 11:26:55,刺网
1644,32.97808333333334,124.36858333333332,0.5,0.0,2017-12-08 11:36:55,刺网
1644,32.97802777777778,124.36825,0.4,259.0,2017-12-08 11:46:56,刺网
1644,32.978138888888886,124.36816666666664,0.6,0.0,2017-12-08 11:56:55,刺网
1644,32.978,124.36783333333334,0.3,0.0,2017-12-08 12:07:40,刺网
1644,32.978194444444455,124.36727777777777,0.7,342.0,2017-12-08 12:16:55,刺网
1644,32.97858333333333,124.36683333333332,1.0,183.0,2017-12-08 12:26:55,刺网
1644,32.97872222222223,124.36683333333332,2.7,68.0,2017-12-08 12:36:55,刺网
1644,32.97877777777778,124.36691666666664,1.0,136.0,2017-12-08 12:46:55,刺网
1644,32.97902777777778,124.36675,1.3,216.0,2017-12-08 12:56:54,刺网
1644,32.97925000000001,124.36652777777776,1.1,31.0,2017-12-08 13:06:55,刺网
1644,32.97961111111111,124.36658333333332,1.2,19.0,2017-12-08 13:26:54,刺网
1644,32.97952777777778,124.36652777777776,0.9,41.0,2017-12-08 13:36:54,刺网
1644,32.980111111111114,124.3664722222222,2.2,329.0,2017-12-08 13:46:55,刺网
1644,32.98077777777777,124.36625,0.6,200.0,2017-12-08 13:56:54,刺网
1644,32.98158333333334,124.36627777777778,2.1,349.0,2017-12-08 14:06:55,刺网
1644,32.98236111111112,124.3664722222222,1.8,167.0,2017-12-08 14:16:54,刺网
1644,32.98283333333333,124.36697222222222,0.3,0.0,2017-12-08 14:26:55,刺网
1644,32.98327777777778,124.36724999999998,2.2,155.0,2017-12-08 14:36:54,刺网
1644,32.98375,124.36777777777776,1.2,66.0,2017-12-08 14:46:54,刺网
1644,32.98416666666667,124.36869444444444,1.2,61.0,2017-12-08 14:56:54,刺网
1644,32.98358333333333,124.37030555555555,1.0,200.0,2017-12-08 15:07:01,刺网
1644,32.983555555555554,124.36991666666668,1.6,183.0,2017-12-08 15:16:54,刺网
1644,32.98361111111111,124.36930555555556,1.0,0.0,2017-12-08 15:26:54,刺网
1644,32.98316666666667,124.36925,1.3,201.0,2017-12-08 15:36:54,刺网
1644,32.98261111111111,124.3695277777778,2.4,124.0,2017-12-08 15:46:55,刺网
1644,32.98186111111111,124.37044444444444,1.3,152.0,2017-12-08 15:56:55,刺网
1644,32.98208333333333,124.37280555555556,1.0,132.0,2017-12-08 16:16:55,刺网
1644,32.982472222222235,124.37130555555555,2.7,169.0,2017-12-08 16:26:54,刺网
1644,32.982194444444445,124.37177777777777,0.4,0.0,2017-12-08 16:36:54,刺网
1644,32.98130555555556,124.37225,0.3,0.0,2017-12-08 16:56:55,刺网
1644,32.98091666666667,124.37236111111108,1.6,183.0,2017-12-08 17:06:55,刺网
1644,32.980694444444445,124.37236111111108,0.9,192.0,2017-12-08 17:16:54,刺网
1644,32.98075,124.37241666666668,0.8,326.0,2017-12-08 17:26:54,刺网
1644,32.9805,124.37230555555556,1.0,160.0,2017-12-08 17:36:54,刺网
1644,32.98033333333333,124.37227777777778,0.5,0.0,2017-12-08 17:46:54,刺网
1644,32.980027777777785,124.37222222222222,1.7,105.0,2017-12-08 17:56:54,刺网
1644,32.980027777777785,124.37216666666666,0.5,0.0,2017-12-08 18:06:54,刺网
1644,32.97980555555556,124.37211111111112,0.7,180.0,2017-12-08 18:17:16,刺网
1644,32.97958333333334,124.3719722222222,0.5,0.0,2017-12-08 18:26:53,刺网
1644,32.97958333333334,124.37194444444445,0.6,0.0,2017-12-08 18:36:54,刺网
1644,32.97955555555556,124.3719722222222,1.6,143.0,2017-12-08 18:46:53,刺网
1644,32.9795,124.37186111111107,0.5,0.0,2017-12-08 18:56:53,刺网
1644,32.9795,124.37191666666664,0.6,272.0,2017-12-08 19:06:53,刺网
1644,32.97941666666667,124.37183333333333,1.3,118.0,2017-12-08 19:16:53,刺网
1644,32.97952777777778,124.37188888888888,2.0,178.0,2017-12-08 19:26:54,刺网
1644,32.979361111111125,124.37175,1.5,30.0,2017-12-08 19:36:54,刺网
1644,32.97927777777778,124.37166666666666,1.4,185.0,2017-12-08 19:46:54,刺网
1644,32.979222222222226,124.37158333333332,0.8,40.0,2017-12-08 19:56:54,刺网
1644,32.97902777777778,124.37133333333333,1.3,0.0,2017-12-08 20:06:55,刺网
1644,32.97908333333333,124.37141666666666,1.2,0.0,2017-12-08 20:16:53,刺网
1644,32.97925000000001,124.37163888888887,0.4,0.0,2017-12-08 20:26:54,刺网
1644,32.97902777777778,124.37136111111107,2.3,229.0,2017-12-08 20:36:54,刺网
1644,32.978861111111115,124.37113888888888,0.7,0.0,2017-12-08 20:46:53,刺网
1644,32.97883333333333,124.37102777777777,0.7,70.0,2017-12-08 20:56:54,刺网
1644,32.978750000000005,124.37083333333332,2.0,172.0,2017-12-08 21:06:54,刺网
1644,32.97872222222223,124.37066666666666,0.3,0.0,2017-12-08 21:17:14,刺网
1644,32.97872222222223,124.37066666666666,0.6,328.0,2017-12-08 21:26:53,刺网
1644,32.97872222222223,124.37069444444445,0.4,0.0,2017-12-08 21:36:53,刺网
1644,32.978750000000005,124.37077777777776,0.8,103.0,2017-12-08 21:46:54,刺网
1644,32.97863888888889,124.37047222222222,0.1,0.0,2017-12-08 21:56:53,刺网
1644,32.978611111111114,124.37024999999998,0.7,140.0,2017-12-08 22:06:54,刺网
1644,32.97858333333333,124.37005555555555,1.3,204.0,2017-12-08 22:16:54,刺网
1644,32.97863888888889,124.37027777777777,1.8,268.0,2017-12-08 22:26:53,刺网
1644,32.978527777777785,124.36988888888894,0.5,0.0,2017-12-08 22:36:53,刺网
1644,32.97855555555555,124.36986111111106,1.1,125.0,2017-12-08 22:46:53,刺网
1644,32.97858333333333,124.3697222222222,1.2,109.0,2017-12-08 22:56:53,刺网
1644,32.97863888888889,124.36975,0.6,166.0,2017-12-08 23:06:54,刺网
1644,32.97858333333333,124.36986111111106,0.7,116.0,2017-12-08 23:17:16,刺网
1644,32.97863888888889,124.36963888888887,0.6,0.0,2017-12-08 23:26:53,刺网
1644,32.978611111111114,124.36944444444444,0.4,244.0,2017-12-08 23:36:53,刺网
1644,32.97858333333333,124.36938888888888,1.3,255.0,2017-12-08 23:46:53,刺网
1644,32.97866666666667,124.36927777777777,0.4,85.0,2017-12-08 23:56:53,刺网
1644,32.978750000000005,124.36886111111107,0.6,0.0,2017-12-09 00:06:53,刺网
1644,32.97880555555556,124.36872222222222,1.1,318.0,2017-12-09 00:16:53,刺网
1644,32.978944444444444,124.36827777777776,0.3,0.0,2017-12-09 00:26:53,刺网
1644,32.97938888888889,124.36802777777777,0.1,0.0,2017-12-09 00:37:16,刺网
1644,32.97958333333334,124.36761111111107,0.1,0.0,2017-12-09 00:46:53,刺网
1644,32.97988888888889,124.36744444444444,0.5,298.0,2017-12-09 00:56:52,刺网
1644,32.98027777777778,124.36733333333332,0.3,0.0,2017-12-09 01:06:53,刺网
1644,32.980666666666664,124.36708333333333,1.6,188.0,2017-12-09 01:16:53,刺网
1644,32.981277777777784,124.36705555555555,0.4,340.0,2017-12-09 01:26:53,刺网
1644,32.981944444444444,124.36747222222219,1.3,120.0,2017-12-09 01:36:53,刺网
1644,32.982444444444454,124.36752777777777,0.8,27.0,2017-12-09 01:46:53,刺网
1644,32.98288888888889,124.36811111111106,0.4,31.0,2017-12-09 01:56:52,刺网
1644,32.98302777777778,124.36872222222222,0.9,145.0,2017-12-09 02:06:53,刺网
1644,32.98255555555556,124.36963888888887,0.8,271.0,2017-12-09 02:16:53,刺网
1644,32.982777777777784,124.36883333333333,1.5,296.0,2017-12-09 02:26:53,刺网
1644,32.982777777777784,124.36833333333333,0.6,26.0,2017-12-09 02:36:53,刺网
1644,32.98294444444444,124.3684722222222,1.3,284.0,2017-12-09 02:46:52,刺网
1644,32.98280555555556,124.3685,0.6,345.0,2017-12-09 02:56:53,刺网
1644,32.98291666666667,124.36875,0.7,128.0,2017-12-09 03:06:53,刺网
1644,32.98322222222223,124.36913888888887,1.7,259.0,2017-12-09 03:16:52,刺网
1644,32.98333333333333,124.3695,0.1,0.0,2017-12-09 03:26:52,刺网
1644,32.98322222222223,124.37002777777776,1.1,126.0,2017-12-09 03:36:53,刺网
1644,32.983250000000005,124.37033333333332,2.0,140.0,2017-12-09 03:46:53,刺网
1644,32.98313888888889,124.37077777777776,1.0,190.0,2017-12-09 03:56:53,刺网
1644,32.98236111111112,124.37172222222222,1.0,11.0,2017-12-09 04:16:53,刺网
1644,32.982222222222234,124.3719722222222,0.8,92.0,2017-12-09 04:26:53,刺网
1644,32.982,124.37211111111112,0.3,0.0,2017-12-09 04:36:53,刺网
1644,32.98163888888889,124.37227777777778,1.8,327.0,2017-12-09 04:46:53,刺网
1644,32.98147222222223,124.37236111111108,0.7,155.0,2017-12-09 04:56:53,刺网
1644,32.98147222222223,124.37191666666664,2.7,214.0,2017-12-09 05:06:53,刺网
1644,32.98027777777778,124.36955555555555,1.8,120.0,2017-12-09 05:16:53,刺网
1644,32.97236111111111,124.3755,8.3,164.0,2017-12-09 05:26:53,刺网
1644,32.960416666666674,124.39061111111113,3.1,98.0,2017-12-09 05:36:53,刺网
1644,32.959861111111124,124.39580555555555,1.6,105.0,2017-12-09 05:46:52,刺网
1644,32.955666666666666,124.39238888888893,6.7,192.0,2017-12-09 05:56:52,刺网
1644,32.954222222222235,124.38019444444444,5.7,15.0,2017-12-09 06:06:52,刺网
1644,32.97052777777778,124.37994444444445,6.6,355.0,2017-12-09 06:16:51,刺网
1644,32.987277777777784,124.37994444444445,5.5,356.0,2017-12-09 06:26:51,刺网
1644,33.003,124.38,5.5,8.0,2017-12-09 06:36:53,刺网
1644,33.01633333333333,124.38313888888888,6.2,96.0,2017-12-09 06:46:54,刺网
1644,33.00244444444444,124.38736111111113,5.1,178.0,2017-12-09 06:57:14,刺网
1644,32.98791666666667,124.38802777777778,5.1,170.0,2017-12-09 07:06:51,刺网
1644,32.96933333333333,124.38861111111113,7.8,159.0,2017-12-09 07:16:51,刺网
1644,32.97911111111111,124.39402777777778,7.5,7.0,2017-12-09 07:26:53,刺网
1644,32.99725,124.39436111111112,7.5,6.0,2017-12-09 07:36:52,刺网
1644,33.01577777777778,124.39647222222223,7.0,347.0,2017-12-09 07:46:53,刺网
1644,33.023694444444445,124.39897222222223,1.6,119.0,2017-12-09 07:56:52,刺网
1644,33.025166666666664,124.40630555555555,7.9,75.0,2017-12-09 08:06:52,刺网
1644,33.013888888888886,124.40869444444445,6.7,168.0,2017-12-09 08:16:51,刺网
1644,32.99872222222222,124.4087222222222,4.8,179.0,2017-12-09 08:26:53,刺网
1644,32.992111111111114,124.40513888888887,6.1,352.0,2017-12-09 08:36:51,刺网
1644,33.008027777777784,124.405,6.3,354.0,2017-12-09 08:46:51,刺网
1644,33.01341666666667,124.40113888888894,5.7,165.0,2017-12-09 08:56:51,刺网
1644,32.99836111111112,124.40111111111112,5.0,178.0,2017-12-09 09:06:53,刺网
1644,32.98388888888889,124.40338888888893,8.0,112.0,2017-12-09 09:17:17,刺网
1644,32.9735,124.41205555555555,5.0,198.0,2017-12-09 09:26:51,刺网
1644,32.95758333333334,124.41191666666668,5.7,182.0,2017-12-09 09:36:52,刺网
1644,32.943888888888885,124.40375,9.0,253.0,2017-12-09 09:46:51,刺网
1644,32.942777777777785,124.39313888888893,2.5,311.0,2017-12-09 09:56:52,刺网
1644,32.950638888888896,124.38997222222223,3.1,352.0,2017-12-09 10:06:53,刺网
1644,32.958333333333336,124.38833333333334,2.9,340.0,2017-12-09 10:16:53,刺网
1644,32.96322222222222,124.3875277777778,3.8,32.0,2017-12-09 10:26:52,刺网
1644,32.97086111111112,124.38625,2.5,350.0,2017-12-09 10:36:52,刺网
1644,32.97880555555556,124.38480555555556,2.4,353.0,2017-12-09 10:46:52,刺网
1644,32.98513888888889,124.38427777777778,0.8,354.0,2017-12-09 10:56:52,刺网
1644,32.99127777777777,124.38411111111112,1.7,353.0,2017-12-09 11:06:52,刺网
1644,32.99644444444444,124.38783333333336,1.9,77.0,2017-12-09 11:16:52,刺网
1644,32.992944444444454,124.39230555555555,3.3,180.0,2017-12-09 11:26:50,刺网
1644,32.98383333333333,124.39061111111113,2.9,174.0,2017-12-09 11:36:51,刺网
1644,32.976222222222226,124.39030555555556,4.2,187.0,2017-12-09 11:46:51,刺网
1644,32.968722222222226,124.38741666666668,1.6,201.0,2017-12-09 11:56:51,刺网
1644,32.953722222222225,124.39888888888888,0.7,0.0,2017-12-09 12:16:50,刺网
1644,32.944777777777766,124.39713888888893,1.7,10.0,2017-12-09 12:26:52,刺网
1644,32.948777777777764,124.39872222222223,3.1,8.0,2017-12-09 12:36:52,刺网
1644,32.95711111111111,124.39997222222222,2.9,20.0,2017-12-09 12:46:51,刺网
1644,32.96441666666667,124.39822222222223,3.0,358.0,2017-12-09 12:56:52,刺网
1644,32.97075,124.3952777777778,4.3,337.0,2017-12-09 13:06:51,刺网
1644,32.98022222222223,124.39072222222224,3.8,352.0,2017-12-09 13:16:50,刺网
1644,32.98941666666667,124.3925277777778,3.9,31.0,2017-12-09 13:26:50,刺网
1644,32.99819444444445,124.38980555555555,2.0,330.0,2017-12-09 13:36:50,刺网
1644,33.006861111111114,124.38769444444445,3.3,56.0,2017-12-09 13:46:52,刺网
1644,33.001666666666665,124.39213888888894,2.8,163.0,2017-12-09 13:56:52,刺网
1644,32.99502777777778,124.39569444444444,2.9,150.0,2017-12-09 14:06:51,刺网
1644,32.990972222222226,124.39886111111113,1.5,263.0,2017-12-09 14:16:50,刺网
1644,33.004111111111115,124.3925277777778,8.3,18.0,2017-12-09 14:26:50,刺网
1644,33.00763888888889,124.39416666666668,1.9,150.0,2017-12-09 14:36:52,刺网
1644,33.002972222222226,124.39963888888893,2.9,153.0,2017-12-09 14:46:51,刺网
1644,33.000388888888885,124.40261111111113,1.5,0.0,2017-12-09 14:56:50,刺网
1644,32.99975000000001,124.39641666666668,2.5,238.0,2017-12-09 15:06:51,刺网
1644,32.99975000000001,124.3922777777778,0.9,0.0,2017-12-09 15:16:50,刺网
1644,32.999972222222226,124.38941666666666,2.0,32.0,2017-12-09 15:26:50,刺网
1644,33.00402777777778,124.39225,7.1,129.0,2017-12-09 15:36:52,刺网
1644,32.98802777777778,124.39572222222223,5.0,162.0,2017-12-09 15:46:50,刺网
1644,32.980000000000004,124.3977777777778,8.7,160.0,2017-12-09 15:56:54,刺网
1644,32.94847222222222,124.4285,7.1,139.0,2017-12-09 16:16:50,刺网
1644,32.93152777777778,124.44408333333334,7.9,140.0,2017-12-09 16:26:51,刺网
1644,32.91436111111111,124.45947222222222,7.4,140.0,2017-12-09 16:36:51,刺网
1644,32.896972222222225,124.47411111111113,7.3,155.0,2017-12-09 16:46:49,刺网
1644,32.87961111111111,124.48763888888887,7.5,134.0,2017-12-09 16:56:49,刺网
1644,32.86238888888889,124.50269444444444,7.5,139.0,2017-12-09 17:06:50,刺网
1644,32.84575,124.51875,7.8,116.0,2017-12-09 17:16:49,刺网
1644,32.83044444444445,124.53744444444445,7.9,127.0,2017-12-09 17:26:49,刺网
1644,32.81713888888889,124.55458333333333,6.8,109.0,2017-12-09 17:36:49,刺网
1644,32.81463888888889,124.55758333333333,0.4,0.0,2017-12-09 17:46:49,刺网
1644,32.81452777777777,124.5577222222222,0.3,0.0,2017-12-09 17:56:49,刺网
1644,32.81455555555555,124.5577222222222,0.8,117.0,2017-12-09 18:06:49,刺网
1644,32.814416666666666,124.55783333333332,0.4,0.0,2017-12-09 18:16:50,刺网
1644,32.81433333333333,124.55794444444444,0.7,0.0,2017-12-09 18:26:49,刺网
1644,32.81425,124.55794444444444,0.8,0.0,2017-12-09 18:36:49,刺网
1644,32.814166666666665,124.55802777777777,1.2,0.0,2017-12-09 18:46:49,刺网
1644,32.81399999999999,124.55813888888888,0.4,0.0,2017-12-09 18:56:49,刺网
1644,32.81399999999999,124.55808333333331,0.5,79.0,2017-12-09 19:07:15,刺网
1644,32.81399999999999,124.55811111111113,0.6,333.0,2017-12-09 19:26:49,刺网
1644,32.81397222222222,124.55813888888888,0.0,0.0,2017-12-09 19:36:49,刺网
1644,32.813916666666664,124.55816666666666,0.9,215.0,2017-12-09 19:46:49,刺网
1644,32.81383333333333,124.55819444444445,0.3,0.0,2017-12-09 19:56:51,刺网
1644,32.81383333333333,124.55819444444445,0.3,0.0,2017-12-09 20:06:50,刺网
1644,32.813694444444444,124.55825,0.8,0.0,2017-12-09 20:16:54,刺网
1644,32.81375,124.55822222222223,0.7,0.0,2017-12-09 20:26:49,刺网
1644,32.813777777777766,124.55827777777776,0.8,0.0,2017-12-09 20:36:54,刺网
1644,32.81366666666666,124.55825,2.4,112.0,2017-12-09 20:46:49,刺网
1644,32.813694444444444,124.55825,0.8,115.0,2017-12-09 20:56:50,刺网
1644,32.81366666666666,124.55819444444445,0.7,76.0,2017-12-09 21:07:15,刺网
1644,32.813777777777766,124.55813888888888,0.7,36.0,2017-12-09 21:16:49,刺网
1644,32.813916666666664,124.55813888888888,1.0,100.0,2017-12-09 21:26:50,刺网
1644,32.813944444444445,124.55813888888888,0.2,0.0,2017-12-09 21:36:51,刺网
1644,32.81408333333333,124.55808333333331,0.8,57.0,2017-12-09 21:46:49,刺网
1644,32.81408333333333,124.55805555555555,1.1,217.0,2017-12-09 21:56:50,刺网
1644,32.814416666666666,124.55780555555555,0.3,0.0,2017-12-09 22:06:49,刺网
1644,32.81458333333333,124.55761111111107,0.6,356.0,2017-12-09 22:16:50,刺网
1644,32.81472222222221,124.55744444444444,0.5,316.0,2017-12-09 22:26:50,刺网
1644,32.814861111111114,124.55716666666666,0.7,276.0,2017-12-09 22:36:48,刺网
1644,32.81491666666667,124.55705555555555,0.0,0.0,2017-12-09 22:46:50,刺网
1644,32.814861111111114,124.55711111111113,0.3,0.0,2017-12-09 22:56:50,刺网
1644,32.814777777777785,124.55741666666668,0.5,278.0,2017-12-09 23:06:48,刺网
1644,32.81491666666667,124.5570277777778,0.3,0.0,2017-12-09 23:16:48,刺网
1644,32.81494444444444,124.55691666666664,0.2,0.0,2017-12-09 23:26:48,刺网
1644,32.81483333333333,124.55733333333332,0.6,0.0,2017-12-09 23:36:48,刺网
1644,32.814861111111114,124.55727777777778,1.0,103.0,2017-12-09 23:46:50,刺网
1644,32.814861111111114,124.55719444444445,0.3,0.0,2017-12-09 23:56:50,刺网
1644,32.815,124.55683333333332,0.7,281.0,2017-12-10 00:16:50,刺网
1644,32.815,124.55691666666664,0.3,0.0,2017-12-10 00:26:48,刺网
1644,32.81491666666667,124.55705555555555,0.1,0.0,2017-12-10 00:36:48,刺网
1644,32.81497222222223,124.55694444444444,0.5,0.0,2017-12-10 00:46:50,刺网
1644,32.815,124.55680555555556,1.3,22.0,2017-12-10 00:56:49,刺网
1644,32.815,124.55666666666666,0.8,267.0,2017-12-10 01:06:48,刺网
1644,32.815055555555546,124.5565,0.5,323.0,2017-12-10 01:16:50,刺网
1644,32.815055555555546,124.55647222222223,0.5,8.0,2017-12-10 01:26:50,刺网
1644,32.815055555555546,124.55655555555555,0.9,181.0,2017-12-10 01:36:50,刺网
1644,32.815111111111115,124.55644444444445,1.1,63.0,2017-12-10 01:46:50,刺网
1644,32.81502777777778,124.55669444444445,0.7,46.0,2017-12-10 01:56:49,刺网
1644,32.81502777777778,124.55672222222222,0.9,54.0,2017-12-10 02:06:50,刺网
1644,32.815,124.55680555555556,0.4,0.0,2017-12-10 02:17:16,刺网
1644,32.815,124.55675,0.4,120.0,2017-12-10 02:26:50,刺网
1644,32.81502777777778,124.55680555555556,0.2,0.0,2017-12-10 02:36:50,刺网
1644,32.815,124.5569722222222,0.2,0.0,2017-12-10 02:46:50,刺网
1644,32.815,124.55686111111108,0.1,0.0,2017-12-10 02:56:48,刺网
1644,32.81497222222223,124.5569722222222,0.2,0.0,2017-12-10 03:06:48,刺网
1644,32.81491666666667,124.5572222222222,0.0,0.0,2017-12-10 03:26:49,刺网
1644,32.81488888888889,124.55719444444445,0.4,0.0,2017-12-10 03:36:49,刺网
1644,32.814861111111114,124.55725,0.6,0.0,2017-12-10 03:46:49,刺网
1644,32.81463888888889,124.55766666666666,0.6,0.0,2017-12-10 03:56:47,刺网
1644,32.81452777777777,124.55783333333332,1.6,273.0,2017-12-10 04:06:48,刺网
1644,32.81447222222222,124.55783333333332,0.3,0.0,2017-12-10 04:17:12,刺网
1644,32.814388888888885,124.55791666666666,0.5,59.0,2017-12-10 04:26:49,刺网
1644,32.81425,124.55802777777777,0.4,301.0,2017-12-10 04:36:49,刺网
1644,32.814305555555556,124.55797222222222,1.4,175.0,2017-12-10 04:46:49,刺网
1644,32.81427777777777,124.55799999999999,1.3,282.0,2017-12-10 04:56:47,刺网
1644,32.81402777777777,124.55813888888888,0.7,36.0,2017-12-10 05:06:48,刺网
1644,32.81413888888889,124.55808333333331,0.8,121.0,2017-12-10 05:16:49,刺网
1644,32.81408333333333,124.55811111111113,0.8,80.0,2017-12-10 05:26:49,刺网
1644,32.81383333333333,124.55922222222223,0.9,107.0,2017-12-10 05:36:49,刺网
1644,32.813916666666664,124.55922222222223,0.8,8.0,2017-12-10 05:46:48,刺网
1644,32.81375,124.55925,1.6,0.0,2017-12-10 05:56:49,刺网
1644,32.81358333333333,124.55922222222223,0.3,0.0,2017-12-10 06:06:47,刺网
1644,32.81338888888889,124.55925,1.4,74.0,2017-12-10 06:16:49,刺网
1644,32.81325,124.55925,1.2,179.0,2017-12-10 06:26:49,刺网
1644,32.81272222222222,124.55533333333334,1.9,270.0,2017-12-10 06:36:47,刺网
1644,32.815111111111115,124.54636111111107,4.8,301.0,2017-12-10 06:46:47,刺网
1644,32.813555555555546,124.5335277777778,5.3,203.0,2017-12-10 06:57:17,刺网
1644,32.799777777777784,124.53325,5.3,186.0,2017-12-10 07:06:47,刺网
1644,32.78611111111111,124.53275,3.8,171.0,2017-12-10 07:16:47,刺网
1644,32.77166666666667,124.53316666666666,4.9,188.0,2017-12-10 07:26:49,刺网
1644,32.75727777777778,124.5330277777778,5.6,167.0,2017-12-10 07:36:48,刺网
1644,32.73291666666667,124.52991666666668,4.8,265.0,2017-12-10 07:56:49,刺网
1644,32.74377777777778,124.52766666666668,6.1,22.0,2017-12-10 08:06:48,刺网
1644,32.75702777777778,124.52644444444445,5.5,14.0,2017-12-10 08:16:49,刺网
1644,32.76997222222222,124.52725,5.2,20.0,2017-12-10 08:26:47,刺网
1644,32.783166666666666,124.52719444444445,4.6,337.0,2017-12-10 08:36:48,刺网
1644,32.79647222222222,124.52822222222223,5.3,9.0,2017-12-10 08:46:46,刺网
1644,32.80772222222222,124.52983333333331,2.7,96.0,2017-12-10 08:56:48,刺网
1644,32.806805555555556,124.53122222222223,0.7,110.0,2017-12-10 09:06:47,刺网
1644,32.80677777777777,124.53122222222223,1.7,65.0,2017-12-10 09:16:47,刺网
1644,32.806666666666665,124.53111111111113,1.3,304.0,2017-12-10 09:26:48,刺网
1644,32.80663888888889,124.53108333333331,2.4,99.0,2017-12-10 09:36:48,刺网
1644,32.80672222222222,124.53111111111113,2.3,355.0,2017-12-10 09:47:15,刺网
1644,32.8066111111111,124.53102777777778,0.1,0.0,2017-12-10 09:56:48,刺网
1644,32.80658333333333,124.53094444444444,1.2,121.0,2017-12-10 10:06:47,刺网
1644,32.808083333333336,124.53094444444444,1.8,128.0,2017-12-10 10:16:48,刺网
1644,32.80363888888889,124.53836111111107,8.6,175.0,2017-12-10 10:26:47,刺网
1644,32.798277777777784,124.54661111111106,2.5,315.0,2017-12-10 10:36:48,刺网
1644,32.79302777777778,124.54463888888887,3.4,170.0,2017-12-10 10:46:46,刺网
1644,32.783611111111114,124.54513888888887,4.7,162.0,2017-12-10 10:56:48,刺网
1644,32.77363888888889,124.54488888888888,3.3,173.0,2017-12-10 11:06:47,刺网
1644,32.765055555555556,124.54452777777777,3.2,184.0,2017-12-10 11:16:48,刺网
1644,32.755361111111114,124.54441666666666,4.0,173.0,2017-12-10 11:26:48,刺网
1644,32.74575,124.54391666666666,3.2,174.0,2017-12-10 11:36:47,刺网
1644,32.736111111111114,124.54336111111112,3.5,175.0,2017-12-10 11:46:48,刺网
1644,32.726305555555555,124.54277777777777,2.9,188.0,2017-12-10 11:56:48,刺网
1644,32.71980555555556,124.53358333333333,2.6,351.0,2017-12-10 12:16:48,刺网
1644,32.727472222222225,124.53186111111113,4.6,7.0,2017-12-10 12:26:46,刺网
1644,32.73572222222222,124.53136111111112,3.4,349.0,2017-12-10 12:36:48,刺网
1644,32.744416666666666,124.53130555555555,3.6,347.0,2017-12-10 12:46:48,刺网
1644,32.751444444444445,124.53047222222223,4.5,354.0,2017-12-10 12:56:48,刺网
1644,32.7605,124.52908333333332,3.4,330.0,2017-12-10 13:06:47,刺网
1644,32.769277777777766,124.52797222222222,3.2,357.0,2017-12-10 13:16:47,刺网
1644,32.77725,124.52780555555556,3.8,341.0,2017-12-10 13:26:47,刺网
1644,32.78141666666667,124.52813888888888,3.0,286.0,2017-12-10 13:36:48,刺网
1644,32.78672222222222,124.52694444444445,0.6,75.0,2017-12-10 13:46:47,刺网
1644,32.78622222222222,124.52705555555555,1.1,123.0,2017-12-10 13:56:47,刺网
1644,32.78436111111111,124.52788888888887,0.2,0.0,2017-12-10 14:06:47,刺网
1644,32.77425,124.54177777777778,8.0,131.0,2017-12-10 14:16:46,刺网
1644,32.76133333333333,124.56097222222222,7.7,128.0,2017-12-10 14:26:46,刺网
1644,32.75011111111111,124.58088888888894,8.0,122.0,2017-12-10 14:36:47,刺网
1644,32.73780555555556,124.60036111111113,9.1,133.0,2017-12-10 14:46:49,刺网
1644,32.72441666666667,124.61869444444444,9.7,135.0,2017-12-10 14:56:47,刺网
1644,32.710750000000004,124.63766666666668,6.9,114.0,2017-12-10 15:06:47,刺网
1644,32.69658333333333,124.65644444444445,8.6,141.0,2017-12-10 15:16:47,刺网
1644,32.68208333333333,124.67455555555556,7.1,134.0,2017-12-10 15:26:46,刺网
1644,32.668194444444445,124.6929722222222,7.6,130.0,2017-12-10 15:36:49,刺网
1644,32.654333333333334,124.71158333333334,10.7,143.0,2017-12-10 15:46:50,刺网
1644,32.64008333333334,124.72961111111113,5.6,137.0,2017-12-10 15:56:51,刺网
1644,32.62422222222221,124.74766666666667,7.6,132.0,2017-12-10 16:07:15,刺网
1644,32.61052777777778,124.76527777777778,8.0,127.0,2017-12-10 16:16:47,刺网
1644,32.59627777777778,124.78411111111107,7.9,123.0,2017-12-10 16:26:47,刺网
1644,32.580916666666674,124.80180555555555,7.6,135.0,2017-12-10 16:36:47,刺网
1644,32.56613888888889,124.82025,6.5,140.0,2017-12-10 16:46:47,刺网
1644,32.551111111111105,124.8387777777778,7.1,134.0,2017-12-10 16:56:47,刺网
1644,32.519055555555546,124.87352777777777,7.2,137.0,2017-12-10 17:16:46,刺网
1644,32.503055555555555,124.89161111111113,7.6,119.0,2017-12-10 17:26:47,刺网
1644,32.48580555555556,124.90861111111113,8.5,142.0,2017-12-10 17:36:46,刺网
1644,32.469166666666666,124.92716666666666,7.6,133.0,2017-12-10 17:46:46,刺网
1644,32.452138888888896,124.94505555555556,9.1,134.0,2017-12-10 17:56:46,刺网
1644,32.43586111111111,124.96641666666666,8.7,133.0,2017-12-10 18:07:17,刺网
1644,32.419111111111114,124.98286111111112,8.8,135.0,2017-12-10 18:16:47,刺网
1644,32.40358333333333,125.00355555555555,7.8,138.0,2017-12-10 18:26:47,刺网
1644,32.38891666666667,125.02572222222223,7.9,131.0,2017-12-10 18:36:45,刺网
1644,32.373305555555554,125.04633333333332,7.9,126.0,2017-12-10 18:46:45,刺网
1644,32.357638888888886,125.06683333333334,9.7,125.0,2017-12-10 18:56:47,刺网
1644,32.34166666666667,125.08788888888887,7.4,125.0,2017-12-10 19:06:46,刺网
1644,32.326,125.10913888888888,9.4,133.0,2017-12-10 19:16:46,刺网
1644,32.30961111111111,125.13069444444444,8.6,132.0,2017-12-10 19:26:45,刺网
1644,32.29325,125.1520277777778,8.3,129.0,2017-12-10 19:36:45,刺网
1644,32.27708333333334,125.17430555555555,9.9,128.0,2017-12-10 19:46:45,刺网
1644,32.26141666666667,125.19605555555556,8.8,120.0,2017-12-10 19:56:46,刺网
1644,32.245972222222235,125.21858333333331,8.9,125.0,2017-12-10 20:06:45,刺网
1644,32.22972222222222,125.24091666666666,9.0,127.0,2017-12-10 20:16:45,刺网
1644,32.21361111111111,125.26330555555555,8.3,129.0,2017-12-10 20:26:45,刺网
1644,32.19783333333333,125.28605555555555,10.1,116.0,2017-12-10 20:36:46,刺网
1644,32.183388888888885,125.30955555555555,9.2,129.0,2017-12-10 20:46:45,刺网
1644,32.17369444444444,125.32330555555555,2.4,182.0,2017-12-10 20:56:47,刺网
1644,32.17122222222222,125.32427777777777,0.5,246.0,2017-12-10 21:07:17,刺网
1644,32.170944444444444,125.32463888888887,2.0,70.0,2017-12-10 21:16:45,刺网
1644,32.17044444444444,125.3244722222222,0.7,254.0,2017-12-10 21:26:46,刺网
1644,32.17033333333333,125.32466666666666,1.4,70.0,2017-12-10 21:36:46,刺网
1644,32.170277777777784,125.32458333333332,1.2,69.0,2017-12-10 21:46:45,刺网
1644,32.170277777777784,125.32458333333332,2.1,65.0,2017-12-10 21:57:16,刺网
1644,32.17030555555556,125.32461111111112,1.2,128.0,2017-12-10 22:06:45,刺网
1644,32.17022222222221,125.32455555555555,3.3,164.0,2017-12-10 22:16:46,刺网
1644,32.17025,125.32458333333332,0.2,0.0,2017-12-10 22:26:46,刺网
1644,32.17030555555556,125.32463888888887,1.1,51.0,2017-12-10 22:36:46,刺网
1644,32.17022222222221,125.3244722222222,1.4,10.0,2017-12-10 22:46:46,刺网
1644,32.170111111111105,125.32430555555555,0.6,141.0,2017-12-10 22:56:46,刺网
1644,32.17008333333333,125.32416666666666,1.0,265.0,2017-12-10 23:06:45,刺网
1644,32.17005555555555,125.32402777777777,0.8,330.0,2017-12-10 23:17:16,刺网
1644,32.17016666666666,125.32430555555555,0.4,0.0,2017-12-10 23:26:46,刺网
1644,32.17008333333333,125.3239722222222,1.7,78.0,2017-12-10 23:36:46,刺网
1644,32.17005555555555,125.32411111111112,1.1,142.0,2017-12-10 23:46:46,刺网
1644,32.17005555555555,125.3239722222222,1.2,131.0,2017-12-10 23:56:46,刺网
1644,32.169999999999995,125.3237777777778,1.8,0.0,2017-12-11 00:06:54,刺网
1644,32.17002777777777,125.32388888888887,1.0,0.0,2017-12-11 00:16:45,刺网
1644,32.17005555555555,125.32394444444445,1.9,41.0,2017-12-11 00:26:45,刺网
1644,32.16997222222222,125.32363888888888,0.2,0.0,2017-12-11 00:37:16,刺网
1644,32.17005555555555,125.32391666666666,0.3,0.0,2017-12-11 00:46:44,刺网
1644,32.170138888888886,125.32419444444444,0.2,0.0,2017-12-11 00:56:45,刺网
1644,32.17019444444444,125.32425,0.6,108.0,2017-12-11 01:06:45,刺网
1644,32.170111111111105,125.32413888888887,0.3,0.0,2017-12-11 01:16:45,刺网
1644,32.169999999999995,125.32386111111107,0.3,0.0,2017-12-11 01:26:44,刺网
1644,32.16994444444444,125.32341666666666,0.6,22.0,2017-12-11 01:36:45,刺网
1644,32.16994444444444,125.32344444444445,0.7,71.0,2017-12-11 01:46:45,刺网
1644,32.169916666666666,125.32294444444445,1.9,269.0,2017-12-11 01:56:45,刺网
1644,32.169916666666666,125.3222222222222,0.2,0.0,2017-12-11 02:06:44,刺网
1644,32.16997222222222,125.323,0.6,106.0,2017-12-11 02:16:44,刺网
1644,32.169916666666666,125.32322222222223,0.0,0.0,2017-12-11 02:26:45,刺网
1644,32.169999999999995,125.3235,0.2,0.0,2017-12-11 02:36:44,刺网
1644,32.169999999999995,125.32386111111107,1.5,171.0,2017-12-11 02:46:44,刺网
1644,32.169916666666666,125.32313888888888,1.4,87.0,2017-12-11 02:56:45,刺网
1644,32.169916666666666,125.32319444444445,1.1,141.0,2017-12-11 03:06:44,刺网
1644,32.169999999999995,125.32358333333332,0.2,0.0,2017-12-11 03:16:45,刺网
1644,32.169999999999995,125.32372222222222,0.2,0.0,2017-12-11 03:26:45,刺网
1644,32.170277777777784,125.32455555555555,0.8,195.0,2017-12-11 03:36:45,刺网
1644,32.17072222222222,125.32538888888888,1.2,167.0,2017-12-11 03:46:45,刺网
1644,32.170611111111114,125.32519444444445,1.7,225.0,2017-12-11 03:56:45,刺网
1644,32.17036111111111,125.32480555555556,0.1,0.0,2017-12-11 04:16:45,刺网
1644,32.1705,125.32516666666668,2.0,0.0,2017-12-11 04:26:45,刺网
1644,32.170472222222216,125.32494444444444,1.6,252.0,2017-12-11 04:37:13,刺网
1644,32.17033333333333,125.32483333333332,0.7,0.0,2017-12-11 04:46:45,刺网
1644,32.17019444444444,125.3245,0.1,0.0,2017-12-11 04:56:45,刺网
1644,32.170111111111105,125.32416666666666,1.4,140.0,2017-12-11 05:06:45,刺网
1644,32.172583333333336,125.32286111111112,1.2,85.0,2017-12-11 05:16:45,刺网
1644,32.176277777777784,125.32527777777777,5.2,196.0,2017-12-11 05:26:45,刺网
1644,32.16291666666667,125.32477777777778,4.1,188.0,2017-12-11 05:36:44,刺网
1644,32.150499999999994,125.32530555555556,5.0,165.0,2017-12-11 05:46:45,刺网
1644,32.13663888888889,125.32488888888888,6.0,152.0,2017-12-11 05:56:44,刺网
1644,32.12411111111111,125.32419444444444,4.0,190.0,2017-12-11 06:06:44,刺网
1644,32.116166666666665,125.32033333333334,4.1,31.0,2017-12-11 06:16:44,刺网
1644,32.128388888888885,125.31930555555556,4.5,349.0,2017-12-11 06:26:44,刺网
1644,32.14136111111111,125.31869444444445,5.1,350.0,2017-12-11 06:36:44,刺网
1644,32.155861111111115,125.31994444444445,3.9,9.0,2017-12-11 06:47:16,刺网
1644,32.167611111111114,125.31883333333332,5.8,1.0,2017-12-11 06:56:44,刺网
1644,32.18119444444444,125.32011111111107,5.2,24.0,2017-12-11 07:06:43,刺网
1644,32.19394444444444,125.32063888888894,6.8,22.0,2017-12-11 07:16:43,刺网
1644,32.20641666666667,125.32138888888888,5.0,319.0,2017-12-11 07:26:44,刺网
1644,32.21241666666667,125.32033333333334,0.4,0.0,2017-12-11 07:36:44,刺网
1644,32.20858333333334,125.32188888888888,2.2,167.0,2017-12-11 07:46:44,刺网
1644,32.20480555555556,125.32388888888887,3.1,141.0,2017-12-11 07:56:44,刺网
1644,32.20038888888889,125.32547222222222,2.9,158.0,2017-12-11 08:06:44,刺网
1644,32.18633333333333,125.32925,9.4,169.0,2017-12-11 08:16:43,刺网
1644,32.17136111111111,125.33136111111112,1.6,278.0,2017-12-11 08:26:44,刺网
1644,32.16722222222222,125.33061111111112,3.7,155.0,2017-12-11 08:36:44,刺网
1644,32.159,125.33036111111113,4.3,162.0,2017-12-11 08:46:44,刺网
1644,32.15152777777778,125.33005555555556,2.8,172.0,2017-12-11 08:56:44,刺网
1644,32.14277777777778,125.33027777777778,3.7,179.0,2017-12-11 09:06:44,刺网
1644,32.133805555555554,125.33069444444445,3.0,183.0,2017-12-11 09:16:44,刺网
1644,32.12486111111112,125.33111111111113,2.8,197.0,2017-12-11 09:26:44,刺网
1644,32.114555555555555,125.3309722222222,3.7,180.0,2017-12-11 09:37:12,刺网
1644,32.10813888888889,125.32825,2.1,286.0,2017-12-11 09:46:44,刺网
1644,32.11311111111111,125.32616666666668,3.0,44.0,2017-12-11 09:56:44,刺网
1644,32.11869444444445,125.32538888888888,3.5,10.0,2017-12-11 10:06:44,刺网
1644,32.12502777777778,125.32591666666669,2.6,337.0,2017-12-11 10:16:44,刺网
1644,32.13083333333333,125.3264722222222,3.7,13.0,2017-12-11 10:26:43,刺网
1644,32.137055555555555,125.32655555555556,0.2,0.0,2017-12-11 10:36:44,刺网
1644,32.1435,125.32675,1.4,1.0,2017-12-11 10:46:44,刺网
1644,32.15061111111111,125.32638888888887,3.2,354.0,2017-12-11 10:56:44,刺网
1644,32.15833333333333,125.32705555555556,2.4,342.0,2017-12-11 11:06:44,刺网
1644,32.16491666666667,125.32769444444445,2.3,12.0,2017-12-11 11:16:44,刺网
1644,32.17286111111111,125.32786111111106,3.7,21.0,2017-12-11 11:26:43,刺网
1644,32.171416666666666,125.3299722222222,3.1,36.0,2017-12-11 11:36:43,刺网
1644,32.175555555555555,125.3295,2.7,0.0,2017-12-11 11:46:44,刺网
1644,32.18205555555555,125.32902777777777,2.7,0.0,2017-12-11 11:57:10,刺网
1644,32.18852777777778,125.32886111111107,2.1,340.0,2017-12-11 12:06:43,刺网
1644,32.19438888888888,125.33016666666668,1.5,29.0,2017-12-11 12:16:43,刺网
1644,32.191111111111105,125.33694444444444,5.7,84.0,2017-12-11 12:26:44,刺网
1644,32.184305555555554,125.3607222222222,8.2,122.0,2017-12-11 12:36:43,刺网
1644,32.17686111111111,125.38427777777778,8.0,102.0,2017-12-11 12:46:43,刺网
1644,32.167472222222216,125.40869444444445,9.3,115.0,2017-12-11 12:57:10,刺网
1644,32.15975,125.43105555555556,7.9,101.0,2017-12-11 13:06:43,刺网
1644,32.151361111111115,125.4542777777778,8.7,112.0,2017-12-11 13:16:43,刺网
1644,32.142694444444444,125.4772222222222,5.8,108.0,2017-12-11 13:26:42,刺网
1644,32.13333333333333,125.49958333333332,8.7,117.0,2017-12-11 13:36:42,刺网
1644,32.12288888888889,125.52138888888894,8.2,122.0,2017-12-11 13:46:43,刺网
1644,32.11022222222222,125.54069444444444,6.3,122.0,2017-12-11 13:56:43,刺网
1644,32.098638888888885,125.56125,6.6,116.0,2017-12-11 14:06:43,刺网
1644,32.0876388888889,125.58197222222222,7.2,134.0,2017-12-11 14:16:43,刺网
1644,32.07794444444445,125.60352777777777,8.3,107.0,2017-12-11 14:26:43,刺网
1644,32.067416666666674,125.62433333333333,8.0,117.0,2017-12-11 14:36:43,刺网
1644,32.05744444444444,125.64538888888887,7.3,123.0,2017-12-11 14:46:42,刺网
1644,32.04722222222222,125.66644444444445,7.9,117.0,2017-12-11 14:56:42,刺网
1644,32.038000000000004,125.68838888888894,7.9,126.0,2017-12-11 15:06:43,刺网
1644,32.03191666666667,125.7115,7.3,115.0,2017-12-11 15:16:43,刺网
1644,32.026972222222234,125.73469444444444,6.5,88.0,2017-12-11 15:26:42,刺网
1644,32.020805555555555,125.75794444444445,8.0,113.0,2017-12-11 15:36:43,刺网
1644,32.01458333333333,125.78113888888888,7.5,118.0,2017-12-11 15:46:43,刺网
1644,32.00769444444445,125.8042222222222,9.4,117.0,2017-12-11 15:56:43,刺网
1644,32.00069444444445,125.82836111111112,7.4,104.0,2017-12-11 16:07:09,刺网
1644,31.994944444444453,125.85061111111106,7.3,100.0,2017-12-11 16:16:43,刺网
1644,31.98866666666667,125.87405555555556,7.0,110.0,2017-12-11 16:26:43,刺网
1644,31.97525,125.92080555555556,7.6,114.0,2017-12-11 16:46:42,刺网
1644,31.96763888888889,125.94413888888887,7.6,118.0,2017-12-11 16:56:42,刺网
1644,31.95888888888889,125.96700000000001,7.1,109.0,2017-12-11 17:06:42,刺网
1644,31.95369444444445,125.99091666666666,7.9,110.0,2017-12-11 17:16:42,刺网
1644,31.94736111111111,126.01533333333334,7.0,108.0,2017-12-11 17:26:41,刺网
1644,31.941722222222214,126.03958333333333,7.5,105.0,2017-12-11 17:36:42,刺网
1644,31.937777777777786,126.06458333333332,8.1,100.0,2017-12-11 17:46:41,刺网
1644,31.934472222222233,126.08952777777776,7.2,108.0,2017-12-11 17:56:41,刺网
1644,31.930750000000003,126.11455555555555,6.9,88.0,2017-12-11 18:06:41,刺网
1644,31.92075,126.13672222222223,8.3,108.0,2017-12-11 18:16:42,刺网
1644,31.918527777777786,126.16208333333331,8.4,105.0,2017-12-11 18:26:42,刺网
1644,31.91694444444445,126.18738888888893,7.9,78.0,2017-12-11 18:36:41,刺网
1644,31.91383333333333,126.21280555555555,8.8,100.0,2017-12-11 18:46:43,刺网
1644,31.90975,126.23822222222223,7.6,115.0,2017-12-11 18:56:42,刺网
1644,31.903027777777766,126.26425,7.3,115.0,2017-12-11 19:07:10,刺网
1644,31.89680555555555,126.28788888888887,8.5,108.0,2017-12-11 19:16:41,刺网
1644,31.890416666666663,126.31319444444445,8.8,112.0,2017-12-11 19:26:42,刺网
1644,31.88358333333333,126.33858333333332,7.7,100.0,2017-12-11 19:36:41,刺网
1644,31.87544444444445,126.36330555555556,7.6,110.0,2017-12-11 19:46:42,刺网
1644,31.868194444444452,126.38891666666667,8.2,101.0,2017-12-11 19:56:41,刺网
1644,31.860055555555558,126.41405555555555,7.6,109.0,2017-12-11 20:06:42,刺网
1644,31.85361111111111,126.43980555555555,8.0,95.0,2017-12-11 20:16:41,刺网
1644,31.849055555555548,126.46591666666669,7.5,85.0,2017-12-11 20:26:41,刺网
1644,31.84441666666667,126.49230555555555,9.1,114.0,2017-12-11 20:36:42,刺网
1644,31.83919444444444,126.5184722222222,8.0,104.0,2017-12-11 20:46:41,刺网
1644,31.833250000000003,126.54433333333334,7.9,109.0,2017-12-11 20:56:42,刺网
1644,31.828472222222214,126.56963888888887,7.2,101.0,2017-12-11 21:06:42,刺网
1644,31.8215,126.59341666666668,7.4,106.0,2017-12-11 21:16:41,刺网
1644,31.81661111111111,126.61752777777777,6.7,105.0,2017-12-11 21:26:41,刺网
1644,31.809222222222214,126.64063888888893,8.0,111.0,2017-12-11 21:36:41,刺网
1644,31.79947222222223,126.66416666666667,6.1,120.0,2017-12-11 21:47:10,刺网
1644,31.790555555555557,126.6857222222222,8.4,135.0,2017-12-11 21:56:41,刺网
1644,31.78008333333333,126.70858333333334,7.9,128.0,2017-12-11 22:06:41,刺网
1644,31.76811111111111,126.73036111111112,6.9,121.0,2017-12-11 22:16:40,刺网
1644,31.75694444444445,126.75286111111113,8.2,128.0,2017-12-11 22:26:40,刺网
1644,31.72883333333333,126.79408333333332,6.7,118.0,2017-12-11 22:46:40,刺网
1644,31.715166666666665,126.8145,8.9,122.0,2017-12-11 22:56:41,刺网
1644,31.70172222222222,126.83483333333332,7.7,140.0,2017-12-11 23:06:40,刺网
1644,31.69236111111111,126.84583333333332,1.3,154.0,2017-12-11 23:16:40,刺网
1644,31.690361111111113,126.84788888888887,1.2,19.0,2017-12-11 23:26:40,刺网
1644,31.690361111111113,126.84797222222224,0.5,40.0,2017-12-11 23:36:41,刺网
1644,31.69019444444445,126.84783333333334,0.7,0.0,2017-12-11 23:46:40,刺网
1644,31.69033333333333,126.84819444444445,2.2,214.0,2017-12-11 23:56:40,刺网
1644,31.69019444444445,126.84783333333334,1.0,224.0,2017-12-12 00:07:11,刺网
1644,31.69013888888889,126.84783333333334,0.5,0.0,2017-12-12 00:16:40,刺网
1644,31.69005555555556,126.84766666666668,1.2,157.0,2017-12-12 00:26:40,刺网
1644,31.689972222222234,126.84738888888887,1.1,105.0,2017-12-12 00:36:40,刺网
1644,31.68991666666667,126.8472777777778,1.2,272.0,2017-12-12 00:46:40,刺网
1644,31.68991666666667,126.84725,0.2,0.0,2017-12-12 00:56:40,刺网
1644,31.689888888888888,126.84725,0.5,0.0,2017-12-12 01:06:40,刺网
1644,31.68975,126.84669444444445,1.3,206.0,2017-12-12 01:16:42,刺网
1644,31.68991666666667,126.84733333333332,0.3,0.0,2017-12-12 01:26:40,刺网
1644,31.68991666666667,126.8472777777778,0.5,0.0,2017-12-12 01:36:40,刺网
1644,31.69005555555556,126.84775,1.6,0.0,2017-12-12 01:46:40,刺网
1644,31.690027777777786,126.84777777777781,1.4,0.0,2017-12-12 01:56:41,刺网
1644,31.689972222222234,126.84752777777777,1.3,70.0,2017-12-12 02:06:40,刺网
1644,31.689972222222234,126.84752777777777,2.0,248.0,2017-12-12 02:17:11,刺网
1644,31.68994444444445,126.8472222222222,1.4,45.0,2017-12-12 02:26:40,刺网
1644,31.69,126.8475,0.7,295.0,2017-12-12 02:36:40,刺网
1644,31.69005555555556,126.84769444444444,0.6,0.0,2017-12-12 02:46:40,刺网
1644,31.689972222222234,126.84761111111106,0.6,0.0,2017-12-12 02:56:41,刺网
1644,31.68986111111111,126.8472222222222,1.1,0.0,2017-12-12 03:06:40,刺网
1644,31.69008333333333,126.84769444444444,1.3,215.0,2017-12-12 03:16:41,刺网
1644,31.68991666666667,126.84708333333332,1.0,0.0,2017-12-12 03:26:40,刺网
1644,31.69005555555556,126.84766666666668,0.8,0.0,2017-12-12 03:36:40,刺网
1644,31.69013888888889,126.84755555555556,2.6,348.0,2017-12-12 03:46:41,刺网
1644,31.68991666666667,126.84708333333332,2.0,281.0,2017-12-12 03:56:40,刺网
1644,31.69005555555556,126.84763888888888,1.5,87.0,2017-12-12 04:07:09,刺网
1644,31.69008333333333,126.84783333333334,0.9,243.0,2017-12-12 04:16:39,刺网
1644,31.69011111111111,126.84780555555555,1.7,259.0,2017-12-12 04:26:39,刺网
1644,31.69008333333333,126.84780555555555,0.6,144.0,2017-12-12 04:36:40,刺网
1644,31.690027777777786,126.84769444444444,1.0,183.0,2017-12-12 04:46:39,刺网
1644,31.69008333333333,126.84775,0.5,336.0,2017-12-12 04:56:39,刺网
1644,31.69169444444445,126.84763888888888,2.0,7.0,2017-12-12 05:06:40,刺网
1644,31.69313888888889,126.84627777777777,4.5,165.0,2017-12-12 05:16:41,刺网
1644,31.678277777777787,126.84841666666668,4.9,188.0,2017-12-12 05:26:41,刺网
1644,31.67061111111111,126.84930555555556,7.4,180.0,2017-12-12 05:36:39,刺网
1644,31.678694444444453,126.84786111111113,4.0,9.0,2017-12-12 05:46:40,刺网
1644,31.69313888888889,126.84788888888887,6.0,356.0,2017-12-12 05:56:40,刺网
1644,31.707722222222234,126.84669444444445,5.9,1.0,2017-12-12 06:06:39,刺网
1644,31.72169444444444,126.84725,5.2,10.0,2017-12-12 06:16:39,刺网
1644,31.735611111111112,126.84700000000001,4.4,338.0,2017-12-12 06:26:39,刺网
1644,31.750555555555554,126.84791666666666,5.5,352.0,2017-12-12 06:36:39,刺网
1644,31.755416666666665,126.83988888888894,4.2,206.0,2017-12-12 06:47:10,刺网
1644,31.74258333333333,126.84016666666666,4.6,197.0,2017-12-12 06:56:41,刺网
1644,31.729388888888888,126.84044444444444,5.0,180.0,2017-12-12 07:06:39,刺网
1644,31.71611111111111,126.83969444444445,4.4,210.0,2017-12-12 07:16:40,刺网
1644,31.702527777777767,126.84036111111112,4.7,211.0,2017-12-12 07:26:41,刺网
1644,31.67458333333333,126.841,6.2,182.0,2017-12-12 07:46:39,刺网
1644,31.666138888888888,126.83427777777777,6.7,279.0,2017-12-12 07:56:39,刺网
1644,31.67958333333333,126.83325,6.4,351.0,2017-12-12 08:06:40,刺网
1644,31.69391666666667,126.8335,5.3,346.0,2017-12-12 08:16:41,刺网
1644,31.709194444444442,126.83327777777777,4.2,11.0,2017-12-12 08:26:40,刺网
1644,31.723805555555554,126.83344444444445,4.5,342.0,2017-12-12 08:36:39,刺网
1644,31.73775,126.83355555555555,7.0,4.0,2017-12-12 08:46:40,刺网
1644,31.75263888888889,126.83486111111107,6.0,119.0,2017-12-12 08:57:10,刺网
1644,31.73366666666667,126.84216666666666,8.1,165.0,2017-12-12 09:06:40,刺网
1644,31.710694444444442,126.8460277777778,8.0,177.0,2017-12-12 09:16:39,刺网
1644,31.68808333333333,126.84869444444445,9.1,192.0,2017-12-12 09:26:39,刺网
1644,31.669555555555554,126.84838888888888,1.9,59.0,2017-12-12 09:36:40,刺网
1644,31.67430555555556,126.84700000000001,3.2,1.0,2017-12-12 09:47:10,刺网
1644,31.68038888888889,126.84736111111107,3.0,41.0,2017-12-12 09:56:40,刺网
1644,31.68588888888889,126.84708333333332,2.7,22.0,2017-12-12 10:06:39,刺网
1644,31.692888888888888,126.84741666666666,2.7,6.0,2017-12-12 10:16:39,刺网
1644,31.69972222222223,126.84769444444444,2.1,322.0,2017-12-12 10:26:40,刺网
1644,31.70625,126.84744444444445,1.8,3.0,2017-12-12 10:36:40,刺网
1644,31.712916666666665,126.84761111111106,3.3,25.0,2017-12-12 10:46:40,刺网
1644,31.71947222222222,126.84786111111113,2.1,329.0,2017-12-12 10:56:40,刺网
1644,31.726111111111113,126.84866666666667,2.6,24.0,2017-12-12 11:06:40,刺网
1644,31.73263888888889,126.85,3.2,0.0,2017-12-12 11:16:40,刺网
1644,31.739,126.85005555555556,2.6,356.0,2017-12-12 11:26:40,刺网
1644,31.74533333333333,126.85019444444444,1.6,346.0,2017-12-12 11:36:40,刺网
1644,31.75119444444445,126.84899999999999,1.8,274.0,2017-12-12 11:46:39,刺网
1644,31.75533333333333,126.8449722222222,1.4,297.0,2017-12-12 11:56:40,刺网
1644,31.75075,126.8432222222222,2.2,203.0,2017-12-12 12:07:09,刺网
1644,31.74433333333333,126.84269444444445,2.5,172.0,2017-12-12 12:16:40,刺网
1644,31.736166666666666,126.8425277777778,2.3,195.0,2017-12-12 12:27:11,刺网
1644,31.729055555555547,126.84202777777777,2.9,216.0,2017-12-12 12:36:39,刺网
1644,31.72133333333333,126.84202777777777,3.0,186.0,2017-12-12 12:46:40,刺网
1644,31.71380555555556,126.8419722222222,2.6,197.0,2017-12-12 12:56:39,刺网
1644,31.706861111111113,126.84227777777778,2.9,167.0,2017-12-12 13:06:39,刺网
1644,31.69966666666667,126.84202777777777,2.3,184.0,2017-12-12 13:16:39,刺网
1644,31.692777777777767,126.84188888888887,1.7,157.0,2017-12-12 13:26:39,刺网
1644,31.68536111111111,126.84175,2.9,176.0,2017-12-12 13:36:38,刺网
1644,31.6785,126.84188888888887,2.2,148.0,2017-12-12 13:46:39,刺网
1644,31.671888888888887,126.84152777777777,2.2,162.0,2017-12-12 13:56:39,刺网
1644,31.66636111111111,126.83938888888888,2.3,254.0,2017-12-12 14:06:40,刺网
1644,31.66941666666667,126.83463888888888,1.9,350.0,2017-12-12 14:16:39,刺网
1644,31.675694444444453,126.83408333333333,1.7,58.0,2017-12-12 14:26:40,刺网
1644,31.68283333333333,126.83402777777776,4.0,38.0,2017-12-12 14:36:39,刺网
1644,31.690638888888888,126.83405555555555,2.4,26.0,2017-12-12 14:47:12,刺网
1644,31.697138888888887,126.83427777777777,1.8,352.0,2017-12-12 14:56:38,刺网
1644,31.704472222222233,126.83413888888887,4.3,318.0,2017-12-12 15:06:38,刺网
1644,31.712194444444453,126.83427777777777,2.8,9.0,2017-12-12 15:16:37,刺网
1644,31.720111111111112,126.83375,2.1,8.0,2017-12-12 15:26:38,刺网
1644,31.727027777777767,126.83322222222222,2.5,343.0,2017-12-12 15:36:37,刺网
1644,31.73433333333333,126.82994444444445,2.0,322.0,2017-12-12 15:46:39,刺网
1644,31.741722222222233,126.83011111111112,3.4,350.0,2017-12-12 15:56:37,刺网
1644,31.747555555555557,126.8329722222222,2.7,36.0,2017-12-12 16:06:38,刺网
1644,31.747027777777767,126.84516666666669,7.4,111.0,2017-12-12 16:16:38,刺网
1644,31.73569444444445,126.86286111111107,7.7,111.0,2017-12-12 16:26:37,刺网
1644,31.72061111111111,126.8769722222222,6.8,117.0,2017-12-12 16:36:39,刺网
1644,31.71238888888889,126.89708333333334,7.0,97.0,2017-12-12 16:46:38,刺网
1644,31.70497222222223,126.91711111111113,6.4,105.0,2017-12-12 16:56:38,刺网
1644,31.69005555555556,126.933,7.1,132.0,2017-12-12 17:06:38,刺网
1644,31.681361111111112,126.9410277777778,0.8,14.0,2017-12-12 17:16:38,刺网
1644,31.68033333333333,126.94183333333336,0.4,0.0,2017-12-12 17:26:37,刺网
1644,31.679861111111112,126.94191666666669,0.1,0.0,2017-12-12 17:36:39,刺网
1644,31.679861111111112,126.94225,0.7,0.0,2017-12-12 17:46:37,刺网
1644,31.67972222222223,126.9422777777778,0.3,0.0,2017-12-12 17:56:37,刺网
1644,31.67961111111111,126.94225,1.0,348.0,2017-12-12 18:07:10,刺网
1644,31.67955555555556,126.94225,0.5,42.0,2017-12-12 18:16:38,刺网
1644,31.6795,126.94222222222223,0.2,0.0,2017-12-12 18:26:38,刺网
1644,31.67941666666667,126.94208333333331,0.6,278.0,2017-12-12 18:36:38,刺网
1644,31.679388888888887,126.94213888888888,0.7,261.0,2017-12-12 18:46:38,刺网
1644,31.6795,126.94238888888893,0.9,267.0,2017-12-12 18:56:38,刺网
1644,31.67955555555556,126.94258333333336,0.4,0.0,2017-12-12 19:06:38,刺网
1644,31.67941666666667,126.9424722222222,0.2,0.0,2017-12-12 19:16:38,刺网
1644,31.67919444444445,126.94230555555555,0.5,68.0,2017-12-12 19:26:38,刺网
1644,31.67913888888889,126.9425,0.6,84.0,2017-12-12 19:36:38,刺网
1644,31.67908333333333,126.94272222222223,0.5,32.0,2017-12-12 19:46:38,刺网
1644,31.67902777777777,126.94275,0.9,8.0,2017-12-12 19:56:38,刺网
1644,31.678972222222214,126.94286111111113,0.6,284.0,2017-12-12 20:06:38,刺网
1644,31.678722222222234,126.94302777777777,0.4,0.0,2017-12-12 20:16:38,刺网
1644,31.678694444444453,126.94336111111113,1.3,309.0,2017-12-12 20:26:37,刺网
1644,31.6785,126.94361111111112,1.1,244.0,2017-12-12 20:36:36,刺网
1644,31.678027777777785,126.94344444444445,0.2,0.0,2017-12-12 20:46:38,刺网
1644,31.677833333333336,126.94355555555555,0.6,0.0,2017-12-12 20:57:11,刺网
1644,31.67769444444445,126.94366666666667,0.4,0.0,2017-12-12 21:06:38,刺网
1644,31.67766666666667,126.94375,0.1,0.0,2017-12-12 21:16:36,刺网
1644,31.677722222222233,126.94416666666667,0.7,63.0,2017-12-12 21:26:37,刺网
1644,31.67747222222223,126.944,0.5,0.0,2017-12-12 21:36:37,刺网
1644,31.677277777777785,126.94408333333334,2.0,225.0,2017-12-12 21:46:37,刺网
1644,31.677194444444453,126.94444444444444,0.6,0.0,2017-12-12 21:56:38,刺网
1644,31.67691666666667,126.94452777777781,0.3,0.0,2017-12-12 22:06:36,刺网
1644,31.67675,126.94469444444445,0.6,0.0,2017-12-12 22:16:38,刺网
1644,31.676527777777785,126.94480555555555,0.6,62.0,2017-12-12 22:26:38,刺网
1644,31.676388888888887,126.94491666666669,0.6,0.0,2017-12-12 22:36:37,刺网
1644,31.676055555555557,126.94463888888887,0.4,0.0,2017-12-12 22:46:38,刺网
1644,31.67594444444445,126.94475,1.1,0.0,2017-12-12 22:56:38,刺网
1644,31.67586111111111,126.94463888888887,0.6,130.0,2017-12-12 23:07:06,刺网
1644,31.676027777777787,126.94497222222222,0.8,0.0,2017-12-12 23:16:36,刺网
1644,31.67588888888889,126.94483333333334,1.3,230.0,2017-12-12 23:26:37,刺网
1644,31.67588888888889,126.94480555555555,0.2,0.0,2017-12-12 23:36:37,刺网
1644,31.675750000000004,126.94455555555555,0.6,225.0,2017-12-12 23:46:38,刺网
1644,31.675777777777785,126.94452777777781,0.3,0.0,2017-12-12 23:56:37,刺网
1644,31.67580555555556,126.94472222222224,0.4,233.0,2017-12-13 00:06:38,刺网
1644,31.67588888888889,126.94494444444445,0.4,0.0,2017-12-13 00:16:37,刺网
1644,31.675722222222234,126.94447222222222,0.8,359.0,2017-12-13 00:26:37,刺网
1644,31.675666666666668,126.94427777777778,0.5,0.0,2017-12-13 00:36:37,刺网
1644,31.675777777777785,126.94486111111112,0.6,0.0,2017-12-13 00:46:37,刺网
1644,31.675694444444453,126.94444444444444,1.1,71.0,2017-12-13 00:56:37,刺网
1644,31.675583333333336,126.94466666666666,0.8,100.0,2017-12-13 01:16:38,刺网
1644,31.675500000000003,126.94405555555555,1.2,99.0,2017-12-13 01:26:37,刺网
1644,31.675472222222233,126.94388888888888,0.4,0.0,2017-12-13 01:36:37,刺网
1644,31.675472222222233,126.94416666666667,0.6,0.0,2017-12-13 01:46:38,刺网
1644,31.67544444444445,126.94375,1.0,0.0,2017-12-13 01:56:37,刺网
1644,31.67544444444445,126.94383333333332,0.7,210.0,2017-12-13 02:07:09,刺网
1644,31.67544444444445,126.94394444444444,0.7,207.0,2017-12-13 02:16:36,刺网
1644,31.67544444444445,126.94372222222222,1.5,248.0,2017-12-13 02:26:36,刺网
1644,31.67544444444445,126.9435277777778,0.1,0.0,2017-12-13 02:36:36,刺网
1644,31.67541666666667,126.94363888888887,0.8,219.0,2017-12-13 02:46:36,刺网
1644,31.67541666666667,126.94366666666667,0.3,0.0,2017-12-13 02:56:36,刺网
1644,31.67541666666667,126.94375,0.5,173.0,2017-12-13 03:06:37,刺网
1644,31.67544444444445,126.94386111111106,0.4,0.0,2017-12-13 03:16:36,刺网
1644,31.67544444444445,126.94413888888887,0.5,0.0,2017-12-13 03:26:36,刺网
1644,31.67541666666667,126.94377777777778,0.5,0.0,2017-12-13 03:36:36,刺网
1644,31.67544444444445,126.94361111111112,0.5,0.0,2017-12-13 03:46:36,刺网
1644,31.677750000000003,126.94375,0.3,0.0,2017-12-13 03:56:35,刺网
1644,31.66713888888889,126.94047222222223,6.9,198.0,2017-12-13 04:06:36,刺网
1644,31.64911111111111,126.94041666666666,6.9,180.0,2017-12-13 04:16:37,刺网
1644,31.630111111111113,126.93586111111112,6.4,128.0,2017-12-13 04:27:05,刺网
1644,31.63525,126.9370277777778,5.0,7.0,2017-12-13 04:36:36,刺网
1644,31.652444444444445,126.93722222222223,6.5,8.0,2017-12-13 04:46:36,刺网
1644,31.669888888888888,126.9369722222222,5.1,13.0,2017-12-13 04:56:36,刺网
1644,31.687472222222233,126.93711111111112,6.8,358.0,2017-12-13 05:06:36,刺网
1644,31.70569444444445,126.93727777777781,5.3,6.0,2017-12-13 05:16:36,刺网
1644,31.716361111111112,126.94311111111112,3.4,164.0,2017-12-13 05:26:36,刺网
1644,31.703027777777766,126.94361111111112,5.2,159.0,2017-12-13 05:36:35,刺网
1644,31.689611111111113,126.94347222222223,5.2,173.0,2017-12-13 05:46:37,刺网
1644,31.675694444444453,126.94347222222223,4.5,145.0,2017-12-13 05:56:36,刺网
1644,31.66319444444445,126.94369444444445,4.6,208.0,2017-12-13 06:06:36,刺网
1644,31.64938888888889,126.94325,5.7,182.0,2017-12-13 06:16:36,刺网
1644,31.63636111111111,126.94347222222223,4.2,225.0,2017-12-13 06:26:36,刺网
1644,31.62225,126.94325,4.9,191.0,2017-12-13 06:36:36,刺网
1644,31.623,126.94961111111112,5.9,346.0,2017-12-13 06:47:04,刺网
1644,31.637694444444445,126.94972222222222,6.2,14.0,2017-12-13 06:56:36,刺网
1644,31.65361111111111,126.94994444444444,6.1,0.0,2017-12-13 07:06:36,刺网
1644,31.670055555555557,126.95058333333333,4.6,353.0,2017-12-13 07:16:36,刺网
1644,31.68636111111111,126.94986111111106,5.0,345.0,2017-12-13 07:26:35,刺网
1644,31.701999999999998,126.94955555555555,5.0,23.0,2017-12-13 07:36:35,刺网
1644,31.685944444444445,126.9417777777778,8.6,184.0,2017-12-13 07:46:35,刺网
1644,31.66530555555555,126.9394722222222,7.8,181.0,2017-12-13 07:56:35,刺网
1644,31.64455555555556,126.93680555555555,7.6,197.0,2017-12-13 08:06:35,刺网
1644,31.63283333333333,126.93433333333334,2.7,190.0,2017-12-13 08:16:35,刺网
1644,31.637527777777766,126.93363888888894,3.9,4.0,2017-12-13 08:26:35,刺网
1644,31.64544444444445,126.93425,2.8,342.0,2017-12-13 08:36:35,刺网
1644,31.65322222222222,126.9345277777778,3.8,7.0,2017-12-13 08:46:34,刺网
1644,31.660999999999998,126.93475,3.4,358.0,2017-12-13 08:56:34,刺网
1644,31.668861111111113,126.93463888888893,2.9,351.0,2017-12-13 09:06:35,刺网
1644,31.676527777777785,126.9352222222222,1.7,350.0,2017-12-13 09:16:36,刺网
1644,31.68397222222222,126.93491666666668,3.2,2.0,2017-12-13 09:26:34,刺网
1644,31.69144444444445,126.9345277777778,1.5,4.0,2017-12-13 09:37:06,刺网
1644,31.69736111111111,126.93458333333334,2.1,353.0,2017-12-13 09:46:34,刺网
1644,31.703833333333336,126.93430555555555,1.0,126.0,2017-12-13 09:56:35,刺网
1644,31.71013888888889,126.93413888888887,2.2,9.0,2017-12-13 10:06:36,刺网
1644,31.716527777777767,126.93561111111113,2.8,48.0,2017-12-13 10:16:36,刺网
1644,31.71661111111111,126.94047222222223,2.2,183.0,2017-12-13 10:26:36,刺网
1644,31.709027777777766,126.94175,3.4,197.0,2017-12-13 10:36:35,刺网
1644,31.701638888888887,126.94163888888887,3.0,179.0,2017-12-13 10:46:35,刺网
1644,31.68783333333333,126.94200000000001,3.1,170.0,2017-12-13 11:06:36,刺网
1644,31.680611111111112,126.94205555555556,2.6,156.0,2017-12-13 11:16:36,刺网
1644,31.674,126.94233333333334,2.4,186.0,2017-12-13 11:26:35,刺网
1644,31.667333333333332,126.94375,1.5,166.0,2017-12-13 11:36:35,刺网
1644,31.66072222222222,126.94416666666667,1.9,174.0,2017-12-13 11:46:35,刺网
1644,31.65313888888889,126.9440277777778,2.1,193.0,2017-12-13 11:56:35,刺网
1644,31.64625,126.94341666666668,2.6,172.0,2017-12-13 12:06:48,刺网
1644,31.63952777777777,126.94355555555555,2.6,207.0,2017-12-13 12:16:35,刺网
1644,31.632388888888887,126.94294444444445,1.6,165.0,2017-12-13 12:26:47,刺网
1644,31.625138888888888,126.94280555555555,2.9,201.0,2017-12-13 12:36:34,刺网
1644,31.620916666666666,126.94522222222223,2.2,43.0,2017-12-13 12:46:34,刺网
1644,31.62666666666667,126.94813888888888,3.5,9.0,2017-12-13 12:56:34,刺网
1644,31.63394444444444,126.94908333333332,2.9,10.0,2017-12-13 13:06:35,刺网
1644,31.64158333333333,126.94925,2.8,17.0,2017-12-13 13:16:34,刺网
1644,31.648916666666665,126.94925,2.1,9.0,2017-12-13 13:26:34,刺网
1644,31.656277777777767,126.94941666666666,2.0,5.0,2017-12-13 13:36:34,刺网
1644,31.663916666666665,126.94955555555555,2.6,346.0,2017-12-13 13:46:34,刺网
1644,31.66966666666667,126.94955555555555,2.5,338.0,2017-12-13 13:56:34,刺网
1644,31.676222222222233,126.94977777777778,3.2,5.0,2017-12-13 14:06:35,刺网
1644,31.683000000000003,126.94927777777778,2.7,346.0,2017-12-13 14:16:35,刺网
1644,31.689611111111113,126.9487777777778,2.8,334.0,2017-12-13 14:26:34,刺网
1644,31.694305555555548,126.94825,1.4,355.0,2017-12-13 14:36:34,刺网
1644,31.699055555555553,126.94758333333334,3.2,283.0,2017-12-13 14:46:48,刺网
1644,31.69736111111111,126.94808333333332,0.8,156.0,2017-12-13 14:56:34,刺网
1644,31.694722222222214,126.94766666666668,1.5,163.0,2017-12-13 15:06:34,刺网
1644,31.694972222222226,126.94833333333334,1.4,17.0,2017-12-13 15:16:35,刺网
1644,31.692916666666665,126.94680555555556,0.6,250.0,2017-12-13 15:26:35,刺网
1644,31.692277777777786,126.94611111111112,2.0,298.0,2017-12-13 15:36:35,刺网
1644,31.69236111111111,126.9459722222222,0.9,338.0,2017-12-13 15:46:35,刺网
1644,31.69233333333333,126.946,0.5,0.0,2017-12-13 15:56:35,刺网
1644,31.6925,126.94572222222223,0.5,179.0,2017-12-13 16:06:48,刺网
1644,31.692555555555554,126.94561111111112,1.4,174.0,2017-12-13 16:16:35,刺网
1644,31.69275,126.94544444444445,0.6,56.0,2017-12-13 16:26:34,刺网
1644,31.69286111111111,126.94525,0.5,163.0,2017-12-13 16:36:35,刺网
1644,31.693,126.94519444444445,0.8,132.0,2017-12-13 16:46:35,刺网
1644,31.69294444444445,126.94522222222223,0.2,0.0,2017-12-13 16:56:34,刺网
1644,31.692888888888888,126.9452777777778,0.5,265.0,2017-12-13 17:06:34,刺网
1644,31.69275,126.9454722222222,0.4,116.0,2017-12-13 17:16:35,刺网
1644,31.69275,126.94552777777777,0.3,0.0,2017-12-13 17:26:35,刺网
1644,31.692555555555554,126.94558333333332,0.9,296.0,2017-12-13 17:36:34,刺网
1644,31.692472222222232,126.94569444444444,0.1,0.0,2017-12-13 17:46:35,刺网
1644,31.692666666666664,126.9455,1.6,94.0,2017-12-13 17:56:34,刺网
1644,31.692638888888887,126.94552777777777,0.6,37.0,2017-12-13 18:06:35,刺网
1644,31.69241666666667,126.94586111111113,0.9,155.0,2017-12-13 18:16:34,刺网
1644,31.692277777777786,126.94611111111112,0.7,0.0,2017-12-13 18:26:33,刺网
1644,31.692138888888888,126.94630555555555,1.4,180.0,2017-12-13 18:36:35,刺网
1644,31.69216666666667,126.94633333333331,1.1,209.0,2017-12-13 18:46:34,刺网
1644,31.692055555555555,126.94652777777776,1.1,0.0,2017-12-13 18:56:37,刺网
1644,31.69208333333333,126.94638888888888,0.2,0.0,2017-12-13 19:06:33,刺网
1644,31.69244444444445,126.9457777777778,1.2,0.0,2017-12-13 19:16:34,刺网
1644,31.69219444444445,126.94630555555555,1.3,90.0,2017-12-13 19:26:33,刺网
1644,31.692,126.94688888888888,0.3,0.0,2017-12-13 19:36:33,刺网
1644,31.691972222222233,126.94691666666668,2.2,82.0,2017-12-13 19:46:34,刺网
1644,31.69191666666667,126.94705555555555,1.8,257.0,2017-12-13 19:56:48,刺网
1644,31.69183333333333,126.94752777777781,0.8,339.0,2017-12-13 20:06:33,刺网
1644,31.69183333333333,126.94780555555555,0.7,282.0,2017-12-13 20:16:34,刺网
1644,31.691777777777766,126.948,1.1,92.0,2017-12-13 20:26:33,刺网
1644,31.691777777777766,126.94802777777778,1.6,227.0,2017-12-13 20:36:34,刺网
1644,31.69183333333333,126.94761111111113,0.5,69.0,2017-12-13 20:46:34,刺网
1644,31.691805555555554,126.94791666666669,0.6,162.0,2017-12-13 20:56:33,刺网
1644,31.691777777777766,126.94775,0.8,217.0,2017-12-13 21:06:34,刺网
1644,31.691777777777766,126.94808333333332,1.7,280.0,2017-12-13 21:16:34,刺网
1644,31.691777777777766,126.94816666666668,0.5,0.0,2017-12-13 21:26:34,刺网
1644,31.69175,126.94841666666667,0.3,0.0,2017-12-13 21:36:34,刺网
1644,31.69175,126.94830555555555,1.0,65.0,2017-12-13 21:46:33,刺网
1644,31.691777777777766,126.94836111111113,1.7,152.0,2017-12-13 21:56:33,刺网
1644,31.69183333333333,126.9484722222222,0.9,221.0,2017-12-13 22:06:47,刺网
1644,31.69183333333333,126.94844444444445,1.3,284.0,2017-12-13 22:16:34,刺网
1644,31.691805555555554,126.9484722222222,1.4,87.0,2017-12-13 22:26:33,刺网
1644,31.69183333333333,126.94872222222223,0.1,0.0,2017-12-13 22:36:33,刺网
1644,31.69188888888889,126.94872222222223,0.3,121.0,2017-12-13 22:46:34,刺网
1644,31.691805555555554,126.94861111111112,0.1,0.0,2017-12-13 22:56:33,刺网
1644,31.69191666666667,126.94872222222223,2.0,153.0,2017-12-13 23:06:34,刺网
1644,31.691861111111113,126.94880555555555,1.2,106.0,2017-12-13 23:16:33,刺网
1644,31.691805555555554,126.94866666666668,1.0,137.0,2017-12-13 23:26:33,刺网
1644,31.69175,126.9485,0.7,153.0,2017-12-13 23:36:34,刺网
1644,31.691777777777766,126.94883333333334,0.4,120.0,2017-12-13 23:46:34,刺网
1644,31.69175,126.94855555555556,0.6,0.0,2017-12-13 23:56:33,刺网
1644,31.691722222222214,126.94808333333332,1.0,195.0,2017-12-14 00:06:34,刺网
1644,31.691722222222214,126.94813888888888,0.6,348.0,2017-12-14 00:16:47,刺网
1644,31.691722222222214,126.94797222222223,0.9,42.0,2017-12-14 00:26:33,刺网
1644,31.69175,126.94769444444445,0.5,186.0,2017-12-14 00:36:32,刺网
1644,31.691777777777766,126.94783333333336,0.9,156.0,2017-12-14 00:46:47,刺网
1644,31.691777777777766,126.94761111111113,0.6,244.0,2017-12-14 00:56:32,刺网
1644,31.691777777777766,126.94736111111106,1.2,178.0,2017-12-14 01:06:33,刺网
1644,31.691777777777766,126.94741666666668,0.2,0.0,2017-12-14 01:16:32,刺网
1644,31.69175,126.9477777777778,0.8,222.0,2017-12-14 01:26:32,刺网
1644,31.691805555555554,126.94713888888893,0.9,249.0,2017-12-14 01:36:32,刺网
1644,31.69191666666667,126.94675,0.4,0.0,2017-12-14 01:46:33,刺网
1644,31.692,126.94641666666666,1.5,314.0,2017-12-14 01:56:32,刺网
1644,31.692138888888888,126.94608333333332,0.7,0.0,2017-12-14 02:06:33,刺网
1644,31.691972222222233,126.94652777777776,1.3,108.0,2017-12-14 02:16:32,刺网
1644,31.69208333333333,126.94625,0.7,0.0,2017-12-14 02:26:32,刺网
1644,31.69211111111111,126.94613888888887,0.5,0.0,2017-12-14 02:36:32,刺网
1644,31.69211111111111,126.94622222222222,0.7,320.0,2017-12-14 02:46:32,刺网
1644,31.69211111111111,126.94608333333332,2.8,125.0,2017-12-14 02:56:32,刺网
1644,31.69225,126.94586111111113,0.8,0.0,2017-12-14 03:06:33,刺网
1644,31.6925,126.94552777777777,2.0,90.0,2017-12-14 03:16:33,刺网
1644,31.69230555555556,126.94575,0.3,0.0,2017-12-14 03:26:32,刺网
1644,31.692722222222233,126.94536111111113,0.3,0.0,2017-12-14 03:36:46,刺网
1644,31.692722222222233,126.94536111111113,0.5,151.0,2017-12-14 03:46:33,刺网
1644,31.692611111111113,126.9454722222222,0.8,350.0,2017-12-14 03:56:33,刺网
1644,31.69444444444445,126.94725,2.5,332.0,2017-12-14 04:06:32,刺网
1644,31.691527777777768,126.9435,7.8,189.0,2017-12-14 04:16:33,刺网
1644,31.70255555555556,126.93886111111112,6.4,9.0,2017-12-14 04:26:32,刺网
1644,31.7195,126.93780555555556,6.4,353.0,2017-12-14 04:36:32,刺网
1644,31.73602777777778,126.93830555555556,7.6,334.0,2017-12-14 04:46:32,刺网
1644,31.752861111111113,126.93855555555555,5.5,7.0,2017-12-14 04:56:33,刺网
1644,31.766444444444453,126.94188888888893,6.7,82.0,2017-12-14 05:06:32,刺网
1644,31.753027777777767,126.94322222222223,5.6,191.0,2017-12-14 05:16:33,刺网
1644,31.73913888888889,126.9427777777778,5.4,228.0,2017-12-14 05:26:32,刺网
1644,31.72544444444444,126.94291666666666,5.0,157.0,2017-12-14 05:36:33,刺网
1644,31.71175,126.94325,5.5,179.0,2017-12-14 05:46:32,刺网
1644,31.69852777777778,126.9429722222222,5.2,154.0,2017-12-14 05:56:31,刺网
1644,31.706861111111113,126.94802777777778,5.3,347.0,2017-12-14 06:06:47,刺网
1644,31.72425,126.94805555555556,6.9,354.0,2017-12-14 06:16:31,刺网
1644,31.741472222222214,126.94830555555555,4.8,356.0,2017-12-14 06:26:32,刺网
1644,31.75691666666667,126.94747222222222,5.7,6.0,2017-12-14 06:36:32,刺网
1644,31.768666666666665,126.95344444444444,5.0,104.0,2017-12-14 06:46:47,刺网
1644,31.755277777777767,126.95313888888893,5.5,190.0,2017-12-14 06:56:32,刺网
1644,31.728444444444442,126.95275,5.3,165.0,2017-12-14 07:16:32,刺网
1644,31.71519444444445,126.95125,4.2,229.0,2017-12-14 07:26:31,刺网
1644,31.714444444444442,126.9482777777778,0.6,199.0,2017-12-14 07:36:32,刺网
1644,31.71447222222222,126.94708333333334,1.1,197.0,2017-12-14 07:46:31,刺网
1644,31.703861111111113,126.93736111111113,7.9,214.0,2017-12-14 07:56:31,刺网
1644,31.700416666666666,126.93355555555556,2.0,114.0,2017-12-14 08:06:32,刺网
1644,31.70697222222222,126.93394444444445,2.5,1.0,2017-12-14 08:16:32,刺网
1644,31.71488888888889,126.93338888888893,2.2,356.0,2017-12-14 08:26:31,刺网
1644,31.72122222222222,126.93288888888893,2.7,333.0,2017-12-14 08:36:32,刺网
1644,31.729166666666664,126.93236111111106,3.5,359.0,2017-12-14 08:46:31,刺网
1644,31.73686111111111,126.93191666666668,3.2,348.0,2017-12-14 08:56:32,刺网
1644,31.743388888888887,126.93194444444444,2.6,321.0,2017-12-14 09:06:31,刺网
1644,31.75111111111111,126.93041666666667,2.8,328.0,2017-12-14 09:16:32,刺网
1644,31.758944444444445,126.92955555555555,2.6,350.0,2017-12-14 09:26:48,刺网
1644,31.766055555555557,126.9297777777778,3.6,359.0,2017-12-14 09:36:31,刺网
1644,31.77144444444445,126.93136111111113,2.4,9.0,2017-12-14 09:46:31,刺网
1644,31.76522222222223,126.93458333333334,2.5,161.0,2017-12-14 09:56:32,刺网
1644,31.758138888888887,126.9362777777778,2.5,173.0,2017-12-14 10:06:32,刺网
1644,31.751361111111112,126.9380277777778,2.3,184.0,2017-12-14 10:16:32,刺网
1644,31.744611111111112,126.93963888888894,2.1,166.0,2017-12-14 10:26:31,刺网
1644,31.73844444444445,126.94002777777777,2.8,176.0,2017-12-14 10:36:31,刺网
1644,31.731972222222232,126.94066666666667,1.9,188.0,2017-12-14 10:46:32,刺网
1644,31.72544444444444,126.94083333333332,3.1,168.0,2017-12-14 10:56:32,刺网
1644,31.71883333333333,126.94080555555556,2.3,186.0,2017-12-14 11:06:32,刺网
1644,31.713166666666666,126.94105555555555,3.2,165.0,2017-12-14 11:16:32,刺网
1644,31.70666666666667,126.94030555555555,2.2,169.0,2017-12-14 11:26:31,刺网
1644,31.715805555555555,126.94519444444445,2.2,338.0,2017-12-14 11:56:30,刺网
1644,31.723472222222213,126.94513888888888,3.5,356.0,2017-12-14 12:06:48,刺网
1644,31.73116666666667,126.94541666666666,3.3,5.0,2017-12-14 12:16:31,刺网
1644,31.738861111111113,126.94558333333332,3.7,356.0,2017-12-14 12:26:30,刺网
1644,31.74658333333333,126.94541666666666,2.8,350.0,2017-12-14 12:36:48,刺网
1644,31.753694444444445,126.94455555555555,1.9,19.0,2017-12-14 12:46:31,刺网
1644,31.761111111111113,126.94391666666668,2.8,10.0,2017-12-14 12:56:30,刺网
1644,31.76847222222222,126.94419444444445,3.2,33.0,2017-12-14 13:06:31,刺网
1644,31.77072222222222,126.94875,2.5,176.0,2017-12-14 13:16:31,刺网
1644,31.76394444444445,126.95030555555556,3.2,154.0,2017-12-14 13:26:31,刺网
1644,31.756999999999998,126.95188888888887,3.6,160.0,2017-12-14 13:36:30,刺网
1644,31.74991666666667,126.9524722222222,2.6,170.0,2017-12-14 13:46:31,刺网
1644,31.742777777777786,126.95211111111112,2.5,178.0,2017-12-14 13:56:31,刺网
1644,31.735416666666666,126.95205555555556,2.5,176.0,2017-12-14 14:06:31,刺网
1644,31.728361111111113,126.95188888888887,2.3,172.0,2017-12-14 14:16:31,刺网
1644,31.724916666666665,126.95261111111112,5.6,8.0,2017-12-14 14:26:31,刺网
1644,31.74511111111111,126.95863888888887,8.6,8.0,2017-12-14 14:36:48,刺网
1644,31.75986111111111,126.96205555555555,1.3,19.0,2017-12-14 14:46:31,刺网
1644,31.75408333333333,126.9544722222222,3.8,217.0,2017-12-14 15:06:31,刺网
1644,31.76608333333333,126.95911111111113,7.0,42.0,2017-12-14 15:16:31,刺网
1644,31.78633333333333,126.96605555555556,7.1,1.0,2017-12-14 15:26:30,刺网
1644,31.80725,126.96705555555555,7.6,347.0,2017-12-14 15:36:30,刺网
1644,31.828138888888887,126.96938888888887,8.2,0.0,2017-12-14 15:46:30,刺网
1644,31.849722222222233,126.97288888888887,8.2,6.0,2017-12-14 15:56:30,刺网
1644,31.857722222222232,126.97380555555556,0.3,0.0,2017-12-14 16:06:30,刺网
1644,31.85841666666667,126.97269444444444,1.2,0.0,2017-12-14 16:16:31,刺网
1644,31.858888888888888,126.97283333333334,0.3,0.0,2017-12-14 16:26:31,刺网
1644,31.858833333333337,126.97277777777781,0.4,0.0,2017-12-14 16:36:31,刺网
1644,31.85891666666667,126.97283333333334,0.5,169.0,2017-12-14 16:46:30,刺网
1644,31.85880555555556,126.97277777777781,0.9,58.0,2017-12-14 16:56:30,刺网
1644,31.858888888888888,126.97280555555555,0.8,0.0,2017-12-14 17:16:30,刺网
1644,31.85894444444445,126.97280555555555,1.2,52.0,2017-12-14 17:26:30,刺网
1644,31.859,126.97288888888887,0.1,0.0,2017-12-14 17:36:30,刺网
1644,31.85891666666667,126.97280555555555,0.2,0.0,2017-12-14 17:46:30,刺网
1644,31.858777777777767,126.97283333333334,0.7,0.0,2017-12-14 17:56:30,刺网
1644,31.859111111111112,126.97291666666666,0.9,157.0,2017-12-14 18:06:48,刺网
1644,31.85891666666667,126.97280555555555,0.6,0.0,2017-12-14 18:16:30,刺网
1644,31.859027777777786,126.97283333333334,0.1,0.0,2017-12-14 18:26:30,刺网
1644,31.85894444444445,126.97275,0.7,329.0,2017-12-14 18:36:30,刺网
1644,31.85897222222223,126.97277777777781,0.2,0.0,2017-12-14 18:46:30,刺网
1644,31.859,126.97286111111113,0.2,0.0,2017-12-14 18:56:30,刺网
1644,31.858888888888888,126.97280555555555,0.5,16.0,2017-12-14 19:06:31,刺网
1644,31.85897222222223,126.97286111111113,0.5,0.0,2017-12-14 19:16:30,刺网
1644,31.858888888888888,126.97286111111113,0.1,0.0,2017-12-14 19:26:31,刺网
1644,31.858888888888888,126.97280555555555,0.4,0.0,2017-12-14 19:36:30,刺网
1644,31.85886111111111,126.97277777777781,0.3,0.0,2017-12-14 19:46:30,刺网
1644,31.858555555555558,126.97269444444444,0.1,0.0,2017-12-14 19:56:30,刺网
1644,31.8585,126.97280555555555,0.6,0.0,2017-12-14 20:06:30,刺网
1644,31.858472222222233,126.97275,0.2,0.0,2017-12-14 20:16:30,刺网
1644,31.858583333333332,126.97272222222222,0.2,0.0,2017-12-14 20:26:30,刺网
1644,31.85841666666667,126.97275,0.7,114.0,2017-12-14 20:36:30,刺网
1644,31.85838888888889,126.97272222222222,1.0,0.0,2017-12-14 20:46:30,刺网
1644,31.85808333333333,126.97280555555555,0.1,0.0,2017-12-14 20:56:48,刺网
1644,31.857972222222234,126.97283333333334,0.4,192.0,2017-12-14 21:06:30,刺网
1644,31.858472222222233,126.97269444444444,0.6,359.0,2017-12-14 21:16:30,刺网
1644,31.858472222222233,126.97272222222222,0.2,0.0,2017-12-14 21:26:29,刺网
1644,31.85819444444445,126.97283333333334,0.1,0.0,2017-12-14 21:36:30,刺网
1644,31.85805555555556,126.97286111111113,0.6,188.0,2017-12-14 21:46:30,刺网
1644,31.85758333333333,126.97311111111112,0.2,0.0,2017-12-14 21:56:30,刺网
1644,31.857388888888888,126.97344444444445,0.6,0.0,2017-12-14 22:06:29,刺网
1644,31.85733333333333,126.9734722222222,0.7,48.0,2017-12-14 22:16:29,刺网
1644,31.85725,126.97388888888894,0.0,0.0,2017-12-14 22:26:29,刺网
1644,31.857222222222234,126.97411111111113,0.9,318.0,2017-12-14 22:36:29,刺网
1644,31.85725,126.9742222222222,0.5,0.0,2017-12-14 22:46:29,刺网
1644,31.857222222222234,126.97425,0.3,0.0,2017-12-14 22:56:28,刺网
1644,31.857222222222234,126.97427777777777,0.6,0.0,2017-12-14 23:06:28,刺网
1644,31.857194444444445,126.97430555555556,0.3,0.0,2017-12-14 23:16:29,刺网
1644,31.857222222222234,126.97444444444444,0.2,0.0,2017-12-14 23:26:29,刺网
1644,31.857222222222234,126.97447222222222,0.2,0.0,2017-12-14 23:36:28,刺网
1644,31.85730555555556,126.97444444444444,0.5,0.0,2017-12-14 23:46:29,刺网
1644,31.85725,126.97444444444444,1.0,0.0,2017-12-14 23:56:28,刺网
1644,31.857222222222234,126.97419444444445,0.4,0.0,2017-12-15 00:06:48,刺网
1644,31.857222222222234,126.97430555555556,0.6,159.0,2017-12-15 00:16:29,刺网
1644,31.857222222222234,126.97430555555556,1.0,148.0,2017-12-15 00:26:29,刺网
1644,31.857194444444445,126.97413888888887,1.2,109.0,2017-12-15 00:36:29,刺网
1644,31.85725,126.97408333333334,0.7,227.0,2017-12-15 00:46:29,刺网
1644,31.857222222222234,126.9740277777778,0.2,0.0,2017-12-15 00:56:29,刺网
1644,31.85725,126.97391666666668,0.2,0.0,2017-12-15 01:16:29,刺网
1644,31.85725,126.97380555555556,0.1,0.0,2017-12-15 01:26:28,刺网
1644,31.85733333333333,126.97375,0.6,226.0,2017-12-15 01:36:29,刺网
1644,31.85730555555556,126.97369444444445,0.2,0.0,2017-12-15 01:46:29,刺网
1644,31.857277777777767,126.97369444444445,0.1,0.0,2017-12-15 01:56:28,刺网
1644,31.85733333333333,126.97355555555555,0.6,114.0,2017-12-15 02:06:29,刺网
1644,31.857388888888888,126.9734722222222,0.2,0.0,2017-12-15 02:16:29,刺网
1644,31.8575,126.97319444444445,0.1,0.0,2017-12-15 02:26:28,刺网
1644,31.85758333333333,126.97308333333334,0.6,0.0,2017-12-15 02:36:28,刺网
1644,31.85761111111111,126.97311111111112,0.9,165.0,2017-12-15 02:46:29,刺网
1644,31.857722222222232,126.973,0.4,0.0,2017-12-15 02:56:28,刺网
1644,31.85775000000001,126.97294444444445,0.6,0.0,2017-12-15 03:06:29,刺网
1644,31.85769444444445,126.97397222222223,0.7,0.0,2017-12-15 03:16:29,刺网
1644,31.8585,126.97444444444444,7.5,272.0,2017-12-15 03:26:28,刺网
1644,31.858555555555558,126.98133333333334,6.3,92.0,2017-12-15 03:36:49,刺网
1644,31.85808333333333,127.00066666666666,6.4,100.0,2017-12-15 03:46:28,刺网
1644,31.858694444444453,127.01994444444445,5.5,82.0,2017-12-15 03:56:28,刺网
1644,31.85838888888889,127.03802777777777,5.7,93.0,2017-12-15 04:06:28,刺网
1644,31.851527777777786,127.04583333333332,6.9,255.0,2017-12-15 04:16:29,刺网
1644,31.85175,127.02147222222223,7.4,269.0,2017-12-15 04:26:28,刺网
1644,31.85191666666667,126.9970277777778,7.4,277.0,2017-12-15 04:36:27,刺网
1644,31.851944444444445,126.97263888888888,7.7,281.0,2017-12-15 04:46:28,刺网
1644,31.84325,126.97219444444444,5.0,83.0,2017-12-15 04:56:28,刺网
1644,31.84333333333333,126.99111111111112,5.6,78.0,2017-12-15 05:06:28,刺网
1644,31.843472222222214,127.01080555555555,6.0,89.0,2017-12-15 05:16:28,刺网
1644,31.84322222222222,127.03125,6.5,94.0,2017-12-15 05:26:28,刺网
1644,31.84233333333333,127.04913888888888,5.2,191.0,2017-12-15 05:36:28,刺网
1644,31.835,127.03533333333334,7.4,268.0,2017-12-15 05:46:28,刺网
1644,31.83544444444444,127.01188888888888,7.7,276.0,2017-12-15 05:56:28,刺网
1644,31.840555555555554,126.96886111111112,8.4,346.0,2017-12-15 06:16:28,刺网
1644,31.857888888888887,126.96138888888888,6.9,319.0,2017-12-15 06:26:28,刺网
1644,31.86216666666667,126.95941666666668,0.8,291.0,2017-12-15 06:36:28,刺网
1644,31.860722222222233,126.95358333333333,1.0,255.0,2017-12-15 06:56:27,刺网
1644,31.860111111111113,126.95083333333334,1.0,241.0,2017-12-15 07:06:28,刺网
1644,31.85961111111111,126.94786111111112,1.2,239.0,2017-12-15 07:16:28,刺网
1644,31.859222222222233,126.9452777777778,1.0,248.0,2017-12-15 07:26:28,刺网
1644,31.86208333333333,126.96544444444444,2.6,98.0,2017-12-15 07:56:27,刺网
1644,31.86133333333333,126.97141666666668,2.2,75.0,2017-12-15 08:06:28,刺网
1644,31.871777777777766,126.99041666666666,3.0,98.0,2017-12-15 08:46:26,刺网
1644,31.87033333333333,126.99777777777778,2.5,110.0,2017-12-15 08:56:27,刺网
1644,31.86963888888889,127.00536111111113,2.8,95.0,2017-12-15 09:06:28,刺网
1644,31.87033333333333,127.01316666666666,2.8,97.0,2017-12-15 09:16:27,刺网
1644,31.870555555555555,127.02069444444444,2.4,82.0,2017-12-15 09:26:46,刺网
1644,31.867666666666665,127.02541666666666,2.2,197.0,2017-12-15 09:36:26,刺网
1644,31.863250000000004,127.0217222222222,2.3,253.0,2017-12-15 09:46:28,刺网
1644,31.861638888888887,127.0145277777778,2.5,261.0,2017-12-15 09:56:27,刺网
1644,31.859638888888888,127.0072777777778,2.1,260.0,2017-12-15 10:06:27,刺网
1644,31.858722222222234,126.99980555555555,2.4,261.0,2017-12-15 10:16:26,刺网
1644,31.857972222222234,126.99272222222223,1.7,256.0,2017-12-15 10:26:26,刺网
1644,31.85683333333333,126.98513888888887,1.3,256.0,2017-12-15 10:36:26,刺网
1644,31.85608333333333,126.97783333333334,2.9,260.0,2017-12-15 10:46:26,刺网
1644,31.855638888888887,126.9705,2.7,245.0,2017-12-15 10:56:26,刺网
1644,31.854888888888887,126.96338888888893,2.3,235.0,2017-12-15 11:06:26,刺网
1644,31.85163888888889,126.95838888888893,2.6,193.0,2017-12-15 11:16:26,刺网
1644,31.84844444444445,126.96269444444445,1.9,111.0,2017-12-15 11:26:28,刺网
1644,31.84938888888889,126.97113888888887,2.8,106.0,2017-12-15 11:36:27,刺网
1644,31.848916666666664,126.98013888888887,2.4,92.0,2017-12-15 11:46:26,刺网
1644,31.84927777777777,126.98966666666666,2.0,100.0,2017-12-15 11:56:26,刺网
1644,31.849638888888887,126.99919444444444,2.4,79.0,2017-12-15 12:06:47,刺网
1644,31.85,127.00808333333332,2.6,67.0,2017-12-15 12:16:28,刺网
1644,31.85216666666667,127.01669444444444,1.9,87.0,2017-12-15 12:26:28,刺网
1644,31.85333333333333,127.02505555555555,2.6,92.0,2017-12-15 12:36:27,刺网
1644,31.85375,127.03399999999999,3.4,87.0,2017-12-15 12:46:26,刺网
1644,31.851777777777766,127.0375,1.8,171.0,2017-12-15 12:56:26,刺网
1644,31.84630555555556,127.03513888888888,2.1,227.0,2017-12-15 13:06:28,刺网
1644,31.843777777777767,127.02844444444445,2.1,248.0,2017-12-15 13:16:26,刺网
1644,31.842777777777766,127.02169444444445,0.5,221.0,2017-12-15 13:26:26,刺网
1644,31.843000000000004,127.01730555555555,3.3,265.0,2017-12-15 13:36:27,刺网
1644,31.843055555555555,127.00902777777776,3.1,278.0,2017-12-15 13:46:27,刺网
1644,31.84236111111111,127.00138888888887,1.5,244.0,2017-12-15 13:56:27,刺网
1644,31.841416666666664,126.99475,2.7,274.0,2017-12-15 14:06:25,刺网
1644,31.840805555555555,126.98672222222223,1.8,282.0,2017-12-15 14:16:25,刺网
1644,31.840527777777766,126.97875,1.2,267.0,2017-12-15 14:26:25,刺网
1644,31.83983333333333,126.974,1.6,204.0,2017-12-15 14:36:26,刺网
1644,31.83294444444445,126.96744444444445,1.7,0.0,2017-12-15 14:46:26,刺网
1644,31.830972222222233,126.96772222222219,0.5,0.0,2017-12-15 14:56:26,刺网
1644,31.830305555555555,126.96816666666666,0.4,147.0,2017-12-15 15:06:25,刺网
1644,31.82919444444445,126.96863888888888,0.6,0.0,2017-12-15 15:16:26,刺网
1644,31.82875,126.9687777777778,0.6,0.0,2017-12-15 15:26:25,刺网
1644,31.82802777777778,126.96922222222223,0.1,0.0,2017-12-15 15:36:25,刺网
1644,31.826999999999998,126.96933333333334,0.1,0.0,2017-12-15 15:46:47,刺网
1644,31.826694444444453,126.96972222222223,0.5,0.0,2017-12-15 15:56:25,刺网
1644,31.825833333333332,126.97027777777778,0.2,0.0,2017-12-15 16:06:26,刺网
1644,31.82563888888889,126.97008333333332,0.5,0.0,2017-12-15 16:16:26,刺网
1644,31.82533333333333,126.97005555555555,0.5,0.0,2017-12-15 16:26:25,刺网
1644,31.824722222222213,126.97005555555555,0.5,0.0,2017-12-15 16:36:27,刺网
1644,31.824472222222226,126.97044444444445,0.3,0.0,2017-12-15 16:46:25,刺网
1644,31.827277777777766,126.96866666666668,2.2,309.0,2017-12-15 16:56:25,刺网
1644,31.83238888888889,126.97025,5.2,28.0,2017-12-15 17:06:25,刺网
1644,31.8325,126.97044444444445,1.0,109.0,2017-12-15 17:16:25,刺网
1644,31.83213888888889,126.9705,0.0,0.0,2017-12-15 17:26:25,刺网
1644,31.831972222222234,126.97027777777778,0.8,125.0,2017-12-15 17:36:25,刺网
1644,31.832027777777785,126.97044444444445,0.2,0.0,2017-12-15 17:46:25,刺网
1644,31.831916666666668,126.97038888888888,0.7,272.0,2017-12-15 17:56:44,刺网
1644,31.83208333333333,126.97066666666667,0.5,83.0,2017-12-15 18:06:25,刺网
1644,31.83225,126.97088888888894,0.7,58.0,2017-12-15 18:16:25,刺网
1644,31.8325,126.97113888888887,0.3,0.0,2017-12-15 18:26:25,刺网
1644,31.832555555555555,126.9710277777778,0.5,333.0,2017-12-15 18:36:25,刺网
1644,31.83280555555556,126.9712777777778,0.2,0.0,2017-12-15 18:46:25,刺网
1644,31.83297222222223,126.97166666666666,0.4,0.0,2017-12-15 18:56:25,刺网
1644,31.83288888888889,126.97180555555555,0.1,0.0,2017-12-15 19:06:25,刺网
1644,31.83294444444445,126.97163888888888,0.7,222.0,2017-12-15 19:16:25,刺网
1644,31.833055555555557,126.97175,0.5,89.0,2017-12-15 19:26:24,刺网
1644,31.833055555555557,126.97188888888887,0.7,330.0,2017-12-15 19:36:26,刺网
1644,31.83316666666667,126.97225,0.8,118.0,2017-12-15 19:46:24,刺网
1644,31.833444444444442,126.97277777777781,0.4,126.0,2017-12-15 19:56:26,刺网
1644,31.8335,126.97269444444444,0.4,53.0,2017-12-15 20:06:48,刺网
1644,31.833527777777785,126.97283333333334,0.8,147.0,2017-12-15 20:16:26,刺网
1644,31.83358333333333,126.97291666666666,0.1,0.0,2017-12-15 20:26:25,刺网
1644,31.83394444444444,126.97297222222224,0.4,120.0,2017-12-15 20:46:46,刺网
1644,31.83408333333333,126.973,0.4,0.0,2017-12-15 20:56:26,刺网
1644,31.83408333333333,126.97294444444445,0.2,0.0,2017-12-15 21:06:26,刺网
1644,31.834027777777766,126.973,0.9,98.0,2017-12-15 21:16:25,刺网
1644,31.83388888888889,126.97305555555555,0.1,0.0,2017-12-15 21:26:26,刺网
1644,31.83375,126.97305555555555,0.5,77.0,2017-12-15 21:36:24,刺网
1644,31.833527777777785,126.973,1.1,206.0,2017-12-15 21:46:26,刺网
1644,31.833444444444442,126.97305555555555,0.3,0.0,2017-12-15 21:56:26,刺网
1644,31.833250000000003,126.97291666666666,0.4,0.0,2017-12-15 22:06:26,刺网
1644,31.833222222222233,126.97297222222224,0.6,0.0,2017-12-15 22:16:24,刺网
1644,31.833111111111112,126.97288888888887,0.3,0.0,2017-12-15 22:26:25,刺网
1644,31.83297222222223,126.97280555555555,0.2,0.0,2017-12-15 22:36:25,刺网
1644,31.83288888888889,126.97280555555555,0.9,145.0,2017-12-15 22:46:24,刺网
1644,31.832777777777785,126.97263888888888,0.7,0.0,2017-12-15 22:56:25,刺网
1644,31.832722222222234,126.97266666666668,1.0,177.0,2017-12-15 23:06:46,刺网
1644,31.832472222222233,126.9724722222222,0.8,68.0,2017-12-15 23:16:26,刺网
1644,31.832472222222233,126.97255555555556,0.4,0.0,2017-12-15 23:26:25,刺网
1644,31.83227777777777,126.97266666666668,0.3,0.0,2017-12-15 23:36:26,刺网
1644,31.83211111111111,126.97275,0.1,0.0,2017-12-15 23:46:26,刺网
1644,31.831944444444453,126.97302777777777,1.1,169.0,2017-12-15 23:56:25,刺网
1644,31.831555555555553,126.97297222222224,0.1,0.0,2017-12-16 00:06:26,刺网
1644,31.831194444444442,126.97327777777778,0.6,87.0,2017-12-16 00:16:26,刺网
1644,31.83083333333333,126.97366666666667,0.1,0.0,2017-12-16 00:26:25,刺网
1644,31.830472222222234,126.9742222222222,0.5,123.0,2017-12-16 00:36:25,刺网
1644,31.82980555555556,126.9745,0.3,0.0,2017-12-16 00:46:25,刺网
1644,31.82941666666667,126.97497222222222,0.9,177.0,2017-12-16 00:56:25,刺网
1644,31.828861111111113,126.97536111111113,0.5,0.0,2017-12-16 01:06:25,刺网
1644,31.828416666666666,126.97577777777781,0.7,0.0,2017-12-16 01:16:25,刺网
1644,31.82775,126.97616666666669,0.4,0.0,2017-12-16 01:26:24,刺网
1644,31.827305555555554,126.97655555555555,0.6,0.0,2017-12-16 01:36:24,刺网
1644,31.826972222222214,126.97683333333336,0.7,0.0,2017-12-16 01:46:25,刺网
1644,31.82619444444445,126.97733333333332,1.9,123.0,2017-12-16 01:56:25,刺网
1644,31.825888888888887,126.97747222222222,0.9,148.0,2017-12-16 02:06:47,刺网
1644,31.825222222222234,126.97811111111113,0.5,171.0,2017-12-16 02:16:24,刺网
1644,31.824388888888887,126.97811111111113,0.3,141.0,2017-12-16 02:26:24,刺网
1644,31.82380555555555,126.97872222222222,0.9,185.0,2017-12-16 02:36:25,刺网
1644,31.823222222222213,126.97875,1.6,114.0,2017-12-16 02:46:25,刺网
1644,31.82252777777777,126.97930555555556,1.0,174.0,2017-12-16 02:56:25,刺网
1644,31.821666666666665,126.9795,1.4,100.0,2017-12-16 03:06:25,刺网
1644,31.82141666666667,126.97938888888888,0.4,42.0,2017-12-16 03:16:24,刺网
1644,31.820888888888888,126.97977777777778,0.9,31.0,2017-12-16 03:26:24,刺网
1644,31.821583333333336,126.979,2.1,312.0,2017-12-16 03:36:25,刺网
1644,31.817916666666665,126.97313888888893,8.5,179.0,2017-12-16 03:46:23,刺网
1644,31.80758333333333,126.95694444444445,4.7,100.0,2017-12-16 03:56:25,刺网
1644,31.808472222222214,126.97269444444444,6.2,90.0,2017-12-16 04:06:25,刺网
1644,31.8085,126.98755555555556,4.7,66.0,2017-12-16 04:16:47,刺网
1644,31.80811111111111,126.99963888888892,4.3,81.0,2017-12-16 04:26:24,刺网
1644,31.80822222222222,127.01308333333333,4.1,72.0,2017-12-16 04:36:24,刺网
1644,31.807805555555557,127.02583333333334,5.1,76.0,2017-12-16 04:46:25,刺网
1644,31.808000000000003,127.04102777777777,5.6,103.0,2017-12-16 04:56:24,刺网
1644,31.80461111111111,127.05319444444444,5.1,185.0,2017-12-16 05:06:25,刺网
1644,31.80019444444445,127.0407777777778,7.5,262.0,2017-12-16 05:16:24,刺网
1644,31.80011111111111,127.02119444444445,5.9,256.0,2017-12-16 05:26:23,刺网
1644,31.80005555555556,127.0005277777778,7.1,254.0,2017-12-16 05:36:24,刺网
1644,31.79936111111111,126.98113888888888,4.7,266.0,2017-12-16 05:46:23,刺网
1644,31.799111111111113,126.96219444444445,5.1,281.0,2017-12-16 05:56:23,刺网
1644,31.80919444444445,126.95405555555556,3.1,19.0,2017-12-16 06:06:23,刺网
1644,31.808888888888887,126.95405555555556,0.9,96.0,2017-12-16 06:16:22,刺网
1644,31.80802777777778,126.95508333333332,0.2,0.0,2017-12-16 06:26:22,刺网
1644,31.807055555555554,126.95608333333332,1.1,0.0,2017-12-16 06:36:23,刺网
1644,31.805888888888887,126.95661111111113,0.6,0.0,2017-12-16 06:46:24,刺网
1644,31.804805555555557,126.9575,1.4,85.0,2017-12-16 06:56:22,刺网
1644,31.804055555555554,126.95850000000002,2.0,141.0,2017-12-16 07:06:23,刺网
1644,31.803222222222214,126.95936111111112,0.5,0.0,2017-12-16 07:16:22,刺网
1644,31.80613888888889,126.95922222222224,6.5,309.0,2017-12-16 07:26:22,刺网
1644,31.8145,126.9512777777778,0.7,0.0,2017-12-16 07:36:22,刺网
1644,31.814888888888888,126.95697222222222,2.1,59.0,2017-12-16 07:46:24,刺网
1644,31.81572222222222,126.96408333333332,4.0,114.0,2017-12-16 07:56:22,刺网
1644,31.81669444444445,126.97144444444444,2.5,66.0,2017-12-16 08:06:48,刺网
1644,31.817722222222233,126.97880555555555,3.0,75.0,2017-12-16 08:16:23,刺网
1644,31.817694444444445,126.98575,3.5,151.0,2017-12-16 08:26:22,刺网
1644,31.81655555555556,126.99219444444445,2.1,125.0,2017-12-16 08:36:22,刺网
1644,31.81675,126.9980277777778,1.3,35.0,2017-12-16 08:46:23,刺网
1644,31.81844444444444,127.00163888888888,2.1,87.0,2017-12-16 08:56:22,刺网
1644,31.820916666666665,127.00902777777776,1.8,73.0,2017-12-16 09:06:23,刺网
1644,31.82133333333333,127.01663888888888,2.5,112.0,2017-12-16 09:16:22,刺网
1644,31.81958333333333,127.02419444444445,2.5,106.0,2017-12-16 09:26:22,刺网
1644,31.819138888888887,127.03122222222223,0.7,111.0,2017-12-16 09:36:23,刺网
1644,31.81875,127.03827777777781,4.9,131.0,2017-12-16 09:46:23,刺网
1644,31.814888888888888,127.04347222222222,1.5,68.0,2017-12-16 09:56:23,刺网
1644,31.81016666666667,127.04230555555556,2.8,62.0,2017-12-16 10:06:22,刺网
1644,31.81061111111111,127.03761111111106,2.2,257.0,2017-12-16 10:16:23,刺网
1644,31.810722222222214,127.03108333333331,0.8,0.0,2017-12-16 10:26:24,刺网
1644,31.81055555555556,127.0247222222222,2.0,281.0,2017-12-16 10:36:22,刺网
1644,31.80986111111111,127.01736111111107,2.5,235.0,2017-12-16 10:46:24,刺网
1644,31.8085,127.00986111111106,2.4,244.0,2017-12-16 10:56:48,刺网
1644,31.80825,127.00311111111112,2.3,296.0,2017-12-16 11:06:23,刺网
1644,31.80791666666667,126.9962777777778,0.9,253.0,2017-12-16 11:16:21,刺网
1644,31.807944444444445,126.99013888888888,3.3,343.0,2017-12-16 11:26:21,刺网
1644,31.807972222222233,126.98283333333336,2.5,267.0,2017-12-16 11:36:21,刺网
1644,31.807861111111112,126.97613888888887,3.5,268.0,2017-12-16 11:46:22,刺网
1644,31.80783333333333,126.97116666666668,1.6,294.0,2017-12-16 11:56:21,刺网
1644,31.80836111111111,126.96658333333332,0.7,0.0,2017-12-16 12:06:23,刺网
1644,31.809777777777786,126.96405555555555,4.6,208.0,2017-12-16 12:16:24,刺网
1644,31.809277777777766,126.96130555555555,0.9,0.0,2017-12-16 12:26:24,刺网
1644,31.808888888888887,126.96619444444444,0.7,104.0,2017-12-16 12:36:47,刺网
1644,31.8075,126.96819444444445,3.0,135.0,2017-12-16 12:46:22,刺网
1644,31.807388888888887,126.96872222222223,1.1,61.0,2017-12-16 12:56:21,刺网
1644,31.80694444444445,126.96913888888888,2.3,168.0,2017-12-16 13:06:22,刺网
1644,31.80633333333333,126.96938888888887,1.2,120.0,2017-12-16 13:16:21,刺网
1644,31.80613888888889,126.97041666666668,0.2,0.0,2017-12-16 13:26:21,刺网
1644,31.80597222222222,126.97083333333332,1.7,166.0,2017-12-16 13:36:21,刺网
1644,31.80533333333333,126.97116666666668,0.6,87.0,2017-12-16 13:46:21,刺网
1644,31.80491666666667,126.97136111111112,0.2,0.0,2017-12-16 13:56:22,刺网
1644,31.80425,126.97166666666666,0.4,0.0,2017-12-16 14:06:48,刺网
1644,31.803916666666666,126.97241666666667,0.5,74.0,2017-12-16 14:16:22,刺网
1644,31.80375,126.973,0.8,70.0,2017-12-16 14:26:22,刺网
1644,31.80325,126.97333333333331,0.1,0.0,2017-12-16 14:36:22,刺网
1644,31.802944444444442,126.974,1.6,150.0,2017-12-16 14:46:21,刺网
1644,31.80258333333333,126.97413888888887,1.4,289.0,2017-12-16 14:56:22,刺网
1644,31.802055555555555,126.97436111111112,0.5,0.0,2017-12-16 15:06:22,刺网
1644,31.801388888888887,126.97480555555555,0.8,0.0,2017-12-16 15:16:22,刺网
1644,31.801027777777787,126.9752777777778,0.8,87.0,2017-12-16 15:26:22,刺网
1644,31.800666666666665,126.97563888888894,2.1,185.0,2017-12-16 15:36:22,刺网
1644,31.799888888888887,126.97561111111112,2.7,67.0,2017-12-16 15:46:22,刺网
1644,31.799722222222233,126.97636111111107,0.5,0.0,2017-12-16 15:56:22,刺网
1644,31.7995,126.97688888888894,0.8,354.0,2017-12-16 16:06:49,刺网
1644,31.7985,126.97725,1.0,135.0,2017-12-16 16:16:23,刺网
1644,31.798361111111113,126.97786111111112,1.1,266.0,2017-12-16 16:26:21,刺网
1644,31.79808333333333,126.978,1.1,158.0,2017-12-16 16:36:21,刺网
1644,31.797666666666668,126.97775,0.9,89.0,2017-12-16 16:46:21,刺网
1644,31.797138888888888,126.978,0.6,132.0,2017-12-16 16:56:21,刺网
1644,31.79722222222223,126.97922222222223,0.8,21.0,2017-12-16 17:06:22,刺网
1644,31.79602777777778,126.97944444444445,2.1,113.0,2017-12-16 17:16:21,刺网
1644,31.795500000000004,126.97988888888894,1.9,68.0,2017-12-16 17:26:20,刺网
1644,31.79552777777778,126.98058333333331,1.6,263.0,2017-12-16 17:36:20,刺网
1644,31.794583333333332,126.98025,1.0,237.0,2017-12-16 17:46:22,刺网
1644,31.793861111111113,126.98105555555556,0.9,122.0,2017-12-16 17:56:21,刺网
1644,31.79369444444445,126.98191666666666,2.1,195.0,2017-12-16 18:06:49,刺网
1644,31.793388888888888,126.98233333333332,1.3,246.0,2017-12-16 18:16:21,刺网
1644,31.79272222222223,126.9825277777778,0.6,310.0,2017-12-16 18:26:20,刺网
1644,31.79258333333333,126.98294444444444,1.6,65.0,2017-12-16 18:36:21,刺网
1644,31.792,126.9830277777778,1.2,207.0,2017-12-16 18:46:21,刺网
1644,31.79175,126.98375,0.8,0.0,2017-12-16 18:56:20,刺网
1644,31.791638888888887,126.98438888888887,2.4,90.0,2017-12-16 19:06:21,刺网
1644,31.79069444444445,126.98405555555556,0.0,0.0,2017-12-16 19:16:21,刺网
1644,31.790527777777786,126.98463888888894,0.2,0.0,2017-12-16 19:26:21,刺网
1644,31.790416666666665,126.9855,0.5,150.0,2017-12-16 19:36:21,刺网
1644,31.789638888888888,126.98563888888887,0.9,39.0,2017-12-16 19:46:21,刺网
1644,31.78913888888889,126.98577777777777,2.7,95.0,2017-12-16 19:56:21,刺网
1644,31.78852777777778,126.98641666666668,1.4,124.0,2017-12-16 20:06:22,刺网
1644,31.78769444444445,126.98675,1.2,0.0,2017-12-16 20:16:21,刺网
1644,31.78669444444445,126.98697222222222,1.3,236.0,2017-12-16 20:26:21,刺网
1644,31.78558333333333,126.98761111111112,0.6,0.0,2017-12-16 20:36:21,刺网
1644,31.78491666666667,126.98905555555555,3.1,77.0,2017-12-16 20:46:48,刺网
1644,31.784305555555555,126.98952777777778,2.4,326.0,2017-12-16 20:56:21,刺网
1644,31.78311111111111,126.99005555555556,0.7,226.0,2017-12-16 21:06:21,刺网
1644,31.782666666666664,126.99080555555555,2.9,192.0,2017-12-16 21:16:21,刺网
1644,31.78208333333333,126.99141666666668,0.7,200.0,2017-12-16 21:26:21,刺网
1644,31.781305555555555,126.99191666666668,2.5,84.0,2017-12-16 21:36:21,刺网
1644,31.780777777777786,126.99288888888887,1.9,227.0,2017-12-16 21:46:21,刺网
1644,31.78013888888889,126.99330555555555,0.5,102.0,2017-12-16 21:56:20,刺网
1644,31.779555555555554,126.99430555555556,1.2,129.0,2017-12-16 22:06:21,刺网
1644,31.779,126.99536111111112,1.2,324.0,2017-12-16 22:16:20,刺网
1644,31.777555555555555,126.99619444444444,0.6,284.0,2017-12-16 22:26:20,刺网
1644,31.77666666666667,126.99683333333334,1.1,90.0,2017-12-16 22:36:20,刺网
1644,31.775666666666666,126.99761111111113,1.1,105.0,2017-12-16 22:46:20,刺网
1644,31.77472222222222,126.99811111111113,1.0,156.0,2017-12-16 22:56:20,刺网
1644,31.774027777777768,126.99886111111113,1.6,0.0,2017-12-16 23:06:20,刺网
1644,31.77336111111111,126.99933333333334,2.3,176.0,2017-12-16 23:16:20,刺网
1644,31.772277777777767,127.00016666666669,3.5,298.0,2017-12-16 23:26:20,刺网
1644,31.771027777777785,127.00111111111113,0.8,199.0,2017-12-16 23:36:20,刺网
1644,31.77033333333333,127.00147222222222,2.9,157.0,2017-12-16 23:46:20,刺网
1644,31.76961111111111,127.00252777777777,1.4,0.0,2017-12-16 23:56:19,刺网
1644,31.76738888888889,127.00344444444444,0.5,120.0,2017-12-17 00:16:20,刺网
1644,31.76669444444445,127.00380555555556,0.8,0.0,2017-12-17 00:26:20,刺网
1644,31.766111111111112,127.0045,0.7,101.0,2017-12-17 00:36:20,刺网
1644,31.765666666666664,127.005,0.4,0.0,2017-12-17 00:46:20,刺网
1644,31.765027777777767,127.00611111111112,6.4,103.0,2017-12-17 00:56:20,刺网
1644,31.76416666666667,127.00683333333332,1.1,279.0,2017-12-17 01:06:20,刺网
1644,31.763222222222232,127.00636111111106,2.9,284.0,2017-12-17 01:16:21,刺网
1644,31.76233333333333,127.007,3.0,126.0,2017-12-17 01:26:20,刺网
1644,31.761472222222213,127.00747222222222,2.6,169.0,2017-12-17 01:36:20,刺网
1644,31.760361111111113,127.00725,1.9,124.0,2017-12-17 01:46:23,刺网
1644,31.75983333333333,127.00794444444445,2.4,313.0,2017-12-17 01:56:48,刺网
1644,31.759222222222213,127.00883333333331,1.0,245.0,2017-12-17 02:06:20,刺网
1644,31.758388888888888,127.00894444444445,1.0,126.0,2017-12-17 02:16:20,刺网
1644,31.75769444444445,127.009,0.6,0.0,2017-12-17 02:26:20,刺网
1644,31.75725,127.00875,1.5,100.0,2017-12-17 02:36:20,刺网
1644,31.75686111111111,127.00883333333331,1.2,157.0,2017-12-17 02:46:20,刺网
1644,31.756527777777766,127.00875,2.0,157.0,2017-12-17 02:56:20,刺网
1644,31.755861111111113,127.00866666666668,0.6,297.0,2017-12-17 03:06:20,刺网
1644,31.755527777777786,127.00922222222223,4.9,107.0,2017-12-17 03:16:20,刺网
1644,31.755277777777767,127.00938888888888,1.8,149.0,2017-12-17 03:26:20,刺网
1644,31.75469444444445,127.00894444444445,1.3,0.0,2017-12-17 03:36:19,刺网
1644,31.75438888888889,127.00936111111113,2.5,90.0,2017-12-17 03:46:20,刺网
1644,31.753777777777767,127.00880555555555,0.6,0.0,2017-12-17 03:56:20,刺网
1644,31.75330555555556,127.00938888888888,2.1,32.0,2017-12-17 04:07:17,刺网
1644,31.75275,127.00894444444445,0.8,82.0,2017-12-17 04:16:19,刺网
1644,31.752666666666666,127.00869444444444,0.9,158.0,2017-12-17 04:26:19,刺网
1644,31.75241666666667,127.00919444444445,1.7,99.0,2017-12-17 04:36:19,刺网
1644,31.75188888888889,127.00872222222222,0.9,233.0,2017-12-17 04:46:19,刺网
1644,31.751777777777768,127.00802777777777,1.1,259.0,2017-12-17 04:56:19,刺网
1644,31.751777777777768,127.0072777777778,1.8,188.0,2017-12-17 05:06:19,刺网
1644,31.75169444444445,127.0072777777778,2.8,140.0,2017-12-17 05:16:19,刺网
1644,31.751444444444445,127.00683333333332,0.4,0.0,2017-12-17 05:26:19,刺网
1644,31.751444444444445,127.00630555555556,2.6,180.0,2017-12-17 05:36:19,刺网
1644,31.751444444444445,127.00616666666667,1.1,201.0,2017-12-17 05:46:19,刺网
1644,31.751527777777767,127.00591666666666,0.9,243.0,2017-12-17 05:56:19,刺网
1644,31.75161111111111,127.00552777777777,0.8,133.0,2017-12-17 06:06:19,刺网
1644,31.75161111111111,127.00502777777777,2.6,140.0,2017-12-17 06:16:19,刺网
1644,31.751666666666665,127.00494444444445,0.7,0.0,2017-12-17 06:26:49,刺网
1644,31.751916666666666,127.00458333333331,1.7,295.0,2017-12-17 06:36:19,刺网
1644,31.75208333333333,127.00433333333334,0.8,49.0,2017-12-17 06:46:19,刺网
1644,31.755305555555548,127.00452777777778,1.2,25.0,2017-12-17 06:56:19,刺网
1644,31.755138888888887,127.00638888888888,1.4,235.0,2017-12-17 07:06:19,刺网
1644,31.742527777777767,127.00641666666668,8.3,180.0,2017-12-17 07:16:19,刺网
1644,31.722166666666666,127.00222222222222,7.9,179.0,2017-12-17 07:26:19,刺网
1644,31.70072222222222,127.00255555555556,6.9,179.0,2017-12-17 07:36:19,刺网
1644,31.679388888888887,127.00411111111113,7.2,183.0,2017-12-17 07:46:19,刺网
1644,31.667638888888888,127.00455555555556,1.5,178.0,2017-12-17 07:56:19,刺网
1644,31.666027777777767,127.00430555555555,1.4,192.0,2017-12-17 08:06:20,刺网
1644,31.66563888888889,127.00469444444445,0.5,0.0,2017-12-17 08:16:19,刺网
1644,31.6655,127.0055,1.5,130.0,2017-12-17 08:26:19,刺网
1644,31.66547222222223,127.00563888888892,1.2,248.0,2017-12-17 08:36:19,刺网
1644,31.665416666666665,127.00633333333332,0.5,311.0,2017-12-17 08:46:49,刺网
1644,31.66525,127.00536111111113,1.1,261.0,2017-12-17 08:56:19,刺网
1644,31.66533333333333,127.00608333333332,1.1,3.0,2017-12-17 09:06:19,刺网
1644,31.665194444444445,127.00555555555556,1.7,311.0,2017-12-17 09:16:20,刺网
1644,31.665166666666664,127.00602777777777,0.8,193.0,2017-12-17 09:26:20,刺网
1644,31.665111111111113,127.0054722222222,0.8,272.0,2017-12-17 09:36:20,刺网
1644,31.665277777777767,127.0065277777778,1.2,139.0,2017-12-17 09:46:20,刺网
1644,31.66536111111111,127.00680555555556,1.0,248.0,2017-12-17 09:56:19,刺网
1644,31.665138888888887,127.00622222222222,1.1,347.0,2017-12-17 10:16:18,刺网
1644,31.665027777777766,127.006,1.4,36.0,2017-12-17 10:26:18,刺网
1644,31.665222222222226,127.00688888888888,0.7,347.0,2017-12-17 10:36:18,刺网
1644,31.66508333333333,127.00663888888887,0.6,0.0,2017-12-17 10:46:18,刺网
1644,31.666555555555554,127.00636111111106,2.7,337.0,2017-12-17 10:56:18,刺网
1644,31.668222222222226,127.00302777777777,5.6,10.0,2017-12-17 11:06:19,刺网
1644,31.68438888888889,127.00694444444444,5.6,6.0,2017-12-17 11:16:18,刺网
1644,31.700777777777766,127.01155555555556,6.5,10.0,2017-12-17 11:26:18,刺网
1644,31.716972222222214,127.01483333333331,6.5,18.0,2017-12-17 11:36:19,刺网
1644,31.734388888888887,127.01930555555555,6.5,16.0,2017-12-17 11:46:19,刺网
1644,31.751527777777767,127.02375,6.1,17.0,2017-12-17 11:56:18,刺网
1644,31.76994444444445,127.02777777777777,5.6,353.0,2017-12-17 12:06:48,刺网
1644,31.78633333333333,127.03077777777777,6.2,17.0,2017-12-17 12:16:18,刺网
1644,31.80425,127.03558333333332,7.1,7.0,2017-12-17 12:26:49,刺网
1644,31.820555555555554,127.0397222222222,6.1,2.0,2017-12-17 12:36:19,刺网
1644,31.837777777777767,127.04458333333332,6.3,11.0,2017-12-17 12:46:18,刺网
1644,31.85466666666667,127.04813888888887,6.1,6.0,2017-12-17 12:56:18,刺网
1644,31.87275,127.05055555555555,6.4,3.0,2017-12-17 13:06:19,刺网
1644,31.889833333333332,127.05352777777777,6.9,353.0,2017-12-17 13:16:19,刺网
1644,31.90736111111111,127.05641666666666,6.4,343.0,2017-12-17 13:26:18,刺网
1644,31.924972222222234,127.0587777777778,6.6,357.0,2017-12-17 13:36:18,刺网
1644,31.94216666666667,127.06091666666669,6.4,353.0,2017-12-17 13:46:18,刺网
1644,31.959416666666666,127.0632222222222,6.4,3.0,2017-12-17 13:56:18,刺网
1644,31.977694444444445,127.06636111111106,6.1,351.0,2017-12-17 14:06:19,刺网
1644,31.995638888888887,127.07122222222222,7.3,7.0,2017-12-17 14:16:19,刺网
1644,32.00927777777777,127.0737777777778,1.2,50.0,2017-12-17 14:26:18,刺网
1644,32.00613888888889,127.07361111111106,1.4,145.0,2017-12-17 14:36:19,刺网
1644,32.00541666666667,127.074,1.0,162.0,2017-12-17 14:46:19,刺网
1644,32.00544444444444,127.074,0.2,0.0,2017-12-17 14:56:18,刺网
1644,32.00538888888889,127.07375,0.1,0.0,2017-12-17 15:06:18,刺网
1644,32.00533333333333,127.07388888888887,0.9,158.0,2017-12-17 15:16:19,刺网
1644,32.005,127.07319444444445,0.7,0.0,2017-12-17 15:26:24,刺网
1644,32.00505555555556,127.07333333333332,1.9,90.0,2017-12-17 15:36:48,刺网
1644,32.00511111111111,127.07344444444445,0.4,130.0,2017-12-17 15:46:18,刺网
1644,32.00519444444445,127.07363888888888,0.9,208.0,2017-12-17 15:56:18,刺网
1644,32.00513888888889,127.07355555555556,1.3,181.0,2017-12-17 16:06:18,刺网
1644,32.00544444444444,127.07405555555556,1.8,218.0,2017-12-17 16:16:18,刺网
1644,32.00552777777778,127.07419444444444,0.7,281.0,2017-12-17 16:26:17,刺网
1644,32.005,127.07322222222223,0.9,284.0,2017-12-17 16:36:17,刺网
1644,32.00477777777777,127.0727222222222,0.5,157.0,2017-12-17 16:46:17,刺网
1644,32.00497222222222,127.07316666666668,0.7,52.0,2017-12-17 16:56:17,刺网
1644,32.00505555555556,127.07341666666666,0.7,99.0,2017-12-17 17:06:18,刺网
1644,32.00494444444444,127.07316666666668,0.4,0.0,2017-12-17 17:16:17,刺网
1644,32.005250000000004,127.07380555555555,0.4,0.0,2017-12-17 17:26:17,刺网
1644,32.005250000000004,127.07369444444444,1.3,197.0,2017-12-17 17:36:18,刺网
1644,32.00486111111111,127.07286111111112,0.6,0.0,2017-12-17 17:46:17,刺网
1644,32.00475,127.07258333333333,0.7,334.0,2017-12-17 17:56:49,刺网
1644,32.00516666666667,127.07361111111106,0.3,0.0,2017-12-17 18:06:17,刺网
1644,32.00530555555556,127.07380555555555,0.5,346.0,2017-12-17 18:16:17,刺网
1644,32.00513888888889,127.07352777777777,1.0,346.0,2017-12-17 18:26:17,刺网
1644,32.00552777777778,127.07413888888887,1.2,7.0,2017-12-17 18:36:17,刺网
1644,32.00516666666667,127.07363888888888,0.8,177.0,2017-12-17 18:46:17,刺网
1644,32.005277777777785,127.0737777777778,1.1,340.0,2017-12-17 18:56:17,刺网
1644,32.00558333333333,127.07419444444444,0.8,243.0,2017-12-17 19:06:17,刺网
1644,32.005361111111114,127.07388888888887,0.6,28.0,2017-12-17 19:16:17,刺网
1644,32.00497222222222,127.07313888888888,0.8,246.0,2017-12-17 19:26:17,刺网
1644,32.00491666666667,127.073,0.7,347.0,2017-12-17 19:36:17,刺网
1644,32.00511111111111,127.07336111111107,1.0,14.0,2017-12-17 19:46:18,刺网
1644,32.005361111111114,127.07388888888887,1.4,247.0,2017-12-17 19:56:18,刺网
1644,32.00508333333334,127.07338888888887,0.6,184.0,2017-12-17 20:06:48,刺网
1644,32.00508333333334,127.07336111111107,0.9,355.0,2017-12-17 20:16:18,刺网
1644,32.00513888888889,127.07344444444445,0.6,306.0,2017-12-17 20:26:18,刺网
1644,32.005222222222216,127.07366666666668,0.1,0.0,2017-12-17 20:36:18,刺网
1644,32.00538888888889,127.07386111111107,0.1,0.0,2017-12-17 20:46:17,刺网
1644,32.005277777777785,127.07352777777777,1.0,231.0,2017-12-17 20:56:18,刺网
1644,32.00538888888889,127.074,1.0,202.0,2017-12-17 21:06:17,刺网
1644,32.00575,127.07433333333331,0.2,0.0,2017-12-17 21:16:16,刺网
1644,32.00552777777778,127.07411111111112,1.2,161.0,2017-12-17 21:26:16,刺网
1644,32.00541666666667,127.0739722222222,0.3,0.0,2017-12-17 21:36:17,刺网
1644,32.005250000000004,127.07366666666668,1.2,131.0,2017-12-17 21:46:16,刺网
1644,32.00516666666667,127.07355555555556,0.9,185.0,2017-12-17 21:56:16,刺网
1644,32.00516666666667,127.07352777777777,0.7,283.0,2017-12-17 22:06:17,刺网
1644,32.005277777777785,127.0737777777778,1.0,23.0,2017-12-17 22:16:17,刺网
1644,32.00519444444445,127.07355555555556,0.7,355.0,2017-12-17 22:26:17,刺网
1644,32.005250000000004,127.07369444444444,0.7,114.0,2017-12-17 22:36:17,刺网
1644,32.005222222222216,127.07363888888888,0.1,0.0,2017-12-17 22:46:17,刺网
1644,32.005611111111115,127.07416666666666,0.4,0.0,2017-12-17 22:56:49,刺网
1644,32.00563888888889,127.07425,0.4,0.0,2017-12-17 23:06:17,刺网
1644,32.00588888888889,127.07455555555555,0.9,177.0,2017-12-17 23:16:16,刺网
1644,32.00575,127.07438888888888,0.5,0.0,2017-12-17 23:26:16,刺网
1644,32.005611111111115,127.07422222222222,0.7,114.0,2017-12-17 23:36:17,刺网
1644,32.0055,127.07411111111112,0.7,116.0,2017-12-17 23:46:16,刺网
1644,32.00544444444444,127.07402777777777,1.0,121.0,2017-12-17 23:56:16,刺网
1644,32.00552777777778,127.07413888888887,1.2,238.0,2017-12-18 00:06:16,刺网
1644,32.0055,127.07408333333332,0.3,0.0,2017-12-18 00:16:48,刺网
1644,32.0055,127.07411111111112,1.6,215.0,2017-12-18 00:26:17,刺网
1644,32.005611111111115,127.07425,1.0,232.0,2017-12-18 00:36:17,刺网
1644,32.00575,127.07444444444445,0.7,104.0,2017-12-18 00:46:17,刺网
1644,32.00558333333333,127.07425,0.2,0.0,2017-12-18 00:56:16,刺网
1644,32.00575,127.07441666666664,0.5,45.0,2017-12-18 01:06:17,刺网
1644,32.00575,127.07441666666664,1.4,337.0,2017-12-18 01:16:17,刺网
1644,32.00583333333333,127.0745,0.1,0.0,2017-12-18 01:26:16,刺网
1644,32.00575,127.07430555555555,1.0,0.0,2017-12-18 01:36:16,刺网
1644,32.005694444444444,127.07433333333331,2.1,243.0,2017-12-18 01:46:17,刺网
1644,32.0055,127.07408333333332,2.0,171.0,2017-12-18 01:56:16,刺网
1644,32.00541666666667,127.07402777777777,0.7,189.0,2017-12-18 02:06:17,刺网
1644,32.005611111111115,127.07425,0.3,0.0,2017-12-18 02:16:16,刺网
1644,32.00544444444444,127.074,0.0,0.0,2017-12-18 02:26:17,刺网
1644,32.00533333333333,127.07369444444444,0.1,0.0,2017-12-18 02:36:16,刺网
1644,32.005250000000004,127.0737777777778,0.8,56.0,2017-12-18 02:46:16,刺网
1644,32.005222222222216,127.07363888888888,0.8,331.0,2017-12-18 02:56:15,刺网
1644,32.005027777777784,127.07330555555555,0.8,38.0,2017-12-18 03:06:16,刺网
1644,32.00644444444444,127.07255555555555,1.8,45.0,2017-12-18 03:16:15,刺网
1644,32.0065,127.07280555555555,5.0,83.0,2017-12-18 03:26:23,刺网
1644,32.006861111111114,127.09822222222222,10.9,79.0,2017-12-18 03:36:21,刺网
1644,32.00741666666667,127.1245,9.1,86.0,2017-12-18 03:46:18,刺网
1644,32.007,127.15063888888888,8.1,103.0,2017-12-18 03:56:49,刺网
1644,32.00838888888889,127.14755555555556,6.7,266.0,2017-12-18 04:06:15,刺网
1644,32.008,127.12841666666668,6.1,262.0,2017-12-18 04:16:15,刺网
1644,32.00841666666667,127.10883333333332,5.9,261.0,2017-12-18 04:26:16,刺网
1644,32.008222222222216,127.08991666666668,4.6,286.0,2017-12-18 04:36:16,刺网
1644,32.001194444444444,127.07825,5.1,194.0,2017-12-18 04:46:16,刺网
1644,31.998916666666666,127.09375,6.1,135.0,2017-12-18 04:56:16,刺网
1644,31.99852777777778,127.11080555555556,6.0,80.0,2017-12-18 05:06:16,刺网
1644,31.99813888888889,127.1285277777778,5.6,73.0,2017-12-18 05:16:16,刺网
1644,31.99838888888889,127.1465277777778,6.3,86.0,2017-12-18 05:26:15,刺网
1644,31.99238888888889,127.1587777777778,6.1,157.0,2017-12-18 05:36:16,刺网
1644,31.99061111111111,127.14211111111112,5.1,280.0,2017-12-18 05:46:16,刺网
1644,31.99033333333333,127.12172222222222,6.2,264.0,2017-12-18 05:56:16,刺网
1644,31.98997222222223,127.10055555555556,6.5,274.0,2017-12-18 06:06:49,刺网
1644,31.989777777777785,127.08225,5.8,272.0,2017-12-18 06:16:16,刺网
1644,31.98188888888889,127.07902777777777,7.2,79.0,2017-12-18 06:26:18,刺网
1644,31.981666666666666,127.09680555555555,5.5,87.0,2017-12-18 06:36:16,刺网
1644,31.981333333333332,127.11308333333332,5.8,67.0,2017-12-18 06:46:17,刺网
1644,31.98177777777777,127.12944444444445,4.2,96.0,2017-12-18 06:56:16,刺网
1644,31.9815,127.14627777777778,6.4,18.0,2017-12-18 07:06:15,刺网
1644,31.998972222222214,127.14516666666668,6.1,347.0,2017-12-18 07:16:16,刺网
1644,32.01622222222222,127.14072222222224,3.4,0.0,2017-12-18 07:26:18,刺网
1644,32.01597222222223,127.14166666666668,0.3,0.0,2017-12-18 07:36:15,刺网
1644,32.0185,127.13811111111113,1.2,81.0,2017-12-18 07:46:15,刺网
1644,32.02019444444444,127.13433333333334,2.5,287.0,2017-12-18 07:56:49,刺网
1644,32.02127777777777,127.12563888888887,3.2,241.0,2017-12-18 08:06:16,刺网
1644,32.02272222222222,127.11744444444444,2.7,283.0,2017-12-18 08:16:14,刺网
1644,32.023805555555555,127.10841666666668,4.1,276.0,2017-12-18 08:26:15,刺网
1644,32.024722222222216,127.09916666666666,3.1,286.0,2017-12-18 08:36:16,刺网
1644,32.02525,127.09055555555555,2.5,243.0,2017-12-18 08:46:14,刺网
1644,32.02544444444444,127.08216666666668,2.3,267.0,2017-12-18 08:56:14,刺网
1644,32.02513888888889,127.07369444444444,3.0,280.0,2017-12-18 09:06:16,刺网
1644,32.02577777777777,127.06583333333332,3.0,285.0,2017-12-18 09:16:15,刺网
1644,32.021972222222225,127.05519444444445,1.4,134.0,2017-12-18 09:36:16,刺网
1644,32.021166666666666,127.06144444444445,2.6,91.0,2017-12-18 09:46:16,刺网
1644,32.02141666666667,127.06852777777777,2.6,88.0,2017-12-18 09:56:15,刺网
1644,32.02127777777777,127.07708333333332,2.7,95.0,2017-12-18 10:06:43,刺网
1644,32.02136111111111,127.08416666666666,1.3,0.0,2017-12-18 10:16:16,刺网
1644,32.02102777777778,127.09188888888887,0.5,96.0,2017-12-18 10:26:42,刺网
1644,32.020972222222234,127.09927777777777,2.7,76.0,2017-12-18 10:36:15,刺网
1644,32.02066666666666,127.107,2.2,84.0,2017-12-18 10:46:15,刺网
1644,32.020111111111106,127.11544444444445,2.8,110.0,2017-12-18 10:56:14,刺网
1644,32.01936111111111,127.12327777777777,1.9,104.0,2017-12-18 11:06:15,刺网
1644,32.018055555555556,127.13072222222222,2.2,99.0,2017-12-18 11:16:16,刺网
1644,32.01622222222222,127.13619444444444,2.2,140.0,2017-12-18 11:26:14,刺网
1644,32.01202777777778,127.14063888888893,2.6,175.0,2017-12-18 11:36:15,刺网
1644,32.008277777777785,127.13675,2.8,281.0,2017-12-18 11:46:15,刺网
1644,32.00769444444445,127.12975,2.5,264.0,2017-12-18 11:56:14,刺网
1644,32.00783333333333,127.12263888888887,2.7,270.0,2017-12-18 12:06:15,刺网
1644,32.00811111111111,127.11575,1.5,286.0,2017-12-18 12:16:16,刺网
1644,32.00866666666666,127.10891666666666,1.4,271.0,2017-12-18 12:26:16,刺网
1644,32.00911111111111,127.10197222222222,1.9,246.0,2017-12-18 12:36:15,刺网
1644,32.00927777777777,127.09494444444445,3.2,289.0,2017-12-18 12:46:15,刺网
1644,32.00958333333334,127.08836111111107,3.1,285.0,2017-12-18 12:56:15,刺网
1644,32.00941666666667,127.08141666666666,3.0,293.0,2017-12-18 13:06:15,刺网
1644,32.00913888888889,127.07513888888887,2.8,292.0,2017-12-18 13:16:15,刺网
1644,32.007888888888886,127.0684722222222,2.0,226.0,2017-12-18 13:26:15,刺网
1644,32.005222222222216,127.06291666666664,1.7,216.0,2017-12-18 13:36:15,刺网
1644,32.001888888888885,127.0644722222222,2.9,94.0,2017-12-18 13:46:14,刺网
1644,32.000499999999995,127.07288888888887,2.5,106.0,2017-12-18 13:56:13,刺网
1644,31.999111111111112,127.08180555555555,3.3,105.0,2017-12-18 14:06:50,刺网
1644,31.99711111111111,127.08908333333332,2.3,109.0,2017-12-18 14:16:14,刺网
1644,31.995444444444445,127.09705555555556,2.0,88.0,2017-12-18 14:26:14,刺网
1644,31.99583333333333,127.10444444444445,3.0,91.0,2017-12-18 14:36:14,刺网
1644,31.996194444444445,127.11147222222222,1.8,112.0,2017-12-18 14:46:14,刺网
1644,31.995472222222233,127.11880555555555,2.3,97.0,2017-12-18 14:56:13,刺网
1644,31.99416666666667,127.12588888888894,1.4,100.0,2017-12-18 15:06:15,刺网
1644,31.994194444444453,127.12944444444445,5.0,316.0,2017-12-18 15:16:14,刺网
1644,32.01386111111111,127.1285,7.6,356.0,2017-12-18 15:26:14,刺网
1644,32.03375,127.12261111111107,7.9,325.0,2017-12-18 15:36:13,刺网
1644,32.05269444444444,127.11933333333332,6.7,349.0,2017-12-18 15:46:13,刺网
1644,32.07130555555556,127.11130555555556,7.8,343.0,2017-12-18 15:56:13,刺网
1644,32.091138888888885,127.10972222222222,7.4,0.0,2017-12-18 16:06:15,刺网
1644,32.111583333333336,127.10799999999999,6.4,349.0,2017-12-18 16:16:13,刺网
1644,32.1305,127.10219444444445,6.9,346.0,2017-12-18 16:26:14,刺网
1644,32.132055555555546,127.10366666666668,0.9,335.0,2017-12-18 16:36:14,刺网
1644,32.13191666666667,127.10361111111106,0.4,0.0,2017-12-18 16:46:14,刺网
1644,32.13166666666667,127.10338888888887,0.7,207.0,2017-12-18 16:56:13,刺网
1644,32.13183333333333,127.10358333333332,0.1,0.0,2017-12-18 17:06:13,刺网
1644,32.131777777777785,127.10341666666666,0.6,0.0,2017-12-18 17:16:13,刺网
1644,32.13163888888889,127.10344444444445,0.2,0.0,2017-12-18 17:26:14,刺网
1644,32.13158333333334,127.10338888888887,0.5,0.0,2017-12-18 17:36:13,刺网
1644,32.13163888888889,127.1034722222222,0.0,0.0,2017-12-18 17:46:13,刺网
1644,32.13161111111111,127.1034722222222,0.0,0.0,2017-12-18 17:56:13,刺网
1644,32.13155555555556,127.10319444444444,0.3,0.0,2017-12-18 18:06:43,刺网
1644,32.13158333333334,127.1032777777778,0.1,0.0,2017-12-18 18:16:13,刺网
1644,32.13169444444445,127.10344444444445,0.5,0.0,2017-12-18 18:26:14,刺网
1644,32.131722222222216,127.10336111111107,0.3,0.0,2017-12-18 18:36:13,刺网
1644,32.13216666666666,127.10369444444444,0.4,0.0,2017-12-18 18:46:13,刺网
1644,32.132,127.10336111111107,0.5,0.0,2017-12-18 18:56:15,刺网
1644,32.13183333333333,127.10319444444444,0.3,0.0,2017-12-18 19:06:13,刺网
1644,32.13208333333333,127.10369444444444,0.2,0.0,2017-12-18 19:16:43,刺网
1644,32.13191666666667,127.1035,0.6,0.0,2017-12-18 19:26:14,刺网
1644,32.13197222222223,127.10358333333332,0.5,153.0,2017-12-18 19:36:12,刺网
1644,32.13216666666666,127.10366666666668,0.3,0.0,2017-12-18 19:46:12,刺网
1644,32.13238888888889,127.10380555555555,0.0,0.0,2017-12-18 19:56:14,刺网
1644,32.13261111111111,127.10383333333333,0.4,68.0,2017-12-18 20:06:13,刺网
1644,32.13252777777778,127.10369444444444,0.6,0.0,2017-12-18 20:16:14,刺网
1644,32.132250000000006,127.10358333333332,0.4,0.0,2017-12-18 20:26:13,刺网
1644,32.13208333333333,127.10361111111106,0.5,0.0,2017-12-18 20:36:14,刺网
1644,32.132111111111115,127.10361111111106,0.4,0.0,2017-12-18 20:46:13,刺网
1644,32.13216666666666,127.10369444444444,0.3,0.0,2017-12-18 20:56:13,刺网
1644,32.13230555555556,127.10375,0.5,0.0,2017-12-18 21:06:13,刺网
1644,32.13241666666667,127.10386111111107,0.6,0.0,2017-12-18 21:16:13,刺网
1644,32.132222222222225,127.10375,0.8,84.0,2017-12-18 21:26:13,刺网
1644,32.132250000000006,127.10377777777781,0.2,0.0,2017-12-18 21:36:13,刺网
1644,32.132250000000006,127.10377777777781,1.1,92.0,2017-12-18 21:46:13,刺网
1644,32.13213888888889,127.10369444444444,0.6,0.0,2017-12-18 21:56:13,刺网
1644,32.132472222222226,127.10380555555555,0.3,0.0,2017-12-18 22:06:43,刺网
1644,32.13227777777778,127.10372222222222,0.2,0.0,2017-12-18 22:16:14,刺网
1644,32.13230555555556,127.10380555555555,0.4,71.0,2017-12-18 22:26:12,刺网
1644,32.13208333333333,127.10363888888888,0.4,273.0,2017-12-18 22:36:14,刺网
1644,32.13213888888889,127.10372222222222,0.1,0.0,2017-12-18 22:46:14,刺网
1644,32.13216666666666,127.10372222222222,0.5,0.0,2017-12-18 22:56:13,刺网
1644,32.13191666666667,127.10358333333332,0.3,0.0,2017-12-18 23:06:14,刺网
1644,32.131861111111114,127.10358333333332,0.2,0.0,2017-12-18 23:16:13,刺网
1644,32.13188888888889,127.10355555555556,0.3,0.0,2017-12-18 23:26:12,刺网
1644,32.13216666666666,127.10375,0.3,0.0,2017-12-18 23:36:12,刺网
1644,32.13202777777778,127.10369444444444,0.2,0.0,2017-12-18 23:46:13,刺网
1644,32.13197222222223,127.10375,0.3,0.0,2017-12-18 23:56:13,刺网
1644,32.13197222222223,127.10391666666666,1.2,333.0,2017-12-19 00:06:13,刺网
1644,32.13216666666666,127.10405555555555,1.2,0.0,2017-12-19 00:16:35,刺网
1644,32.13241666666667,127.10386111111107,0.4,0.0,2017-12-19 00:26:44,刺网
1644,32.13227777777778,127.10375,0.4,171.0,2017-12-19 00:36:12,刺网
1644,32.13230555555556,127.10377777777781,0.0,0.0,2017-12-19 00:46:13,刺网
1644,32.13227777777778,127.10383333333333,0.3,0.0,2017-12-19 00:56:12,刺网
1644,32.13241666666667,127.10388888888887,0.3,0.0,2017-12-19 01:06:13,刺网
1644,32.13227777777778,127.10380555555555,0.5,133.0,2017-12-19 01:16:11,刺网
1644,32.132222222222225,127.10383333333333,1.2,114.0,2017-12-19 01:26:11,刺网
1644,32.13208333333333,127.10372222222222,0.8,0.0,2017-12-19 01:36:11,刺网
1644,32.13194444444444,127.10363888888888,0.4,0.0,2017-12-19 01:46:11,刺网
1644,32.131861111111114,127.10358333333332,1.0,119.0,2017-12-19 01:56:11,刺网
1644,32.131861111111114,127.10358333333332,0.6,134.0,2017-12-19 02:06:11,刺网
1644,32.131722222222216,127.1034722222222,0.2,0.0,2017-12-19 02:16:12,刺网
1644,32.131777777777785,127.10352777777777,1.3,151.0,2017-12-19 02:26:11,刺网
1644,32.13183333333333,127.10355555555556,0.3,0.0,2017-12-19 02:36:11,刺网
1644,32.131750000000004,127.10352777777777,0.5,229.0,2017-12-19 02:46:12,刺网
1644,32.13163888888889,127.10341666666666,1.4,183.0,2017-12-19 02:56:15,刺网
1644,32.13163888888889,127.10344444444445,1.7,132.0,2017-12-19 03:06:12,刺网
1644,32.13136111111111,127.10297222222222,2.4,60.0,2017-12-19 03:16:13,刺网
1644,32.13155555555556,127.10330555555555,1.8,0.0,2017-12-19 03:26:12,刺网
1644,32.131388888888885,127.10313888888888,2.7,71.0,2017-12-19 03:36:11,刺网
1644,32.131750000000004,127.10241666666666,2.0,300.0,2017-12-19 03:46:44,刺网
1644,32.13163888888889,127.10530555555556,7.4,73.0,2017-12-19 03:56:12,刺网
1644,32.14594444444445,127.10419444444445,6.2,356.0,2017-12-19 04:06:12,刺网
1644,32.16097222222222,127.09913888888887,5.0,311.0,2017-12-19 04:16:12,刺网
1644,32.17486111111111,127.09333333333332,4.8,314.0,2017-12-19 04:26:11,刺网
1644,32.19033333333333,127.09294444444444,6.3,344.0,2017-12-19 04:36:11,刺网
1644,32.20644444444444,127.09230555555555,6.5,332.0,2017-12-19 04:46:12,刺网
1644,32.21727777777778,127.08530555555555,4.1,265.0,2017-12-19 04:56:11,刺网
1644,32.21725000000001,127.06647222222222,6.2,262.0,2017-12-19 05:06:12,刺网
1644,32.217222222222226,127.0497222222222,5.2,275.0,2017-12-19 05:16:12,刺网
1644,32.21680555555556,127.03188888888887,6.6,255.0,2017-12-19 05:26:11,刺网
1644,32.21208333333334,127.01669444444444,5.5,147.0,2017-12-19 05:36:42,刺网
1644,32.20788888888889,127.02730555555556,4.9,86.0,2017-12-19 05:46:11,刺网
1644,32.208888888888886,127.04236111111106,4.7,108.0,2017-12-19 05:56:10,刺网
1644,32.208916666666674,127.05741666666668,5.4,159.0,2017-12-19 06:06:11,刺网
1644,32.208694444444454,127.07225,4.7,73.0,2017-12-19 06:16:12,刺网
1644,32.20841666666667,127.08602777777777,4.5,211.0,2017-12-19 06:26:11,刺网
1644,32.19558333333333,127.08636111111107,8.2,199.0,2017-12-19 06:36:11,刺网
1644,32.176277777777784,127.07069444444444,9.5,178.0,2017-12-19 06:46:11,刺网
1644,32.16983333333333,127.06488888888887,7.7,44.0,2017-12-19 06:56:11,刺网
1644,32.18327777777777,127.08211111111113,7.9,78.0,2017-12-19 07:06:12,刺网
1644,32.18516666666666,127.06908333333332,7.0,237.0,2017-12-19 07:16:11,刺网
1644,32.18538888888889,127.05130555555556,5.2,278.0,2017-12-19 07:26:11,刺网
1644,32.18572222222222,127.03186111111113,5.2,283.0,2017-12-19 07:36:10,刺网
1644,32.18666666666666,127.01680555555555,4.7,322.0,2017-12-19 07:46:12,刺网
1644,32.19444444444444,127.02536111111112,5.1,97.0,2017-12-19 07:56:11,刺网
1644,32.194555555555546,127.0409722222222,3.7,76.0,2017-12-19 08:07:07,刺网
1644,32.195222222222206,127.05575,5.5,91.0,2017-12-19 08:16:11,刺网
1644,32.194555555555546,127.07158333333334,4.4,89.0,2017-12-19 08:26:11,刺网
1644,32.19922222222222,127.08047222222223,5.7,356.0,2017-12-19 08:36:11,刺网
1644,32.21388888888889,127.07905555555556,4.3,337.0,2017-12-19 08:46:12,刺网
1644,32.22108333333334,127.07580555555555,1.1,110.0,2017-12-19 08:56:12,刺网
1644,32.22238888888889,127.07105555555556,2.6,320.0,2017-12-19 09:06:12,刺网
1644,32.2235,127.06402777777777,3.5,279.0,2017-12-19 09:16:12,刺网
1644,32.22361111111111,127.05583333333333,2.6,206.0,2017-12-19 09:26:11,刺网
1644,32.22358333333334,127.04794444444444,2.2,279.0,2017-12-19 09:36:12,刺网
1644,32.22397222222223,127.04005555555555,2.4,271.0,2017-12-19 09:46:12,刺网
1644,32.22408333333334,127.03200000000001,2.4,272.0,2017-12-19 09:56:11,刺网
1644,32.22419444444445,127.02391666666666,2.1,254.0,2017-12-19 10:06:12,刺网
1644,32.224555555555554,127.01633333333334,2.5,265.0,2017-12-19 10:16:11,刺网
1644,32.22361111111111,127.00841666666668,2.6,272.0,2017-12-19 10:26:11,刺网
1644,32.22158333333333,127.00294444444445,1.3,182.0,2017-12-19 10:36:11,刺网
1644,32.21841666666667,127.00630555555556,2.0,116.0,2017-12-19 10:46:11,刺网
1644,32.21955555555556,127.01269444444445,2.3,79.0,2017-12-19 10:56:11,刺网
1644,32.22008333333333,127.02019444444444,2.9,69.0,2017-12-19 11:06:11,刺网
1644,32.22022222222222,127.02799999999999,3.0,119.0,2017-12-19 11:16:12,刺网
1644,32.220166666666664,127.03588888888888,2.4,75.0,2017-12-19 11:26:44,刺网
1644,32.221000000000004,127.04333333333334,3.0,85.0,2017-12-19 11:36:10,刺网
1644,32.222472222222216,127.05055555555555,1.1,97.0,2017-12-19 11:46:10,刺网
1644,32.224000000000004,127.05761111111107,1.8,66.0,2017-12-19 11:56:10,刺网
1644,32.22413888888889,127.065,1.6,73.0,2017-12-19 12:06:11,刺网
1644,32.220166666666664,127.06936111111106,7.5,193.0,2017-12-19 12:16:10,刺网
1644,32.20661111111111,127.06958333333333,1.6,328.0,2017-12-19 12:26:11,刺网
1644,32.20680555555556,127.06419444444445,1.6,282.0,2017-12-19 12:36:12,刺网
1644,32.20883333333333,127.05725,2.3,265.0,2017-12-19 12:46:43,刺网
1644,32.208555555555556,127.05125,3.1,258.0,2017-12-19 12:56:10,刺网
1644,32.20733333333334,127.04516666666667,1.6,274.0,2017-12-19 13:06:11,刺网
1644,32.20661111111111,127.03855555555555,2.0,234.0,2017-12-19 13:16:11,刺网
1644,32.206861111111124,127.03291666666668,2.4,276.0,2017-12-19 13:26:10,刺网
1644,32.20797222222223,127.02686111111113,0.5,246.0,2017-12-19 13:36:09,刺网
1644,32.20802777777778,127.02083333333331,2.4,209.0,2017-12-19 13:46:09,刺网
1644,32.206722222222226,127.0157222222222,1.0,14.0,2017-12-19 13:56:10,刺网
1644,32.20252777777778,127.01222222222222,2.4,215.0,2017-12-19 14:06:10,刺网
1644,32.20122222222222,127.01180555555555,0.8,136.0,2017-12-19 14:16:10,刺网
1644,32.20061111111111,127.0125277777778,0.8,184.0,2017-12-19 14:26:11,刺网
1644,32.20238888888889,127.01838888888894,2.9,75.0,2017-12-19 14:36:11,刺网
1644,32.202027777777786,127.02711111111113,2.7,105.0,2017-12-19 14:46:11,刺网
1644,32.201194444444454,127.03563888888887,3.8,114.0,2017-12-19 14:56:10,刺网
1644,32.20038888888889,127.04413888888888,2.4,104.0,2017-12-19 15:06:10,刺网
1644,32.20088888888889,127.05202777777778,2.8,101.0,2017-12-19 15:16:11,刺网
1644,32.20066666666667,127.06741666666666,1.6,0.0,2017-12-19 15:36:12,刺网
1644,32.19130555555555,127.06991666666669,8.2,176.0,2017-12-19 15:46:11,刺网
1644,32.17205555555555,127.07094444444445,8.4,173.0,2017-12-19 15:56:09,刺网
1644,32.15133333333333,127.07061111111112,5.7,180.0,2017-12-19 16:06:42,刺网
1644,32.13286111111111,127.06983333333334,7.5,174.0,2017-12-19 16:16:11,刺网
1644,32.113166666666665,127.0739722222222,7.7,168.0,2017-12-19 16:26:09,刺网
1644,32.10686111111111,127.07591666666669,1.1,159.0,2017-12-19 16:36:10,刺网
1644,32.10616666666667,127.07691666666666,0.4,34.0,2017-12-19 16:46:09,刺网
1644,32.10602777777778,127.07672222222223,0.9,314.0,2017-12-19 16:56:09,刺网
1644,32.10602777777778,127.07675,0.5,157.0,2017-12-19 17:06:09,刺网
1644,32.106138888888886,127.07691666666666,0.5,17.0,2017-12-19 17:16:08,刺网
1644,32.105944444444454,127.07661111111106,1.2,114.0,2017-12-19 17:26:08,刺网
1644,32.10588888888889,127.07655555555556,1.0,318.0,2017-12-19 17:36:09,刺网
1644,32.10605555555556,127.0767777777778,1.7,46.0,2017-12-19 17:46:09,刺网
1644,32.10575,127.07633333333332,0.6,236.0,2017-12-19 17:56:08,刺网
1644,32.105861111111125,127.07641666666666,0.9,210.0,2017-12-19 18:06:10,刺网
1644,32.10572222222222,127.0762222222222,0.4,0.0,2017-12-19 18:16:09,刺网
1644,32.105694444444445,127.07616666666668,0.3,0.0,2017-12-19 18:26:10,刺网
1644,32.105694444444445,127.07602777777778,0.5,0.0,2017-12-19 18:36:08,刺网
1644,32.10583333333334,127.07630555555555,1.2,110.0,2017-12-19 18:46:10,刺网
1644,32.10625,127.07702777777777,1.2,0.0,2017-12-19 18:56:08,刺网
1644,32.10538888888889,127.07519444444445,0.9,0.0,2017-12-19 19:06:09,刺网
1644,32.10519444444445,127.07405555555556,0.6,0.0,2017-12-19 19:16:09,刺网
1644,32.10530555555556,127.07386111111107,0.7,347.0,2017-12-19 19:26:36,刺网
1644,32.10530555555556,127.07436111111107,0.1,0.0,2017-12-19 19:36:09,刺网
1644,32.10538888888889,127.07530555555556,0.5,27.0,2017-12-19 19:46:09,刺网
1644,32.10561111111111,127.07588888888893,0.9,359.0,2017-12-19 19:56:10,刺网
1644,32.10575,127.0762222222222,0.8,48.0,2017-12-19 20:06:09,刺网
1644,32.10575,127.07613888888888,0.8,253.0,2017-12-19 20:16:10,刺网
1644,32.105666666666664,127.07605555555556,1.9,247.0,2017-12-19 20:26:09,刺网
1644,32.10602777777778,127.07661111111106,0.1,0.0,2017-12-19 20:36:09,刺网
1644,32.106277777777784,127.0767777777778,0.2,0.0,2017-12-19 20:56:09,刺网
1644,32.105805555555555,127.07625,2.0,340.0,2017-12-19 21:06:08,刺网
1644,32.105972222222235,127.0765,1.9,56.0,2017-12-19 21:16:10,刺网
1644,32.10638888888889,127.07719444444444,0.3,0.0,2017-12-19 21:26:10,刺网
1644,32.10638888888889,127.07686111111113,1.7,79.0,2017-12-19 21:36:09,刺网
1644,32.10641666666667,127.07688888888887,1.6,86.0,2017-12-19 21:46:09,刺网
1644,32.10669444444445,127.0769722222222,1.5,101.0,2017-12-19 21:56:09,刺网
1644,32.10669444444445,127.07597222222222,1.3,315.0,2017-12-19 22:06:36,刺网
1644,32.10755555555556,127.07569444444445,0.8,116.0,2017-12-19 22:16:09,刺网
1644,32.10733333333334,127.07605555555556,0.6,100.0,2017-12-19 22:26:08,刺网
1644,32.10683333333333,127.0755,1.1,147.0,2017-12-19 22:36:09,刺网
1644,32.10636111111111,127.07461111111112,1.3,198.0,2017-12-19 22:46:37,刺网
1644,32.10633333333333,127.07386111111107,1.8,228.0,2017-12-19 22:56:08,刺网
1644,32.10630555555556,127.07411111111112,1.5,342.0,2017-12-19 23:06:09,刺网
1644,32.10630555555556,127.07427777777777,1.1,142.0,2017-12-19 23:16:09,刺网
1644,32.10630555555556,127.07391666666666,0.3,0.0,2017-12-19 23:26:08,刺网
1644,32.10633333333333,127.0744722222222,1.1,268.0,2017-12-19 23:36:09,刺网
1644,32.10636111111111,127.0745,0.7,99.0,2017-12-19 23:46:09,刺网
1644,32.10638888888889,127.07486111111106,1.7,68.0,2017-12-19 23:56:08,刺网
1644,32.10644444444444,127.075,0.4,0.0,2017-12-20 00:06:08,刺网
1644,32.10677777777778,127.07572222222224,1.1,69.0,2017-12-20 00:16:09,刺网
1644,32.10683333333333,127.07591666666669,0.2,0.0,2017-12-20 00:26:08,刺网
1644,32.10713888888889,127.07630555555555,0.8,0.0,2017-12-20 00:36:08,刺网
1644,32.10713888888889,127.07630555555555,0.7,0.0,2017-12-20 00:46:09,刺网
1644,32.10741666666667,127.0764722222222,0.0,0.0,2017-12-20 00:56:08,刺网
1644,32.107166666666664,127.07633333333332,0.3,0.0,2017-12-20 01:06:08,刺网
1644,32.106972222222225,127.07619444444444,0.6,0.0,2017-12-20 01:16:08,刺网
1644,32.106944444444444,127.07600000000001,1.5,0.0,2017-12-20 01:26:08,刺网
1644,32.107055555555554,127.07597222222222,1.4,0.0,2017-12-20 01:36:08,刺网
1644,32.107222222222234,127.0762777777778,0.7,0.0,2017-12-20 01:46:37,刺网
1644,32.107055555555554,127.07616666666668,0.2,0.0,2017-12-20 01:56:08,刺网
1644,32.10688888888889,127.07597222222222,0.4,0.0,2017-12-20 02:06:09,刺网
1644,32.10688888888889,127.07600000000001,0.4,0.0,2017-12-20 02:16:08,刺网
1644,32.106972222222225,127.07602777777778,0.8,0.0,2017-12-20 02:26:08,刺网
1644,32.10683333333333,127.07586111111112,0.7,63.0,2017-12-20 02:36:09,刺网
1644,32.10688888888889,127.07594444444445,1.6,178.0,2017-12-20 02:46:09,刺网
1644,32.107055555555554,127.07611111111108,0.9,106.0,2017-12-20 02:56:08,刺网
1644,32.10711111111111,127.07619444444444,0.5,0.0,2017-12-20 03:06:09,刺网
1644,32.107055555555554,127.07611111111108,1.4,349.0,2017-12-20 03:16:09,刺网
1644,32.107,127.07597222222222,3.0,76.0,2017-12-20 03:26:08,刺网
1644,32.106944444444444,127.07594444444445,2.5,68.0,2017-12-20 03:36:08,刺网
1644,32.107,127.07608333333332,0.9,1.0,2017-12-20 03:46:37,刺网
1644,32.10677777777778,127.07575,0.4,0.0,2017-12-20 03:56:08,刺网
1644,32.10686111111111,127.07588888888893,1.4,77.0,2017-12-20 04:06:07,刺网
1644,32.10663888888889,127.07558333333333,0.3,0.0,2017-12-20 04:16:08,刺网
1644,32.10680555555556,127.07577777777777,1.5,216.0,2017-12-20 04:26:08,刺网
1644,32.10669444444445,127.07563888888888,0.4,0.0,2017-12-20 04:36:08,刺网
1644,32.10663888888889,127.07552777777776,1.6,165.0,2017-12-20 04:46:08,刺网
1644,32.107305555555556,127.07494444444444,2.5,298.0,2017-12-20 04:56:07,刺网
1644,32.107305555555556,127.07116666666668,5.8,52.0,2017-12-20 05:06:07,刺网
1644,32.112472222222216,127.08872222222222,8.0,88.0,2017-12-20 05:16:07,刺网
1644,32.1165,127.1082222222222,7.4,106.0,2017-12-20 05:26:08,刺网
1644,32.116972222222216,127.09505555555555,6.0,275.0,2017-12-20 05:36:08,刺网
1644,32.11694444444444,127.07555555555555,6.3,264.0,2017-12-20 05:46:08,刺网
1644,32.11661111111111,127.05583333333333,6.0,266.0,2017-12-20 05:56:08,刺网
1644,32.11619444444445,127.03388888888887,7.1,285.0,2017-12-20 06:06:38,刺网
1644,32.10813888888889,127.0405,5.8,77.0,2017-12-20 06:16:08,刺网
1644,32.10861111111111,127.05713888888887,5.0,112.0,2017-12-20 06:26:07,刺网
1644,32.10780555555556,127.07372222222222,5.1,101.0,2017-12-20 06:36:08,刺网
1644,32.10861111111111,127.09083333333332,5.2,79.0,2017-12-20 06:46:08,刺网
1644,32.10783333333333,127.10766666666666,7.0,105.0,2017-12-20 06:56:08,刺网
1644,32.09994444444445,127.09794444444445,5.9,274.0,2017-12-20 07:06:07,刺网
1644,32.10011111111111,127.07727777777778,6.5,253.0,2017-12-20 07:16:08,刺网
1644,32.100472222222216,127.05774999999998,6.4,249.0,2017-12-20 07:26:08,刺网
1644,32.09963888888889,127.03875,5.9,255.0,2017-12-20 07:36:07,刺网
1644,32.091861111111115,127.04283333333332,5.5,115.0,2017-12-20 07:46:08,刺网
1644,32.0915,127.05980555555556,5.8,77.0,2017-12-20 07:56:07,刺网
1644,32.09161111111111,127.07702777777777,4.9,91.0,2017-12-20 08:06:08,刺网
1644,32.092555555555556,127.09363888888888,5.1,95.0,2017-12-20 08:16:08,刺网
1644,32.09913888888889,127.09525,6.6,326.0,2017-12-20 08:26:20,刺网
1644,32.1155,127.09555555555555,5.6,16.0,2017-12-20 08:36:07,刺网
1644,32.125416666666666,127.08933333333331,0.3,0.0,2017-12-20 08:46:07,刺网
1644,32.126138888888896,127.08969444444445,2.9,324.0,2017-12-20 08:56:07,刺网
1644,32.125638888888886,127.0852777777778,2.9,248.0,2017-12-20 09:06:19,刺网
1644,32.12652777777778,127.07591666666669,3.0,302.0,2017-12-20 09:16:07,刺网
1644,32.12677777777777,127.06736111111107,2.4,252.0,2017-12-20 09:26:06,刺网
1644,32.12558333333334,127.0587777777778,3.0,273.0,2017-12-20 09:36:07,刺网
1644,32.12661111111111,127.05016666666668,3.4,285.0,2017-12-20 09:46:07,刺网
1644,32.128055555555555,127.04075,2.8,263.0,2017-12-20 09:56:07,刺网
1644,32.12894444444444,127.03316666666666,2.4,301.0,2017-12-20 10:06:07,刺网
1644,32.129666666666665,127.02802777777777,0.9,273.0,2017-12-20 10:16:07,刺网
1644,32.129888888888885,127.02247222222222,1.4,245.0,2017-12-20 10:26:20,刺网
1644,32.13086111111112,127.01675,2.4,293.0,2017-12-20 10:36:07,刺网
1644,32.13005555555556,127.01091666666667,1.8,200.0,2017-12-20 10:46:07,刺网
1644,32.12672222222222,127.01308333333333,1.7,118.0,2017-12-20 10:56:07,刺网
1644,32.12602777777778,127.01983333333334,2.7,98.0,2017-12-20 11:06:07,刺网
1644,32.12447222222223,127.02655555555555,2.1,123.0,2017-12-20 11:16:07,刺网
1644,32.1265,127.03913888888887,2.6,106.0,2017-12-20 11:36:07,刺网
1644,32.12686111111111,127.04694444444445,2.4,102.0,2017-12-20 11:46:08,刺网
1644,32.12705555555556,127.05491666666668,2.8,105.0,2017-12-20 11:56:18,刺网
1644,32.127361111111114,127.06216666666666,2.6,78.0,2017-12-20 12:06:07,刺网
1644,32.128083333333336,127.06891666666664,2.3,69.0,2017-12-20 12:16:07,刺网
1644,32.12786111111112,127.07638888888887,2.1,89.0,2017-12-20 12:26:07,刺网
1644,32.12583333333333,127.08294444444445,2.0,126.0,2017-12-20 12:36:07,刺网
1644,32.12252777777778,127.08633333333331,1.8,185.0,2017-12-20 12:46:07,刺网
1644,32.11825,127.08377777777778,1.1,252.0,2017-12-20 12:56:07,刺网
1644,32.118611111111115,127.07644444444445,2.6,272.0,2017-12-20 13:06:07,刺网
1644,32.117888888888885,127.06836111111107,2.9,263.0,2017-12-20 13:16:07,刺网
1644,32.117055555555545,127.06166666666668,2.2,266.0,2017-12-20 13:26:07,刺网
1644,32.11627777777777,127.06113888888888,1.5,350.0,2017-12-20 13:36:06,刺网
1644,32.116444444444454,127.05716666666666,2.1,276.0,2017-12-20 13:46:07,刺网
1644,32.11586111111112,127.05,2.1,270.0,2017-12-20 13:56:07,刺网
1644,32.11541666666667,127.03627777777778,2.0,266.0,2017-12-20 14:16:20,刺网
1644,32.11525,127.03175,1.4,264.0,2017-12-20 14:26:07,刺网
1644,32.113972222222216,127.02572222222223,2.2,219.0,2017-12-20 14:36:06,刺网
1644,32.110777777777784,127.0217222222222,2.0,195.0,2017-12-20 14:46:05,刺网
1644,32.10655555555555,127.02394444444445,3.0,95.0,2017-12-20 14:56:05,刺网
1644,32.105027777777785,127.03288888888888,3.4,120.0,2017-12-20 15:06:06,刺网
1644,32.10341666666667,127.04072222222223,3.6,109.0,2017-12-20 15:16:06,刺网
1644,32.103277777777784,127.04888888888887,2.7,120.0,2017-12-20 15:26:06,刺网
1644,32.10369444444445,127.05591666666666,2.8,99.0,2017-12-20 15:36:06,刺网
1644,32.10355555555555,127.06416666666668,1.1,123.0,2017-12-20 15:46:05,刺网
1644,32.10338888888889,127.07144444444445,2.5,80.0,2017-12-20 15:56:08,刺网
1644,32.103750000000005,127.07941666666666,3.2,87.0,2017-12-20 16:06:11,刺网
1644,32.10638888888889,127.08397222222222,2.9,109.0,2017-12-20 16:16:05,刺网
1644,32.101777777777784,127.08747222222222,5.5,158.0,2017-12-20 16:26:10,刺网
1644,32.08555555555556,127.08594444444445,8.6,182.0,2017-12-20 16:36:05,刺网
1644,32.06341666666667,127.08175,8.5,188.0,2017-12-20 16:46:05,刺网
1644,32.03944444444444,127.0799722222222,8.2,188.0,2017-12-20 16:56:20,刺网
1644,32.01686111111111,127.07880555555555,7.7,214.0,2017-12-20 17:06:06,刺网
1644,31.994888888888887,127.077,7.4,168.0,2017-12-20 17:16:05,刺网
1644,31.97225,127.07855555555555,8.4,141.0,2017-12-20 17:26:06,刺网
1644,31.949361111111113,127.07969444444444,8.3,178.0,2017-12-20 17:36:05,刺网
1644,31.927194444444453,127.07925,8.0,184.0,2017-12-20 17:46:05,刺网
1644,31.905222222222214,127.07891666666666,8.0,189.0,2017-12-20 17:56:05,刺网
1644,31.88330555555556,127.07686111111113,7.8,177.0,2017-12-20 18:06:06,刺网
1644,31.861555555555555,127.07558333333333,8.1,181.0,2017-12-20 18:16:05,刺网
1644,31.839388888888887,127.07705555555556,8.4,174.0,2017-12-20 18:26:05,刺网
1644,31.818222222222214,127.07761111111112,7.6,167.0,2017-12-20 18:36:05,刺网
1644,31.79663888888889,127.0769722222222,8.0,173.0,2017-12-20 18:46:05,刺网
1644,31.77480555555555,127.07661111111106,7.7,171.0,2017-12-20 18:56:05,刺网
1644,31.754722222222235,127.08408333333333,7.5,146.0,2017-12-20 19:06:06,刺网
1644,31.73619444444445,127.09794444444445,7.7,156.0,2017-12-20 19:16:05,刺网
1644,31.71688888888889,127.11141666666666,8.0,148.0,2017-12-20 19:26:20,刺网
1644,31.69852777777778,127.12422222222222,7.7,147.0,2017-12-20 19:36:05,刺网
1644,31.684972222222232,127.13158333333332,0.7,275.0,2017-12-20 19:46:05,刺网
1644,31.684555555555555,127.13186111111106,1.1,148.0,2017-12-20 19:56:05,刺网
1644,31.684527777777767,127.13224999999998,1.0,312.0,2017-12-20 20:06:05,刺网
1644,31.68458333333333,127.13244444444445,0.4,7.0,2017-12-20 20:16:04,刺网
1644,31.684,127.13224999999998,0.3,0.0,2017-12-20 20:26:05,刺网
1644,31.68397222222222,127.13233333333332,0.3,343.0,2017-12-20 20:36:04,刺网
1644,31.68366666666667,127.13219444444445,0.6,164.0,2017-12-20 20:46:04,刺网
1644,31.68366666666667,127.13244444444445,0.0,0.0,2017-12-20 20:56:04,刺网
1644,31.68375,127.133,0.5,276.0,2017-12-20 21:06:05,刺网
1644,31.683250000000005,127.13227777777777,1.2,273.0,2017-12-20 21:16:04,刺网
1644,31.683250000000005,127.13255555555556,0.3,0.0,2017-12-20 21:26:05,刺网
1644,31.683277777777786,127.13291666666666,0.6,93.0,2017-12-20 21:36:04,刺网
1644,31.683416666666666,127.13327777777776,0.3,0.0,2017-12-20 21:46:04,刺网
1644,31.682944444444445,127.13333333333334,0.3,0.0,2017-12-20 21:56:05,刺网
1644,31.68258333333333,127.13355555555556,0.5,78.0,2017-12-20 22:06:18,刺网
1644,31.682361111111113,127.13419444444445,0.9,184.0,2017-12-20 22:16:05,刺网
1644,31.682,127.1345277777778,0.2,0.0,2017-12-20 22:26:05,刺网
1644,31.682277777777767,127.13505555555555,0.2,0.0,2017-12-20 22:36:04,刺网
1644,31.68233333333333,127.13497222222222,1.1,119.0,2017-12-20 22:46:04,刺网
1644,31.68216666666667,127.13505555555555,0.6,0.0,2017-12-20 22:56:05,刺网
1644,31.68241666666667,127.13533333333336,0.8,90.0,2017-12-20 23:06:05,刺网
1644,31.682388888888887,127.1352777777778,0.5,0.0,2017-12-20 23:16:04,刺网
1644,31.682222222222233,127.13519444444445,0.5,0.0,2017-12-20 23:26:05,刺网
1644,31.68233333333333,127.13530555555555,0.3,0.0,2017-12-20 23:36:05,刺网
1644,31.682666666666666,127.13555555555556,0.9,58.0,2017-12-20 23:46:04,刺网
1644,31.682722222222232,127.13566666666668,0.6,0.0,2017-12-20 23:56:05,刺网
1644,31.682388888888887,127.13563888888888,0.4,359.0,2017-12-21 00:06:19,刺网
1644,31.6825,127.13588888888893,0.4,0.0,2017-12-21 00:16:05,刺网
1644,31.68225,127.13602777777778,1.4,46.0,2017-12-21 00:26:05,刺网
1644,31.682361111111113,127.13641666666668,1.1,54.0,2017-12-21 00:36:04,刺网
1644,31.68213888888889,127.13669444444444,0.1,0.0,2017-12-21 00:46:04,刺网
1644,31.682111111111112,127.13727777777781,0.2,0.0,2017-12-21 00:56:05,刺网
1644,31.68180555555556,127.13811111111113,0.3,0.0,2017-12-21 01:06:05,刺网
1644,31.681555555555555,127.13922222222223,0.3,0.0,2017-12-21 01:16:04,刺网
1644,31.681277777777765,127.14,1.3,88.0,2017-12-21 01:26:05,刺网
1644,31.679777777777787,127.14055555555555,0.6,232.0,2017-12-21 01:36:03,刺网
1644,31.67866666666667,127.14183333333335,1.3,131.0,2017-12-21 01:46:04,刺网
1644,31.677555555555557,127.14272222222223,0.2,0.0,2017-12-21 01:56:04,刺网
1644,31.67675,127.14375,1.4,161.0,2017-12-21 02:06:19,刺网
1644,31.67583333333333,127.1445,0.5,0.0,2017-12-21 02:16:04,刺网
1644,31.67522222222223,127.14511111111112,0.4,0.0,2017-12-21 02:26:04,刺网
1644,31.674805555555555,127.14541666666666,0.3,64.0,2017-12-21 02:36:04,刺网
1644,31.674277777777768,127.14558333333332,0.3,0.0,2017-12-21 02:46:03,刺网
1644,31.672888888888888,127.14572222222223,1.5,109.0,2017-12-21 02:56:04,刺网
1644,31.67144444444445,127.14611111111113,0.1,0.0,2017-12-21 03:06:04,刺网
1644,31.67058333333333,127.14675,0.9,176.0,2017-12-21 03:16:03,刺网
1644,31.669638888888887,127.14719444444445,1.1,163.0,2017-12-21 03:26:04,刺网
1644,31.668388888888888,127.14761111111113,1.1,68.0,2017-12-21 03:36:04,刺网
1644,31.666527777777766,127.14819444444444,0.8,135.0,2017-12-21 03:46:03,刺网
1644,31.663138888888888,127.15013888888888,0.9,147.0,2017-12-21 03:56:03,刺网
1644,31.659944444444445,127.15155555555555,1.1,0.0,2017-12-21 04:06:03,刺网
1644,31.65775,127.15213888888893,1.7,153.0,2017-12-21 04:16:03,刺网
1644,31.65608333333333,127.14994444444444,1.6,152.0,2017-12-21 04:26:04,刺网
1644,31.64380555555556,127.15102777777778,7.3,172.0,2017-12-21 04:36:04,刺网
1644,31.621,127.15797222222223,8.9,160.0,2017-12-21 04:46:04,刺网
1644,31.598027777777766,127.16808333333331,8.3,159.0,2017-12-21 04:56:03,刺网
1644,31.58136111111111,127.17619444444445,4.4,121.0,2017-12-21 05:06:05,刺网
1644,31.57425,127.18861111111113,7.5,132.0,2017-12-21 05:16:20,刺网
1644,31.57569444444445,127.17802777777777,5.1,250.0,2017-12-21 05:26:04,刺网
1644,31.574972222222215,127.15883333333332,7.1,235.0,2017-12-21 05:36:04,刺网
1644,31.575166666666664,127.13930555555555,6.6,275.0,2017-12-21 05:46:04,刺网
1644,31.575083333333332,127.11983333333332,7.3,249.0,2017-12-21 05:56:04,刺网
1644,31.581111111111113,127.12286111111106,4.5,56.0,2017-12-21 06:06:04,刺网
1644,31.581916666666668,127.13852777777778,5.4,88.0,2017-12-21 06:16:04,刺网
1644,31.581722222222233,127.1555277777778,5.2,84.0,2017-12-21 06:26:04,刺网
1644,31.581611111111112,127.17102777777778,4.8,91.0,2017-12-21 06:36:03,刺网
1644,31.58166666666667,127.18680555555555,4.8,85.0,2017-12-21 06:46:04,刺网
1644,31.58991666666667,127.18936111111113,6.5,283.0,2017-12-21 06:56:03,刺网
1644,31.590138888888887,127.1677222222222,7.1,277.0,2017-12-21 07:06:03,刺网
1644,31.59033333333333,127.14705555555555,6.8,257.0,2017-12-21 07:16:02,刺网
1644,31.590055555555555,127.12594444444444,5.1,265.0,2017-12-21 07:26:03,刺网
1644,31.598000000000006,127.11902777777777,5.3,98.0,2017-12-21 07:36:03,刺网
1644,31.59875,127.13263888888888,5.1,76.0,2017-12-21 07:46:02,刺网
1644,31.598111111111113,127.14880555555555,5.3,85.0,2017-12-21 07:56:03,刺网
1644,31.59488888888889,127.17880555555556,6.4,153.0,2017-12-21 08:16:02,刺网
1644,31.577305555555554,127.174,2.2,194.0,2017-12-21 08:26:03,刺网
1644,31.57230555555555,127.17080555555556,6.6,245.0,2017-12-21 08:36:03,刺网
1644,31.57194444444445,127.17044444444444,1.2,25.0,2017-12-21 08:46:03,刺网
1644,31.573138888888888,127.16813888888888,4.6,263.0,2017-12-21 08:56:02,刺网
1644,31.57402777777777,127.15808333333334,2.1,0.0,2017-12-21 09:06:04,刺网
1644,31.57319444444445,127.15122222222223,3.3,296.0,2017-12-21 09:16:04,刺网
1644,31.574388888888887,127.14161111111113,2.2,0.0,2017-12-21 09:26:09,刺网
1644,31.57486111111111,127.13236111111107,3.5,240.0,2017-12-21 09:36:20,刺网
1644,31.575722222222232,127.12394444444445,3.6,285.0,2017-12-21 09:46:04,刺网
1644,31.576166666666666,127.11538888888887,2.3,281.0,2017-12-21 09:56:03,刺网
1644,31.577361111111113,127.10877777777776,2.3,297.0,2017-12-21 10:06:03,刺网
1644,31.582638888888887,127.10838888888892,2.3,56.0,2017-12-21 10:16:02,刺网
1644,31.584,127.11491666666666,2.1,74.0,2017-12-21 10:26:03,刺网
1644,31.58519444444445,127.12138888888887,2.3,75.0,2017-12-21 10:36:03,刺网
1644,31.58658333333333,127.12863888888887,2.9,101.0,2017-12-21 10:46:02,刺网
1644,31.585916666666666,127.1345277777778,2.1,71.0,2017-12-21 10:56:03,刺网
1644,31.586027777777787,127.14088888888894,2.4,103.0,2017-12-21 11:06:03,刺网
1644,31.588555555555555,127.14588888888893,1.4,81.0,2017-12-21 11:16:03,刺网
1644,31.588916666666666,127.15180555555555,1.7,78.0,2017-12-21 11:26:03,刺网
1644,31.591027777777786,127.15819444444445,3.1,98.0,2017-12-21 11:36:02,刺网
1644,31.590888888888887,127.16450000000002,3.0,162.0,2017-12-21 11:46:03,刺网
1644,31.59161111111111,127.1695277777778,1.4,29.0,2017-12-21 11:56:06,刺网
1644,31.598277777777767,127.16391666666668,3.2,298.0,2017-12-21 12:16:03,刺网
1644,31.60013888888889,127.15572222222224,1.6,250.0,2017-12-21 12:26:02,刺网
1644,31.599611111111113,127.14683333333336,2.6,246.0,2017-12-21 12:36:02,刺网
1644,31.598472222222213,127.13880555555555,2.1,226.0,2017-12-21 12:46:02,刺网
1644,31.595194444444445,127.13080555555555,2.9,278.0,2017-12-21 12:56:02,刺网
1644,31.59475,127.12261111111107,2.8,267.0,2017-12-21 13:06:02,刺网
1644,31.59438888888889,127.11544444444445,1.2,224.0,2017-12-21 13:16:02,刺网
1644,31.59544444444445,127.11016666666669,2.4,284.0,2017-12-21 13:26:01,刺网
1644,31.59966666666667,127.11158333333331,1.9,61.0,2017-12-21 13:36:06,刺网
1644,31.600500000000004,127.11708333333333,1.3,56.0,2017-12-21 13:46:01,刺网
1644,31.601388888888888,127.12288888888888,3.4,99.0,2017-12-21 13:56:04,刺网
1644,31.60136111111111,127.12908333333333,2.0,44.0,2017-12-21 14:06:20,刺网
1644,31.604833333333332,127.13316666666664,2.0,82.0,2017-12-21 14:16:01,刺网
1644,31.604527777777786,127.14041666666668,2.9,85.0,2017-12-21 14:26:02,刺网
1644,31.60552777777778,127.14688888888894,1.8,52.0,2017-12-21 14:36:02,刺网
1644,31.606805555555557,127.15319444444445,2.6,109.0,2017-12-21 14:46:01,刺网
1644,31.60838888888889,127.15619444444445,0.9,250.0,2017-12-21 14:56:01,刺网
1644,31.593027777777767,127.16219444444445,8.0,159.0,2017-12-21 15:06:02,刺网
1644,31.571722222222213,127.16955555555555,7.6,166.0,2017-12-21 15:16:01,刺网
1644,31.550277777777787,127.17655555555555,8.0,153.0,2017-12-21 15:26:01,刺网
1644,31.528111111111112,127.17966666666666,8.2,165.0,2017-12-21 15:36:03,刺网
1644,31.50625,127.18247222222222,8.0,174.0,2017-12-21 15:46:01,刺网
1644,31.493472222222234,127.1869722222222,0.1,0.0,2017-12-21 15:56:01,刺网
1644,31.49369444444445,127.18705555555556,0.8,54.0,2017-12-21 16:06:02,刺网
1644,31.49369444444445,127.18713888888892,0.4,0.0,2017-12-21 16:16:03,刺网
1644,31.493805555555557,127.18722222222223,0.4,0.0,2017-12-21 16:26:02,刺网
1644,31.493666666666666,127.18716666666668,0.3,0.0,2017-12-21 16:36:02,刺网
1644,31.493388888888887,127.18680555555555,0.5,0.0,2017-12-21 16:46:01,刺网
1644,31.49358333333333,127.18705555555556,0.6,0.0,2017-12-21 16:56:01,刺网
1644,31.493444444444453,127.18691666666666,0.1,0.0,2017-12-21 17:06:02,刺网
1644,31.493333333333336,127.18686111111113,0.2,0.0,2017-12-21 17:16:01,刺网
1644,31.493194444444452,127.1865,0.3,0.0,2017-12-21 17:26:21,刺网
1644,31.493222222222233,127.18652777777778,0.6,145.0,2017-12-21 17:36:00,刺网
1644,31.49313888888889,127.18633333333334,0.0,0.0,2017-12-21 17:46:00,刺网
1644,31.493111111111112,127.18619444444445,0.9,249.0,2017-12-21 17:56:00,刺网
1644,31.493111111111112,127.186,0.2,0.0,2017-12-21 18:06:01,刺网
1644,31.49313888888889,127.1862777777778,0.3,232.0,2017-12-21 18:16:00,刺网
1644,31.49308333333333,127.18613888888888,0.5,146.0,2017-12-21 18:26:00,刺网
1644,31.49316666666667,127.18633333333334,0.5,261.0,2017-12-21 18:36:00,刺网
1644,31.493111111111112,127.18583333333332,0.3,0.0,2017-12-21 18:46:00,刺网
1644,31.49308333333333,127.18594444444444,0.4,283.0,2017-12-21 18:56:00,刺网
1644,31.49313888888889,127.18605555555555,0.3,282.0,2017-12-21 19:06:01,刺网
1644,31.493222222222233,127.18647222222224,0.7,70.0,2017-12-21 19:16:00,刺网
1644,31.49313888888889,127.18613888888888,0.1,0.0,2017-12-21 19:26:00,刺网
1644,31.49327777777778,127.18652777777778,0.3,0.0,2017-12-21 19:36:00,刺网
1644,31.493361111111113,127.18655555555556,0.4,355.0,2017-12-21 19:46:00,刺网
1644,31.493388888888887,127.18672222222223,0.5,56.0,2017-12-21 19:56:00,刺网
1644,31.493388888888887,127.18666666666668,0.3,0.0,2017-12-21 20:06:19,刺网
1644,31.493388888888887,127.18661111111112,0.5,85.0,2017-12-21 20:16:00,刺网
1644,31.49358333333333,127.1865,0.3,0.0,2017-12-21 20:26:00,刺网
1644,31.49358333333333,127.1862777777778,0.1,0.0,2017-12-21 20:36:00,刺网
1644,31.49375,127.18602777777778,1.2,319.0,2017-12-21 20:46:00,刺网
1644,31.494083333333336,127.18533333333336,0.6,241.0,2017-12-21 20:56:00,刺网
1644,31.494777777777767,127.18508333333334,0.4,12.0,2017-12-21 21:06:00,刺网
1644,31.49513888888889,127.18480555555556,0.3,0.0,2017-12-21 21:16:00,刺网
1644,31.495,127.18505555555555,0.5,286.0,2017-12-21 21:26:00,刺网
1644,31.495361111111112,127.18533333333336,0.6,55.0,2017-12-21 21:36:00,刺网
1644,31.495472222222233,127.18583333333332,0.1,0.0,2017-12-21 21:46:00,刺网
1644,31.49552777777778,127.1857222222222,0.5,0.0,2017-12-21 21:56:00,刺网
1644,31.49552777777778,127.18566666666666,0.3,0.0,2017-12-21 22:06:01,刺网
1644,31.495444444444445,127.18541666666668,0.2,0.0,2017-12-21 22:16:00,刺网
1644,31.495472222222233,127.18566666666666,0.3,0.0,2017-12-21 22:26:00,刺网
1644,31.495666666666665,127.18561111111113,0.8,0.0,2017-12-21 22:36:00,刺网
1644,31.49552777777778,127.18591666666669,0.6,112.0,2017-12-21 22:46:19,刺网
1644,31.495666666666665,127.18619444444445,0.9,257.0,2017-12-21 22:56:00,刺网
1644,31.495666666666665,127.18616666666668,0.4,69.0,2017-12-21 23:06:01,刺网
1644,31.49558333333333,127.18636111111113,0.4,0.0,2017-12-21 23:15:59,刺网
1644,31.495638888888887,127.18616666666668,0.4,0.0,2017-12-21 23:25:59,刺网
1644,31.495666666666665,127.18633333333334,0.3,0.0,2017-12-21 23:35:59,刺网
1644,31.495500000000003,127.18644444444445,0.8,181.0,2017-12-21 23:55:59,刺网
1644,31.49538888888889,127.18666666666668,0.6,333.0,2017-12-22 00:06:00,刺网
1644,31.49541666666667,127.1867777777778,0.7,350.0,2017-12-22 00:15:59,刺网
1644,31.49538888888889,127.18686111111113,0.3,0.0,2017-12-22 00:25:59,刺网
1644,31.49513888888889,127.18711111111112,0.4,0.0,2017-12-22 00:35:59,刺网
1644,31.494972222222234,127.18722222222223,0.2,0.0,2017-12-22 00:45:59,刺网
1644,31.49491666666667,127.18716666666668,0.2,0.0,2017-12-22 00:55:59,刺网
1644,31.494527777777787,127.18738888888893,0.6,0.0,2017-12-22 01:06:00,刺网
1644,31.49441666666667,127.18747222222223,0.1,0.0,2017-12-22 01:15:59,刺网
1644,31.49436111111111,127.18747222222223,0.5,0.0,2017-12-22 01:25:59,刺网
1644,31.49425,127.18736111111113,0.1,0.0,2017-12-22 01:35:59,刺网
1644,31.494,127.18736111111113,0.3,0.0,2017-12-22 01:45:59,刺网
1644,31.494027777777767,127.18738888888893,0.4,0.0,2017-12-22 01:55:59,刺网
1644,31.49391666666667,127.18725,0.5,5.0,2017-12-22 02:15:59,刺网
1644,31.493944444444452,127.18727777777781,0.3,0.0,2017-12-22 02:25:59,刺网
1644,31.493972222222233,127.18730555555555,0.4,0.0,2017-12-22 02:36:01,刺网
1644,31.4945,127.18655555555556,1.5,325.0,2017-12-22 02:45:59,刺网
1644,31.493388888888887,127.19166666666668,8.7,101.0,2017-12-22 02:55:59,刺网
1644,31.47591666666667,127.19363888888887,6.5,183.0,2017-12-22 03:06:00,刺网
1644,31.4575,127.19355555555555,6.4,181.0,2017-12-22 03:15:59,刺网
1644,31.439277777777768,127.19336111111113,6.2,170.0,2017-12-22 03:25:59,刺网
1644,31.421194444444453,127.19361111111112,6.1,192.0,2017-12-22 03:35:59,刺网
1644,31.40358333333333,127.19380555555556,6.1,186.0,2017-12-22 03:45:59,刺网
1644,31.39941666666667,127.20533333333334,6.5,2.0,2017-12-22 03:55:59,刺网
1644,31.41711111111111,127.20488888888893,6.2,342.0,2017-12-22 04:05:59,刺网
1644,31.43419444444445,127.20519444444444,6.0,15.0,2017-12-22 04:15:59,刺网
1644,31.45111111111111,127.20513888888887,5.1,7.0,2017-12-22 04:25:58,刺网
1644,31.467777777777766,127.20475,6.6,26.0,2017-12-22 04:35:58,刺网
1644,31.485055555555554,127.20527777777778,6.6,343.0,2017-12-22 04:45:58,刺网
1644,31.47811111111111,127.21338888888893,5.3,171.0,2017-12-22 04:55:58,刺网
1644,31.46027777777777,127.21380555555555,6.0,189.0,2017-12-22 05:05:58,刺网
1644,31.44188888888889,127.21358333333332,6.3,175.0,2017-12-22 05:16:19,刺网
1644,31.42513888888889,127.21408333333332,6.0,186.0,2017-12-22 05:25:58,刺网
1644,31.4075,127.214,6.4,177.0,2017-12-22 05:35:58,刺网
1644,31.39413888888889,127.21088888888893,6.4,317.0,2017-12-22 05:45:58,刺网
1644,31.4125,127.20111111111113,8.1,357.0,2017-12-22 05:55:58,刺网
1644,31.43330555555556,127.20188888888887,7.0,352.0,2017-12-22 06:05:59,刺网
1644,31.453000000000007,127.20119444444444,8.0,353.0,2017-12-22 06:15:58,刺网
1644,31.47294444444444,127.19919444444444,7.5,351.0,2017-12-22 06:25:58,刺网
1644,31.49063888888889,127.20736111111113,2.7,27.0,2017-12-22 06:35:59,刺网
1644,31.491194444444453,127.20763888888888,0.8,191.0,2017-12-22 06:45:58,刺网
1644,31.490527777777785,127.2077777777778,0.2,0.0,2017-12-22 06:55:59,刺网
1644,31.48991666666667,127.208,0.3,0.0,2017-12-22 07:05:59,刺网
1644,31.48933333333333,127.20752777777777,0.2,0.0,2017-12-22 07:15:58,刺网
1644,31.48875,127.20702777777778,0.9,272.0,2017-12-22 07:25:58,刺网
1644,31.488111111111113,127.20633333333332,0.6,207.0,2017-12-22 07:35:59,刺网
1644,31.48788888888889,127.2059722222222,1.0,230.0,2017-12-22 07:45:58,刺网
1644,31.48761111111111,127.20522222222222,0.6,215.0,2017-12-22 07:55:58,刺网
1644,31.48713888888889,127.20433333333334,0.4,238.0,2017-12-22 08:06:21,刺网
1644,31.48875,127.1995,6.7,249.0,2017-12-22 08:16:00,刺网
1644,31.485277777777767,127.19480555555555,1.9,173.0,2017-12-22 08:25:59,刺网
1644,31.47888888888889,127.19486111111112,2.6,182.0,2017-12-22 08:35:59,刺网
1644,31.471666666666664,127.19416666666667,2.9,188.0,2017-12-22 08:46:00,刺网
1644,31.46436111111111,127.19388888888888,2.3,183.0,2017-12-22 08:55:59,刺网
1644,31.45727777777777,127.19308333333332,2.1,187.0,2017-12-22 09:06:00,刺网
1644,31.45033333333333,127.19219444444445,2.3,190.0,2017-12-22 09:15:59,刺网
1644,31.44369444444445,127.19080555555556,2.5,190.0,2017-12-22 09:26:00,刺网
1644,31.438250000000004,127.18969444444444,2.1,185.0,2017-12-22 09:36:00,刺网
1644,31.43216666666667,127.18902777777778,2.2,185.0,2017-12-22 09:45:59,刺网
1644,31.42777777777778,127.18858333333333,0.7,218.0,2017-12-22 09:55:59,刺网
1644,31.42355555555556,127.18894444444445,2.4,169.0,2017-12-22 10:05:59,刺网
1644,31.41861111111111,127.18880555555555,1.7,174.0,2017-12-22 10:15:59,刺网
1644,31.41319444444445,127.18813888888893,1.9,181.0,2017-12-22 10:25:58,刺网
1644,31.40833333333333,127.18941666666666,1.7,146.0,2017-12-22 10:35:58,刺网
1644,31.40572222222222,127.19411111111113,2.0,84.0,2017-12-22 10:45:58,刺网
1644,31.409555555555553,127.19666666666667,2.2,356.0,2017-12-22 10:55:57,刺网
1644,31.416888888888888,127.19736111111106,2.9,345.0,2017-12-22 11:05:59,刺网
1644,31.424166666666668,127.19594444444445,3.5,355.0,2017-12-22 11:15:59,刺网
1644,31.431583333333336,127.19697222222223,2.0,12.0,2017-12-22 11:25:59,刺网
1644,31.439,127.19855555555556,2.0,18.0,2017-12-22 11:35:58,刺网
1644,31.44519444444445,127.19994444444444,2.6,25.0,2017-12-22 11:45:59,刺网
1644,31.452861111111112,127.19925,2.4,352.0,2017-12-22 11:55:59,刺网
1644,31.460472222222233,127.19861111111112,2.9,344.0,2017-12-22 12:06:20,刺网
1644,31.46819444444445,127.19886111111113,2.6,0.0,2017-12-22 12:15:58,刺网
1644,31.47575,127.19694444444444,1.8,359.0,2017-12-22 12:25:58,刺网
1644,31.482,127.19627777777778,2.5,13.0,2017-12-22 12:35:58,刺网
1644,31.48944444444445,127.19700000000002,2.8,7.0,2017-12-22 12:45:59,刺网
1644,31.494194444444453,127.20091666666669,2.2,124.0,2017-12-22 12:55:59,刺网
1644,31.488527777777787,127.20525,2.2,168.0,2017-12-22 13:05:59,刺网
1644,31.482083333333332,127.20711111111113,1.5,165.0,2017-12-22 13:15:59,刺网
1644,31.474916666666665,127.2079722222222,2.3,181.0,2017-12-22 13:25:58,刺网
1644,31.467555555555553,127.20780555555555,3.2,184.0,2017-12-22 13:35:59,刺网
1644,31.46013888888889,127.20752777777777,2.8,167.0,2017-12-22 13:45:59,刺网
1644,31.45288888888889,127.2075,3.0,177.0,2017-12-22 13:55:57,刺网
1644,31.439166666666665,127.20766666666668,2.6,175.0,2017-12-22 14:15:59,刺网
1644,31.432194444444452,127.20730555555555,2.0,186.0,2017-12-22 14:25:57,刺网
1644,31.424916666666668,127.20636111111112,2.9,184.0,2017-12-22 14:35:58,刺网
1644,31.41791666666667,127.20519444444444,1.9,183.0,2017-12-22 14:45:58,刺网
1644,31.411222222222214,127.20416666666668,2.5,187.0,2017-12-22 14:55:57,刺网
1644,31.42716666666667,127.203,7.6,1.0,2017-12-22 15:15:57,刺网
1644,31.448166666666665,127.20122222222223,8.0,353.0,2017-12-22 15:25:57,刺网
1644,31.468000000000004,127.19830555555555,6.4,344.0,2017-12-22 15:35:57,刺网
1644,31.483472222222233,127.19769444444445,5.1,333.0,2017-12-22 15:45:57,刺网
1644,31.492027777777786,127.19236111111113,6.5,336.0,2017-12-22 15:55:57,刺网
1644,31.51058333333333,127.18058333333332,7.7,330.0,2017-12-22 16:05:58,刺网
1644,31.53075,127.17083333333332,7.9,344.0,2017-12-22 16:15:58,刺网
1644,31.54947222222223,127.15841666666668,7.7,328.0,2017-12-22 16:25:58,刺网
1644,31.56641666666667,127.14194444444445,7.9,335.0,2017-12-22 16:35:58,刺网
1644,31.574277777777766,127.13494444444444,2.2,331.0,2017-12-22 16:45:58,刺网
1644,31.590611111111112,127.12094444444445,7.4,337.0,2017-12-22 16:56:04,刺网
1644,31.60686111111111,127.1065,7.2,327.0,2017-12-22 17:06:21,刺网
1644,31.61519444444445,127.10516666666666,0.1,0.0,2017-12-22 17:15:57,刺网
1644,31.615055555555557,127.10511111111107,0.2,0.0,2017-12-22 17:25:57,刺网
1644,31.615,127.10511111111107,0.1,0.0,2017-12-22 17:35:56,刺网
1644,31.61497222222223,127.10508333333333,0.1,0.0,2017-12-22 17:45:57,刺网
1644,31.61488888888889,127.105,0.0,0.0,2017-12-22 17:55:56,刺网
1644,31.61491666666667,127.105,0.1,0.0,2017-12-22 18:05:57,刺网
1644,31.61488888888889,127.105,0.3,0.0,2017-12-22 18:15:56,刺网
1644,31.61491666666667,127.10494444444444,0.1,0.0,2017-12-22 18:25:57,刺网
1644,31.61480555555556,127.10486111111106,0.1,0.0,2017-12-22 18:35:57,刺网
1644,31.614694444444453,127.10480555555556,0.0,0.0,2017-12-22 18:45:56,刺网
1644,31.61486111111111,127.10488888888894,0.4,0.0,2017-12-22 18:55:56,刺网
1644,31.61466666666667,127.10475,0.0,0.0,2017-12-22 19:05:57,刺网
1644,31.614694444444453,127.10469444444445,0.1,0.0,2017-12-22 19:15:57,刺网
1644,31.61475,127.10480555555556,0.4,0.0,2017-12-22 19:25:56,刺网
1644,31.61480555555556,127.10483333333332,0.1,0.0,2017-12-22 19:35:57,刺网
1644,31.614777777777785,127.10483333333332,0.1,0.0,2017-12-22 19:45:56,刺网
1644,31.615055555555557,127.10475,0.3,0.0,2017-12-22 19:55:57,刺网
1644,31.61527777777778,127.10483333333332,0.0,0.0,2017-12-22 20:06:20,刺网
1644,31.615444444444453,127.10483333333332,0.1,0.0,2017-12-22 20:15:56,刺网
1644,31.61563888888889,127.10461111111113,0.4,345.0,2017-12-22 20:25:55,刺网
1644,31.616,127.10430555555556,0.2,0.0,2017-12-22 20:35:56,刺网
1644,31.61644444444445,127.10416666666666,0.4,0.0,2017-12-22 20:45:56,刺网
1644,31.61658333333333,127.10380555555555,0.5,187.0,2017-12-22 20:55:56,刺网
1644,31.61658333333333,127.10344444444445,0.3,0.0,2017-12-22 21:05:56,刺网
1644,31.61658333333333,127.10341666666666,0.1,0.0,2017-12-22 21:15:56,刺网
1644,31.61663888888889,127.1034722222222,0.0,0.0,2017-12-22 21:25:55,刺网
1644,31.61658333333333,127.1034722222222,0.3,0.0,2017-12-22 21:35:55,刺网
1644,31.616611111111126,127.10333333333332,0.2,0.0,2017-12-22 21:45:56,刺网
1644,31.61658333333333,127.10336111111107,0.4,0.0,2017-12-22 21:55:56,刺网
1644,31.61666666666667,127.10341666666666,0.1,0.0,2017-12-22 22:05:57,刺网
1644,31.61663888888889,127.10344444444445,0.1,0.0,2017-12-22 22:15:56,刺网
1644,31.61669444444445,127.1035,0.3,0.0,2017-12-22 22:25:55,刺网
1644,31.61666666666667,127.10361111111106,0.1,0.0,2017-12-22 22:36:21,刺网
1644,31.61666666666667,127.10372222222222,0.1,0.0,2017-12-22 22:45:55,刺网
1644,31.61666666666667,127.10375,0.3,341.0,2017-12-22 22:55:56,刺网
1644,31.61666666666667,127.10369444444444,0.2,0.0,2017-12-22 23:05:56,刺网
1644,31.61666666666667,127.10369444444444,0.2,0.0,2017-12-22 23:15:56,刺网
1644,31.616722222222233,127.10369444444444,0.1,0.0,2017-12-22 23:25:56,刺网
1644,31.61666666666667,127.10388888888887,0.2,0.0,2017-12-22 23:35:56,刺网
1644,31.616722222222233,127.10394444444445,0.2,0.0,2017-12-22 23:45:56,刺网
1644,31.616722222222233,127.10386111111107,0.2,0.0,2017-12-22 23:55:56,刺网
1644,31.61666666666667,127.10391666666666,0.2,0.0,2017-12-23 00:05:56,刺网
1644,31.61663888888889,127.104,0.2,0.0,2017-12-23 00:15:56,刺网
1644,31.61666666666667,127.10397222222224,0.6,356.0,2017-12-23 00:25:56,刺网
1644,31.61658333333333,127.10427777777777,0.2,0.0,2017-12-23 00:35:55,刺网
1644,31.61658333333333,127.10433333333332,0.1,0.0,2017-12-23 00:45:56,刺网
1644,31.61644444444445,127.10441666666664,0.5,0.0,2017-12-23 00:55:55,刺网
1644,31.61638888888889,127.10458333333332,0.1,0.0,2017-12-23 01:05:56,刺网
1644,31.61644444444445,127.10461111111113,0.3,0.0,2017-12-23 01:15:56,刺网
1644,31.616277777777785,127.10477777777778,0.1,0.0,2017-12-23 01:25:55,刺网
1644,31.61616666666667,127.10497222222222,0.1,0.0,2017-12-23 01:35:55,刺网
1644,31.61602777777778,127.10494444444444,0.3,0.0,2017-12-23 01:45:55,刺网
1644,31.61594444444445,127.105,0.5,0.0,2017-12-23 01:55:55,刺网
1644,31.61583333333333,127.10505555555555,0.2,0.0,2017-12-23 02:06:19,刺网
1644,31.615722222222214,127.10511111111107,0.0,0.0,2017-12-23 02:15:55,刺网
1644,31.615666666666666,127.10511111111107,0.0,0.0,2017-12-23 02:25:55,刺网
1644,31.615722222222214,127.10508333333333,0.4,203.0,2017-12-23 02:35:55,刺网
1644,31.61561111111111,127.10513888888887,0.0,0.0,2017-12-23 02:45:55,刺网
1644,31.615527777777785,127.10513888888887,0.0,0.0,2017-12-23 02:55:55,刺网
1644,31.615444444444453,127.10513888888887,0.1,0.0,2017-12-23 03:05:55,刺网
1644,31.615361111111113,127.10511111111107,0.4,178.0,2017-12-23 03:15:55,刺网
1644,31.60975,127.10219444444445,8.0,201.0,2017-12-23 03:25:55,刺网
1644,31.58622222222222,127.09827777777777,8.4,190.0,2017-12-23 03:35:55,刺网
1644,31.56241666666667,127.09425,8.7,180.0,2017-12-23 03:45:55,刺网
1644,31.53761111111111,127.09319444444445,8.8,181.0,2017-12-23 03:55:55,刺网
1644,31.512305555555553,127.09283333333332,9.1,179.0,2017-12-23 04:05:56,刺网
1644,31.486666666666668,127.08988888888894,9.1,187.0,2017-12-23 04:15:55,刺网
1644,31.4615,127.08386111111106,9.5,187.0,2017-12-23 04:25:55,刺网
1644,31.43611111111111,127.08088888888894,8.9,183.0,2017-12-23 04:35:55,刺网
1644,31.410999999999998,127.07933333333334,9.0,180.0,2017-12-23 04:45:55,刺网
1644,31.385666666666665,127.07877777777777,9.2,176.0,2017-12-23 04:55:55,刺网
1644,31.360388888888888,127.07705555555556,9.1,187.0,2017-12-23 05:05:55,刺网
1644,31.338027777777786,127.07655555555556,7.7,174.0,2017-12-23 05:15:55,刺网
1644,31.31725,127.0764722222222,7.5,167.0,2017-12-23 05:25:55,刺网
1644,31.29752777777778,127.07680555555555,6.4,176.0,2017-12-23 05:36:19,刺网
1644,31.2835,127.08019444444444,7.3,87.0,2017-12-23 05:45:55,刺网
1644,31.30086111111111,127.08177777777777,6.8,356.0,2017-12-23 05:55:55,刺网
1644,31.31952777777777,127.08205555555556,6.7,350.0,2017-12-23 06:05:55,刺网
1644,31.33838888888889,127.08188888888887,6.6,4.0,2017-12-23 06:15:55,刺网
1644,31.35016666666667,127.08638888888888,6.0,223.0,2017-12-23 06:25:55,刺网
1644,31.32997222222223,127.08661111111113,7.6,183.0,2017-12-23 06:35:55,刺网
1644,31.3095,127.08675,7.3,173.0,2017-12-23 06:45:55,刺网
1644,31.289305555555554,127.0865,7.3,184.0,2017-12-23 06:55:55,刺网
1644,31.28080555555556,127.09402777777777,6.7,2.0,2017-12-23 07:05:54,刺网
1644,31.30005555555556,127.09344444444444,7.0,356.0,2017-12-23 07:15:54,刺网
1644,31.319027777777766,127.09391666666666,6.6,342.0,2017-12-23 07:25:54,刺网
1644,31.337722222222233,127.09288888888888,6.5,20.0,2017-12-23 07:35:54,刺网
1644,31.346611111111113,127.08163888888888,1.3,291.0,2017-12-23 07:45:54,刺网
1644,31.346777777777767,127.07663888888888,8.1,256.0,2017-12-23 07:55:54,刺网
1644,31.34263888888889,127.07655555555556,3.0,181.0,2017-12-23 08:06:50,刺网
1644,31.32783333333333,127.07619444444444,2.8,187.0,2017-12-23 08:25:55,刺网
1644,31.321583333333336,127.07619444444444,2.5,188.0,2017-12-23 08:35:54,刺网
1644,31.314,127.07638888888887,1.8,197.0,2017-12-23 08:45:55,刺网
1644,31.30891666666667,127.07566666666666,0.6,191.0,2017-12-23 08:55:54,刺网
1644,31.302027777777766,127.0765,2.8,175.0,2017-12-23 09:05:55,刺网
1644,31.295805555555557,127.07611111111108,2.4,183.0,2017-12-23 09:15:54,刺网
1644,31.29016666666667,127.07558333333333,2.0,191.0,2017-12-23 09:25:54,刺网
1644,31.285138888888888,127.077,2.0,123.0,2017-12-23 09:35:54,刺网
1644,31.287888888888887,127.08063888888887,2.3,356.0,2017-12-23 09:45:54,刺网
1644,31.294694444444453,127.07986111111107,2.5,351.0,2017-12-23 09:55:54,刺网
1644,31.30216666666667,127.07975,1.3,312.0,2017-12-23 10:05:54,刺网
1644,31.309555555555555,127.07891666666666,2.9,3.0,2017-12-23 10:15:55,刺网
1644,31.316722222222214,127.07891666666666,2.5,358.0,2017-12-23 10:25:54,刺网
1644,31.32247222222223,127.0785,2.9,0.0,2017-12-23 10:35:54,刺网
1644,31.329638888888887,127.07897222222222,2.5,4.0,2017-12-23 10:45:54,刺网
1644,31.33716666666667,127.07799999999999,3.0,9.0,2017-12-23 10:55:54,刺网
1644,31.34433333333333,127.07833333333332,2.4,10.0,2017-12-23 11:05:54,刺网
1644,31.34911111111111,127.08188888888887,2.5,135.0,2017-12-23 11:15:54,刺网
1644,31.33647222222222,127.08452777777778,2.9,172.0,2017-12-23 11:35:54,刺网
1644,31.329694444444453,127.08475,2.0,179.0,2017-12-23 11:45:54,刺网
1644,31.323638888888887,127.08477777777777,2.4,178.0,2017-12-23 11:55:54,刺网
1644,31.316527777777786,127.08461111111113,2.4,190.0,2017-12-23 12:06:20,刺网
1644,31.310222222222233,127.085,2.3,183.0,2017-12-23 12:15:53,刺网
1644,31.304111111111112,127.0852777777778,2.2,187.0,2017-12-23 12:25:53,刺网
1644,31.297555555555558,127.08502777777777,2.0,180.0,2017-12-23 12:35:53,刺网
1644,31.291722222222226,127.08494444444445,2.3,180.0,2017-12-23 12:45:53,刺网
1644,31.285555555555558,127.08541666666666,2.2,160.0,2017-12-23 12:55:53,刺网
1644,31.28033333333333,127.08783333333334,1.3,139.0,2017-12-23 13:05:54,刺网
1644,31.281666666666666,127.09138888888887,2.7,353.0,2017-12-23 13:15:54,刺网
1644,31.28925,127.09125,2.9,7.0,2017-12-23 13:25:53,刺网
1644,31.296388888888888,127.09113888888888,2.8,350.0,2017-12-23 13:35:53,刺网
1644,31.303722222222234,127.0912777777778,2.6,5.0,2017-12-23 13:45:54,刺网
1644,31.31044444444445,127.09080555555555,2.5,2.0,2017-12-23 13:55:53,刺网
1644,31.317916666666665,127.09047222222222,2.4,4.0,2017-12-23 14:05:54,刺网
1644,31.324805555555553,127.09005555555555,2.4,352.0,2017-12-23 14:15:53,刺网
1644,31.33175,127.08922222222222,2.6,357.0,2017-12-23 14:25:53,刺网
1644,31.33691666666667,127.0882777777778,7.5,272.0,2017-12-23 14:35:53,刺网
1644,31.33211111111111,127.06083333333332,8.6,260.0,2017-12-23 14:45:53,刺网
1644,31.32719444444445,127.03380555555556,8.5,261.0,2017-12-23 14:55:53,刺网
1644,31.32319444444445,127.00694444444444,8.4,256.0,2017-12-23 15:05:53,刺网
1644,31.319000000000006,126.97969444444445,8.5,257.0,2017-12-23 15:15:53,刺网
1644,31.315361111111113,126.95236111111107,8.3,257.0,2017-12-23 15:25:53,刺网
1644,31.310944444444445,126.92516666666668,8.4,260.0,2017-12-23 15:35:53,刺网
1644,31.307,126.89769444444444,8.4,262.0,2017-12-23 15:45:53,刺网
1644,31.30263888888889,126.87083333333332,8.1,264.0,2017-12-23 15:55:53,刺网
1644,31.29947222222223,126.8417777777778,8.5,263.0,2017-12-23 16:06:19,刺网
1644,31.29716666666667,126.81541666666666,8.5,265.0,2017-12-23 16:15:54,刺网
1644,31.29480555555556,126.78827777777781,8.5,283.0,2017-12-23 16:25:54,刺网
1644,31.29216666666667,126.76080555555555,8.3,270.0,2017-12-23 16:35:53,刺网
1644,31.28441666666667,126.73547222222223,8.5,212.0,2017-12-23 16:45:53,刺网
1644,31.27666666666667,126.71038888888887,8.7,258.0,2017-12-23 16:55:53,刺网
1644,31.27141666666667,126.68263888888887,8.7,264.0,2017-12-23 17:05:54,刺网
1644,31.267416666666666,126.65461111111112,8.3,250.0,2017-12-23 17:15:52,刺网
1644,31.262888888888888,126.62702777777777,8.9,256.0,2017-12-23 17:25:52,刺网
1644,31.25883333333333,126.59894444444444,8.7,254.0,2017-12-23 17:35:52,刺网
1644,31.254361111111113,126.5707777777778,8.8,261.0,2017-12-23 17:45:52,刺网
1644,31.25038888888889,126.54241666666668,8.6,260.0,2017-12-23 17:55:52,刺网
1644,31.24630555555556,126.51430555555555,8.8,260.0,2017-12-23 18:05:53,刺网
1644,31.241777777777767,126.48613888888887,8.7,257.0,2017-12-23 18:15:52,刺网
1644,31.23733333333333,126.45822222222223,8.6,257.0,2017-12-23 18:25:52,刺网
1644,31.23261111111111,126.43047222222224,8.6,258.0,2017-12-23 18:35:52,刺网
1644,31.227638888888887,126.4027222222222,8.4,260.0,2017-12-23 18:45:52,刺网
1644,31.22313888888889,126.37463888888887,8.6,256.0,2017-12-23 18:55:52,刺网
1644,31.218499999999995,126.34644444444444,8.7,259.0,2017-12-23 19:05:52,刺网
1644,31.214027777777765,126.31841666666666,8.1,259.0,2017-12-23 19:15:52,刺网
1644,31.20930555555555,126.29083333333332,8.3,257.0,2017-12-23 19:25:52,刺网
1644,31.204472222222233,126.26286111111106,7.2,255.0,2017-12-23 19:35:52,刺网
1644,31.19941666666667,126.23513888888887,8.5,260.0,2017-12-23 19:45:52,刺网
1644,31.194888888888887,126.20655555555555,8.0,255.0,2017-12-23 19:55:53,刺网
1644,31.185666666666666,126.15019444444445,9.1,261.0,2017-12-23 20:15:52,刺网
1644,31.179,126.12269444444445,8.7,262.0,2017-12-23 20:25:52,刺网
1644,31.17466666666667,126.09419444444444,9.2,262.0,2017-12-23 20:35:52,刺网
1644,31.16983333333333,126.06566666666666,8.7,261.0,2017-12-23 20:45:52,刺网
1644,31.16469444444445,126.03744444444445,8.8,258.0,2017-12-23 20:55:52,刺网
1644,31.15858333333333,126.00983333333332,8.7,252.0,2017-12-23 21:05:53,刺网
1644,31.16125,125.98344444444444,8.8,312.0,2017-12-23 21:15:52,刺网
1644,31.15988888888889,125.95569444444445,8.9,253.0,2017-12-23 21:25:52,刺网
1644,31.1545,125.92708333333331,9.1,254.0,2017-12-23 21:35:52,刺网
1644,31.149027777777768,125.89819444444444,8.8,250.0,2017-12-23 21:45:52,刺网
1644,31.14408333333333,125.86941666666664,8.7,253.0,2017-12-23 21:55:52,刺网
1644,31.139833333333332,125.84102777777777,8.4,259.0,2017-12-23 22:05:52,刺网
1644,31.135277777777766,125.8129722222222,9.0,257.0,2017-12-23 22:15:51,刺网
1644,31.130305555555548,125.78463888888888,8.9,255.0,2017-12-23 22:25:52,刺网
1644,31.12594444444445,125.75633333333332,8.3,250.0,2017-12-23 22:35:53,刺网
1644,31.12108333333333,125.72875,9.0,259.0,2017-12-23 22:45:52,刺网
1644,31.11663888888889,125.70086111111112,8.8,254.0,2017-12-23 22:55:53,刺网
1644,31.10688888888889,125.64600000000002,12.4,203.0,2017-12-23 23:15:54,刺网
1644,31.10352777777778,125.61822222222222,8.8,261.0,2017-12-23 23:25:53,刺网
1644,31.09894444444444,125.59152777777777,8.4,254.0,2017-12-23 23:35:52,刺网
1644,31.091277777777766,125.5377222222222,8.6,266.0,2017-12-23 23:55:51,刺网
1644,31.087111111111113,125.51080555555555,8.4,256.0,2017-12-24 00:05:52,刺网
1644,31.08313888888889,125.48333333333332,8.4,259.0,2017-12-24 00:15:51,刺网
1644,31.078861111111113,125.45594444444444,7.8,255.0,2017-12-24 00:25:51,刺网
1644,31.074527777777767,125.42880555555556,8.5,258.0,2017-12-24 00:35:51,刺网
1644,31.070166666666665,125.40161111111112,8.7,265.0,2017-12-24 00:45:51,刺网
1644,31.06602777777778,125.37469444444444,8.4,262.0,2017-12-24 00:55:52,刺网
1644,31.06194444444445,125.34797222222224,8.4,257.0,2017-12-24 01:05:52,刺网
1644,31.057861111111112,125.32180555555556,8.2,256.0,2017-12-24 01:15:51,刺网
1644,31.053722222222234,125.29586111111112,7.8,247.0,2017-12-24 01:25:52,刺网
1644,31.044638888888887,125.2447222222222,8.4,258.0,2017-12-24 01:45:52,刺网
1644,31.041,125.2185,8.3,263.0,2017-12-24 01:55:52,刺网
1644,31.0365,125.19158333333334,8.5,264.0,2017-12-24 02:06:19,刺网
1644,31.031805555555554,125.16780555555556,8.4,281.0,2017-12-24 02:15:52,刺网
1644,31.02441666666667,125.14405555555555,8.0,253.0,2017-12-24 02:25:52,刺网
1644,31.017416666666666,125.11977777777778,8.1,264.0,2017-12-24 02:35:52,刺网
1644,31.010777777777786,125.09569444444445,8.0,249.0,2017-12-24 02:45:51,刺网
1644,31.00486111111111,125.07083333333333,8.3,251.0,2017-12-24 02:55:52,刺网
1644,30.998777777777786,125.04583333333332,8.1,247.0,2017-12-24 03:05:51,刺网
1644,30.99294444444445,125.02083333333331,7.9,258.0,2017-12-24 03:15:52,刺网
1644,30.963916666666666,124.92822222222223,7.5,253.0,2017-12-24 03:55:51,刺网
1644,30.958055555555553,124.90461111111112,7.6,256.0,2017-12-24 04:05:51,刺网
1644,30.951555555555554,124.88133333333332,7.2,259.0,2017-12-24 04:15:50,刺网
1644,30.94,124.8345,7.6,250.0,2017-12-24 04:35:50,刺网
1644,30.92866666666667,124.78758333333332,7.1,263.0,2017-12-24 04:55:51,刺网
1644,30.839972222222233,124.53363888888887,7.7,245.0,2017-12-24 06:45:51,刺网
1644,30.830111111111112,124.5119722222222,8.3,242.0,2017-12-24 06:55:50,刺网
1644,30.812222222222214,124.46466666666667,8.5,238.0,2017-12-24 07:15:50,刺网
1644,30.77636111111111,124.3655,8.7,249.0,2017-12-24 07:55:50,刺网
1644,30.757055555555553,124.31430555555555,9.0,246.0,2017-12-24 08:15:51,刺网
1644,30.736583333333336,124.23636111111112,9.1,241.0,2017-12-24 08:45:50,刺网
1644,30.717305555555548,124.18713888888892,7.4,241.0,2017-12-24 09:05:50,刺网
1644,30.709138888888887,124.16380555555556,7.5,239.0,2017-12-24 09:15:50,刺网
1644,30.699388888888887,124.14375,6.5,250.0,2017-12-24 09:25:50,刺网
1644,30.69169444444445,124.12444444444445,7.4,221.0,2017-12-24 09:35:50,刺网
1644,30.684222222222214,124.10544444444444,6.3,245.0,2017-12-24 09:45:50,刺网
1644,30.67716666666667,124.08661111111113,5.9,251.0,2017-12-24 09:55:50,刺网
1644,30.668833333333332,124.06813888888887,5.5,240.0,2017-12-24 10:05:50,刺网
1644,30.6605,124.05186111111112,7.5,245.0,2017-12-24 10:15:50,刺网
1644,30.650027777777765,124.03386111111112,4.9,240.0,2017-12-24 10:25:50,刺网
1644,30.63991666666667,124.01772222222222,5.4,227.0,2017-12-24 10:35:49,刺网
1644,30.630944444444445,124.00094444444444,5.0,236.0,2017-12-24 10:45:51,刺网
1644,30.62311111111111,123.98394444444445,6.8,243.0,2017-12-24 10:55:50,刺网
1644,30.61491666666667,123.96480555555556,8.5,224.0,2017-12-24 11:06:20,刺网
1644,30.609472222222234,123.94961111111112,4.8,244.0,2017-12-24 11:15:50,刺网
1644,30.60086111111111,123.91838888888893,6.1,248.0,2017-12-24 11:35:49,刺网
1644,30.596472222222214,123.90216666666667,5.4,277.0,2017-12-24 11:45:50,刺网
1644,30.59319444444445,123.88802777777778,5.6,253.0,2017-12-24 11:55:50,刺网
1644,30.58969444444445,123.8733611111111,4.2,247.0,2017-12-24 12:05:51,刺网
1644,30.586111111111112,123.85866666666666,6.6,289.0,2017-12-24 12:15:50,刺网
1644,30.58313888888889,123.84383333333332,5.8,234.0,2017-12-24 12:25:50,刺网
1644,30.581972222222234,123.83388888888888,1.4,0.0,2017-12-24 12:35:49,刺网
1644,30.57988888888889,123.83586111111107,2.9,117.0,2017-12-24 12:45:50,刺网
1644,30.57941666666667,123.83616666666668,1.9,72.0,2017-12-24 12:55:50,刺网
1644,30.57980555555556,123.83658333333334,0.7,0.0,2017-12-24 13:05:50,刺网
1644,30.57986111111111,123.83663888888887,0.8,53.0,2017-12-24 13:15:50,刺网
1644,30.57994444444445,123.83677777777777,2.3,100.0,2017-12-24 13:25:50,刺网
1644,30.580111111111112,123.83691666666664,1.5,0.0,2017-12-24 13:35:48,刺网
1644,30.58013888888889,123.83691666666664,0.4,0.0,2017-12-24 13:46:21,刺网
1644,30.58002777777777,123.83686111111106,0.4,0.0,2017-12-24 13:55:49,刺网
1644,30.57983333333333,123.83666666666666,1.3,263.0,2017-12-24 14:05:49,刺网
1644,30.58008333333333,123.83686111111106,1.1,160.0,2017-12-24 14:15:50,刺网
1644,30.57991666666667,123.83672222222219,0.8,36.0,2017-12-24 14:25:49,刺网
1644,30.57994444444445,123.83677777777777,0.7,119.0,2017-12-24 14:35:48,刺网
1644,30.57988888888889,123.83672222222219,1.0,149.0,2017-12-24 14:45:50,刺网
1644,30.581722222222233,123.83491666666666,3.4,239.0,2017-12-24 14:55:50,刺网
1644,30.57708333333333,123.82480555555556,5.2,237.0,2017-12-24 15:05:49,刺网
1644,30.57058333333333,123.80916666666668,3.5,229.0,2017-12-24 15:15:48,刺网
1644,30.56552777777778,123.79291666666666,3.8,263.0,2017-12-24 15:25:49,刺网
1644,30.551277777777766,123.77825,8.4,192.0,2017-12-24 15:35:48,刺网
1644,30.538138888888888,123.76341666666669,6.5,214.0,2017-12-24 15:45:51,刺网
1644,30.526166666666665,123.74794444444444,4.7,213.0,2017-12-24 15:55:50,刺网
1644,30.517805555555555,123.73019444444445,7.4,230.0,2017-12-24 16:06:21,刺网
1644,30.51055555555555,123.71447222222223,6.8,216.0,2017-12-24 16:15:49,刺网
1644,30.50288888888889,123.69838888888893,7.7,223.0,2017-12-24 16:25:50,刺网
1644,30.49475,123.68263888888887,5.8,222.0,2017-12-24 16:35:48,刺网
1644,30.485027777777766,123.66641666666666,6.0,239.0,2017-12-24 16:45:48,刺网
1644,30.475722222222213,123.64936111111112,6.6,221.0,2017-12-24 16:55:48,刺网
1644,30.466527777777767,123.63158333333332,7.6,211.0,2017-12-24 17:05:50,刺网
1644,30.456722222222233,123.61416666666666,6.5,258.0,2017-12-24 17:15:48,刺网
1644,30.44733333333333,123.59483333333333,5.4,276.0,2017-12-24 17:26:21,刺网
1644,30.438722222222214,123.57794444444444,5.6,264.0,2017-12-24 17:35:48,刺网
1644,30.42883333333333,123.55963888888887,6.2,240.0,2017-12-24 17:45:50,刺网
1644,30.4195,123.54130555555555,6.8,239.0,2017-12-24 17:55:49,刺网
1644,30.40969444444445,123.5229722222222,7.0,267.0,2017-12-24 18:05:49,刺网
1644,30.400305555555555,123.50386111111106,7.0,250.0,2017-12-24 18:15:48,刺网
1644,30.39022222222223,123.4845277777778,7.4,238.0,2017-12-24 18:25:48,刺网
1644,30.381138888888888,123.46450000000002,8.0,229.0,2017-12-24 18:35:48,刺网
1644,30.37155555555556,123.4452777777778,7.6,239.0,2017-12-24 18:45:48,刺网
1644,30.362972222222233,123.42619444444445,7.5,243.0,2017-12-24 18:55:49,刺网
1644,30.35383333333333,123.40630555555555,6.2,242.0,2017-12-24 19:05:48,刺网
1644,30.345777777777766,123.3862777777778,6.2,238.0,2017-12-24 19:15:48,刺网
1644,30.336972222222233,123.36561111111112,7.5,254.0,2017-12-24 19:25:47,刺网
1644,30.328777777777766,123.34444444444445,6.8,257.0,2017-12-24 19:35:48,刺网
1644,30.320916666666665,123.32452777777776,7.5,228.0,2017-12-24 19:45:49,刺网
1644,30.31419444444445,123.30380555555556,8.0,241.0,2017-12-24 19:55:47,刺网
1644,30.308694444444445,123.28208333333332,7.2,259.0,2017-12-24 20:06:20,刺网
1644,30.30175,123.262,7.7,231.0,2017-12-24 20:15:49,刺网
1644,30.293250000000004,123.24066666666668,7.2,259.0,2017-12-24 20:25:49,刺网
1644,30.287194444444452,123.21975,8.1,246.0,2017-12-24 20:35:48,刺网
1644,30.28038888888889,123.19844444444445,6.8,288.0,2017-12-24 20:45:47,刺网
1644,30.27711111111111,123.17708333333331,6.1,274.0,2017-12-24 20:55:47,刺网
1644,30.27411111111111,123.15527777777778,6.3,271.0,2017-12-24 21:05:48,刺网
1644,30.27008333333333,123.13355555555556,7.2,246.0,2017-12-24 21:15:49,刺网
1644,30.264777777777766,123.11080555555556,6.6,263.0,2017-12-24 21:25:48,刺网
1644,30.259777777777767,123.08733333333332,9.5,225.0,2017-12-24 21:35:47,刺网
1644,30.253611111111113,123.06352777777781,8.5,244.0,2017-12-24 21:45:49,刺网
1644,30.24763888888889,123.04019444444445,7.7,254.0,2017-12-24 21:55:49,刺网
1644,30.242027777777786,123.01680555555555,6.3,259.0,2017-12-24 22:05:48,刺网
1644,30.23863888888889,122.9935,7.9,257.0,2017-12-24 22:15:49,刺网
1644,30.230972222222213,122.96741666666668,8.3,260.0,2017-12-24 22:26:21,刺网
1644,30.222222222222214,122.94397222222223,8.5,232.0,2017-12-24 22:35:47,刺网
1644,30.21344444444444,122.91958333333334,8.6,253.0,2017-12-24 22:45:49,刺网
1644,30.20497222222223,122.89472222222223,8.6,255.0,2017-12-24 22:55:48,刺网
1644,30.19511111111111,122.8695,9.7,239.0,2017-12-24 23:05:49,刺网
1644,30.186611111111112,122.84388888888887,9.0,252.0,2017-12-24 23:15:47,刺网
1644,30.18030555555556,122.81738888888887,8.4,259.0,2017-12-24 23:25:49,刺网
1644,30.173111111111112,122.79113888888888,7.9,257.0,2017-12-24 23:35:48,刺网
1644,30.16686111111111,122.76425,9.1,251.0,2017-12-24 23:45:48,刺网
1644,30.158916666666666,122.73683333333334,9.6,242.0,2017-12-24 23:55:48,刺网
1644,30.14413888888889,122.709,9.6,252.0,2017-12-25 00:05:49,刺网
1644,30.12991666666667,122.67988888888893,10.4,236.0,2017-12-25 00:16:14,刺网
1644,30.113416666666666,122.6550277777778,10.0,226.0,2017-12-25 00:25:47,刺网
1644,30.09855555555556,122.63088888888888,8.9,227.0,2017-12-25 00:35:46,刺网
1644,30.08083333333333,122.61291666666664,8.6,176.0,2017-12-25 00:45:48,刺网
1644,30.06513888888889,122.59605555555555,8.5,238.0,2017-12-25 00:55:48,刺网
1644,30.050555555555555,122.57416666666666,9.2,235.0,2017-12-25 01:05:47,刺网
1644,30.04044444444445,122.54875,8.8,236.0,2017-12-25 01:15:46,刺网
1644,30.03038888888889,122.52286111111113,8.5,259.0,2017-12-25 01:25:46,刺网
1644,30.020194444444453,122.49711111111112,8.2,243.0,2017-12-25 01:35:47,刺网
1644,30.00941666666667,122.47263888888888,8.4,244.0,2017-12-25 01:45:46,刺网
1644,29.996861111111112,122.44852777777778,8.6,240.0,2017-12-25 01:55:48,刺网
1644,29.98425,122.42627777777778,8.2,238.0,2017-12-25 02:05:47,刺网
1644,29.976305555555548,122.40047222222223,9.2,249.0,2017-12-25 02:15:48,刺网
1644,29.972638888888888,122.37105555555556,8.9,270.0,2017-12-25 02:25:47,刺网
1644,29.97075,122.345,7.4,244.0,2017-12-25 02:35:46,刺网
1644,29.957166666666666,122.32908333333332,7.2,214.0,2017-12-25 02:45:48,刺网
1644,29.942555555555554,122.31511111111112,7.1,272.0,2017-12-25 02:55:48,刺网
1644,29.944000000000006,122.29733333333333,5.7,241.0,2017-12-25 03:05:47,刺网
1644,29.940166666666666,122.28119444444445,2.2,281.0,2017-12-25 03:15:47,刺网
1644,29.940555555555555,122.28069444444445,0.5,0.0,2017-12-25 03:25:48,刺网
1644,29.940527777777767,122.28075,0.2,0.0,2017-12-25 03:35:47,刺网
1644,29.9405,122.2807222222222,0.3,0.0,2017-12-25 03:45:46,刺网
1644,29.940527777777767,122.28075,0.0,0.0,2017-12-25 03:56:14,刺网
1644,29.940527777777767,122.28086111111112,0.0,0.0,2017-12-25 04:05:47,刺网
1644,29.940416666666664,122.28119444444445,0.0,0.0,2017-12-25 04:15:48,刺网
1644,29.9405,122.28097222222222,0.0,0.0,2017-12-25 04:25:48,刺网
1644,29.940527777777767,122.28086111111112,0.8,0.0,2017-12-25 04:35:46,刺网
1644,29.940472222222233,122.28083333333332,0.2,0.0,2017-12-25 04:45:48,刺网
1644,29.94044444444444,122.28088888888892,0.1,0.0,2017-12-25 04:55:47,刺网
1644,29.9405,122.2807222222222,0.2,0.0,2017-12-25 05:05:48,刺网
1644,29.940527777777767,122.28069444444445,0.1,0.0,2017-12-25 05:15:47,刺网
1644,29.940416666666664,122.28111111111113,0.4,0.0,2017-12-25 05:25:48,刺网
1644,29.9405,122.28083333333332,0.1,0.0,2017-12-25 05:35:46,刺网
1644,29.940527777777767,122.28080555555556,0.0,0.0,2017-12-25 05:46:15,刺网
1644,29.940555555555555,122.28083333333332,0.0,0.0,2017-12-25 05:55:46,刺网
1644,29.94058333333333,122.2807222222222,0.2,0.0,2017-12-25 06:05:47,刺网
1644,29.94061111111111,122.28080555555556,0.0,0.0,2017-12-25 06:15:45,刺网
1644,29.94058333333333,122.28069444444445,0.0,0.0,2017-12-25 06:25:46,刺网
1644,29.940638888888888,122.28083333333332,0.1,0.0,2017-12-25 06:35:45,刺网
1644,29.94058333333333,122.28086111111112,0.1,0.0,2017-12-25 06:45:46,刺网
1644,29.94058333333333,122.28077777777777,0.0,0.0,2017-12-25 06:55:46,刺网
1644,29.94061111111111,122.28080555555556,0.1,0.0,2017-12-25 07:05:46,刺网
1644,29.940638888888888,122.28091666666668,0.1,0.0,2017-12-25 07:15:45,刺网
1644,29.940527777777767,122.28077777777777,0.1,0.0,2017-12-25 07:25:47,刺网
1644,29.940555555555555,122.28086111111112,0.2,0.0,2017-12-25 07:35:46,刺网
1644,29.940666666666665,122.28083333333332,0.1,0.0,2017-12-25 07:45:46,刺网
1644,29.940666666666665,122.28077777777777,0.2,0.0,2017-12-25 07:55:46,刺网
1644,29.940555555555555,122.28075,0.0,0.0,2017-12-25 08:06:14,刺网
1644,29.940555555555555,122.28075,0.0,0.0,2017-12-25 08:15:46,刺网
1644,29.94058333333333,122.28075,0.1,0.0,2017-12-25 08:25:46,刺网
1644,29.93994444444445,122.27822222222223,5.8,275.0,2017-12-25 08:35:45,刺网
1644,29.92041666666667,122.27919444444444,9.3,174.0,2017-12-25 08:45:46,刺网
1644,29.895138888888887,122.27819444444445,8.5,188.0,2017-12-25 08:55:46,刺网
1644,29.87102777777778,122.274,9.0,178.0,2017-12-25 09:05:47,刺网
1644,29.84883333333333,122.28691666666666,9.3,130.0,2017-12-25 09:15:47,刺网
1644,29.84072222222222,122.29305555555555,0.0,0.0,2017-12-25 09:25:46,刺网
1644,29.84072222222222,122.29313888888888,0.0,0.0,2017-12-25 09:35:47,刺网
1644,29.84072222222222,122.29308333333331,0.0,0.0,2017-12-25 09:45:47,刺网
1644,29.83969444444445,122.29844444444444,0.0,0.0,2017-12-25 10:05:47,刺网
1644,29.83969444444445,122.29841666666668,0.0,0.0,2017-12-25 10:15:47,刺网
1644,29.83969444444445,122.29841666666668,0.0,0.0,2017-12-25 10:25:47,刺网
1644,29.839666666666666,122.29847222222222,0.0,0.0,2017-12-25 10:35:46,刺网
1644,29.83969444444445,122.29838888888894,0.0,0.0,2017-12-25 10:45:46,刺网
1644,29.83969444444445,122.29838888888894,0.0,0.0,2017-12-25 10:55:47,刺网
1644,29.839722222222214,122.29775,0.0,0.0,2017-12-25 11:15:46,刺网
1644,29.83969444444445,122.29775,0.0,0.0,2017-12-25 11:25:45,刺网
1644,29.839777777777766,122.29777777777778,0.1,0.0,2017-12-25 11:35:47,刺网
1644,29.839722222222214,122.29775,0.0,0.0,2017-12-25 11:45:47,刺网
1644,29.83975,122.29772222222222,0.1,0.0,2017-12-25 11:55:45,刺网
1644,29.839722222222214,122.29783333333334,0.0,0.0,2017-12-25 12:05:46,刺网
1644,29.83969444444445,122.29777777777778,0.1,0.0,2017-12-25 12:15:45,刺网
1644,29.83975,122.29775,0.0,0.0,2017-12-25 12:25:45,刺网
1644,29.83975,122.29772222222222,0.0,0.0,2017-12-25 12:35:45,刺网
1644,29.83975,122.29772222222222,0.1,0.0,2017-12-25 12:55:45,刺网
1644,29.83975,122.29775,0.0,0.0,2017-12-25 13:05:46,刺网
1644,29.83975,122.29777777777778,0.0,0.0,2017-12-25 13:15:46,刺网
1644,29.839722222222214,122.29777777777778,0.0,0.0,2017-12-25 13:25:46,刺网
1644,29.83958333333333,122.29791666666668,0.5,138.0,2017-12-25 13:35:45,刺网
1644,29.839777777777766,122.29772222222222,0.2,0.0,2017-12-25 13:45:46,刺网
1644,29.83969444444445,122.29780555555556,0.1,0.0,2017-12-25 13:55:46,刺网
1644,29.83969444444445,122.29772222222222,0.0,0.0,2017-12-25 14:06:14,刺网
1644,29.839666666666666,122.29777777777778,0.1,0.0,2017-12-25 14:15:45,刺网
1644,29.83969444444445,122.29775,0.1,0.0,2017-12-25 14:25:45,刺网
1644,29.83969444444445,122.29772222222222,0.0,0.0,2017-12-25 14:35:45,刺网
1644,29.839722222222214,122.29777777777778,0.0,0.0,2017-12-25 14:45:45,刺网
1644,29.83969444444445,122.29780555555556,0.0,0.0,2017-12-25 14:55:45,刺网
1644,29.83975,122.29772222222222,0.0,0.0,2017-12-25 15:06:15,刺网
1644,29.839777777777766,122.29777777777778,0.0,0.0,2017-12-25 15:15:45,刺网
1644,29.83975,122.29777777777778,0.0,0.0,2017-12-25 15:25:45,刺网
1644,29.83975,122.29777777777778,0.0,0.0,2017-12-25 15:35:45,刺网
1644,29.839722222222214,122.29775,0.0,0.0,2017-12-25 15:45:45,刺网
1644,29.83975,122.29775,0.0,0.0,2017-12-25 15:55:46,刺网
1644,29.839722222222214,122.29780555555556,0.0,0.0,2017-12-25 16:05:46,刺网
1644,29.83975,122.29775,0.0,0.0,2017-12-25 16:15:46,刺网
1644,29.83975,122.29777777777778,0.0,0.0,2017-12-25 16:25:46,刺网
1644,29.83975,122.29777777777778,0.0,0.0,2017-12-25 16:35:45,刺网
1644,29.839722222222214,122.29775,0.0,0.0,2017-12-25 16:45:45,刺网
1644,29.839722222222214,122.29769444444445,0.0,0.0,2017-12-25 16:55:44,刺网
1644,29.839722222222214,122.29777777777778,0.0,0.0,2017-12-25 17:05:45,刺网
1644,29.83975,122.29777777777778,0.0,0.0,2017-12-25 17:15:44,刺网
