渔船ID,lat,lon,速度,方向,time,type
17240,30.814138888888888,122.6612222222222,7.7,38.0,2018-11-29 17:38:59,刺网
17240,30.82338888888889,122.66419444444445,6.9,1.0,2018-11-29 17:43:59,刺网
17240,30.832527777777766,122.66380555555556,7.0,13.0,2018-11-29 17:48:59,刺网
17240,30.841555555555548,122.66497222222222,6.0,4.0,2018-11-29 17:53:59,刺网
17240,30.848861111111113,122.66388888888888,0.6,0.0,2018-11-29 17:58:59,刺网
17240,30.848888888888887,122.66369444444445,0.1,0.0,2018-11-29 18:03:59,刺网
17240,30.849055555555548,122.66358333333334,0.2,0.0,2018-11-29 18:08:59,刺网
17240,30.849166666666665,122.66361111111112,0.1,0.0,2018-11-29 18:14:36,刺网
17240,30.849138888888888,122.66375,0.3,0.0,2018-11-29 18:18:58,刺网
17240,30.849027777777767,122.66391666666668,0.4,76.0,2018-11-29 18:23:58,刺网
17240,30.848888888888887,122.6640277777778,0.2,0.0,2018-11-29 18:28:58,刺网
17240,30.84875,122.66416666666667,0.3,257.0,2018-11-29 18:33:58,刺网
17240,30.84908333333333,122.66450000000002,0.5,24.0,2018-11-29 18:38:58,刺网
17240,30.84925,122.6645277777778,0.2,0.0,2018-11-29 18:43:58,刺网
17240,30.849,122.66450000000002,0.4,12.0,2018-11-29 18:48:58,刺网
17240,30.84908333333333,122.66455555555555,0.3,0.0,2018-11-29 18:53:58,刺网
17240,30.848888888888887,122.66441666666668,0.0,0.0,2018-11-29 18:58:58,刺网
17240,30.849055555555548,122.66450000000002,0.2,0.0,2018-11-29 19:03:58,刺网
17240,30.849027777777767,122.6645277777778,0.0,0.0,2018-11-29 19:08:58,刺网
17240,30.849,122.66444444444444,0.1,0.0,2018-11-29 19:13:58,刺网
17240,30.84897222222222,122.66425,0.5,186.0,2018-11-29 19:18:58,刺网
17240,30.848777777777766,122.66394444444445,0.5,250.0,2018-11-29 19:23:58,刺网
17240,30.848916666666664,122.66366666666669,0.3,0.0,2018-11-29 19:28:58,刺网
17240,30.849222222222213,122.66355555555555,0.3,304.0,2018-11-29 19:33:58,刺网
17240,30.849166666666665,122.66358333333334,0.0,0.0,2018-11-29 19:38:58,刺网
17240,30.84911111111111,122.66358333333334,0.1,0.0,2018-11-29 19:43:58,刺网
17240,30.84911111111111,122.66358333333334,0.3,259.0,2018-11-29 19:48:58,刺网
17240,30.849138888888888,122.66355555555555,0.2,0.0,2018-11-29 19:53:58,刺网
17240,30.849138888888888,122.66358333333334,0.1,0.0,2018-11-29 19:58:58,刺网
17240,30.84911111111111,122.66358333333334,0.2,0.0,2018-11-29 20:03:58,刺网
17240,30.849138888888888,122.66363888888893,0.1,0.0,2018-11-29 20:08:58,刺网
17240,30.84908333333333,122.66363888888893,0.2,0.0,2018-11-29 20:14:35,刺网
17240,30.849055555555548,122.66361111111112,0.4,47.0,2018-11-29 20:18:58,刺网
17240,30.84933333333333,122.66358333333334,0.2,0.0,2018-11-29 20:23:58,刺网
17240,30.849527777777766,122.66372222222223,0.1,0.0,2018-11-29 20:33:58,刺网
17240,30.849555555555554,122.66380555555556,0.1,0.0,2018-11-29 20:38:58,刺网
17240,30.84958333333333,122.66386111111113,0.0,0.0,2018-11-29 20:43:58,刺网
17240,30.84958333333333,122.66391666666668,0.0,0.0,2018-11-29 20:48:58,刺网
17240,30.84958333333333,122.66397222222223,0.1,0.0,2018-11-29 20:53:58,刺网
17240,30.84958333333333,122.66408333333334,0.1,0.0,2018-11-29 20:58:58,刺网
17240,30.8495,122.66433333333336,0.4,103.0,2018-11-29 21:03:57,刺网
17240,30.849166666666665,122.6645277777778,0.5,171.0,2018-11-29 21:08:58,刺网
17240,30.849138888888888,122.66455555555555,0.2,0.0,2018-11-29 21:13:58,刺网
17240,30.84925,122.66455555555555,0.3,0.0,2018-11-29 21:18:58,刺网
17240,30.84894444444444,122.66447222222223,0.3,0.0,2018-11-29 21:23:58,刺网
17240,30.84897222222222,122.6645277777778,0.0,0.0,2018-11-29 21:28:58,刺网
17240,30.849138888888888,122.66455555555555,0.0,0.0,2018-11-29 21:33:57,刺网
17240,30.84897222222222,122.66447222222223,0.2,0.0,2018-11-29 21:38:58,刺网
17240,30.84894444444444,122.66450000000002,0.1,0.0,2018-11-29 21:43:58,刺网
17240,30.849055555555548,122.66450000000002,0.1,0.0,2018-11-29 21:48:58,刺网
17240,30.84897222222222,122.66444444444444,0.0,0.0,2018-11-29 21:53:57,刺网
17240,30.848805555555558,122.66438888888894,0.0,0.0,2018-11-29 21:58:58,刺网
17240,30.84875,122.66425,0.3,0.0,2018-11-29 22:03:57,刺网
17240,30.84875,122.66411111111113,0.3,0.0,2018-11-29 22:08:57,刺网
17240,30.848777777777766,122.66422222222224,0.4,175.0,2018-11-29 22:14:35,刺网
17240,30.848805555555558,122.66427777777778,0.2,0.0,2018-11-29 22:18:57,刺网
17240,30.848861111111113,122.66433333333336,0.6,311.0,2018-11-29 22:23:58,刺网
17240,30.848805555555558,122.66430555555556,0.5,297.0,2018-11-29 22:28:58,刺网
17240,30.848805555555558,122.66419444444445,0.2,0.0,2018-11-29 22:33:57,刺网
17240,30.848861111111113,122.66405555555555,0.2,0.0,2018-11-29 22:38:58,刺网
17240,30.84883333333333,122.66388888888888,0.1,0.0,2018-11-29 22:43:58,刺网
17240,30.848888888888887,122.66366666666669,0.1,0.0,2018-11-29 22:48:58,刺网
17240,30.84908333333333,122.66358333333334,0.3,0.0,2018-11-29 22:53:57,刺网
17240,30.849222222222213,122.66355555555555,0.0,0.0,2018-11-29 22:58:57,刺网
17240,30.84936111111111,122.66361111111112,0.3,0.0,2018-11-29 23:03:57,刺网
17240,30.849416666666666,122.66363888888893,0.0,0.0,2018-11-29 23:08:57,刺网
17240,30.849472222222214,122.66372222222223,0.2,0.0,2018-11-29 23:13:56,刺网
17240,30.84944444444445,122.66369444444445,0.0,0.0,2018-11-29 23:18:57,刺网
17240,30.84936111111111,122.66363888888893,0.2,0.0,2018-11-29 23:23:57,刺网
17240,30.84927777777777,122.66355555555555,0.4,164.0,2018-11-29 23:28:57,刺网
17240,30.84927777777777,122.66355555555555,0.1,0.0,2018-11-29 23:33:56,刺网
17240,30.84933333333333,122.66361111111112,0.1,0.0,2018-11-29 23:38:56,刺网
17240,30.84944444444445,122.66366666666669,0.1,0.0,2018-11-29 23:43:56,刺网
17240,30.849527777777766,122.66383333333334,0.2,0.0,2018-11-29 23:48:56,刺网
17240,30.849555555555554,122.66383333333334,0.4,0.0,2018-11-29 23:53:56,刺网
17240,30.849416666666666,122.66366666666669,0.0,0.0,2018-11-29 23:58:56,刺网
17240,30.84894444444444,122.66366666666669,0.5,133.0,2018-11-30 00:08:57,刺网
17240,30.84897222222222,122.66366666666669,0.5,311.0,2018-11-30 00:14:34,刺网
17240,30.84925,122.66358333333334,0.2,0.0,2018-11-30 00:18:56,刺网
17240,30.84938888888889,122.66363888888893,0.2,0.0,2018-11-30 00:23:56,刺网
17240,30.84938888888889,122.66366666666669,0.0,0.0,2018-11-30 00:28:56,刺网
17240,30.84925,122.66361111111112,0.1,0.0,2018-11-30 00:33:56,刺网
17240,30.849027777777767,122.66358333333334,0.2,0.0,2018-11-30 00:38:56,刺网
17240,30.84894444444444,122.66361111111112,0.4,34.0,2018-11-30 00:43:56,刺网
17240,30.849055555555548,122.6635277777778,0.2,0.0,2018-11-30 00:48:56,刺网
17240,30.849166666666665,122.66355555555555,0.5,34.0,2018-11-30 00:53:56,刺网
17240,30.84919444444445,122.66355555555555,0.4,63.0,2018-11-30 00:58:56,刺网
17240,30.84919444444445,122.66355555555555,0.1,0.0,2018-11-30 01:03:56,刺网
17240,30.84908333333333,122.66355555555555,0.0,0.0,2018-11-30 01:08:56,刺网
17240,30.84927777777777,122.66355555555555,0.1,0.0,2018-11-30 01:13:56,刺网
17240,30.849416666666666,122.66363888888893,0.0,0.0,2018-11-30 01:18:56,刺网
17240,30.849416666666666,122.66369444444445,0.1,0.0,2018-11-30 01:23:56,刺网
17240,30.849416666666666,122.66372222222223,0.4,0.0,2018-11-30 01:28:56,刺网
17240,30.849527777777766,122.66380555555556,0.0,0.0,2018-11-30 01:33:55,刺网
17240,30.849416666666666,122.66366666666669,0.1,0.0,2018-11-30 01:38:56,刺网
17240,30.84936111111111,122.66361111111112,0.1,0.0,2018-11-30 01:43:56,刺网
17240,30.84925,122.66358333333334,0.2,0.0,2018-11-30 01:48:56,刺网
17240,30.849166666666665,122.66358333333334,0.2,0.0,2018-11-30 01:53:56,刺网
17240,30.84919444444445,122.66363888888893,0.3,0.0,2018-11-30 01:58:56,刺网
17240,30.849305555555553,122.66363888888893,0.1,0.0,2018-11-30 02:03:56,刺网
17240,30.84944444444445,122.66369444444445,0.1,0.0,2018-11-30 02:08:56,刺网
17240,30.84958333333333,122.66388888888888,0.2,0.0,2018-11-30 02:14:33,刺网
17240,30.849555555555554,122.66380555555556,0.3,0.0,2018-11-30 02:18:56,刺网
17240,30.849472222222214,122.66372222222223,0.2,0.0,2018-11-30 02:23:56,刺网
17240,30.849527777777766,122.66380555555556,0.2,0.0,2018-11-30 02:28:56,刺网
17240,30.849555555555554,122.66383333333334,0.4,250.0,2018-11-30 02:33:56,刺网
17240,30.849472222222214,122.66372222222223,0.2,0.0,2018-11-30 02:38:56,刺网
17240,30.8495,122.66380555555556,0.1,0.0,2018-11-30 02:43:56,刺网
17240,30.84933333333333,122.66386111111113,0.2,0.0,2018-11-30 02:48:56,刺网
17240,30.84908333333333,122.66386111111113,0.1,0.0,2018-11-30 02:53:56,刺网
17240,30.84897222222222,122.66375,0.1,0.0,2018-11-30 02:58:56,刺网
17240,30.849027777777767,122.66027777777781,7.6,306.0,2018-11-30 03:03:56,刺网
17240,30.858555555555558,122.66005555555556,7.3,19.0,2018-11-30 03:08:56,刺网
17240,30.86827777777778,122.66238888888893,6.8,50.0,2018-11-30 03:13:56,刺网
17240,30.87580555555556,122.66969444444445,6.9,42.0,2018-11-30 03:18:56,刺网
17240,30.884,122.67697222222222,6.8,46.0,2018-11-30 03:23:56,刺网
17240,30.890888888888888,122.68555555555555,7.0,53.0,2018-11-30 03:28:56,刺网
17240,30.89788888888889,122.69397222222223,7.6,50.0,2018-11-30 03:33:56,刺网
17240,30.90525,122.70227777777778,7.2,33.0,2018-11-30 03:38:56,刺网
17240,30.913916666666665,122.7090277777778,7.5,35.0,2018-11-30 03:43:56,刺网
17240,30.922277777777786,122.71683333333334,7.6,31.0,2018-11-30 03:48:56,刺网
17240,30.931472222222233,122.72416666666666,7.7,35.0,2018-11-30 03:53:56,刺网
17240,30.93888888888889,122.73336111111112,8.1,34.0,2018-11-30 03:58:55,刺网
17240,30.947916666666664,122.7415277777778,7.7,34.0,2018-11-30 04:03:55,刺网
17240,30.956055555555555,122.75044444444444,8.6,37.0,2018-11-30 04:08:55,刺网
17240,30.964722222222214,122.76116666666668,8.2,58.0,2018-11-30 04:14:33,刺网
17240,30.96941666666667,122.77083333333331,8.0,64.0,2018-11-30 04:18:55,刺网
17240,30.976111111111113,122.78105555555555,7.5,57.0,2018-11-30 04:23:55,刺网
17240,30.98386111111111,122.79033333333334,7.6,43.0,2018-11-30 04:28:55,刺网
17240,30.990027777777787,122.80061111111112,8.0,59.0,2018-11-30 04:33:55,刺网
17240,30.997777777777767,122.80980555555556,8.3,50.0,2018-11-30 04:38:55,刺网
17240,31.005916666666664,122.81852777777777,8.4,42.0,2018-11-30 04:43:55,刺网
17240,31.01475,122.82661111111106,8.3,43.0,2018-11-30 04:48:55,刺网
17240,31.02855555555556,122.84577777777777,8.0,52.0,2018-11-30 04:58:55,刺网
17240,31.035611111111113,122.85513888888887,7.7,38.0,2018-11-30 05:03:55,刺网
17240,31.044472222222232,122.8599722222222,7.0,357.0,2018-11-30 05:08:55,刺网
17240,31.05419444444445,122.85913888888888,7.2,357.0,2018-11-30 05:13:55,刺网
17240,31.064055555555555,122.8612222222222,7.3,12.0,2018-11-30 05:18:55,刺网
17240,31.073777777777767,122.8613611111111,7.3,15.0,2018-11-30 05:23:55,刺网
17240,31.0835,122.86177777777776,7.0,338.0,2018-11-30 05:28:55,刺网
17240,31.092972222222233,122.85930555555555,7.3,352.0,2018-11-30 05:33:55,刺网
17240,31.10280555555555,122.85858333333331,7.4,1.0,2018-11-30 05:38:55,刺网
17240,31.112527777777785,122.85730555555556,7.1,356.0,2018-11-30 05:43:55,刺网
17240,31.12175,122.85625,5.6,353.0,2018-11-30 05:48:55,刺网
17240,31.128777777777767,122.85294444444445,5.8,332.0,2018-11-30 05:53:55,刺网
17240,31.13425,122.8515,4.5,11.0,2018-11-30 05:58:55,刺网
17240,31.138416666666664,122.85163888888887,2.9,10.0,2018-11-30 06:03:55,刺网
17240,31.14263888888889,122.85166666666666,3.2,8.0,2018-11-30 06:08:55,刺网
17240,31.14725,122.85163888888887,2.9,348.0,2018-11-30 06:14:32,刺网
17240,31.15069444444444,122.85130555555556,2.8,351.0,2018-11-30 06:18:55,刺网
17240,31.15458333333333,122.85138888888888,2.6,358.0,2018-11-30 06:23:55,刺网
17240,31.158527777777767,122.85163888888887,3.0,353.0,2018-11-30 06:28:55,刺网
17240,31.16244444444445,122.8515,2.7,1.0,2018-11-30 06:33:55,刺网
17240,31.166305555555557,122.85138888888888,2.6,2.0,2018-11-30 06:38:55,刺网
17240,31.17011111111111,122.85127777777778,2.5,352.0,2018-11-30 06:43:55,刺网
17240,31.17391666666667,122.85127777777778,3.1,9.0,2018-11-30 06:48:55,刺网
17240,31.17766666666667,122.85141666666664,2.8,359.0,2018-11-30 06:53:55,刺网
17240,31.181444444444452,122.85130555555556,2.9,4.0,2018-11-30 06:58:55,刺网
17240,31.18380555555556,122.85125,1.4,11.0,2018-11-30 07:03:55,刺网
17240,31.18536111111111,122.85302777777777,1.3,121.0,2018-11-30 07:08:55,刺网
17240,31.184777777777786,122.85386111111107,3.4,328.0,2018-11-30 07:13:55,刺网
17240,31.190555555555555,122.85030555555555,3.2,269.0,2018-11-30 07:18:55,刺网
17240,31.1855,122.85127777777778,5.8,183.0,2018-11-30 07:23:55,刺网
17240,31.179444444444453,122.851,3.9,171.0,2018-11-30 07:28:55,刺网
17240,31.17447222222223,122.85119444444445,3.5,178.0,2018-11-30 07:33:55,刺网
17240,31.1695,122.85130555555556,3.4,184.0,2018-11-30 07:38:55,刺网
17240,31.164527777777767,122.85127777777778,3.7,181.0,2018-11-30 07:43:55,刺网
17240,31.15958333333333,122.85127777777778,3.3,191.0,2018-11-30 07:48:55,刺网
17240,31.15463888888889,122.851,3.6,183.0,2018-11-30 07:53:55,刺网
17240,31.149611111111113,122.85116666666669,3.5,174.0,2018-11-30 07:58:55,刺网
17240,31.14469444444445,122.85163888888887,3.6,183.0,2018-11-30 08:03:55,刺网
17240,31.139805555555554,122.85113888888887,3.8,178.0,2018-11-30 08:08:55,刺网
17240,31.13419444444445,122.85080555555555,3.5,182.0,2018-11-30 08:14:32,刺网
17240,31.12980555555556,122.8509722222222,3.5,187.0,2018-11-30 08:18:55,刺网
17240,31.12475,122.85088888888887,3.7,181.0,2018-11-30 08:23:54,刺网
17240,31.11958333333333,122.85091666666666,4.0,178.0,2018-11-30 08:28:54,刺网
17240,31.1145,122.8505,3.4,191.0,2018-11-30 08:33:54,刺网
17240,31.110527777777786,122.85094444444445,2.5,156.0,2018-11-30 08:38:54,刺网
17240,31.106805555555557,122.8532777777778,3.0,145.0,2018-11-30 08:43:54,刺网
17240,31.104722222222232,122.85488888888894,1.6,148.0,2018-11-30 08:48:54,刺网
17240,31.10886111111111,122.85375,0.8,344.0,2018-11-30 08:53:54,刺网
17240,31.10925,122.84933333333332,6.8,260.0,2018-11-30 08:58:54,刺网
17240,31.10894444444445,122.83902777777777,6.2,284.0,2018-11-30 09:03:54,刺网
17240,31.110833333333336,122.83483333333332,2.7,353.0,2018-11-30 09:08:54,刺网
17240,31.11494444444445,122.83569444444444,2.4,21.0,2018-11-30 09:13:54,刺网
17240,31.11816666666667,122.83611111111112,2.7,23.0,2018-11-30 09:18:54,刺网
17240,31.121333333333336,122.83713888888887,2.6,12.0,2018-11-30 09:23:54,刺网
17240,31.12455555555556,122.83625,2.3,340.0,2018-11-30 09:28:54,刺网
17240,31.127722222222232,122.83561111111106,2.8,16.0,2018-11-30 09:33:54,刺网
17240,31.13102777777778,122.83555555555556,2.7,9.0,2018-11-30 09:38:54,刺网
17240,31.13436111111111,122.8359722222222,2.2,3.0,2018-11-30 09:43:54,刺网
17240,31.137638888888887,122.83644444444445,2.4,9.0,2018-11-30 09:48:54,刺网
17240,31.141027777777786,122.83686111111106,2.6,7.0,2018-11-30 09:53:54,刺网
17240,31.144444444444453,122.83663888888887,2.6,3.0,2018-11-30 09:58:54,刺网
17240,31.147805555555554,122.83594444444445,2.7,355.0,2018-11-30 10:03:54,刺网
17240,31.15133333333333,122.83575,2.4,5.0,2018-11-30 10:08:54,刺网
17240,31.155277777777766,122.83552777777777,2.2,12.0,2018-11-30 10:14:31,刺网
17240,31.158277777777766,122.83555555555556,2.6,351.0,2018-11-30 10:18:54,刺网
17240,31.161722222222213,122.83530555555555,2.4,357.0,2018-11-30 10:23:54,刺网
17240,31.165166666666664,122.83552777777777,2.6,17.0,2018-11-30 10:28:54,刺网
17240,31.168555555555557,122.83558333333332,2.5,350.0,2018-11-30 10:33:54,刺网
17240,31.171944444444453,122.8355,2.5,347.0,2018-11-30 10:38:54,刺网
17240,31.175361111111112,122.83508333333332,2.7,338.0,2018-11-30 10:43:54,刺网
17240,31.178777777777785,122.83530555555555,2.3,3.0,2018-11-30 10:48:54,刺网
17240,31.182194444444452,122.83552777777777,1.5,356.0,2018-11-30 10:53:54,刺网
17240,31.183694444444445,122.83538888888887,0.8,348.0,2018-11-30 10:58:54,刺网
17240,31.183833333333336,122.83488888888887,1.1,157.0,2018-11-30 11:03:54,刺网
17240,31.18591666666667,122.83633333333331,5.3,2.0,2018-11-30 11:08:54,刺网
17240,31.19425,122.8352777777778,6.3,356.0,2018-11-30 11:13:54,刺网
17240,31.20255555555556,122.83497222222219,6.3,338.0,2018-11-30 11:18:54,刺网
17240,31.20363888888889,122.83505555555556,4.8,178.0,2018-11-30 11:23:54,刺网
17240,31.197555555555557,122.83533333333334,3.9,185.0,2018-11-30 11:28:54,刺网
17240,31.192638888888887,122.83580555555555,3.5,158.0,2018-11-30 11:33:54,刺网
17240,31.18775,122.83611111111112,3.6,179.0,2018-11-30 11:38:54,刺网
17240,31.18302777777778,122.83605555555555,3.6,185.0,2018-11-30 11:43:54,刺网
17240,31.17825,122.83594444444445,3.5,180.0,2018-11-30 11:48:54,刺网
17240,31.17352777777778,122.83561111111106,3.4,177.0,2018-11-30 11:53:54,刺网
17240,31.168944444444445,122.83511111111108,3.6,195.0,2018-11-30 11:58:54,刺网
17240,31.164361111111113,122.83519444444444,3.5,177.0,2018-11-30 12:03:54,刺网
17240,31.15983333333333,122.8352222222222,3.3,183.0,2018-11-30 12:08:54,刺网
17240,31.154888888888888,122.8354722222222,3.0,172.0,2018-11-30 12:14:31,刺网
17240,31.151055555555555,122.83583333333333,3.3,175.0,2018-11-30 12:18:54,刺网
17240,31.146694444444442,122.83611111111112,3.2,178.0,2018-11-30 12:23:54,刺网
17240,31.14238888888889,122.8365,3.0,173.0,2018-11-30 12:28:54,刺网
17240,31.13808333333333,122.83627777777778,3.2,179.0,2018-11-30 12:33:54,刺网
17240,31.133861111111113,122.83608333333332,2.5,178.0,2018-11-30 12:38:54,刺网
17240,31.129722222222235,122.83625,2.7,177.0,2018-11-30 12:43:54,刺网
17240,31.12691666666667,122.83616666666668,1.9,205.0,2018-11-30 12:48:54,刺网
17240,31.12461111111111,122.83588888888887,0.4,203.0,2018-11-30 12:53:53,刺网
17240,31.12463888888889,122.83452777777778,0.7,293.0,2018-11-30 12:58:53,刺网
17240,31.119944444444453,122.84041666666666,4.2,63.0,2018-11-30 13:08:53,刺网
17240,31.12536111111111,122.84055555555555,3.0,353.0,2018-11-30 13:13:53,刺网
17240,31.12980555555556,122.84105555555556,2.8,4.0,2018-11-30 13:18:53,刺网
17240,31.13883333333333,122.84113888888888,3.1,2.0,2018-11-30 13:28:53,刺网
17240,31.143361111111112,122.84136111111107,3.1,12.0,2018-11-30 13:33:53,刺网
17240,31.14788888888889,122.84088888888887,2.7,359.0,2018-11-30 13:38:53,刺网
17240,31.152527777777767,122.84072222222223,7.1,335.0,2018-11-30 13:43:54,刺网
17240,31.15694444444444,122.84097222222219,2.7,0.0,2018-11-30 13:48:57,刺网
17240,31.16188888888889,122.84113888888888,3.1,8.0,2018-11-30 13:54:22,刺网
17240,31.170638888888888,122.84086111111107,3.1,357.0,2018-11-30 14:03:53,刺网
17240,31.17525,122.84083333333332,3.5,349.0,2018-11-30 14:08:53,刺网
17240,31.18044444444445,122.84083333333332,3.4,357.0,2018-11-30 14:14:30,刺网
17240,31.189166666666665,122.84113888888888,3.2,4.0,2018-11-30 14:23:53,刺网
17240,31.19388888888889,122.84083333333332,3.4,347.0,2018-11-30 14:28:53,刺网
17240,31.20063888888889,122.83888888888887,2.2,354.0,2018-11-30 14:38:53,刺网
17240,31.201472222222232,122.83813888888888,1.2,299.0,2018-11-30 14:43:53,刺网
17240,31.20652777777777,122.84619444444445,1.9,186.0,2018-11-30 14:53:53,刺网
17240,31.198138888888888,122.84608333333333,2.7,168.0,2018-11-30 15:03:53,刺网
17240,31.19075,122.84611111111107,2.4,177.0,2018-11-30 15:13:53,刺网
17240,31.18708333333333,122.84583333333332,2.4,180.0,2018-11-30 15:18:53,刺网
17240,31.176277777777766,122.84569444444445,2.4,179.0,2018-11-30 15:33:53,刺网
17240,31.17275,122.84569444444445,2.6,180.0,2018-11-30 15:38:53,刺网
17240,31.169277777777786,122.84569444444445,2.3,178.0,2018-11-30 15:43:53,刺网
17240,31.165722222222207,122.84569444444445,2.4,170.0,2018-11-30 15:48:53,刺网
17240,31.16263888888889,122.8462222222222,1.0,193.0,2018-11-30 15:53:53,刺网
17240,31.16125,122.84597222222222,1.3,187.0,2018-11-30 15:58:53,刺网
17240,31.160916666666665,122.84527777777777,2.0,340.0,2018-11-30 16:03:53,刺网
17240,31.16266666666667,122.85311111111113,7.4,86.0,2018-11-30 16:08:53,刺网
17240,31.16402777777777,122.86561111111112,6.7,87.0,2018-11-30 16:14:30,刺网
17240,31.164277777777766,122.87525,6.5,114.0,2018-11-30 16:18:53,刺网
17240,31.164361111111113,122.88613888888894,7.1,89.0,2018-11-30 16:23:53,刺网
17240,31.167222222222215,122.89722222222224,7.9,65.0,2018-11-30 16:28:53,刺网
17240,31.170472222222234,122.9055,2.8,175.0,2018-11-30 16:33:53,刺网
17240,31.1665,122.90625,2.5,173.0,2018-11-30 16:38:53,刺网
17240,31.163027777777767,122.90663888888888,2.4,166.0,2018-11-30 16:43:53,刺网
17240,31.1595,122.90713888888894,2.5,177.0,2018-11-30 16:48:53,刺网
17240,31.155916666666666,122.90775,2.6,169.0,2018-11-30 16:53:53,刺网
17240,31.152361111111112,122.90833333333336,2.6,172.0,2018-11-30 16:58:53,刺网
17240,31.148694444444452,122.90847222222223,2.6,162.0,2018-11-30 17:03:53,刺网
17240,31.145055555555555,122.90869444444445,2.9,178.0,2018-11-30 17:08:53,刺网
17240,31.141333333333336,122.9087777777778,2.6,180.0,2018-11-30 17:13:53,刺网
17240,31.137611111111113,122.9087222222222,2.9,178.0,2018-11-30 17:18:52,刺网
17240,31.133805555555558,122.90886111111112,3.1,167.0,2018-11-30 17:23:52,刺网
17240,31.129972222222232,122.90902777777778,2.6,181.0,2018-11-30 17:28:52,刺网
17240,31.12688888888889,122.90947222222222,1.6,132.0,2018-11-30 17:33:52,刺网
17240,31.12563888888889,122.91133333333332,2.0,109.0,2018-11-30 17:38:52,刺网
17240,31.12583333333333,122.9127777777778,1.2,30.0,2018-11-30 17:43:52,刺网
17240,31.12683333333333,122.91375,0.8,49.0,2018-11-30 17:48:52,刺网
17240,31.1195,122.91572222222223,6.9,168.0,2018-11-30 17:53:52,刺网
17240,31.110722222222233,122.91363888888893,6.2,231.0,2018-11-30 17:58:52,刺网
17240,31.106638888888888,122.91161111111113,2.6,6.0,2018-11-30 18:03:52,刺网
17240,31.11197222222223,122.91113888888887,2.8,350.0,2018-11-30 18:08:52,刺网
17240,31.116805555555555,122.90986111111113,3.4,355.0,2018-11-30 18:14:29,刺网
17240,31.125138888888888,122.90880555555556,3.0,355.0,2018-11-30 18:23:52,刺网
17240,31.12961111111111,122.90902777777778,3.4,12.0,2018-11-30 18:28:52,刺网
17240,31.13405555555555,122.90888888888892,3.0,354.0,2018-11-30 18:33:52,刺网
17240,31.138527777777767,122.90905555555555,3.4,10.0,2018-11-30 18:38:52,刺网
17240,31.142972222222234,122.90938888888893,3.3,4.0,2018-11-30 18:43:52,刺网
17240,31.14741666666667,122.90986111111113,3.2,9.0,2018-11-30 18:48:52,刺网
17240,31.151805555555548,122.91030555555555,3.1,7.0,2018-11-30 18:53:52,刺网
17240,31.158916666666666,122.91161111111113,2.0,29.0,2018-11-30 19:03:52,刺网
17240,31.16119444444445,122.91338888888893,0.9,58.0,2018-11-30 19:08:52,刺网
17240,31.161805555555553,122.91436111111112,0.9,40.0,2018-11-30 19:13:52,刺网
17240,31.16413888888889,122.91022222222223,5.7,305.0,2018-11-30 19:18:52,刺网
17240,31.16319444444445,122.90583333333332,3.6,193.0,2018-11-30 19:23:52,刺网
17240,31.15886111111111,122.90625,2.9,167.0,2018-11-30 19:28:52,刺网
17240,31.150305555555555,122.90591666666668,3.0,185.0,2018-11-30 19:38:51,刺网
17240,31.14597222222222,122.90605555555555,3.2,179.0,2018-11-30 19:43:52,刺网
17240,31.14161111111111,122.90636111111112,2.8,182.0,2018-11-30 19:48:52,刺网
17240,31.13725,122.9067777777778,3.0,177.0,2018-11-30 19:53:52,刺网
17240,31.13283333333333,122.90730555555555,2.9,183.0,2018-11-30 19:58:52,刺网
17240,31.12838888888889,122.90763888888887,3.5,165.0,2018-11-30 20:03:52,刺网
17240,31.124027777777766,122.90755555555555,3.1,178.0,2018-11-30 20:08:52,刺网
17240,31.11925,122.90727777777781,3.1,181.0,2018-11-30 20:14:29,刺网
17240,31.11683333333333,122.90808333333334,1.7,140.0,2018-11-30 20:18:52,刺网
17240,31.11513888888889,122.91113888888887,2.0,94.0,2018-11-30 20:23:52,刺网
17240,31.115472222222234,122.91272222222223,3.9,171.0,2018-11-30 20:28:52,刺网
17240,31.110555555555557,122.90858333333334,5.5,210.0,2018-11-30 20:33:52,刺网
17240,31.11125,122.90216666666667,5.8,305.0,2018-11-30 20:38:52,刺网
17240,31.115472222222234,122.89436111111112,6.4,332.0,2018-11-30 20:43:52,刺网
17240,31.122666666666664,122.88902777777778,5.5,334.0,2018-11-30 20:48:52,刺网
17240,31.12811111111111,122.88427777777778,2.7,354.0,2018-11-30 20:53:52,刺网
17240,31.12852777777778,122.88450000000002,1.0,115.0,2018-11-30 20:58:52,刺网
17240,31.12825,122.88447222222223,0.1,0.0,2018-11-30 21:03:52,刺网
17240,31.128166666666665,122.88447222222223,0.5,41.0,2018-11-30 21:08:52,刺网
17240,31.128138888888888,122.88444444444444,0.2,0.0,2018-11-30 21:13:52,刺网
17240,31.128166666666665,122.88444444444444,0.3,0.0,2018-11-30 21:18:52,刺网
17240,31.128138888888888,122.88444444444444,0.4,274.0,2018-11-30 21:23:52,刺网
17240,31.128138888888888,122.88444444444444,0.3,0.0,2018-11-30 21:28:52,刺网
17240,31.128138888888888,122.88444444444444,0.1,0.0,2018-11-30 21:33:52,刺网
17240,31.12811111111111,122.88444444444444,0.8,249.0,2018-11-30 21:38:52,刺网
17240,31.128138888888888,122.88444444444444,0.0,0.0,2018-11-30 21:43:52,刺网
17240,31.12808333333333,122.88441666666668,0.3,0.0,2018-11-30 21:48:51,刺网
17240,31.12808333333333,122.88444444444444,0.3,0.0,2018-11-30 21:53:51,刺网
17240,31.12808333333333,122.88441666666668,0.2,0.0,2018-11-30 21:58:51,刺网
17240,31.12811111111111,122.88444444444444,0.2,0.0,2018-11-30 22:03:51,刺网
17240,31.12808333333333,122.88444444444444,0.2,0.0,2018-11-30 22:08:51,刺网
17240,31.128055555555555,122.88441666666668,0.7,40.0,2018-11-30 22:14:29,刺网
17240,31.128055555555555,122.88444444444444,0.1,0.0,2018-11-30 22:18:51,刺网
17240,31.128000000000004,122.88441666666668,0.9,165.0,2018-11-30 22:23:51,刺网
17240,31.12802777777778,122.88441666666668,0.6,163.0,2018-11-30 22:28:51,刺网
17240,31.128000000000004,122.88444444444444,0.1,0.0,2018-11-30 22:33:51,刺网
17240,31.127972222222233,122.88438888888888,0.5,6.0,2018-11-30 22:38:51,刺网
17240,31.127972222222233,122.88438888888888,0.5,70.0,2018-11-30 22:43:51,刺网
17240,31.127972222222233,122.88438888888888,0.1,0.0,2018-11-30 22:48:51,刺网
17240,31.127944444444445,122.88436111111113,0.2,0.0,2018-11-30 22:53:51,刺网
17240,31.12791666666667,122.88436111111113,0.2,0.0,2018-11-30 22:58:51,刺网
17240,31.127944444444445,122.88436111111113,0.3,0.0,2018-11-30 23:03:51,刺网
17240,31.128000000000004,122.88438888888888,0.3,0.0,2018-11-30 23:08:51,刺网
17240,31.127944444444445,122.88433333333334,0.2,0.0,2018-11-30 23:13:51,刺网
17240,31.128000000000004,122.88438888888888,0.8,195.0,2018-11-30 23:18:51,刺网
17240,31.127944444444445,122.88438888888888,0.2,0.0,2018-11-30 23:23:51,刺网
17240,31.12791666666667,122.88438888888888,0.5,0.0,2018-11-30 23:28:51,刺网
17240,31.12802777777778,122.88438888888888,0.2,0.0,2018-11-30 23:33:51,刺网
17240,31.12808333333333,122.88438888888888,0.6,163.0,2018-11-30 23:38:51,刺网
17240,31.128000000000004,122.88436111111113,1.0,145.0,2018-11-30 23:43:51,刺网
17240,31.128000000000004,122.88436111111113,0.2,0.0,2018-11-30 23:48:51,刺网
17240,31.128000000000004,122.88433333333334,0.5,0.0,2018-11-30 23:53:51,刺网
17240,31.128000000000004,122.88438888888888,0.0,0.0,2018-11-30 23:58:50,刺网
17240,31.12802777777778,122.88438888888888,0.5,253.0,2018-12-01 00:03:50,刺网
17240,31.127944444444445,122.88433333333334,0.5,0.0,2018-12-01 00:08:51,刺网
17240,31.128000000000004,122.88438888888888,0.1,0.0,2018-12-01 00:14:28,刺网
17240,31.128000000000004,122.88438888888888,0.1,0.0,2018-12-01 00:18:51,刺网
17240,31.12802777777778,122.88438888888888,0.3,0.0,2018-12-01 00:23:51,刺网
17240,31.12808333333333,122.88444444444444,0.1,0.0,2018-12-01 00:28:51,刺网
17240,31.12808333333333,122.88441666666668,0.3,0.0,2018-12-01 00:33:51,刺网
17240,31.128055555555555,122.88441666666668,0.2,0.0,2018-12-01 00:38:51,刺网
17240,31.12811111111111,122.88447222222223,0.3,0.0,2018-12-01 00:43:51,刺网
17240,31.128138888888888,122.88447222222223,0.3,0.0,2018-12-01 00:48:51,刺网
17240,31.12819444444445,122.88447222222223,0.5,69.0,2018-12-01 00:53:51,刺网
17240,31.12822222222222,122.88450000000002,0.1,0.0,2018-12-01 00:58:51,刺网
17240,31.12833333333333,122.8845277777778,0.4,0.0,2018-12-01 01:03:51,刺网
17240,31.12825,122.88447222222223,0.2,0.0,2018-12-01 01:08:51,刺网
17240,31.12830555555556,122.88450000000002,0.9,241.0,2018-12-01 01:13:51,刺网
17240,31.128416666666666,122.88450000000002,0.0,0.0,2018-12-01 01:18:51,刺网
17240,31.12858333333333,122.88450000000002,0.2,0.0,2018-12-01 01:23:51,刺网
17240,31.12852777777778,122.88450000000002,0.1,0.0,2018-12-01 01:28:51,刺网
17240,31.128555555555558,122.88447222222223,0.4,339.0,2018-12-01 01:33:51,刺网
17240,31.128611111111113,122.88441666666668,0.2,0.0,2018-12-01 01:38:51,刺网
17240,31.12866666666667,122.88438888888888,0.4,0.0,2018-12-01 01:43:51,刺网
17240,31.128777777777767,122.88433333333334,0.4,98.0,2018-12-01 01:48:51,刺网
17240,31.128722222222233,122.88427777777778,0.2,0.0,2018-12-01 01:53:51,刺网
17240,31.12875,122.88411111111112,0.9,327.0,2018-12-01 01:58:51,刺网
17240,31.128916666666665,122.88402777777776,0.5,215.0,2018-12-01 02:03:51,刺网
17240,31.128833333333336,122.88391666666666,0.2,0.0,2018-12-01 02:08:51,刺网
17240,31.12894444444445,122.88375,0.0,0.0,2018-12-01 02:14:28,刺网
17240,31.128916666666665,122.88372222222223,1.3,187.0,2018-12-01 02:18:50,刺网
17240,31.12897222222222,122.88358333333332,1.0,259.0,2018-12-01 02:23:50,刺网
17240,31.129055555555553,122.88338888888893,0.2,0.0,2018-12-01 02:28:50,刺网
17240,31.12908333333333,122.88338888888893,0.3,0.0,2018-12-01 02:33:50,刺网
17240,31.129055555555553,122.88333333333334,0.9,12.0,2018-12-01 02:38:50,刺网
17240,31.129055555555553,122.88336111111113,0.7,191.0,2018-12-01 02:43:50,刺网
17240,31.12913888888889,122.88333333333334,0.5,110.0,2018-12-01 02:48:50,刺网
17240,31.129055555555553,122.88344444444445,0.3,0.0,2018-12-01 02:53:50,刺网
17240,31.12908333333333,122.88341666666668,1.3,201.0,2018-12-01 02:58:50,刺网
17240,31.12913888888889,122.88322222222222,0.6,185.0,2018-12-01 03:03:50,刺网
17240,31.12913888888889,122.88330555555555,0.8,175.0,2018-12-01 03:08:50,刺网
17240,31.12913888888889,122.88322222222222,0.2,0.0,2018-12-01 03:13:50,刺网
17240,31.12911111111111,122.88330555555555,0.4,86.0,2018-12-01 03:18:50,刺网
17240,31.12913888888889,122.88333333333334,0.2,0.0,2018-12-01 03:23:50,刺网
17240,31.129166666666666,122.88327777777776,0.4,34.0,2018-12-01 03:28:50,刺网
17240,31.128916666666665,122.88344444444445,0.2,0.0,2018-12-01 03:33:50,刺网
17240,31.12919444444445,122.88163888888887,6.1,274.0,2018-12-01 03:38:50,刺网
17240,31.12822222222222,122.87188888888888,6.1,276.0,2018-12-01 03:43:50,刺网
17240,31.126166666666666,122.86202777777777,6.2,252.0,2018-12-01 03:48:50,刺网
17240,31.122972222222234,122.8545,6.1,260.0,2018-12-01 03:53:50,刺网
17240,31.11938888888889,122.84841666666668,6.0,243.0,2018-12-01 03:58:50,刺网
17240,31.119,122.84102777777777,7.0,22.0,2018-12-01 04:03:50,刺网
17240,31.125027777777767,122.85005555555556,7.5,51.0,2018-12-01 04:08:50,刺网
17240,31.13102777777778,122.86124999999998,7.4,46.0,2018-12-01 04:14:27,刺网
17240,31.13511111111111,122.87061111111113,7.0,49.0,2018-12-01 04:18:50,刺网
17240,31.140638888888887,122.88061111111112,7.7,63.0,2018-12-01 04:23:50,刺网
17240,31.147277777777767,122.88977777777781,6.9,50.0,2018-12-01 04:28:50,刺网
17240,31.155055555555553,122.89744444444445,7.4,35.0,2018-12-01 04:33:50,刺网
17240,31.16447222222222,122.90180555555555,6.6,8.0,2018-12-01 04:38:49,刺网
17240,31.174138888888887,122.90544444444444,7.0,5.0,2018-12-01 04:43:50,刺网
17240,31.17511111111111,122.90725,1.8,142.0,2018-12-01 04:48:50,刺网
17240,31.17116666666667,122.90763888888887,2.8,172.0,2018-12-01 04:53:50,刺网
17240,31.167472222222226,122.90769444444445,2.6,181.0,2018-12-01 04:58:50,刺网
17240,31.163777777777767,122.9080277777778,2.9,163.0,2018-12-01 05:03:50,刺网
17240,31.160055555555555,122.9085277777778,2.6,174.0,2018-12-01 05:08:50,刺网
17240,31.15622222222222,122.90886111111112,2.9,191.0,2018-12-01 05:13:50,刺网
17240,31.1525,122.90930555555555,2.7,160.0,2018-12-01 05:18:50,刺网
17240,31.148777777777767,122.90983333333334,2.8,180.0,2018-12-01 05:23:50,刺网
17240,31.14508333333333,122.91058333333334,3.3,167.0,2018-12-01 05:28:50,刺网
17240,31.141333333333336,122.91127777777778,2.9,176.0,2018-12-01 05:33:50,刺网
17240,31.137555555555554,122.91202777777778,2.4,158.0,2018-12-01 05:38:50,刺网
17240,31.13369444444445,122.91255555555556,3.0,182.0,2018-12-01 05:43:50,刺网
17240,31.12975,122.91291666666666,2.4,183.0,2018-12-01 05:48:50,刺网
17240,31.12583333333333,122.91302777777777,2.5,182.0,2018-12-01 05:53:50,刺网
17240,31.121944444444445,122.91361111111112,3.2,166.0,2018-12-01 05:58:50,刺网
17240,31.11813888888889,122.91461111111113,2.8,160.0,2018-12-01 06:03:50,刺网
17240,31.114611111111113,122.91591666666667,1.5,156.0,2018-12-01 06:08:50,刺网
17240,31.113194444444453,122.9172222222222,0.8,133.0,2018-12-01 06:14:27,刺网
17240,31.11225,122.91827777777776,0.9,82.0,2018-12-01 06:18:50,刺网
17240,31.11219444444445,122.9187777777778,0.6,81.0,2018-12-01 06:23:50,刺网
17240,31.11183333333333,122.91886111111113,4.1,280.0,2018-12-01 06:28:50,刺网
17240,31.110166666666668,122.91008333333336,6.0,301.0,2018-12-01 06:33:50,刺网
17240,31.113861111111113,122.90786111111113,2.6,358.0,2018-12-01 06:38:50,刺网
17240,31.123305555555557,122.90738888888893,3.0,351.0,2018-12-01 06:48:49,刺网
17240,31.12733333333333,122.90672222222223,3.1,356.0,2018-12-01 06:53:49,刺网
17240,31.1315,122.90658333333334,2.8,11.0,2018-12-01 06:58:49,刺网
17240,31.13555555555555,122.90666666666668,2.9,357.0,2018-12-01 07:03:49,刺网
17240,31.13952777777777,122.90683333333334,2.8,1.0,2018-12-01 07:08:49,刺网
17240,31.1435,122.90705555555556,2.8,4.0,2018-12-01 07:13:49,刺网
17240,31.147361111111113,122.90775,2.9,13.0,2018-12-01 07:18:49,刺网
17240,31.151194444444442,122.90838888888894,2.7,10.0,2018-12-01 07:23:49,刺网
17240,31.154888888888888,122.90913888888888,2.6,6.0,2018-12-01 07:28:49,刺网
17240,31.158527777777767,122.91033333333334,2.6,27.0,2018-12-01 07:33:49,刺网
17240,31.16188888888889,122.91236111111112,3.0,39.0,2018-12-01 07:38:49,刺网
17240,31.1645,122.91475,1.5,37.0,2018-12-01 07:43:49,刺网
17240,31.16494444444445,122.9172222222222,1.8,81.0,2018-12-01 07:48:49,刺网
17240,31.16383333333333,122.91861111111113,0.2,0.0,2018-12-01 07:53:49,刺网
17240,31.162777777777766,122.91916666666668,4.0,206.0,2018-12-01 07:58:49,刺网
17240,31.166305555555557,122.9115277777778,5.8,322.0,2018-12-01 08:03:49,刺网
17240,31.1725,122.90586111111112,5.7,284.0,2018-12-01 08:08:49,刺网
17240,31.167333333333332,122.90388888888893,4.9,194.0,2018-12-01 08:14:26,刺网
17240,31.162138888888887,122.90361111111113,3.2,184.0,2018-12-01 08:18:49,刺网
17240,31.157305555555553,122.90383333333334,3.0,172.0,2018-12-01 08:23:49,刺网
17240,31.1525,122.90425,3.6,174.0,2018-12-01 08:28:49,刺网
17240,31.147666666666666,122.90466666666669,3.6,164.0,2018-12-01 08:33:49,刺网
17240,31.142861111111113,122.90547222222223,3.4,176.0,2018-12-01 08:38:49,刺网
17240,31.13808333333333,122.90630555555555,3.4,171.0,2018-12-01 08:43:49,刺网
17240,31.13333333333333,122.90716666666668,3.6,180.0,2018-12-01 08:48:49,刺网
17240,31.12852777777778,122.90777777777778,3.5,176.0,2018-12-01 08:53:49,刺网
17240,31.12375,122.90805555555555,3.3,169.0,2018-12-01 08:58:49,刺网
17240,31.119,122.90833333333336,3.3,171.0,2018-12-01 09:03:48,刺网
17240,31.115333333333336,122.90908333333334,1.8,165.0,2018-12-01 09:08:49,刺网
17240,31.112416666666668,122.90991666666667,2.8,182.0,2018-12-01 09:13:49,刺网
17240,31.11058333333333,122.91047222222224,0.5,0.0,2018-12-01 09:18:49,刺网
17240,31.108277777777786,122.90830555555556,7.4,256.0,2018-12-01 09:23:49,刺网
17240,31.10747222222223,122.89686111111112,7.5,262.0,2018-12-01 09:28:49,刺网
17240,31.107111111111113,122.88522222222224,6.9,265.0,2018-12-01 09:33:49,刺网
17240,31.11069444444445,122.87661111111107,6.6,337.0,2018-12-01 09:38:49,刺网
17240,31.11786111111111,122.87024999999998,6.8,333.0,2018-12-01 09:43:49,刺网
17240,31.125138888888888,122.86408333333333,7.0,327.0,2018-12-01 09:48:49,刺网
17240,31.127388888888888,122.8552222222222,4.2,344.0,2018-12-01 09:53:49,刺网
17240,31.13158333333333,122.85416666666666,2.7,348.0,2018-12-01 09:58:49,刺网
17240,31.13525,122.8545277777778,3.0,13.0,2018-12-01 10:03:49,刺网
17240,31.13891666666667,122.85477777777778,2.6,14.0,2018-12-01 10:08:49,刺网
17240,31.142916666666665,122.85488888888894,2.7,4.0,2018-12-01 10:14:26,刺网
17240,31.146,122.85505555555555,2.2,14.0,2018-12-01 10:18:49,刺网
17240,31.149527777777767,122.85491666666668,3.0,341.0,2018-12-01 10:23:49,刺网
17240,31.153,122.85494444444444,2.8,5.0,2018-12-01 10:28:49,刺网
17240,31.156555555555553,122.85486111111106,3.7,341.0,2018-12-01 10:33:49,刺网
17240,31.160027777777767,122.85488888888894,2.6,2.0,2018-12-01 10:38:49,刺网
17240,31.1635,122.855,2.4,355.0,2018-12-01 10:43:49,刺网
17240,31.16697222222223,122.855,2.7,356.0,2018-12-01 10:48:49,刺网
17240,31.170472222222234,122.8547222222222,2.6,10.0,2018-12-01 10:53:49,刺网
17240,31.173972222222233,122.85486111111106,3.4,343.0,2018-12-01 10:58:49,刺网
17240,31.177527777777787,122.85475,2.9,345.0,2018-12-01 11:03:49,刺网
17240,31.17988888888889,122.85388888888887,2.2,0.0,2018-12-01 11:08:49,刺网
17240,31.181222222222214,122.85283333333334,1.9,263.0,2018-12-01 11:13:48,刺网
17240,31.180944444444453,122.85125,1.4,206.0,2018-12-01 11:18:48,刺网
17240,31.17961111111111,122.84580555555556,8.2,277.0,2018-12-01 11:23:48,刺网
17240,31.179277777777767,122.83355555555555,7.9,257.0,2018-12-01 11:28:48,刺网
17240,31.17908333333333,122.82163888888887,7.6,265.0,2018-12-01 11:33:48,刺网
17240,31.178777777777785,122.80922222222223,7.8,262.0,2018-12-01 11:38:48,刺网
17240,31.176388888888887,122.79705555555556,7.7,250.0,2018-12-01 11:43:48,刺网
17240,31.17369444444445,122.78480555555555,7.8,249.0,2018-12-01 11:48:48,刺网
17240,31.172,122.77313888888894,8.3,249.0,2018-12-01 11:53:48,刺网
17240,31.17216666666667,122.76080555555555,7.6,274.0,2018-12-01 11:58:48,刺网
17240,31.172638888888887,122.74847222222222,7.6,276.0,2018-12-01 12:03:48,刺网
17240,31.174944444444453,122.7435277777778,2.0,342.0,2018-12-01 12:08:48,刺网
17240,31.179527777777786,122.743,2.3,16.0,2018-12-01 12:14:25,刺网
17240,31.1825,122.74294444444445,2.2,12.0,2018-12-01 12:18:48,刺网
17240,31.185972222222233,122.74316666666668,1.9,15.0,2018-12-01 12:23:48,刺网
17240,31.189472222222214,122.74302777777777,2.6,341.0,2018-12-01 12:28:48,刺网
17240,31.19308333333333,122.743,2.7,3.0,2018-12-01 12:33:48,刺网
17240,31.19675,122.74305555555556,4.1,317.0,2018-12-01 12:38:48,刺网
17240,31.20063888888889,122.743,3.4,346.0,2018-12-01 12:44:16,刺网
17240,31.20397222222222,122.74286111111113,2.9,355.0,2018-12-01 12:48:48,刺网
17240,31.207638888888887,122.74311111111112,3.4,347.0,2018-12-01 12:53:48,刺网
17240,31.211333333333336,122.74305555555556,3.0,3.0,2018-12-01 12:58:48,刺网
17240,31.215,122.74305555555556,3.0,342.0,2018-12-01 13:03:48,刺网
17240,31.21869444444444,122.74283333333334,2.4,355.0,2018-12-01 13:08:48,刺网
17240,31.22241666666667,122.743,2.5,15.0,2018-12-01 13:13:48,刺网
17240,31.224888888888888,122.74316666666668,1.5,328.0,2018-12-01 13:18:48,刺网
17240,31.22661111111111,122.74208333333333,1.5,331.0,2018-12-01 13:23:48,刺网
17240,31.22675,122.74080555555555,0.8,303.0,2018-12-01 13:28:48,刺网
17240,31.226805555555554,122.7384722222222,6.3,194.0,2018-12-01 13:33:47,刺网
17240,31.21716666666667,122.73775,6.1,145.0,2018-12-01 13:38:47,刺网
17240,31.208111111111112,122.73419444444444,7.9,216.0,2018-12-01 13:43:48,刺网
17240,31.198833333333337,122.72855555555556,7.3,198.0,2018-12-01 13:48:48,刺网
17240,31.19005555555556,122.72211111111113,7.7,206.0,2018-12-01 13:53:48,刺网
17240,31.18030555555556,122.71727777777778,8.4,201.0,2018-12-01 13:58:48,刺网
17240,31.170638888888888,122.71158333333334,7.9,215.0,2018-12-01 14:03:48,刺网
17240,31.160972222222213,122.70611111111113,8.3,206.0,2018-12-01 14:08:48,刺网
17240,31.149361111111112,122.70172222222223,8.3,194.0,2018-12-01 14:14:25,刺网
17240,31.14044444444444,122.69808333333332,8.1,196.0,2018-12-01 14:18:48,刺网
17240,31.130111111111113,122.69458333333333,7.8,197.0,2018-12-01 14:23:48,刺网
17240,31.119888888888887,122.69013888888887,7.5,201.0,2018-12-01 14:28:48,刺网
17240,31.10961111111111,122.68769444444445,8.3,200.0,2018-12-01 14:33:48,刺网
17240,31.099972222222235,122.68175,8.4,204.0,2018-12-01 14:38:48,刺网
17240,31.090555555555554,122.67444444444445,8.3,215.0,2018-12-01 14:43:48,刺网
17240,31.080472222222234,122.66944444444445,7.8,201.0,2018-12-01 14:48:48,刺网
17240,31.07008333333333,122.66616666666668,7.6,192.0,2018-12-01 14:53:48,刺网
17240,31.05988888888889,122.66311111111112,7.5,197.0,2018-12-01 14:58:48,刺网
17240,31.04969444444445,122.66127777777778,7.4,197.0,2018-12-01 15:03:48,刺网
17240,31.03955555555555,122.6597777777778,7.5,183.0,2018-12-01 15:08:48,刺网
17240,31.02944444444445,122.65769444444445,7.3,187.0,2018-12-01 15:13:48,刺网
17240,31.0195,122.65666666666668,6.8,183.0,2018-12-01 15:18:48,刺网
17240,31.009472222222215,122.65386111111113,7.9,205.0,2018-12-01 15:23:48,刺网
17240,30.99963888888889,122.64930555555556,7.7,203.0,2018-12-01 15:28:48,刺网
17240,30.98983333333333,122.64463888888888,7.4,194.0,2018-12-01 15:33:48,刺网
17240,30.980027777777767,122.64036111111112,8.0,206.0,2018-12-01 15:38:47,刺网
17240,30.970277777777767,122.63591666666667,7.6,199.0,2018-12-01 15:43:47,刺网
17240,30.960666666666665,122.63213888888887,7.7,202.0,2018-12-01 15:48:47,刺网
17240,30.951138888888888,122.62805555555555,6.9,198.0,2018-12-01 15:53:47,刺网
17240,30.94158333333333,122.62577777777777,7.0,191.0,2018-12-01 15:58:47,刺网
17240,30.932,122.62202777777777,7.3,201.0,2018-12-01 16:03:47,刺网
17240,30.92286111111111,122.61586111111107,7.6,212.0,2018-12-01 16:08:47,刺网
17240,30.913055555555548,122.60797222222222,7.7,223.0,2018-12-01 16:14:25,刺网
17240,30.905416666666664,122.60197222222222,8.2,218.0,2018-12-01 16:18:47,刺网
17240,30.896472222222233,122.59525,7.4,211.0,2018-12-01 16:23:47,刺网
17240,30.887638888888887,122.58813888888888,7.6,202.0,2018-12-01 16:28:47,刺网
17240,30.87880555555556,122.58197222222222,7.0,208.0,2018-12-01 16:33:47,刺网
17240,30.87025,122.57519444444445,8.6,234.0,2018-12-01 16:38:47,刺网
17240,30.860916666666668,122.57136111111107,7.2,208.0,2018-12-01 16:43:47,刺网
17240,30.851194444444445,122.56805555555556,7.7,188.0,2018-12-01 16:48:47,刺网
17240,30.84083333333333,122.56647222222222,7.3,190.0,2018-12-01 16:53:47,刺网
17240,30.83083333333333,122.56336111111106,7.5,203.0,2018-12-01 16:58:47,刺网
17240,30.82175,122.56119444444445,6.6,195.0,2018-12-01 17:03:47,刺网
17240,30.81288888888889,122.55855555555556,6.8,188.0,2018-12-01 17:08:47,刺网
17240,30.80352777777778,122.55505555555555,7.1,189.0,2018-12-01 17:13:47,刺网
17240,30.79411111111111,122.55261111111106,6.9,187.0,2018-12-01 17:18:47,刺网
17240,30.78475000000001,122.54930555555555,7.1,194.0,2018-12-01 17:23:47,刺网
17240,30.77555555555556,122.54508333333334,6.5,177.0,2018-12-01 17:28:47,刺网
17240,30.766305555555558,122.54538888888888,6.5,172.0,2018-12-01 17:33:47,刺网
17240,30.756999999999998,122.54513888888887,6.8,184.0,2018-12-01 17:38:47,刺网
17240,30.74763888888889,122.54291666666666,7.0,209.0,2018-12-01 17:43:47,刺网
17240,30.738972222222234,122.53861111111112,7.0,193.0,2018-12-01 17:48:47,刺网
17240,30.73,122.53769444444444,6.7,167.0,2018-12-01 17:53:47,刺网
17240,30.72094444444444,122.53983333333332,5.9,163.0,2018-12-01 17:58:46,刺网
17240,30.71238888888889,122.54169444444445,6.7,196.0,2018-12-01 18:03:47,刺网
17240,30.69716666666667,122.52961111111112,6.3,236.0,2018-12-01 18:14:24,刺网
17240,30.694305555555548,122.52077777777778,6.8,263.0,2018-12-01 18:18:47,刺网
17240,30.692972222222235,122.50997222222222,6.8,264.0,2018-12-01 18:23:47,刺网
17240,30.692027777777767,122.49888888888887,7.0,258.0,2018-12-01 18:28:47,刺网
17240,30.69075,122.48744444444445,7.7,270.0,2018-12-01 18:33:47,刺网
17240,30.68936111111111,122.47594444444445,7.3,247.0,2018-12-01 18:38:47,刺网
17240,30.686277777777768,122.4652222222222,6.7,236.0,2018-12-01 18:43:47,刺网
17240,30.686888888888888,122.45438888888887,6.8,292.0,2018-12-01 18:48:47,刺网
17240,30.69208333333333,122.44680555555556,4.9,310.0,2018-12-01 18:53:47,刺网
17240,30.6965,122.44691666666668,0.6,49.0,2018-12-01 18:58:47,刺网
17240,30.6965,122.44691666666668,0.1,0.0,2018-12-01 19:03:47,刺网
17240,30.69408333333333,122.44608333333332,4.5,158.0,2018-12-01 19:08:47,刺网
17240,30.68636111111111,122.45116666666668,7.2,161.0,2018-12-01 19:13:47,刺网
17240,30.6775,122.45066666666666,6.5,201.0,2018-12-01 19:18:47,刺网
17240,30.668138888888887,122.44788888888893,7.1,207.0,2018-12-01 19:23:47,刺网
17240,30.652277777777766,122.4352222222222,7.2,193.0,2018-12-01 19:33:46,刺网
17240,30.641861111111112,122.43380555555555,7.5,183.0,2018-12-01 19:38:46,刺网
17240,30.63083333333333,122.43325,7.7,179.0,2018-12-01 19:43:46,刺网
17240,30.619694444444452,122.43444444444445,8.1,182.0,2018-12-01 19:48:46,刺网
17240,30.609638888888888,122.43338888888893,7.2,187.0,2018-12-01 19:53:46,刺网
17240,30.59966666666667,122.43275,7.2,176.0,2018-12-01 19:58:46,刺网
17240,30.58961111111111,122.43261111111113,7.6,156.0,2018-12-01 20:03:46,刺网
17240,30.579638888888887,122.43380555555555,7.3,185.0,2018-12-01 20:08:46,刺网
17240,30.568361111111113,122.43441666666666,7.6,156.0,2018-12-01 20:14:23,刺网
17240,30.55958333333333,122.43663888888894,7.6,179.0,2018-12-01 20:18:46,刺网
17240,30.54941666666667,122.43588888888893,7.0,197.0,2018-12-01 20:23:46,刺网
17240,30.52861111111111,122.43658333333336,8.0,160.0,2018-12-01 20:33:46,刺网
17240,30.51783333333333,122.43855555555555,8.0,180.0,2018-12-01 20:38:46,刺网
17240,30.506472222222214,122.43933333333334,8.7,173.0,2018-12-01 20:43:46,刺网
17240,30.49491666666667,122.44,8.2,179.0,2018-12-01 20:48:46,刺网
17240,30.483638888888887,122.44005555555556,8.7,172.0,2018-12-01 20:53:46,刺网
17240,30.471916666666665,122.43980555555555,8.6,191.0,2018-12-01 20:58:46,刺网
17240,30.460305555555554,122.43908333333334,8.0,184.0,2018-12-01 21:03:46,刺网
17240,30.45030555555556,122.43636111111113,7.4,208.0,2018-12-01 21:08:46,刺网
17240,30.44158333333333,122.43066666666668,7.0,206.0,2018-12-01 21:13:46,刺网
17240,30.433944444444442,122.42458333333332,6.5,216.0,2018-12-01 21:18:46,刺网
17240,30.429444444444453,122.42036111111112,0.2,0.0,2018-12-01 21:23:45,刺网
17240,30.42941666666667,122.42019444444445,0.5,271.0,2018-12-01 21:28:45,刺网
17240,30.42933333333333,122.42011111111113,0.6,223.0,2018-12-01 21:33:46,刺网
17240,30.42933333333333,122.42013888888887,0.7,285.0,2018-12-01 21:38:46,刺网
17240,30.429361111111113,122.42013888888887,0.0,0.0,2018-12-01 21:43:45,刺网
17240,30.429277777777767,122.42008333333334,0.1,0.0,2018-12-01 21:48:45,刺网
17240,30.429305555555555,122.42008333333334,0.3,329.0,2018-12-01 21:53:45,刺网
17240,30.429305555555555,122.42011111111113,0.1,0.0,2018-12-01 21:58:45,刺网
17240,30.42925,122.42013888888887,0.2,0.0,2018-12-01 22:03:45,刺网
17240,30.429305555555555,122.42011111111113,0.1,0.0,2018-12-01 22:08:45,刺网
17240,30.429305555555555,122.42011111111113,0.1,0.0,2018-12-01 22:14:22,刺网
17240,30.42933333333333,122.42011111111113,0.2,0.0,2018-12-01 22:18:45,刺网
17240,30.42933333333333,122.42011111111113,0.4,0.0,2018-12-01 22:23:45,刺网
17240,30.429305555555555,122.42011111111113,0.5,0.0,2018-12-01 22:28:45,刺网
17240,30.42933333333333,122.42013888888887,0.0,0.0,2018-12-01 22:33:45,刺网
17240,30.429361111111113,122.42013888888887,0.2,0.0,2018-12-01 22:38:45,刺网
17240,30.42941666666667,122.42013888888887,0.9,93.0,2018-12-01 22:43:45,刺网
17240,30.429361111111113,122.42016666666667,0.4,0.0,2018-12-01 22:48:45,刺网
17240,30.429444444444453,122.42016666666667,0.5,0.0,2018-12-01 22:53:45,刺网
17240,30.429388888888887,122.42013888888887,0.0,0.0,2018-12-01 22:58:45,刺网
17240,30.429305555555555,122.42016666666667,0.2,0.0,2018-12-01 23:03:45,刺网
17240,30.429444444444453,122.42013888888887,0.1,0.0,2018-12-01 23:08:45,刺网
17240,30.429388888888887,122.42013888888887,0.3,0.0,2018-12-01 23:13:45,刺网
17240,30.429361111111113,122.42011111111113,0.1,0.0,2018-12-01 23:18:45,刺网
17240,30.42933333333333,122.42013888888887,0.3,0.0,2018-12-01 23:23:45,刺网
17240,30.429305555555555,122.42008333333334,0.1,0.0,2018-12-01 23:28:45,刺网
17240,30.42933333333333,122.42008333333334,0.0,0.0,2018-12-01 23:33:45,刺网
17240,30.42933333333333,122.42011111111113,0.2,0.0,2018-12-01 23:38:45,刺网
17240,30.429277777777767,122.42013888888887,0.3,0.0,2018-12-01 23:43:45,刺网
17240,30.429361111111113,122.42013888888887,0.2,0.0,2018-12-01 23:48:45,刺网
17240,30.429388888888887,122.42011111111113,0.4,0.0,2018-12-01 23:53:45,刺网
17240,30.429388888888887,122.42011111111113,0.1,0.0,2018-12-01 23:58:45,刺网
17240,30.42933333333333,122.42008333333334,0.3,0.0,2018-12-02 00:03:45,刺网
17240,30.429388888888887,122.42008333333334,0.3,0.0,2018-12-02 00:08:45,刺网
17240,30.429361111111113,122.42008333333334,0.0,0.0,2018-12-02 00:14:22,刺网
17240,30.42933333333333,122.42011111111113,0.2,0.0,2018-12-02 00:18:45,刺网
17240,30.429305555555555,122.42008333333334,0.2,0.0,2018-12-02 00:23:45,刺网
17240,30.42933333333333,122.42011111111113,0.0,0.0,2018-12-02 00:28:45,刺网
17240,30.429388888888887,122.42013888888887,0.3,0.0,2018-12-02 00:33:44,刺网
17240,30.429388888888887,122.42013888888887,0.1,0.0,2018-12-02 00:38:44,刺网
17240,30.429361111111113,122.42013888888887,0.0,0.0,2018-12-02 00:43:44,刺网
17240,30.429361111111113,122.42011111111113,0.0,0.0,2018-12-02 00:48:44,刺网
17240,30.42925,122.42011111111113,0.1,0.0,2018-12-02 00:53:44,刺网
17240,30.42925,122.42013888888887,0.0,0.0,2018-12-02 00:58:44,刺网
17240,30.42919444444445,122.42011111111113,0.1,0.0,2018-12-02 01:03:44,刺网
17240,30.429222222222233,122.42008333333334,0.0,0.0,2018-12-02 01:08:44,刺网
17240,30.429222222222233,122.42008333333334,0.0,0.0,2018-12-02 01:13:44,刺网
17240,30.429222222222233,122.42008333333334,0.1,0.0,2018-12-02 01:18:44,刺网
17240,30.42925,122.42008333333334,0.0,0.0,2018-12-02 01:23:44,刺网
17240,30.429222222222233,122.42008333333334,0.1,0.0,2018-12-02 01:28:44,刺网
17240,30.42925,122.42008333333334,0.1,0.0,2018-12-02 01:33:44,刺网
17240,30.42925,122.42008333333334,0.0,0.0,2018-12-02 01:38:44,刺网
17240,30.429222222222233,122.42013888888887,0.2,0.0,2018-12-02 01:43:44,刺网
