渔船ID,lat,lon,速度,方向,time,type
17976,29.963,122.24172222222224,0.0,0.0,2020-08-25 22:57:06,围网
17976,29.963,122.24175,0.0,0.0,2020-08-25 23:07:06,围网
17976,29.963,122.24169444444445,0.0,0.0,2020-08-25 23:27:06,围网
17976,29.963,122.24169444444445,0.0,0.0,2020-08-25 23:37:06,围网
17976,29.962972222222234,122.24172222222224,0.0,0.0,2020-08-25 23:47:06,围网
17976,29.962972222222234,122.24172222222224,0.0,0.0,2020-08-25 23:58:04,围网
17976,29.963,122.24169444444445,0.0,0.0,2020-08-26 00:07:06,围网
17976,29.963,122.24169444444445,0.0,0.0,2020-08-26 00:17:06,围网
17976,29.962972222222234,122.24172222222224,0.0,0.0,2020-08-26 00:27:06,围网
17976,29.963027777777786,122.24172222222224,0.0,0.0,2020-08-26 00:37:06,围网
17976,29.963,122.24169444444445,0.0,0.0,2020-08-26 00:47:06,围网
17976,29.962972222222234,122.24172222222224,0.0,0.0,2020-08-26 00:57:06,围网
17976,29.963,122.24172222222224,0.0,0.0,2020-08-26 01:07:05,围网
17976,29.963,122.24175,0.0,0.0,2020-08-26 01:17:06,围网
17976,29.963027777777786,122.24177777777778,0.1,0.0,2020-08-26 01:37:04,围网
17976,29.963,122.24175,0.0,0.0,2020-08-26 01:47:05,围网
17976,29.963,122.24172222222224,0.0,0.0,2020-08-26 01:58:03,围网
17976,29.962972222222234,122.24180555555556,0.0,0.0,2020-08-26 02:07:13,围网
17976,29.963,122.24169444444445,0.0,0.0,2020-08-26 02:17:06,围网
17976,29.962972222222234,122.24169444444445,0.0,0.0,2020-08-26 02:27:05,围网
17976,29.963,122.24172222222224,0.0,0.0,2020-08-26 02:37:49,围网
17976,29.962972222222234,122.24169444444445,0.0,0.0,2020-08-26 02:47:06,围网
17976,29.963,122.24172222222224,0.0,0.0,2020-08-26 02:57:05,围网
17976,29.963,122.24169444444445,0.0,0.0,2020-08-26 03:07:06,围网
17976,29.963,122.24172222222224,0.0,0.0,2020-08-26 03:17:05,围网
17976,29.963,122.24172222222224,0.0,0.0,2020-08-26 03:27:06,围网
17976,29.963,122.24169444444445,0.0,0.0,2020-08-26 03:37:06,围网
17976,29.963,122.24169444444445,0.0,0.0,2020-08-26 03:47:06,围网
17976,29.963,122.24172222222224,0.0,0.0,2020-08-26 03:58:03,围网
17976,29.963,122.24172222222224,0.1,0.0,2020-08-26 04:07:06,围网
17976,29.963,122.24172222222224,0.0,0.0,2020-08-26 04:17:05,围网
17976,29.963,122.24175,0.0,0.0,2020-08-26 04:27:05,围网
17976,29.963,122.24172222222224,0.0,0.0,2020-08-26 04:37:05,围网
17976,29.962972222222234,122.24172222222224,0.0,0.0,2020-08-26 04:47:05,围网
17976,29.963,122.24169444444445,0.0,0.0,2020-08-26 04:57:05,围网
17976,29.963,122.24172222222224,0.0,0.0,2020-08-26 05:07:05,围网
17976,29.962972222222234,122.24172222222224,0.0,0.0,2020-08-26 05:17:05,围网
17976,29.963,122.24172222222224,0.0,0.0,2020-08-26 05:27:05,围网
17976,29.963,122.24163888888887,0.1,0.0,2020-08-26 05:37:05,围网
17976,29.963,122.24169444444445,0.0,0.0,2020-08-26 05:47:04,围网
17976,29.963,122.24169444444445,0.0,0.0,2020-08-26 05:58:02,围网
17976,29.96247222222221,122.24169444444445,1.7,156.0,2020-08-26 06:07:05,围网
17976,29.962972222222234,122.24180555555556,0.0,0.0,2020-08-26 06:17:05,围网
17976,29.963,122.24180555555556,0.0,0.0,2020-08-26 06:27:05,围网
17976,29.963,122.24180555555556,0.0,0.0,2020-08-26 06:37:05,围网
17976,29.963,122.24177777777778,0.0,0.0,2020-08-26 06:47:05,围网
17976,29.963,122.24177777777778,0.0,0.0,2020-08-26 06:57:04,围网
17976,29.962972222222234,122.24180555555556,0.0,0.0,2020-08-26 07:17:04,围网
17976,29.963,122.24180555555556,0.1,0.0,2020-08-26 07:27:04,围网
17976,29.963,122.24183333333336,0.0,0.0,2020-08-26 07:37:04,围网
17976,29.963,122.24180555555556,0.0,0.0,2020-08-26 07:47:04,围网
17976,29.962972222222234,122.24180555555556,0.0,0.0,2020-08-26 07:58:02,围网
17976,29.963,122.24183333333336,0.0,0.0,2020-08-26 08:07:05,围网
17976,29.962972222222234,122.24183333333336,0.0,0.0,2020-08-26 08:17:05,围网
17976,29.963,122.24183333333336,0.0,0.0,2020-08-26 08:27:05,围网
17976,29.963,122.24180555555556,0.0,0.0,2020-08-26 08:37:05,围网
17976,29.962972222222234,122.24180555555556,0.0,0.0,2020-08-26 08:47:05,围网
17976,29.963,122.24183333333336,0.0,0.0,2020-08-26 08:57:05,围网
17976,29.962944444444442,122.24183333333336,0.4,8.0,2020-08-26 09:07:05,围网
17976,29.962944444444442,122.24180555555556,0.0,0.0,2020-08-26 09:17:05,围网
17976,29.962972222222234,122.24183333333336,0.0,0.0,2020-08-26 09:27:05,围网
17976,29.963,122.24183333333336,0.0,0.0,2020-08-26 09:37:05,围网
17976,29.963,122.24183333333336,0.0,0.0,2020-08-26 09:47:05,围网
17976,29.963027777777786,122.24180555555556,0.0,0.0,2020-08-26 09:58:02,围网
17976,29.962972222222234,122.24180555555556,0.0,0.0,2020-08-26 10:07:05,围网
17976,29.963,122.24180555555556,0.0,0.0,2020-08-26 10:17:04,围网
17976,29.963,122.24183333333336,0.0,0.0,2020-08-26 10:27:04,围网
17976,29.963,122.24180555555556,0.0,0.0,2020-08-26 10:37:04,围网
17976,29.963027777777786,122.24183333333336,0.0,0.0,2020-08-26 10:47:04,围网
17976,29.963,122.24183333333336,0.0,0.0,2020-08-26 10:57:04,围网
17976,29.963027777777786,122.24180555555556,0.0,0.0,2020-08-26 11:17:04,围网
17976,29.96305555555556,122.24183333333336,0.0,0.0,2020-08-26 11:27:04,围网
17976,29.963027777777786,122.24180555555556,0.0,0.0,2020-08-26 11:37:04,围网
17976,29.963,122.24183333333336,0.0,0.0,2020-08-26 11:47:04,围网
17976,29.963,122.24180555555556,0.0,0.0,2020-08-26 11:58:02,围网
17976,29.962944444444442,122.24183333333336,0.0,0.0,2020-08-26 12:07:04,围网
17976,29.962972222222234,122.24180555555556,0.0,0.0,2020-08-26 12:27:04,围网
17976,29.963,122.24177777777778,0.0,0.0,2020-08-26 12:37:04,围网
17976,29.963,122.24183333333336,0.0,0.0,2020-08-26 12:47:03,围网
17976,29.963,122.24183333333336,0.0,0.0,2020-08-26 12:57:03,围网
17976,29.963,122.24180555555556,0.0,0.0,2020-08-26 13:07:04,围网
17976,29.959861111111113,122.24602777777778,5.2,121.0,2020-08-26 13:17:04,围网
17976,29.95216666666667,122.25811111111112,3.5,133.0,2020-08-26 13:27:04,围网
17976,29.945277777777786,122.2662777777778,3.7,129.0,2020-08-26 13:37:04,围网
17976,29.93461111111111,122.27625,6.8,174.0,2020-08-26 13:47:04,围网
17976,29.91208333333333,122.27638888888887,8.0,181.0,2020-08-26 13:58:02,围网
17976,29.891861111111112,122.27052777777777,8.5,192.0,2020-08-26 14:07:04,围网
17976,29.87058333333333,122.27391666666666,5.6,173.0,2020-08-26 14:17:03,围网
17976,29.86858333333333,122.273,0.1,0.0,2020-08-26 14:27:03,围网
17976,29.86858333333333,122.273,0.0,0.0,2020-08-26 14:37:03,围网
17976,29.86858333333333,122.273,0.0,0.0,2020-08-26 14:47:03,围网
17976,29.86855555555556,122.273,0.0,0.0,2020-08-26 14:57:03,围网
17976,29.86858333333333,122.2729722222222,0.1,0.0,2020-08-26 15:07:03,围网
17976,29.86855555555556,122.27302777777777,0.0,0.0,2020-08-26 15:17:04,围网
17976,29.86855555555556,122.273,0.0,0.0,2020-08-26 15:27:04,围网
17976,29.86858333333333,122.273,0.0,0.0,2020-08-26 15:37:04,围网
17976,29.86858333333333,122.273,0.0,0.0,2020-08-26 15:47:04,围网
17976,29.86858333333333,122.2729722222222,0.1,0.0,2020-08-26 15:58:02,围网
17976,29.86858333333333,122.2729722222222,0.0,0.0,2020-08-26 16:07:04,围网
17976,29.86861111111111,122.273,0.1,0.0,2020-08-26 16:17:04,围网
17976,29.86861111111111,122.2729722222222,0.0,0.0,2020-08-26 16:27:04,围网
17976,29.86858333333333,122.2729722222222,0.0,0.0,2020-08-26 16:37:04,围网
17976,29.86861111111111,122.273,0.0,0.0,2020-08-26 16:47:04,围网
17976,29.86858333333333,122.2729722222222,0.0,0.0,2020-08-26 16:57:04,围网
17976,29.86861111111111,122.273,0.0,0.0,2020-08-26 17:07:04,围网
17976,29.86861111111111,122.27305555555556,0.0,0.0,2020-08-26 17:17:04,围网
17976,29.86855555555556,122.27294444444445,0.1,0.0,2020-08-26 17:27:04,围网
17976,29.86861111111111,122.2729722222222,0.3,0.0,2020-08-26 17:37:04,围网
17976,29.86858333333333,122.273,0.0,0.0,2020-08-26 17:47:04,围网
17976,29.86861111111111,122.2729722222222,0.0,0.0,2020-08-26 17:58:02,围网
17976,29.86861111111111,122.273,0.0,0.0,2020-08-26 18:07:03,围网
17976,29.86861111111111,122.27302777777777,0.0,0.0,2020-08-26 18:17:03,围网
17976,29.86861111111111,122.2729722222222,0.0,0.0,2020-08-26 18:27:03,围网
17976,29.86858333333333,122.273,0.0,0.0,2020-08-26 18:37:03,围网
17976,29.86861111111111,122.273,0.0,0.0,2020-08-26 18:47:03,围网
17976,29.864527777777766,122.27372222222222,8.9,172.0,2020-08-26 18:57:03,围网
17976,29.847777777777768,122.29483333333332,9.7,127.0,2020-08-26 19:07:03,围网
17976,29.830805555555557,122.31733333333332,10.9,145.0,2020-08-26 19:17:03,围网
17976,29.81219444444445,122.33369444444445,8.2,151.0,2020-08-26 19:27:03,围网
17976,29.795444444444453,122.34994444444445,8.3,132.0,2020-08-26 19:37:03,围网
17976,29.78319444444445,122.37205555555555,8.2,117.0,2020-08-26 19:47:03,围网
17976,29.77666666666667,122.39944444444444,7.5,99.0,2020-08-26 19:58:01,围网
17976,29.77283333333333,122.4220277777778,7.6,90.0,2020-08-26 20:07:03,围网
17976,29.771666666666665,122.44686111111113,7.8,92.0,2020-08-26 20:17:03,围网
17976,29.76763888888889,122.47155555555555,8.2,111.0,2020-08-26 20:27:02,围网
17976,29.75622222222221,122.49408333333334,8.5,133.0,2020-08-26 20:37:02,围网
17976,29.745916666666666,122.51716666666668,8.4,105.0,2020-08-26 20:47:02,围网
17976,29.7385,122.53988888888892,9.2,170.0,2020-08-26 20:57:03,围网
17976,29.7305,122.56077777777777,7.4,94.0,2020-08-26 21:07:02,围网
17976,29.72833333333333,122.5845,7.5,102.0,2020-08-26 21:17:02,围网
17976,29.726055555555554,122.60794444444444,6.7,78.0,2020-08-26 21:27:02,围网
17976,29.72269444444445,122.63033333333334,7.6,104.0,2020-08-26 21:37:03,围网
17976,29.72069444444444,122.65297222222223,7.0,94.0,2020-08-26 21:47:03,围网
17976,29.717805555555554,122.67816666666668,7.8,94.0,2020-08-26 21:58:01,围网
17976,29.716555555555555,122.69838888888893,6.7,80.0,2020-08-26 22:07:03,围网
17976,29.718499999999995,122.72019444444445,7.1,75.0,2020-08-26 22:17:03,围网
17976,29.70952777777777,122.7675,7.6,107.0,2020-08-26 22:37:03,围网
17976,29.70033333333333,122.79019444444445,7.9,113.0,2020-08-26 22:47:03,围网
17976,29.691333333333336,122.81230555555555,7.8,97.0,2020-08-26 22:57:03,围网
17976,29.68958333333333,122.83513888888888,7.6,93.0,2020-08-26 23:07:03,围网
17976,29.686777777777767,122.8582222222222,7.7,93.0,2020-08-26 23:17:02,围网
17976,29.68438888888889,122.88113888888887,7.1,103.0,2020-08-26 23:27:02,围网
17976,29.682055555555557,122.90402777777778,7.5,78.0,2020-08-26 23:37:02,围网
17976,29.679,122.92708333333331,8.0,120.0,2020-08-26 23:47:02,围网
17976,29.677111111111113,122.95255555555555,7.7,91.0,2020-08-26 23:58:01,围网
17976,29.67436111111111,122.97416666666666,7.7,81.0,2020-08-27 00:07:02,围网
17976,29.671277777777767,122.99866666666668,7.6,92.0,2020-08-27 00:17:02,围网
17976,29.667638888888888,123.02325,7.6,104.0,2020-08-27 00:27:02,围网
17976,29.664,123.04758333333334,7.9,96.0,2020-08-27 00:37:02,围网
17976,29.659388888888888,123.07177777777777,7.9,107.0,2020-08-27 00:47:02,围网
17976,29.653861111111112,123.09555555555555,8.3,110.0,2020-08-27 00:57:02,围网
17976,29.649694444444453,123.12016666666666,7.8,114.0,2020-08-27 01:07:02,围网
17976,29.645805555555555,123.14472222222223,8.2,110.0,2020-08-27 01:17:02,围网
17976,29.642,123.16911111111106,7.8,114.0,2020-08-27 01:27:02,围网
17976,29.63813888888889,123.19344444444445,8.0,85.0,2020-08-27 01:37:02,围网
17976,29.636888888888887,123.2185,7.9,102.0,2020-08-27 01:47:02,围网
17976,29.634027777777767,123.24588888888893,8.3,98.0,2020-08-27 01:57:59,围网
17976,29.63136111111111,123.2685,8.8,95.0,2020-08-27 02:07:02,围网
17976,29.630027777777766,123.29436111111113,8.6,94.0,2020-08-27 02:17:02,围网
17976,29.627722222222232,123.32075,8.9,84.0,2020-08-27 02:27:02,围网
17976,29.62455555555556,123.34647222222222,8.3,100.0,2020-08-27 02:37:02,围网
17976,29.62188888888889,123.37252777777776,8.7,94.0,2020-08-27 02:47:02,围网
17976,29.61758333333333,123.39805555555556,8.4,94.0,2020-08-27 02:57:02,围网
17976,29.6145,123.42433333333334,9.9,95.0,2020-08-27 03:07:02,围网
17976,29.61188888888889,123.45113888888888,8.8,105.0,2020-08-27 03:17:02,围网
17976,29.609777777777786,123.478,13.5,85.0,2020-08-27 03:27:02,围网
17976,29.607527777777786,123.50469444444445,9.9,97.0,2020-08-27 03:37:02,围网
17976,29.60525,123.53180555555555,10.0,97.0,2020-08-27 03:47:02,围网
17976,29.60308333333333,123.56161111111106,8.7,95.0,2020-08-27 03:57:59,围网
17976,29.601555555555557,123.58636111111107,8.9,101.0,2020-08-27 04:07:02,围网
17976,29.593055555555555,123.61044444444444,8.6,111.0,2020-08-27 04:17:02,围网
17976,29.60116666666667,123.63608333333332,7.7,76.0,2020-08-27 04:27:02,围网
17976,29.60533333333333,123.66233333333334,8.5,108.0,2020-08-27 04:37:02,围网
17976,29.59875,123.68855555555555,8.4,114.0,2020-08-27 04:47:01,围网
17976,29.593611111111112,123.71566666666666,9.0,109.0,2020-08-27 04:57:01,围网
17976,29.58886111111111,123.74308333333332,8.4,105.0,2020-08-27 05:07:01,围网
17976,29.584166666666665,123.77033333333334,9.5,98.0,2020-08-27 05:17:01,围网
17976,29.57944444444445,123.79777777777778,11.5,88.0,2020-08-27 05:27:01,围网
17976,29.57475,123.82527777777777,9.5,100.0,2020-08-27 05:37:01,围网
17976,29.56525,123.88313888888888,9.7,97.0,2020-08-27 05:57:59,围网
17976,29.56072222222221,123.90769444444445,9.6,92.0,2020-08-27 06:07:01,围网
17976,29.55613888888889,123.93547222222223,8.5,91.0,2020-08-27 06:17:00,围网
17976,29.55163888888889,123.96338888888893,8.9,101.0,2020-08-27 06:27:01,围网
17976,29.54491666666667,123.9904722222222,9.2,98.0,2020-08-27 06:37:01,围网
17976,29.53591666666667,124.01688888888887,8.8,105.0,2020-08-27 06:47:01,围网
17976,29.520555555555553,124.03755555555556,8.6,154.0,2020-08-27 06:57:01,围网
17976,29.50125,124.04913888888888,9.2,134.0,2020-08-27 07:07:01,围网
17976,29.482055555555554,124.06616666666667,9.4,131.0,2020-08-27 07:17:01,围网
17976,29.463416666666664,124.08525,8.7,137.0,2020-08-27 07:27:00,围网
17976,29.449444444444445,124.10736111111108,4.6,122.0,2020-08-27 07:37:00,围网
17976,29.447527777777786,124.11413888888887,3.1,115.0,2020-08-27 07:47:00,围网
17976,29.446472222222226,124.12252777777776,6.8,145.0,2020-08-27 07:57:58,围网
17976,29.437666666666665,124.1305,4.3,109.0,2020-08-27 08:07:01,围网
17976,29.43491666666667,124.13644444444445,2.3,123.0,2020-08-27 08:17:01,围网
17976,29.43225,124.14238888888893,3.0,117.0,2020-08-27 08:27:01,围网
17976,29.429305555555555,124.14811111111112,1.2,121.0,2020-08-27 08:37:01,围网
17976,29.426361111111113,124.15369444444444,1.7,132.0,2020-08-27 08:47:01,围网
17976,29.423416666666668,124.15922222222223,2.5,119.0,2020-08-27 08:57:01,围网
17976,29.420027777777786,124.16438888888894,1.7,143.0,2020-08-27 09:07:01,围网
17976,29.41658333333333,124.16958333333334,1.8,128.0,2020-08-27 09:17:01,围网
17976,29.413305555555556,124.17494444444445,1.6,129.0,2020-08-27 09:27:01,围网
17976,29.410277777777768,124.18038888888893,2.0,107.0,2020-08-27 09:37:01,围网
17976,29.40722222222222,124.18575,2.8,119.0,2020-08-27 09:47:01,围网
17976,29.404,124.19155555555555,2.0,156.0,2020-08-27 09:57:58,围网
17976,29.40147222222221,124.19641666666666,2.5,103.0,2020-08-27 10:07:01,围网
17976,29.39858333333333,124.20152777777777,2.1,146.0,2020-08-27 10:17:01,围网
17976,29.39547222222223,124.20630555555556,1.6,142.0,2020-08-27 10:27:01,围网
17976,29.3935,124.21175,2.8,79.0,2020-08-27 10:37:01,围网
17976,29.39208333333333,124.21744444444445,1.8,153.0,2020-08-27 10:47:01,围网
17976,29.39075,124.22166666666666,1.5,281.0,2020-08-27 10:57:00,围网
17976,29.39097222222221,124.21669444444444,2.8,230.0,2020-08-27 11:07:00,围网
17976,29.39191666666667,124.21783333333336,1.3,138.0,2020-08-27 11:17:00,围网
17976,29.39258333333333,124.22016666666669,1.1,68.0,2020-08-27 11:27:00,围网
17976,29.39397222222221,124.22325,2.7,108.0,2020-08-27 11:37:00,围网
17976,29.3915,124.21386111111113,2.2,329.0,2020-08-27 11:47:00,围网
17976,29.393777777777768,124.20788888888887,2.3,315.0,2020-08-27 11:57:58,围网
17976,29.39597222222222,124.20316666666668,2.2,316.0,2020-08-27 12:07:00,围网
17976,29.39844444444445,124.19858333333332,1.8,306.0,2020-08-27 12:17:00,围网
17976,29.401027777777767,124.19391666666668,1.7,305.0,2020-08-27 12:27:00,围网
17976,29.40436111111111,124.18972222222223,2.2,330.0,2020-08-27 12:37:00,围网
17976,29.40811111111111,124.18575,2.4,341.0,2020-08-27 12:47:00,围网
17976,29.41225,124.18216666666667,2.2,301.0,2020-08-27 12:57:00,围网
17976,29.41611111111111,124.17802777777777,2.0,311.0,2020-08-27 13:07:00,围网
17976,29.418805555555558,124.17269444444445,2.2,247.0,2020-08-27 13:17:00,围网
17976,29.42130555555556,124.16783333333336,1.5,289.0,2020-08-27 13:27:01,围网
17976,29.42369444444445,124.163,1.8,278.0,2020-08-27 13:37:00,围网
17976,29.425777777777785,124.15794444444445,1.7,309.0,2020-08-27 13:47:00,围网
17976,29.42808333333333,124.15247222222222,2.0,311.0,2020-08-27 13:57:57,围网
17976,29.430194444444453,124.14791666666667,1.2,0.0,2020-08-27 14:07:00,围网
17976,29.432944444444445,124.14319444444445,2.0,291.0,2020-08-27 14:17:00,围网
17976,29.436138888888888,124.13822222222224,1.8,0.0,2020-08-27 14:27:00,围网
17976,29.43933333333333,124.13338888888893,1.8,334.0,2020-08-27 14:37:00,围网
17976,29.443,124.1287222222222,2.4,329.0,2020-08-27 14:47:00,围网
17976,29.446527777777767,124.12405555555556,1.9,301.0,2020-08-27 14:57:00,围网
17976,29.450083333333332,124.1194722222222,3.5,337.0,2020-08-27 15:06:59,围网
17976,29.454,124.115,2.2,330.0,2020-08-27 15:17:00,围网
17976,29.45802777777779,124.1107222222222,2.0,316.0,2020-08-27 15:27:00,围网
17976,29.46236111111111,124.10663888888888,2.3,320.0,2020-08-27 15:37:00,围网
17976,29.46672222222222,124.10263888888888,3.2,331.0,2020-08-27 15:47:00,围网
17976,29.471527777777766,124.09858333333332,2.5,330.0,2020-08-27 15:57:57,围网
17976,29.475388888888887,124.0954722222222,2.1,334.0,2020-08-27 16:07:00,围网
17976,29.47958333333333,124.09233333333331,1.8,292.0,2020-08-27 16:16:59,围网
17976,29.483777777777767,124.08927777777777,2.1,330.0,2020-08-27 16:27:00,围网
17976,29.48791666666667,124.08627777777778,1.8,318.0,2020-08-27 16:37:00,围网
17976,29.491222222222234,124.08488888888887,1.3,145.0,2020-08-27 16:47:00,围网
17976,29.487416666666668,124.0882777777778,2.4,132.0,2020-08-27 16:57:00,围网
17976,29.49069444444445,124.09,1.3,26.0,2020-08-27 17:07:00,围网
17976,29.494194444444453,124.09155555555556,2.0,18.0,2020-08-27 17:17:00,围网
17976,29.49283333333333,124.09338888888892,6.1,165.0,2020-08-27 17:26:59,围网
17976,29.47588888888889,124.08911111111112,6.7,190.0,2020-08-27 17:37:00,围网
17976,29.459111111111113,124.08619444444444,6.4,178.0,2020-08-27 17:47:00,围网
17976,29.45797222222223,124.08869444444444,5.5,140.0,2020-08-27 17:57:57,围网
17976,29.45127777777777,124.0975,1.5,114.0,2020-08-27 18:06:59,围网
17976,29.44805555555555,124.10280555555555,2.3,105.0,2020-08-27 18:16:59,围网
17976,29.445638888888887,124.10888888888887,1.8,119.0,2020-08-27 18:26:59,围网
17976,29.44383333333333,124.11536111111113,1.9,119.0,2020-08-27 18:36:59,围网
17976,29.440027777777786,124.11983333333332,1.9,175.0,2020-08-27 18:46:59,围网
17976,29.43611111111111,124.12455555555556,2.2,144.0,2020-08-27 18:56:59,围网
17976,29.432277777777767,124.12944444444445,2.3,130.0,2020-08-27 19:06:59,围网
17976,29.42791666666667,124.13363888888892,2.2,156.0,2020-08-27 19:16:59,围网
17976,29.42458333333333,124.13936111111113,1.8,121.0,2020-08-27 19:26:59,围网
17976,29.422,124.14575,2.0,124.0,2020-08-27 19:36:59,围网
17976,29.419305555555557,124.15188888888888,1.9,126.0,2020-08-27 19:46:59,围网
17976,29.41636111111111,124.1585277777778,1.5,131.0,2020-08-27 19:57:56,围网
17976,29.41402777777777,124.16391666666668,1.9,131.0,2020-08-27 20:06:59,围网
17976,29.411166666666666,124.16977777777781,2.2,107.0,2020-08-27 20:16:59,围网
17976,29.408305555555554,124.17547222222224,1.5,127.0,2020-08-27 20:26:59,围网
17976,29.40522222222221,124.18108333333332,2.0,131.0,2020-08-27 20:36:58,围网
17976,29.40211111111111,124.18663888888894,1.6,116.0,2020-08-27 20:46:58,围网
17976,29.39875,124.19208333333331,2.3,126.0,2020-08-27 20:56:59,围网
17976,29.395166666666665,124.19744444444444,2.0,143.0,2020-08-27 21:06:59,围网
17976,29.391666666666666,124.20272222222222,2.1,123.0,2020-08-27 21:16:58,围网
17976,29.387888888888888,124.20786111111113,3.6,115.0,2020-08-27 21:26:58,围网
17976,29.38405555555555,124.21288888888887,2.3,122.0,2020-08-27 21:36:58,围网
17976,29.380194444444445,124.21783333333336,1.9,132.0,2020-08-27 21:46:58,围网
17976,29.375999999999998,124.22322222222223,1.9,113.0,2020-08-27 21:57:56,围网
17976,29.372722222222233,124.22761111111113,2.2,126.0,2020-08-27 22:06:58,围网
17976,29.370500000000003,124.23366666666668,2.3,114.0,2020-08-27 22:16:59,围网
17976,29.367722222222234,124.2390277777778,2.2,111.0,2020-08-27 22:26:59,围网
17976,29.365,124.24433333333334,2.6,108.0,2020-08-27 22:36:59,围网
17976,29.36233333333333,124.24944444444445,1.9,156.0,2020-08-27 22:46:59,围网
17976,29.359777777777786,124.25438888888887,1.7,119.0,2020-08-27 22:56:59,围网
17976,29.357111111111113,124.25933333333334,1.9,118.0,2020-08-27 23:06:59,围网
17976,29.356222222222208,124.26100000000001,1.2,273.0,2020-08-27 23:16:59,围网
17976,29.35769444444445,124.25580555555555,1.6,9.0,2020-08-27 23:26:58,围网
17976,29.360111111111113,124.25783333333334,0.5,16.0,2020-08-27 23:36:58,围网
17976,29.36186111111111,124.25855555555556,1.4,349.0,2020-08-27 23:46:58,围网
17976,29.36105555555556,124.26425,5.0,134.0,2020-08-27 23:57:56,围网
17976,29.359055555555557,124.26886111111112,2.6,208.0,2020-08-28 00:06:58,围网
17976,29.36352777777779,124.25702777777781,2.1,315.0,2020-08-28 00:16:58,围网
17976,29.366277777777785,124.25202777777778,1.7,293.0,2020-08-28 00:26:58,围网
17976,29.368444444444442,124.24675,1.9,286.0,2020-08-28 00:36:58,围网
17976,29.370666666666665,124.24169444444445,2.0,307.0,2020-08-28 00:46:58,围网
17976,29.37305555555556,124.23680555555555,2.0,300.0,2020-08-28 00:56:58,围网
17976,29.375611111111112,124.23177777777778,1.7,286.0,2020-08-28 01:06:58,围网
17976,29.37825,124.22705555555555,2.3,314.0,2020-08-28 01:16:58,围网
17976,29.381166666666665,124.22238888888893,1.8,298.0,2020-08-28 01:26:58,围网
17976,29.38405555555555,124.2175,2.5,321.0,2020-08-28 01:36:58,围网
17976,29.38691666666667,124.2125,1.9,303.0,2020-08-28 01:46:58,围网
17976,29.39019444444445,124.2072777777778,2.0,319.0,2020-08-28 01:57:55,围网
17976,29.392722222222233,124.20291666666668,1.9,275.0,2020-08-28 02:06:57,围网
17976,29.39583333333333,124.19825,2.1,302.0,2020-08-28 02:16:56,围网
17976,29.40286111111111,124.18911111111113,1.9,310.0,2020-08-28 02:36:57,围网
17976,29.40691666666667,124.18486111111108,2.1,307.0,2020-08-28 02:46:57,围网
17976,29.410916666666665,124.18055555555556,2.5,320.0,2020-08-28 02:56:57,围网
17976,29.41475,124.1760277777778,2.6,331.0,2020-08-28 03:06:57,围网
17976,29.41858333333333,124.17152777777778,1.7,300.0,2020-08-28 03:16:58,围网
17976,29.42241666666667,124.16697222222223,1.9,313.0,2020-08-28 03:26:57,围网
17976,29.426333333333336,124.16244444444445,1.8,306.0,2020-08-28 03:36:58,围网
17976,29.43008333333333,124.15805555555555,1.8,314.0,2020-08-28 03:46:58,围网
17976,29.43411111111111,124.15347222222222,1.9,304.0,2020-08-28 03:57:55,围网
17976,29.43658333333333,124.14925,1.6,310.0,2020-08-28 04:06:58,围网
17976,29.43872222222221,124.14452777777778,2.2,301.0,2020-08-28 04:16:57,围网
17976,29.44163888888889,124.14027777777778,1.5,319.0,2020-08-28 04:26:57,围网
17976,29.44661111111111,124.13766666666668,1.9,329.0,2020-08-28 04:36:57,围网
17976,29.45255555555556,124.13672222222223,2.4,351.0,2020-08-28 04:46:57,围网
17976,29.45858333333333,124.13666666666668,1.8,352.0,2020-08-28 04:56:57,围网
17976,29.464555555555553,124.13725,2.3,17.0,2020-08-28 05:06:57,围网
17976,29.470527777777786,124.13836111111112,2.1,21.0,2020-08-28 05:16:57,围网
17976,29.469166666666666,124.1407777777778,2.2,183.0,2020-08-28 05:26:57,围网
17976,29.466361111111112,124.14022222222222,2.3,25.0,2020-08-28 05:36:57,围网
17976,29.469916666666666,124.14336111111112,2.0,62.0,2020-08-28 05:46:57,围网
17976,29.473111111111113,124.14813888888894,4.8,138.0,2020-08-28 05:57:55,围网
17976,29.46338888888889,124.1385,5.4,232.0,2020-08-28 06:06:57,围网
17976,29.458055555555553,124.12355555555555,5.7,257.0,2020-08-28 06:16:57,围网
17976,29.45216666666667,124.11608333333332,2.3,50.0,2020-08-28 06:26:57,围网
17976,29.45594444444444,124.12094444444445,4.2,65.0,2020-08-28 06:36:57,围网
17976,29.4485,124.13030555555555,2.7,110.0,2020-08-28 06:46:57,围网
17976,29.44611111111111,124.13611111111112,1.5,136.0,2020-08-28 06:56:57,围网
17976,29.443666666666665,124.14141666666669,1.6,117.0,2020-08-28 07:06:57,围网
17976,29.44094444444445,124.14641666666668,1.6,127.0,2020-08-28 07:16:57,围网
17976,29.43808333333333,124.1515,2.0,139.0,2020-08-28 07:26:57,围网
17976,29.435277777777767,124.15652777777778,1.9,148.0,2020-08-28 07:36:56,围网
17976,29.43233333333333,124.16144444444444,1.7,119.0,2020-08-28 07:46:57,围网
17976,29.428916666666666,124.16658333333334,1.7,129.0,2020-08-28 07:57:54,围网
17976,29.42594444444445,124.17072222222224,1.7,119.0,2020-08-28 08:06:55,围网
17976,29.422527777777766,124.17538888888888,1.8,139.0,2020-08-28 08:16:56,围网
17976,29.41925,124.17986111111112,2.5,116.0,2020-08-28 08:26:56,围网
17976,29.415888888888887,124.18422222222223,1.6,153.0,2020-08-28 08:36:57,围网
17976,29.411166666666666,124.18755555555555,2.0,128.0,2020-08-28 08:46:56,围网
17976,29.40694444444444,124.19158333333334,2.1,149.0,2020-08-28 08:56:57,围网
17976,29.40419444444445,124.19711111111113,2.0,131.0,2020-08-28 09:06:57,围网
17976,29.40183333333333,124.20252777777776,1.7,111.0,2020-08-28 09:16:57,围网
17976,29.400194444444452,124.20813888888893,1.9,97.0,2020-08-28 09:26:57,围网
17976,29.398861111111113,124.21391666666666,1.8,96.0,2020-08-28 09:36:57,围网
17976,29.39686111111111,124.2192777777778,1.7,132.0,2020-08-28 09:46:57,围网
17976,29.39322222222221,124.22463888888888,2.2,125.0,2020-08-28 09:57:54,围网
17976,29.39038888888889,124.22930555555556,2.3,118.0,2020-08-28 10:06:57,围网
17976,29.386888888888887,124.23425,2.1,124.0,2020-08-28 10:16:57,围网
17976,29.382972222222232,124.23875,2.0,137.0,2020-08-28 10:26:57,围网
17976,29.379638888888888,124.24333333333334,2.1,137.0,2020-08-28 10:36:57,围网
17976,29.37583333333333,124.24727777777778,1.8,146.0,2020-08-28 10:46:57,围网
17976,29.371805555555554,124.25083333333332,2.0,185.0,2020-08-28 10:56:57,围网
17976,29.37144444444445,124.24858333333331,2.8,322.0,2020-08-28 11:16:57,围网
17976,29.37130555555556,124.248,0.8,129.0,2020-08-28 11:26:57,围网
17976,29.371194444444445,124.24894444444445,0.5,16.0,2020-08-28 11:36:57,围网
17976,29.36716666666667,124.25077777777777,8.7,193.0,2020-08-28 11:46:56,围网
17976,29.320055555555548,124.24291666666666,8.9,184.0,2020-08-28 12:06:56,围网
17976,29.29602777777778,124.24022222222222,8.8,185.0,2020-08-28 12:16:56,围网
17976,29.27194444444445,124.23805555555555,8.6,182.0,2020-08-28 12:26:56,围网
17976,29.22355555555556,124.23327777777777,8.4,183.0,2020-08-28 12:46:56,围网
17976,29.19958333333333,124.23030555555556,8.3,196.0,2020-08-28 12:56:56,围网
17976,29.176388888888887,124.22169444444445,9.0,200.0,2020-08-28 13:06:56,围网
17976,29.15313888888889,124.2134722222222,8.4,199.0,2020-08-28 13:16:56,围网
17976,29.12994444444445,124.20866666666667,8.7,169.0,2020-08-28 13:26:56,围网
17976,29.109111111111112,124.21925,8.5,162.0,2020-08-28 13:36:56,围网
17976,29.10983333333333,124.21966666666668,1.9,96.0,2020-08-28 13:46:56,围网
17976,29.110416666666666,124.20613888888887,2.4,304.0,2020-08-28 13:57:53,围网
17976,29.112305555555555,124.20008333333334,2.3,289.0,2020-08-28 14:06:56,围网
17976,29.11491666666667,124.19369444444445,2.4,293.0,2020-08-28 14:16:56,围网
17976,29.11808333333333,124.18763888888887,2.3,314.0,2020-08-28 14:26:56,围网
17976,29.121805555555554,124.18197222222223,3.0,314.0,2020-08-28 14:36:56,围网
17976,29.125888888888888,124.17658333333334,2.3,308.0,2020-08-28 14:46:55,围网
17976,29.130472222222235,124.17172222222223,2.3,340.0,2020-08-28 14:56:56,围网
17976,29.13591666666667,124.16811111111113,2.4,314.0,2020-08-28 15:06:55,围网
17976,29.14538888888889,124.15888888888892,2.6,303.0,2020-08-28 15:26:55,围网
17976,29.14880555555556,124.15286111111112,2.3,298.0,2020-08-28 15:36:56,围网
17976,29.15130555555556,124.14641666666668,2.2,281.0,2020-08-28 15:46:55,围网
17976,29.1535,124.13933333333334,2.1,297.0,2020-08-28 15:57:53,围网
17976,29.15558333333333,124.13372222222223,2.2,300.0,2020-08-28 16:06:57,围网
17976,29.157777777777767,124.12752777777777,2.5,311.0,2020-08-28 16:16:56,围网
17976,29.16008333333333,124.12138888888887,2.4,294.0,2020-08-28 16:26:56,围网
17976,29.16247222222221,124.11538888888887,2.0,291.0,2020-08-28 16:36:57,围网
17976,29.165138888888887,124.10911111111106,2.3,292.0,2020-08-28 16:47:29,围网
17976,29.167638888888888,124.10361111111106,2.7,311.0,2020-08-28 16:56:56,围网
17976,29.17019444444445,124.09797222222224,2.1,301.0,2020-08-28 17:06:56,围网
17976,29.170638888888888,124.09899999999999,1.7,108.0,2020-08-28 17:16:56,围网
17976,29.171944444444453,124.10105555555555,1.7,351.0,2020-08-28 17:26:56,围网
17976,29.175777777777785,124.09955555555555,5.4,207.0,2020-08-28 17:46:56,围网
17976,29.140166666666666,124.07136111111107,8.1,204.0,2020-08-28 18:06:55,围网
17976,29.121222222222233,124.05861111111106,8.0,201.0,2020-08-28 18:16:55,围网
17976,29.102027777777767,124.04547222222222,8.0,215.0,2020-08-28 18:26:55,围网
17976,29.08372222222221,124.03108333333331,8.3,235.0,2020-08-28 18:36:55,围网
17976,29.06961111111111,124.01022222222224,8.3,240.0,2020-08-28 18:46:55,围网
17976,29.056444444444452,123.98838888888888,8.3,248.0,2020-08-28 18:56:55,围网
17976,29.05311111111111,123.96283333333334,8.5,239.0,2020-08-28 19:06:55,围网
17976,29.05477777777779,123.94416666666667,1.4,69.0,2020-08-28 19:16:55,围网
17976,29.054805555555557,123.94994444444444,8.6,123.0,2020-08-28 19:26:55,围网
17976,29.05058333333333,123.95802777777777,2.1,123.0,2020-08-28 19:36:55,围网
17976,29.048416666666668,123.9634722222222,2.0,122.0,2020-08-28 19:46:55,围网
17976,29.046555555555557,123.96963888888894,1.9,111.0,2020-08-28 19:57:52,围网
17976,29.04441666666667,123.97452777777778,1.9,133.0,2020-08-28 20:06:55,围网
17976,29.0415,123.9795,2.2,112.0,2020-08-28 20:16:55,围网
17976,29.038305555555556,123.98419444444444,1.6,149.0,2020-08-28 20:26:55,围网
17976,29.03605555555556,123.98961111111113,2.0,124.0,2020-08-28 20:36:54,围网
17976,29.03444444444445,123.99527777777777,1.6,123.0,2020-08-28 20:46:54,围网
17976,29.032972222222234,124.00097222222222,2.0,139.0,2020-08-28 20:56:54,围网
17976,29.03158333333333,124.00669444444445,3.0,78.0,2020-08-28 21:06:54,围网
17976,29.03075,124.01241666666668,1.5,110.0,2020-08-28 21:16:54,围网
17976,29.029805555555555,124.01813888888887,1.8,102.0,2020-08-28 21:26:55,围网
17976,29.029416666666666,124.02369444444444,2.0,89.0,2020-08-28 21:36:55,围网
17976,29.028000000000002,124.02908333333332,2.3,102.0,2020-08-28 21:46:55,围网
17976,29.02630555555556,124.03491666666666,1.4,94.0,2020-08-28 21:57:52,围网
17976,29.025416666666665,124.0397222222222,2.5,97.0,2020-08-28 22:06:55,围网
17976,29.024916666666666,124.04516666666667,1.5,97.0,2020-08-28 22:16:55,围网
17976,29.02408333333333,124.05019444444444,2.4,105.0,2020-08-28 22:26:55,围网
17976,29.01725,124.05825,2.5,134.0,2020-08-28 22:46:55,围网
17976,29.01377777777777,124.0617777777778,1.7,128.0,2020-08-28 22:56:55,围网
17976,29.010416666666664,124.06541666666666,1.4,0.0,2020-08-28 23:06:55,围网
17976,29.00697222222221,124.06925,1.5,155.0,2020-08-28 23:17:25,围网
17976,29.003833333333336,124.07244444444444,1.7,129.0,2020-08-28 23:26:55,围网
17976,29.000555555555554,124.07586111111112,1.7,132.0,2020-08-28 23:36:54,围网
17976,28.99841666666667,124.08041666666666,1.4,124.0,2020-08-28 23:46:54,围网
17976,28.999805555555557,124.0762222222222,3.1,303.0,2020-08-28 23:57:52,围网
17976,29.001916666666666,124.07719444444444,1.8,354.0,2020-08-29 00:06:54,围网
17976,29.00375,124.07633333333332,1.2,319.0,2020-08-29 00:16:54,围网
17976,29.005666666666666,124.07519444444445,0.5,30.0,2020-08-29 00:26:54,围网
17976,29.010777777777786,124.07052777777777,8.7,315.0,2020-08-29 00:36:54,围网
17976,29.0165,124.06363888888887,2.0,297.0,2020-08-29 00:46:54,围网
17976,29.019416666666668,124.05786111111112,2.6,313.0,2020-08-29 00:56:54,围网
17976,29.021777777777768,124.05175,2.0,289.0,2020-08-29 01:06:54,围网
17976,29.023861111111113,124.0455,2.2,273.0,2020-08-29 01:16:54,围网
17976,29.02558333333333,124.03911111111113,2.0,287.0,2020-08-29 01:26:54,围网
17976,29.02761111111111,124.03288888888888,1.9,288.0,2020-08-29 01:36:54,围网
17976,29.029416666666666,124.0264722222222,2.4,287.0,2020-08-29 01:46:54,围网
17976,29.03147222222222,124.01944444444445,2.1,286.0,2020-08-29 01:57:51,围网
17976,29.03313888888889,124.01366666666668,2.1,288.0,2020-08-29 02:06:53,围网
17976,29.035055555555555,124.00730555555555,3.0,305.0,2020-08-29 02:16:52,围网
17976,29.03694444444445,124.00097222222222,2.7,306.0,2020-08-29 02:26:52,围网
17976,29.039,123.9945277777778,2.1,284.0,2020-08-29 02:36:52,围网
17976,29.041083333333336,123.98808333333334,1.9,287.0,2020-08-29 02:46:53,围网
17976,29.04330555555556,123.98172222222223,1.8,290.0,2020-08-29 02:56:53,围网
17976,29.04558333333333,123.9754722222222,2.1,286.0,2020-08-29 03:06:53,围网
17976,29.04794444444445,123.9692777777778,1.9,291.0,2020-08-29 03:16:53,围网
17976,29.05008333333333,123.96316666666668,2.1,299.0,2020-08-29 03:26:53,围网
17976,29.051972222222233,123.95705555555556,2.2,288.0,2020-08-29 03:36:53,围网
17976,29.054222222222233,123.95116666666668,1.2,300.0,2020-08-29 03:46:54,围网
17976,29.05613888888889,123.94472222222224,3.1,307.0,2020-08-29 03:57:51,围网
17976,29.05741666666667,123.9394722222222,2.7,293.0,2020-08-29 04:06:54,围网
17976,29.05858333333333,123.93372222222223,1.9,271.0,2020-08-29 04:16:54,围网
17976,29.06016666666667,123.9279722222222,2.4,305.0,2020-08-29 04:26:53,围网
17976,29.06241666666667,123.92227777777781,1.7,289.0,2020-08-29 04:36:54,围网
17976,29.06527777777778,123.91683333333334,2.2,300.0,2020-08-29 04:46:53,围网
17976,29.06847222222222,123.91155555555555,2.5,327.0,2020-08-29 04:56:53,围网
17976,29.07188888888889,123.90636111111112,1.8,305.0,2020-08-29 05:06:53,围网
17976,29.076,123.9014722222222,1.8,307.0,2020-08-29 05:16:53,围网
17976,29.08008333333333,123.89661111111113,2.6,318.0,2020-08-29 05:26:53,围网
17976,29.084861111111113,123.8922777777778,2.4,331.0,2020-08-29 05:36:53,围网
17976,29.08858333333333,123.89088888888894,0.9,114.0,2020-08-29 05:46:53,围网
17976,29.08675,123.89375,1.9,22.0,2020-08-29 05:57:51,围网
17976,29.0915,123.89436111111112,1.6,3.0,2020-08-29 06:06:53,围网
17976,29.096555555555554,123.89475,1.6,18.0,2020-08-29 06:16:53,围网
17976,29.102722222222226,123.89611111111113,3.2,54.0,2020-08-29 06:26:53,围网
17976,29.107277777777767,123.90841666666668,2.5,41.0,2020-08-29 06:36:53,围网
17976,29.11258333333333,123.91275,2.4,33.0,2020-08-29 06:46:53,围网
17976,29.117638888888887,123.91677777777778,1.6,43.0,2020-08-29 06:56:53,围网
17976,29.12236111111111,123.92119444444445,1.9,36.0,2020-08-29 07:06:53,围网
17976,29.127388888888888,123.92525,2.3,42.0,2020-08-29 07:16:53,围网
17976,29.132444444444445,123.92930555555556,2.5,72.0,2020-08-29 07:26:53,围网
17976,29.137722222222234,123.9327777777778,2.1,48.0,2020-08-29 07:36:52,围网
17976,29.14283333333333,123.93686111111113,2.7,64.0,2020-08-29 07:46:53,围网
17976,29.14822222222222,123.94158333333334,1.9,31.0,2020-08-29 07:57:50,围网
17976,29.152638888888887,123.94502777777778,2.1,31.0,2020-08-29 08:06:51,围网
17976,29.157416666666666,123.94913888888887,1.6,33.0,2020-08-29 08:16:52,围网
17976,29.16177777777777,123.9535,2.2,54.0,2020-08-29 08:26:52,围网
17976,29.165416666666665,123.95877777777778,2.4,48.0,2020-08-29 08:36:53,围网
17976,29.167472222222226,123.96477777777778,3.0,100.0,2020-08-29 08:46:52,围网
17976,29.16686111111111,123.9722777777778,2.9,104.0,2020-08-29 08:56:53,围网
17976,29.16308333333333,123.98486111111107,2.7,89.0,2020-08-29 09:16:53,围网
17976,29.16075,123.99044444444445,2.6,109.0,2020-08-29 09:26:53,围网
17976,29.157055555555548,123.99486111111106,2.0,147.0,2020-08-29 09:36:53,围网
17976,29.15325,123.99863888888888,3.0,110.0,2020-08-29 09:46:53,围网
17976,29.14911111111111,124.00272222222222,1.6,139.0,2020-08-29 09:57:50,围网
17976,29.14572222222222,124.00591666666666,2.0,145.0,2020-08-29 10:06:53,围网
17976,29.14191666666667,124.0095,1.9,174.0,2020-08-29 10:16:53,围网
17976,29.13741666666667,124.01155555555556,1.9,167.0,2020-08-29 10:26:53,围网
17976,29.133194444444445,124.01441666666666,2.0,140.0,2020-08-29 10:36:52,围网
17976,29.12913888888889,124.01769444444444,1.9,187.0,2020-08-29 10:46:52,围网
17976,29.125138888888888,124.021,1.7,171.0,2020-08-29 10:56:52,围网
17976,29.12116666666667,124.0245277777778,2.0,133.0,2020-08-29 11:06:52,围网
17976,29.11708333333333,124.02797222222222,2.0,147.0,2020-08-29 11:16:52,围网
17976,29.11302777777778,124.03136111111112,1.8,153.0,2020-08-29 11:26:52,围网
17976,29.10908333333333,124.03469444444444,1.6,145.0,2020-08-29 11:36:52,围网
17976,29.105166666666666,124.03791666666666,2.0,148.0,2020-08-29 11:46:52,围网
17976,29.10091666666667,124.04136111111107,1.5,160.0,2020-08-29 11:57:49,围网
17976,29.09788888888889,124.04402777777777,1.0,340.0,2020-08-29 12:06:52,围网
17976,29.09938888888889,124.04002777777777,1.8,301.0,2020-08-29 12:16:52,围网
17976,29.100555555555548,124.04241666666668,1.8,50.0,2020-08-29 12:26:52,围网
17976,29.10175,124.04327777777776,0.9,9.0,2020-08-29 12:36:52,围网
17976,29.10297222222223,124.0437777777778,0.9,50.0,2020-08-29 12:46:52,围网
17976,29.106055555555557,124.03533333333334,5.4,264.0,2020-08-29 12:56:52,围网
17976,29.107833333333332,124.02930555555555,1.9,297.0,2020-08-29 13:06:52,围网
17976,29.109777777777786,124.02375,1.9,293.0,2020-08-29 13:16:52,围网
17976,29.11219444444445,124.01833333333332,2.2,293.0,2020-08-29 13:26:51,围网
17976,29.11483333333333,124.01302777777776,1.7,302.0,2020-08-29 13:36:52,围网
17976,29.117694444444453,124.00775,1.7,311.0,2020-08-29 13:46:52,围网
17976,29.12511111111111,123.99861111111113,2.3,330.0,2020-08-29 14:06:52,围网
17976,29.13077777777778,123.99744444444444,2.3,17.0,2020-08-29 14:16:52,围网
17976,29.13622222222222,123.99852777777778,2.3,8.0,2020-08-29 14:26:52,围网
17976,29.141277777777766,123.99972222222222,1.9,347.0,2020-08-29 14:36:52,围网
17976,29.146638888888887,123.99919444444444,1.4,10.0,2020-08-29 14:46:52,围网
17976,29.15208333333333,123.99852777777778,2.0,345.0,2020-08-29 14:56:52,围网
17976,29.157555555555554,123.9977222222222,2.0,354.0,2020-08-29 15:06:52,围网
17976,29.163138888888888,123.99697222222223,2.9,329.0,2020-08-29 15:16:52,围网
17976,29.168777777777766,123.99619444444444,2.1,345.0,2020-08-29 15:26:52,围网
17976,29.17438888888889,123.9955,2.0,337.0,2020-08-29 15:36:52,围网
17976,29.17991666666667,123.99480555555556,1.9,8.0,2020-08-29 15:46:52,围网
17976,29.18591666666667,123.994,2.1,339.0,2020-08-29 15:57:49,围网
17976,29.191,123.99341666666668,1.9,11.0,2020-08-29 16:06:52,围网
17976,29.196638888888888,123.99252777777778,2.5,343.0,2020-08-29 16:16:52,围网
17976,29.202305555555554,123.99163888888887,2.5,323.0,2020-08-29 16:26:51,围网
17976,29.20808333333333,123.99105555555555,2.5,36.0,2020-08-29 16:36:51,围网
17976,29.213916666666666,123.9904722222222,2.3,339.0,2020-08-29 16:46:51,围网
17976,29.219666666666665,123.9874722222222,2.8,300.0,2020-08-29 16:56:51,围网
17976,29.224555555555554,123.98258333333334,2.4,337.0,2020-08-29 17:06:51,围网
17976,29.229055555555547,123.97775,2.7,337.0,2020-08-29 17:16:51,围网
17976,29.233472222222233,123.97297222222224,2.1,317.0,2020-08-29 17:26:51,围网
17976,29.237805555555557,123.96847222222222,2.3,337.0,2020-08-29 17:36:51,围网
17976,29.242027777777786,123.96411111111112,2.1,319.0,2020-08-29 17:46:51,围网
17976,29.246222222222233,123.95963888888888,0.6,88.0,2020-08-29 17:57:48,围网
17976,29.24383333333333,123.96269444444445,2.0,119.0,2020-08-29 18:06:51,围网
17976,29.244777777777767,123.96266666666668,1.6,329.0,2020-08-29 18:16:51,围网
17976,29.24675,123.9615,0.3,0.0,2020-08-29 18:26:51,围网
17976,29.25111111111111,123.95891666666668,8.6,339.0,2020-08-29 18:36:51,围网
17976,29.261194444444445,123.95352777777778,2.2,342.0,2020-08-29 18:46:51,围网
17976,29.266388888888887,123.95033333333336,2.2,340.0,2020-08-29 18:56:51,围网
17976,29.27180555555555,123.948,2.5,14.0,2020-08-29 19:06:49,围网
17976,29.27758333333333,123.94677777777778,2.2,6.0,2020-08-29 19:16:50,围网
17976,29.28338888888889,123.946,2.1,6.0,2020-08-29 19:26:50,围网
17976,29.289277777777766,123.94591666666668,2.1,16.0,2020-08-29 19:36:50,围网
17976,29.295027777777786,123.94622222222222,2.0,18.0,2020-08-29 19:46:50,围网
17976,29.30116666666667,123.9470277777778,2.2,354.0,2020-08-29 19:57:48,围网
17976,29.306166666666666,123.94813888888888,2.1,15.0,2020-08-29 20:06:50,围网
17976,29.311555555555554,123.94975,2.5,42.0,2020-08-29 20:16:51,围网
17976,29.316777777777766,123.95172222222223,2.2,35.0,2020-08-29 20:26:50,围网
17976,29.321805555555553,123.95408333333334,2.1,36.0,2020-08-29 20:36:51,围网
17976,29.32625,123.95763888888888,2.1,51.0,2020-08-29 20:46:51,围网
17976,29.32933333333333,123.96277777777777,2.3,55.0,2020-08-29 20:56:50,围网
17976,29.33063888888889,123.96888888888887,2.3,93.0,2020-08-29 21:06:51,围网
17976,29.330861111111112,123.97513888888888,2.0,104.0,2020-08-29 21:16:51,围网
17976,29.330222222222233,123.98111111111113,2.1,97.0,2020-08-29 21:26:51,围网
17976,29.33055555555556,123.98702777777778,1.9,84.0,2020-08-29 21:36:51,围网
17976,29.332722222222234,123.99288888888887,2.4,93.0,2020-08-29 21:46:51,围网
17976,29.335166666666666,123.99911111111106,2.0,106.0,2020-08-29 21:57:48,围网
17976,29.334805555555555,124.0047777777778,2.1,112.0,2020-08-29 22:06:50,围网
17976,29.33363888888889,124.01094444444445,2.3,88.0,2020-08-29 22:16:50,围网
17976,29.332638888888887,124.01702777777778,2.6,91.0,2020-08-29 22:26:50,围网
17976,29.33216666666667,124.02338888888887,2.1,103.0,2020-08-29 22:36:50,围网
17976,29.332,124.02977777777778,2.4,120.0,2020-08-29 22:46:50,围网
17976,29.331111111111113,124.03594444444445,2.1,108.0,2020-08-29 22:56:50,围网
17976,29.329694444444453,124.04194444444445,1.9,103.0,2020-08-29 23:06:50,围网
17976,29.32761111111111,124.04769444444445,2.5,119.0,2020-08-29 23:16:50,围网
17976,29.32475,124.05275,1.9,81.0,2020-08-29 23:26:50,围网
17976,29.323555555555558,124.0587777777778,2.3,78.0,2020-08-29 23:36:50,围网
17976,29.322972222222226,124.06058333333333,1.5,242.0,2020-08-29 23:46:50,围网
17976,29.324388888888887,124.0547777777778,1.3,165.0,2020-08-29 23:57:47,围网
17976,29.324638888888888,124.05691666666664,1.3,340.0,2020-08-30 00:06:50,围网
17976,29.32486111111111,124.05630555555555,0.2,0.0,2020-08-30 00:16:50,围网
17976,29.32525,124.05544444444445,0.3,277.0,2020-08-30 00:26:50,围网
17976,29.325805555555558,124.05391666666668,0.3,288.0,2020-08-30 00:36:49,围网
17976,29.33808333333333,124.04352777777778,9.3,317.0,2020-08-30 00:46:49,围网
17976,29.356444444444445,124.02280555555555,9.5,314.0,2020-08-30 00:56:48,围网
17976,29.37469444444445,124.0015,9.6,314.0,2020-08-30 01:06:49,围网
17976,29.393,123.98033333333336,9.6,315.0,2020-08-30 01:16:49,围网
17976,29.409388888888888,123.95733333333334,9.3,308.0,2020-08-30 01:26:49,围网
17976,29.42586111111111,123.93408333333332,9.7,307.0,2020-08-30 01:36:49,围网
17976,29.44230555555556,123.91044444444445,9.6,306.0,2020-08-30 01:46:50,围网
17976,29.459888888888887,123.88402777777776,9.7,319.0,2020-08-30 01:57:47,围网
17976,29.475972222222207,123.86363888888887,9.7,306.0,2020-08-30 02:06:50,围网
17976,29.49288888888889,123.83958333333332,9.6,310.0,2020-08-30 02:16:50,围网
17976,29.50938888888889,123.8155,9.5,307.0,2020-08-30 02:26:50,围网
17976,29.52572222222221,123.792,9.2,305.0,2020-08-30 02:36:50,围网
17976,29.54166666666667,123.7687777777778,9.0,302.0,2020-08-30 02:46:50,围网
17976,29.55844444444445,123.74669444444444,9.2,315.0,2020-08-30 02:56:50,围网
17976,29.575805555555558,123.72466666666666,9.4,316.0,2020-08-30 03:06:50,围网
17976,29.593027777777767,123.70294444444444,9.0,315.0,2020-08-30 03:16:50,围网
17976,29.60983333333333,123.68136111111113,9.1,311.0,2020-08-30 03:26:50,围网
17976,29.62538888888889,123.65850000000002,9.0,303.0,2020-08-30 03:36:49,围网
17976,29.64116666666667,123.63541666666669,9.0,306.0,2020-08-30 03:46:49,围网
17976,29.661027777777786,123.61283333333333,9.2,306.0,2020-08-30 03:57:47,围网
17976,29.67730555555556,123.59425,9.3,317.0,2020-08-30 04:06:49,围网
17976,29.69586111111111,123.57372222222222,9.2,316.0,2020-08-30 04:16:49,围网
17976,29.714222222222233,123.55294444444445,9.3,310.0,2020-08-30 04:26:49,围网
17976,29.732388888888888,123.53194444444445,9.5,314.0,2020-08-30 04:36:49,围网
17976,29.75113888888889,123.51133333333333,9.2,312.0,2020-08-30 04:46:49,围网
17976,29.769444444444442,123.48988888888893,9.6,312.0,2020-08-30 04:56:49,围网
17976,29.78811111111111,123.46847222222222,9.5,316.0,2020-08-30 05:06:49,围网
17976,29.807361111111113,123.44822222222223,9.5,297.0,2020-08-30 05:16:49,围网
17976,29.82372222222222,123.42425,9.2,303.0,2020-08-30 05:26:49,围网
17976,29.839777777777766,123.40125,9.2,310.0,2020-08-30 05:36:49,围网
17976,29.871,123.35061111111106,9.1,262.0,2020-08-30 05:57:46,围网
17976,29.867666666666665,123.32416666666666,9.5,250.0,2020-08-30 06:06:48,围网
17976,29.85841666666667,123.29638888888887,9.1,246.0,2020-08-30 06:16:47,围网
17976,29.84386111111111,123.2727777777778,8.9,230.0,2020-08-30 06:26:47,围网
17976,29.826527777777766,123.25391666666668,3.4,173.0,2020-08-30 06:36:48,围网
17976,29.831194444444442,123.25083333333332,9.2,348.0,2020-08-30 06:46:48,围网
17976,29.839666666666666,123.24797222222223,2.4,342.0,2020-08-30 06:56:48,围网
17976,29.84594444444444,123.249,2.2,10.0,2020-08-30 07:06:49,围网
17976,29.85175,123.24725,2.7,321.0,2020-08-30 07:16:49,围网
17976,29.856305555555558,123.24180555555556,2.1,312.0,2020-08-30 07:26:49,围网
17976,29.85991666666667,123.23663888888888,1.9,314.0,2020-08-30 07:36:49,围网
17976,29.86333333333333,123.23186111111113,2.1,294.0,2020-08-30 07:46:49,围网
17976,29.867361111111112,123.22688888888894,2.0,309.0,2020-08-30 07:57:46,围网
17976,29.870666666666665,123.22288888888887,2.0,323.0,2020-08-30 08:06:49,围网
17976,29.87538888888889,123.2192777777778,2.1,336.0,2020-08-30 08:16:49,围网
17976,29.88025,123.21597222222222,1.9,330.0,2020-08-30 08:26:49,围网
17976,29.88405555555555,123.21191666666668,2.0,305.0,2020-08-30 08:36:49,围网
17976,29.888361111111113,123.20813888888893,2.1,334.0,2020-08-30 08:46:49,围网
17976,29.89372222222222,123.20525,2.2,332.0,2020-08-30 08:56:49,围网
17976,29.89958333333333,123.20319444444445,2.1,342.0,2020-08-30 09:06:48,围网
17976,29.905277777777766,123.2014722222222,2.3,342.0,2020-08-30 09:16:48,围网
17976,29.911027777777786,123.20008333333334,2.1,350.0,2020-08-30 09:26:48,围网
17976,29.916694444444445,123.19883333333334,2.1,339.0,2020-08-30 09:36:48,围网
17976,29.922361111111112,123.198,2.1,340.0,2020-08-30 09:46:48,围网
17976,29.92844444444445,123.19700000000002,1.9,339.0,2020-08-30 09:57:46,围网
17976,29.93311111111111,123.19544444444445,1.8,345.0,2020-08-30 10:06:48,围网
17976,29.93855555555556,123.19480555555555,2.0,356.0,2020-08-30 10:16:48,围网
17976,29.944138888888887,123.19530555555555,2.0,352.0,2020-08-30 10:26:48,围网
17976,29.94969444444445,123.19680555555556,2.1,26.0,2020-08-30 10:36:48,围网
17976,29.953833333333336,123.1995277777778,1.9,174.0,2020-08-30 10:46:48,围网
17976,29.95097222222222,123.20030555555556,1.3,12.0,2020-08-30 10:56:48,围网
17976,29.951777777777767,123.2000277777778,0.4,22.0,2020-08-30 11:06:48,围网
17976,29.95172222222222,123.19972222222222,0.1,0.0,2020-08-30 11:16:48,围网
17976,29.9515,123.19888888888887,2.4,288.0,2020-08-30 11:26:48,围网
17976,29.94550000000001,123.20547222222223,1.8,166.0,2020-08-30 11:36:48,围网
17976,29.94044444444444,123.20783333333334,2.0,154.0,2020-08-30 11:46:48,围网
17976,29.934638888888887,123.20991666666669,2.1,150.0,2020-08-30 11:57:45,围网
17976,29.929972222222233,123.21308333333332,2.1,146.0,2020-08-30 12:06:48,围网
17976,29.924611111111112,123.21566666666666,2.2,159.0,2020-08-30 12:16:47,围网
17976,29.919611111111113,123.21916666666668,2.1,123.0,2020-08-30 12:26:46,围网
17976,29.915416666666665,123.22405555555555,2.2,133.0,2020-08-30 12:36:46,围网
17976,29.91094444444445,123.22863888888888,2.4,155.0,2020-08-30 12:46:47,围网
17976,29.905638888888888,123.23208333333334,2.4,174.0,2020-08-30 12:56:48,围网
17976,29.89986111111111,123.23422222222223,2.1,148.0,2020-08-30 13:06:47,围网
17976,29.89477777777777,123.23733333333334,2.2,150.0,2020-08-30 13:16:47,围网
17976,29.88888888888889,123.23838888888888,2.5,183.0,2020-08-30 13:26:48,围网
17976,29.88308333333333,123.239,2.6,180.0,2020-08-30 13:36:47,围网
17976,29.877277777777767,123.23980555555555,2.1,172.0,2020-08-30 13:46:48,围网
17976,29.87094444444445,123.24058333333332,2.2,184.0,2020-08-30 13:57:45,围网
17976,29.865666666666666,123.24130555555556,1.8,177.0,2020-08-30 14:06:48,围网
17976,29.859972222222233,123.24216666666666,2.0,180.0,2020-08-30 14:16:48,围网
17976,29.85430555555555,123.24288888888887,2.0,174.0,2020-08-30 14:26:48,围网
17976,29.84847222222221,123.24091666666666,2.2,195.0,2020-08-30 14:36:48,围网
17976,29.84269444444445,123.24019444444444,2.2,179.0,2020-08-30 14:46:48,围网
17976,29.837111111111113,123.24069444444444,2.0,175.0,2020-08-30 14:56:48,围网
17976,29.831722222222233,123.24155555555555,1.6,168.0,2020-08-30 15:06:48,围网
17976,29.826527777777766,123.24244444444444,2.1,170.0,2020-08-30 15:16:48,围网
17976,29.821222222222207,123.24261111111113,1.9,180.0,2020-08-30 15:26:48,围网
17976,29.81586111111111,123.24108333333332,1.8,198.0,2020-08-30 15:36:48,围网
17976,29.81077777777778,123.23969444444445,1.6,179.0,2020-08-30 15:46:47,围网
17976,29.805416666666666,123.23683333333334,1.7,211.0,2020-08-30 15:57:45,围网
17976,29.80477777777779,123.23547222222223,2.0,30.0,2020-08-30 16:06:47,围网
17976,29.807222222222233,123.23280555555556,1.6,227.0,2020-08-30 16:16:47,围网
17976,29.806305555555557,123.22930555555556,3.5,351.0,2020-08-30 16:26:47,围网
17976,29.806305555555557,123.22516666666668,1.7,272.0,2020-08-30 16:36:47,围网
17976,29.806027777777786,123.2355277777778,5.4,91.0,2020-08-30 16:46:47,围网
17976,29.81116666666667,123.25119444444445,2.0,75.0,2020-08-30 16:56:47,围网
17976,29.81808333333333,123.25191666666666,2.1,3.0,2020-08-30 17:06:47,围网
17976,29.824361111111113,123.25,2.7,332.0,2020-08-30 17:16:48,围网
17976,29.830305555555555,123.24827777777777,2.3,351.0,2020-08-30 17:26:47,围网
17976,29.835916666666666,123.24727777777778,1.9,350.0,2020-08-30 17:36:47,围网
17976,29.841638888888887,123.24586111111113,2.0,352.0,2020-08-30 17:46:47,围网
17976,29.847972222222207,123.24488888888894,2.5,344.0,2020-08-30 17:57:44,围网
17976,29.85341666666667,123.24319444444444,2.1,352.0,2020-08-30 18:06:53,围网
17976,29.859305555555554,123.24258333333334,1.7,4.0,2020-08-30 18:16:48,围网
17976,29.865250000000003,123.24241666666668,2.4,347.0,2020-08-30 18:26:46,围网
17976,29.87155555555556,123.2422222222222,1.8,34.0,2020-08-30 18:36:47,围网
17976,29.87761111111111,123.24213888888887,2.3,354.0,2020-08-30 18:46:46,围网
17976,29.88363888888889,123.24216666666666,2.1,355.0,2020-08-30 18:56:47,围网
17976,29.889777777777766,123.24144444444444,2.4,350.0,2020-08-30 19:06:47,围网
17976,29.895805555555555,123.24091666666666,2.2,353.0,2020-08-30 19:16:47,围网
17976,29.90183333333333,123.24094444444445,2.0,8.0,2020-08-30 19:26:47,围网
17976,29.907916666666665,123.23927777777777,2.2,332.0,2020-08-30 19:36:47,围网
17976,29.913611111111113,123.23625,2.5,320.0,2020-08-30 19:46:47,围网
17976,29.92019444444445,123.23408333333332,2.8,347.0,2020-08-30 19:57:44,围网
17976,29.925750000000004,123.23769444444444,1.6,323.0,2020-08-30 20:06:47,围网
17976,29.923388888888887,123.23702777777778,0.8,318.0,2020-08-30 20:16:47,围网
17976,29.92613888888889,123.23405555555556,1.7,303.0,2020-08-30 20:26:47,围网
17976,29.928916666666666,123.23072222222223,1.6,311.0,2020-08-30 20:36:47,围网
17976,29.92908333333333,123.21863888888888,8.8,271.0,2020-08-30 20:46:47,围网
17976,29.93194444444445,123.19213888888888,8.3,263.0,2020-08-30 20:56:47,围网
17976,29.92875,123.16541666666667,8.5,262.0,2020-08-30 21:06:47,围网
17976,29.92369444444445,123.13997222222223,8.2,265.0,2020-08-30 21:16:46,围网
17976,29.921972222222234,123.11316666666666,8.1,265.0,2020-08-30 21:26:46,围网
17976,29.91980555555556,123.08658333333334,7.9,258.0,2020-08-30 21:36:46,围网
17976,29.91772222222223,123.06011111111113,7.9,263.0,2020-08-30 21:46:46,围网
17976,29.91858333333333,123.03116666666668,8.5,285.0,2020-08-30 21:57:44,围网
17976,29.922,123.00744444444445,8.4,278.0,2020-08-30 22:06:46,围网
17976,29.932,122.98294444444444,8.5,299.0,2020-08-30 22:16:46,围网
17976,29.937555555555555,122.96716666666669,0.9,35.0,2020-08-30 22:26:46,围网
17976,29.938416666666665,122.96813888888887,2.0,169.0,2020-08-30 22:36:46,围网
17976,29.929277777777767,122.97019444444445,1.8,156.0,2020-08-30 22:46:46,围网
17976,29.92447222222223,122.97255555555556,1.9,147.0,2020-08-30 22:56:46,围网
17976,29.91938888888889,122.97380555555556,2.0,174.0,2020-08-30 23:06:46,围网
17976,29.914361111111113,122.97555555555556,2.0,153.0,2020-08-30 23:16:46,围网
17976,29.90925,122.97636111111107,1.9,161.0,2020-08-30 23:26:46,围网
17976,29.90397222222222,122.97666666666667,1.8,174.0,2020-08-30 23:36:46,围网
17976,29.89863888888889,122.97697222222222,2.1,162.0,2020-08-30 23:46:46,围网
17976,29.89269444444445,122.97880555555555,2.7,174.0,2020-08-30 23:57:43,围网
17976,29.88825000000001,122.98238888888888,2.2,147.0,2020-08-31 00:06:45,围网
17976,29.883861111111113,122.98697222222222,2.3,146.0,2020-08-31 00:16:45,围网
17976,29.879555555555555,122.99144444444444,2.1,140.0,2020-08-31 00:26:46,围网
17976,29.875222222222234,122.99580555555555,2.1,138.0,2020-08-31 00:36:45,围网
17976,29.871,123.00022222222222,2.3,143.0,2020-08-31 00:46:45,围网
17976,29.86630555555556,123.00427777777777,2.1,141.0,2020-08-31 00:56:45,围网
17976,29.86138888888889,123.00794444444445,2.4,157.0,2020-08-31 01:06:46,围网
17976,29.855027777777767,123.00844444444445,2.3,181.0,2020-08-31 01:16:45,围网
17976,29.849027777777767,123.00841666666668,1.9,164.0,2020-08-31 01:26:45,围网
17976,29.843166666666665,123.00741666666669,2.1,194.0,2020-08-31 01:36:46,围网
17976,29.83747222222221,123.00577777777778,2.1,179.0,2020-08-31 01:46:46,围网
17976,29.831111111111113,123.00425,2.1,180.0,2020-08-31 01:57:43,围网
17976,29.82577777777778,123.00280555555555,2.6,199.0,2020-08-31 02:06:45,围网
17976,29.819888888888887,123.00094444444444,2.4,196.0,2020-08-31 02:16:46,围网
17976,29.81383333333333,122.9992777777778,2.2,175.0,2020-08-31 02:26:46,围网
17976,29.807972222222233,122.99791666666668,2.4,184.0,2020-08-31 02:36:46,围网
17976,29.79666666666667,122.99480555555556,2.9,214.0,2020-08-31 02:56:45,围网
17976,29.79111111111111,122.99344444444445,2.0,190.0,2020-08-31 03:06:45,围网
17976,29.78580555555556,122.99191666666668,1.9,199.0,2020-08-31 03:16:45,围网
17976,29.78086111111111,122.98955555555555,1.7,202.0,2020-08-31 03:26:45,围网
17976,29.775805555555557,122.98738888888893,2.1,203.0,2020-08-31 03:36:45,围网
17976,29.77083333333333,122.98516666666669,1.8,194.0,2020-08-31 03:46:45,围网
17976,29.76550000000001,122.98305555555555,1.8,209.0,2020-08-31 03:57:42,围网
17976,29.76116666666667,122.98141666666666,2.4,207.0,2020-08-31 04:06:45,围网
17976,29.756888888888888,122.97933333333334,0.2,0.0,2020-08-31 04:16:45,围网
17976,29.76116666666667,122.9802777777778,2.0,250.0,2020-08-31 04:26:45,围网
17976,29.75944444444445,122.97625,0.6,236.0,2020-08-31 04:36:45,围网
17976,29.75836111111111,122.97316666666669,1.6,248.0,2020-08-31 04:46:45,围网
17976,29.75741666666667,122.96897222222222,0.9,262.0,2020-08-31 04:56:45,围网
17976,29.75702777777777,122.96436111111113,2.3,262.0,2020-08-31 05:06:45,围网
17976,29.75788888888889,122.95011111111113,8.8,283.0,2020-08-31 05:16:44,围网
17976,29.76325000000001,122.92200000000001,9.4,285.0,2020-08-31 05:26:43,围网
17976,29.76888888888889,122.89341666666668,9.3,280.0,2020-08-31 05:36:44,围网
17976,29.77413888888889,122.86444444444444,9.4,286.0,2020-08-31 05:46:44,围网
17976,29.77983333333333,122.8312777777778,9.7,278.0,2020-08-31 05:57:42,围网
17976,29.781861111111112,122.80344444444445,9.8,273.0,2020-08-31 06:06:44,围网
17976,29.783444444444445,122.77202777777778,9.9,273.0,2020-08-31 06:16:45,围网
17976,29.785055555555555,122.74055555555556,10.3,273.0,2020-08-31 06:26:45,围网
17976,29.786638888888888,122.70933333333336,9.8,273.0,2020-08-31 06:36:45,围网
17976,29.79269444444445,122.67961111111113,9.7,288.0,2020-08-31 06:46:45,围网
17976,29.79552777777778,122.64966666666668,9.5,271.0,2020-08-31 06:56:45,围网
17976,29.79663888888889,122.61969444444445,9.5,264.0,2020-08-31 07:06:45,围网
17976,29.802916666666665,122.56069444444445,9.8,288.0,2020-08-31 07:26:45,围网
17976,29.805194444444453,122.53102777777778,9.1,271.0,2020-08-31 07:36:45,围网
17976,29.80983333333333,122.50155555555556,9.4,288.0,2020-08-31 07:46:45,围网
17976,29.817611111111113,122.46980555555555,9.2,280.0,2020-08-31 07:57:42,围网
17976,29.822111111111113,122.44319444444444,9.1,271.0,2020-08-31 08:06:45,围网
17976,29.82719444444445,122.414,9.8,278.0,2020-08-31 08:16:45,围网
17976,29.835,122.38486111111106,9.1,312.0,2020-08-31 08:26:44,围网
17976,29.857194444444445,122.36469444444445,10.7,330.0,2020-08-31 08:36:44,围网
