渔船ID,lat,lon,速度,方向,time,type
4301,29.8185,125.00461111111113,2.7,151.0,2018-04-01 12:13:19,刺网
4301,29.812444444444445,125.01052777777777,3.3,135.0,2018-04-01 12:23:20,刺网
4301,29.806527777777767,125.01688888888887,2.6,130.0,2018-04-01 12:33:21,刺网
4301,29.8015,125.02388888888888,2.8,120.0,2018-04-01 12:43:20,刺网
4301,29.797638888888887,125.03169444444444,2.8,125.0,2018-04-01 12:53:21,刺网
4301,29.794583333333332,125.04008333333331,3.1,107.0,2018-04-01 13:03:21,刺网
4301,29.79111111111111,125.04805555555555,2.9,128.0,2018-04-01 13:13:20,刺网
4301,29.787194444444452,125.05608333333332,2.6,116.0,2018-04-01 13:23:21,刺网
4301,29.78308333333333,125.06416666666668,3.1,125.0,2018-04-01 13:33:21,刺网
4301,29.77925,125.07230555555556,2.8,128.0,2018-04-01 13:43:20,刺网
4301,29.775277777777767,125.08027777777778,3.0,127.0,2018-04-01 13:53:21,刺网
4301,29.771611111111113,125.08841666666666,3.0,118.0,2018-04-01 14:03:21,刺网
4301,29.767972222222234,125.09647222222222,2.8,115.0,2018-04-01 14:13:20,刺网
4301,29.765166666666666,125.1047222222222,3.0,103.0,2018-04-01 14:23:21,刺网
4301,29.762305555555553,125.11283333333333,3.0,103.0,2018-04-01 14:33:22,刺网
4301,29.759694444444445,125.1215,2.7,105.0,2018-04-01 14:43:22,刺网
4301,29.75716666666667,125.12991666666666,2.2,0.0,2018-04-01 14:53:23,刺网
4301,29.75458333333333,125.13833333333334,2.5,99.0,2018-04-01 15:03:23,刺网
4301,29.75197222222221,125.14669444444445,2.2,119.0,2018-04-01 15:13:22,刺网
4301,29.749027777777766,125.15491666666668,2.1,104.0,2018-04-01 15:23:25,刺网
4301,29.74519444444445,125.16313888888894,2.7,125.0,2018-04-01 15:33:50,刺网
4301,29.74169444444445,125.17033333333336,2.7,116.0,2018-04-01 15:43:19,刺网
4301,29.73991666666667,125.17355555555555,1.4,248.0,2018-04-01 15:53:20,刺网
4301,29.73994444444445,125.17558333333334,0.4,229.0,2018-04-01 16:13:19,刺网
4301,29.75025,125.18113888888894,6.5,31.0,2018-04-01 16:23:21,刺网
4301,29.75997222222223,125.19700000000002,6.6,45.0,2018-04-01 16:33:19,刺网
4301,29.766305555555558,125.21030555555555,1.4,42.0,2018-04-01 16:43:19,刺网
4301,29.767277777777768,125.21011111111113,0.2,0.0,2018-04-01 16:53:20,刺网
4301,29.76805555555556,125.20869444444445,0.7,308.0,2018-04-01 17:03:19,刺网
4301,29.76875,125.20486111111113,1.6,252.0,2018-04-01 17:13:19,刺网
4301,29.767916666666665,125.19616666666668,1.9,264.0,2018-04-01 17:23:21,刺网
4301,29.768694444444442,125.18516666666667,3.0,292.0,2018-04-01 17:33:19,刺网
4301,29.769416666666668,125.17591666666668,2.5,275.0,2018-04-01 17:43:19,刺网
4301,29.7705,125.16680555555556,2.8,268.0,2018-04-01 17:53:20,刺网
4301,29.770666666666664,125.15727777777781,3.0,277.0,2018-04-01 18:03:50,刺网
4301,29.77083333333333,125.14863888888893,2.8,261.0,2018-04-01 18:13:19,刺网
4301,29.771166666666666,125.13975,2.8,272.0,2018-04-01 18:23:20,刺网
4301,29.77180555555555,125.13091666666666,2.8,293.0,2018-04-01 18:33:19,刺网
4301,29.774166666666666,125.12236111111108,2.7,284.0,2018-04-01 18:43:19,刺网
4301,29.776944444444442,125.11388888888888,2.8,286.0,2018-04-01 18:53:20,刺网
4301,29.78022222222221,125.10558333333331,3.0,271.0,2018-04-01 19:03:19,刺网
4301,29.782277777777768,125.09686111111112,2.6,285.0,2018-04-01 19:13:18,刺网
4301,29.78591666666667,125.08866666666668,2.5,297.0,2018-04-01 19:23:19,刺网
4301,29.790194444444452,125.0809722222222,2.9,292.0,2018-04-01 19:33:19,刺网
4301,29.794027777777767,125.07286111111112,3.1,315.0,2018-04-01 19:43:18,刺网
4301,29.798111111111112,125.065,2.9,308.0,2018-04-01 19:53:19,刺网
4301,29.80233333333333,125.05752777777776,2.6,295.0,2018-04-01 20:03:19,刺网
4301,29.806166666666666,125.04966666666668,2.3,301.0,2018-04-01 20:13:18,刺网
4301,29.80961111111111,125.04161111111112,2.6,288.0,2018-04-01 20:23:19,刺网
4301,29.81313888888889,125.03366666666668,2.9,308.0,2018-04-01 20:33:18,刺网
4301,29.81758333333333,125.02630555555555,2.9,315.0,2018-04-01 20:43:18,刺网
4301,29.822222222222226,125.01913888888888,2.8,315.0,2018-04-01 20:53:19,刺网
4301,29.82680555555556,125.01211111111112,2.4,301.0,2018-04-01 21:03:19,刺网
4301,29.831,125.00519444444444,2.4,307.0,2018-04-01 21:13:19,刺网
4301,29.837027777777767,124.99988888888888,2.4,330.0,2018-04-01 21:23:19,刺网
4301,29.84419444444445,124.9965,2.6,351.0,2018-04-01 21:33:19,刺网
4301,29.851972222222226,124.99513888888887,2.8,2.0,2018-04-01 21:43:19,刺网
4301,29.85983333333333,124.99466666666666,2.8,354.0,2018-04-01 21:53:18,刺网
4301,29.86786111111111,124.99408333333334,1.9,4.0,2018-04-01 22:03:50,刺网
4301,29.86802777777779,124.99469444444445,0.6,0.0,2018-04-01 22:13:19,刺网
4301,29.878138888888888,124.99894444444445,5.3,113.0,2018-04-01 22:33:19,刺网
4301,29.878000000000004,125.02291666666666,8.0,79.0,2018-04-01 22:43:19,刺网
4301,29.88055555555556,125.03930555555556,7.5,98.0,2018-04-01 22:53:19,刺网
4301,29.87894444444445,125.06383333333332,7.6,93.0,2018-04-01 23:03:19,刺网
4301,29.87866666666667,125.08941666666664,7.5,92.0,2018-04-01 23:13:18,刺网
4301,29.87886111111111,125.11516666666668,7.9,90.0,2018-04-01 23:23:19,刺网
4301,29.88125,125.14113888888888,8.5,64.0,2018-04-01 23:33:19,刺网
4301,29.88708333333333,125.16322222222223,4.3,59.0,2018-04-01 23:43:19,刺网
4301,29.889555555555553,125.17441666666666,3.4,90.0,2018-04-01 23:53:17,刺网
4301,29.890611111111113,125.18388888888887,2.8,91.0,2018-04-02 00:03:18,刺网
4301,29.890777777777767,125.19305555555556,2.6,90.0,2018-04-02 00:13:18,刺网
4301,29.890916666666666,125.20238888888888,2.9,81.0,2018-04-02 00:23:18,刺网
4301,29.891055555555557,125.21172222222224,3.1,87.0,2018-04-02 00:33:18,刺网
4301,29.89119444444445,125.22097222222222,3.1,98.0,2018-04-02 00:43:18,刺网
4301,29.891305555555558,125.2302222222222,3.3,91.0,2018-04-02 00:53:17,刺网
4301,29.89116666666667,125.23936111111112,3.4,91.0,2018-04-02 01:03:18,刺网
4301,29.891055555555557,125.24866666666668,3.1,90.0,2018-04-02 01:13:18,刺网
4301,29.890527777777766,125.25780555555555,3.3,98.0,2018-04-02 01:23:18,刺网
4301,29.88936111111111,125.26680555555555,3.8,91.0,2018-04-02 01:33:18,刺网
4301,29.887611111111113,125.27566666666668,1.6,107.0,2018-04-02 01:43:18,刺网
4301,29.885055555555553,125.28486111111107,2.8,104.0,2018-04-02 01:53:44,刺网
4301,29.882527777777767,125.29316666666666,3.5,98.0,2018-04-02 02:03:18,刺网
4301,29.880055555555554,125.30188888888887,2.4,113.0,2018-04-02 02:13:18,刺网
4301,29.8775,125.31052777777776,2.8,95.0,2018-04-02 02:23:18,刺网
4301,29.87461111111111,125.31891666666664,2.7,111.0,2018-04-02 02:33:18,刺网
4301,29.87172222222221,125.32736111111107,3.1,113.0,2018-04-02 02:43:18,刺网
4301,29.865222222222233,125.34411111111108,2.6,106.0,2018-04-02 03:03:18,刺网
4301,29.86180555555556,125.35230555555556,3.1,119.0,2018-04-02 03:13:18,刺网
4301,29.85841666666667,125.3604722222222,2.9,117.0,2018-04-02 03:23:18,刺网
4301,29.854861111111113,125.36852777777777,2.8,125.0,2018-04-02 03:33:17,刺网
4301,29.85094444444445,125.37658333333331,3.0,120.0,2018-04-02 03:43:18,刺网
4301,29.84725,125.38458333333334,2.5,119.0,2018-04-02 03:53:18,刺网
4301,29.84258333333333,125.39230555555555,3.0,130.0,2018-04-02 04:03:50,刺网
4301,29.83758333333333,125.39866666666668,2.5,134.0,2018-04-02 04:13:18,刺网
4301,29.83208333333333,125.40505555555555,2.9,132.0,2018-04-02 04:23:18,刺网
4301,29.825722222222232,125.41055555555555,2.9,140.0,2018-04-02 04:33:17,刺网
4301,29.819222222222226,125.41566666666668,2.8,155.0,2018-04-02 04:43:17,刺网
4301,29.81205555555556,125.41980555555556,3.2,156.0,2018-04-02 04:53:18,刺网
4301,29.80880555555556,125.42019444444445,2.5,309.0,2018-04-02 05:03:18,刺网
4301,29.80477777777779,125.42194444444445,1.2,146.0,2018-04-02 05:13:19,刺网
4301,29.80247222222223,125.42105555555555,0.8,0.0,2018-04-02 05:23:18,刺网
4301,29.79738888888889,125.40213888888893,8.1,254.0,2018-04-02 05:33:17,刺网
4301,29.786444444444445,125.3784722222222,8.8,246.0,2018-04-02 05:43:18,刺网
4301,29.777666666666665,125.35258333333331,8.9,265.0,2018-04-02 05:53:17,刺网
4301,29.77275,125.32536111111106,8.8,245.0,2018-04-02 06:03:17,刺网
4301,29.767861111111113,125.29780555555556,8.8,256.0,2018-04-02 06:13:17,刺网
4301,29.76241666666667,125.2697777777778,8.9,262.0,2018-04-02 06:23:17,刺网
4301,29.756,125.24175,9.2,254.0,2018-04-02 06:33:17,刺网
4301,29.750666666666664,125.2132777777778,9.1,255.0,2018-04-02 06:43:17,刺网
4301,29.74588888888889,125.18786111111113,4.8,270.0,2018-04-02 06:53:17,刺网
4301,29.745222222222232,125.17577777777778,2.6,258.0,2018-04-02 07:03:45,刺网
4301,29.74538888888889,125.16716666666667,0.7,312.0,2018-04-02 07:13:17,刺网
4301,29.746222222222233,125.16975,2.9,273.0,2018-04-02 07:23:18,刺网
4301,29.746111111111112,125.16194444444444,1.7,266.0,2018-04-02 07:33:17,刺网
4301,29.74683333333333,125.15733333333334,0.9,270.0,2018-04-02 07:43:17,刺网
4301,29.747805555555555,125.15283333333336,1.6,285.0,2018-04-02 07:53:17,刺网
4301,29.750888888888888,125.13041666666666,7.7,288.0,2018-04-02 08:03:17,刺网
4301,29.752805555555554,125.10497222222222,2.7,267.0,2018-04-02 08:23:17,刺网
4301,29.754,125.09608333333333,2.4,287.0,2018-04-02 08:33:16,刺网
4301,29.755722222222207,125.08730555555556,2.6,274.0,2018-04-02 08:43:16,刺网
4301,29.75788888888889,125.07858333333333,2.8,282.0,2018-04-02 08:53:16,刺网
4301,29.760527777777767,125.07016666666668,2.6,286.0,2018-04-02 09:03:17,刺网
4301,29.763,125.06169444444444,2.5,292.0,2018-04-02 09:13:16,刺网
4301,29.76658333333333,125.0534722222222,2.9,298.0,2018-04-02 09:23:16,刺网
4301,29.770888888888887,125.04580555555556,2.8,316.0,2018-04-02 09:33:16,刺网
4301,29.77480555555555,125.03813888888894,2.8,299.0,2018-04-02 09:43:16,刺网
4301,29.778916666666664,125.03069444444445,2.8,302.0,2018-04-02 09:53:16,刺网
4301,29.78386111111111,125.02311111111112,3.0,308.0,2018-04-02 10:03:44,刺网
4301,29.78897222222223,125.01675,2.6,308.0,2018-04-02 10:13:15,刺网
4301,29.79450000000001,125.01033333333334,3.0,334.0,2018-04-02 10:23:16,刺网
4301,29.800361111111112,125.00461111111113,3.1,329.0,2018-04-02 10:33:16,刺网
4301,29.806777777777786,124.99983333333331,2.9,330.0,2018-04-02 10:43:15,刺网
4301,29.81363888888889,124.99597222222219,2.3,336.0,2018-04-02 10:53:16,刺网
4301,29.82094444444445,124.99325,2.9,355.0,2018-04-02 11:03:16,刺网
4301,29.824527777777767,124.99386111111107,1.7,144.0,2018-04-02 11:13:16,刺网
4301,29.82755555555556,124.99488888888894,5.0,347.0,2018-04-02 11:23:16,刺网
4301,29.83238888888889,124.99672222222223,3.5,343.0,2018-04-02 11:33:15,刺网
4301,29.83327777777778,124.97688888888894,6.3,282.0,2018-04-02 11:43:15,刺网
4301,29.841166666666666,124.95566666666667,7.1,299.0,2018-04-02 11:53:17,刺网
4301,29.84761111111111,124.93444444444445,6.5,6.0,2018-04-02 12:03:20,刺网
4301,29.843277777777786,124.94572222222223,3.0,115.0,2018-04-02 12:13:45,刺网
4301,29.839305555555548,124.95325,3.1,120.0,2018-04-02 12:23:16,刺网
4301,29.83491666666667,124.96080555555555,2.5,131.0,2018-04-02 12:33:15,刺网
4301,29.830361111111113,124.96816666666666,3.2,114.0,2018-04-02 12:43:15,刺网
4301,29.825916666666664,124.97586111111113,2.9,118.0,2018-04-02 12:53:16,刺网
4301,29.821583333333336,124.98372222222223,3.2,123.0,2018-04-02 13:03:16,刺网
4301,29.816972222222233,124.99111111111112,2.5,136.0,2018-04-02 13:13:15,刺网
4301,29.81327777777778,124.99922222222223,2.5,113.0,2018-04-02 13:23:16,刺网
4301,29.8105,125.00783333333334,3.1,118.0,2018-04-02 13:33:15,刺网
4301,29.80325,125.02422222222219,3.0,120.0,2018-04-02 13:53:15,刺网
4301,29.79966666666667,125.03227777777781,2.7,116.0,2018-04-02 14:03:15,刺网
4301,29.79572222222221,125.04038888888887,3.1,113.0,2018-04-02 14:13:14,刺网
4301,29.79219444444445,125.04841666666668,3.2,115.0,2018-04-02 14:23:15,刺网
4301,29.78908333333333,125.05644444444445,2.9,121.0,2018-04-02 14:33:15,刺网
4301,29.78552777777778,125.06452777777778,2.4,116.0,2018-04-02 14:43:15,刺网
4301,29.78191666666667,125.0725,2.9,119.0,2018-04-02 14:53:16,刺网
4301,29.778055555555554,125.08019444444444,2.5,117.0,2018-04-02 15:03:18,刺网
4301,29.774527777777767,125.08813888888888,3.2,135.0,2018-04-02 15:13:22,刺网
4301,29.77133333333333,125.09588888888894,3.0,118.0,2018-04-02 15:23:20,刺网
4301,29.768166666666666,125.10461111111113,3.2,119.0,2018-04-02 15:33:45,刺网
4301,29.765611111111113,125.11269444444444,2.7,108.0,2018-04-02 15:43:13,刺网
4301,29.76280555555556,125.12108333333332,2.6,109.0,2018-04-02 15:53:14,刺网
4301,29.760361111111113,125.12958333333331,2.6,110.0,2018-04-02 16:03:15,刺网
4301,29.75716666666667,125.1375,2.7,118.0,2018-04-02 16:13:15,刺网
4301,29.752305555555555,125.14441666666669,2.8,136.0,2018-04-02 16:23:15,刺网
4301,29.74783333333333,125.14902777777776,2.2,312.0,2018-04-02 16:33:14,刺网
4301,29.74811111111111,125.14825,1.2,244.0,2018-04-02 16:43:14,刺网
4301,29.751638888888888,125.15036111111112,0.3,0.0,2018-04-02 16:53:14,刺网
4301,29.75622222222221,125.15069444444444,5.9,15.0,2018-04-02 17:03:15,刺网
4301,29.770861111111113,125.14780555555555,7.1,296.0,2018-04-02 17:13:14,刺网
4301,29.77780555555556,125.13883333333334,1.2,257.0,2018-04-02 17:23:14,刺网
4301,29.77638888888889,125.12908333333333,2.1,254.0,2018-04-02 17:33:14,刺网
4301,29.775805555555557,125.1202222222222,2.0,264.0,2018-04-02 17:43:14,刺网
4301,29.77561111111111,125.11124999999998,1.4,264.0,2018-04-02 17:53:14,刺网
4301,29.77533333333333,125.1023611111111,2.5,286.0,2018-04-02 18:03:44,刺网
4301,29.77722222222221,125.09416666666668,2.4,275.0,2018-04-02 18:13:14,刺网
4301,29.777527777777767,125.0855,2.4,273.0,2018-04-02 18:23:14,刺网
4301,29.77933333333333,125.07708333333332,2.6,293.0,2018-04-02 18:33:13,刺网
4301,29.78244444444445,125.06919444444445,2.7,304.0,2018-04-02 18:43:13,刺网
4301,29.785555555555558,125.06108333333331,2.9,289.0,2018-04-02 18:53:13,刺网
4301,29.787944444444445,125.05233333333332,3.1,281.0,2018-04-02 19:03:14,刺网
4301,29.791,125.04388888888887,3.0,295.0,2018-04-02 19:13:13,刺网
4301,29.794583333333332,125.03575,2.6,304.0,2018-04-02 19:23:14,刺网
4301,29.798305555555558,125.02758333333334,2.7,297.0,2018-04-02 19:33:13,刺网
4301,29.802138888888887,125.01941666666666,3.1,303.0,2018-04-02 19:43:13,刺网
4301,29.80580555555556,125.01108333333332,3.1,286.0,2018-04-02 19:53:14,刺网
4301,29.80941666666667,125.00277777777778,2.8,306.0,2018-04-02 20:03:14,刺网
4301,29.813000000000002,124.99455555555555,2.9,302.0,2018-04-02 20:13:13,刺网
4301,29.816944444444445,124.98641666666668,2.9,308.0,2018-04-02 20:23:14,刺网
4301,29.821055555555557,124.9784722222222,2.4,304.0,2018-04-02 20:33:13,刺网
4301,29.82533333333333,124.97058333333334,2.5,299.0,2018-04-02 20:43:13,刺网
4301,29.829722222222234,124.96283333333334,2.5,311.0,2018-04-02 20:53:14,刺网
4301,29.83433333333333,124.9547777777778,2.9,306.0,2018-04-02 21:03:45,刺网
4301,29.83808333333333,124.94736111111106,3.0,307.0,2018-04-02 21:13:13,刺网
4301,29.842111111111112,124.9395,3.0,303.0,2018-04-02 21:23:14,刺网
4301,29.84638888888889,124.93183333333334,2.4,308.0,2018-04-02 21:33:14,刺网
4301,29.85102777777778,124.92455555555556,3.0,303.0,2018-04-02 21:43:14,刺网
4301,29.85619444444445,124.9177222222222,2.8,311.0,2018-04-02 21:53:14,刺网
4301,29.8625,124.91213888888888,2.8,329.0,2018-04-02 22:03:14,刺网
4301,29.869555555555554,124.90777777777778,2.6,326.0,2018-04-02 22:13:13,刺网
4301,29.876777777777786,124.90372222222223,2.8,342.0,2018-04-02 22:23:13,刺网
4301,29.88419444444445,124.9,2.9,343.0,2018-04-02 22:33:14,刺网
4301,29.89158333333333,124.89636111111106,2.8,343.0,2018-04-02 22:43:13,刺网
4301,29.899027777777768,124.89302777777776,2.9,338.0,2018-04-02 22:53:13,刺网
4301,29.90233333333333,124.89261111111112,0.5,0.0,2018-04-02 23:04:10,刺网
4301,29.90561111111111,124.89244444444445,3.4,49.0,2018-04-02 23:13:13,刺网
4301,29.913,124.89388888888894,1.5,19.0,2018-04-02 23:23:13,刺网
4301,29.907805555555555,124.8949722222222,6.8,236.0,2018-04-02 23:33:13,刺网
4301,29.89086111111111,124.88925,6.4,172.0,2018-04-02 23:43:12,刺网
4301,29.87230555555556,124.88980555555555,6.8,170.0,2018-04-02 23:53:12,刺网
4301,29.85183333333333,124.88980555555555,6.6,203.0,2018-04-03 00:03:44,刺网
4301,29.83983333333333,124.89525,3.1,97.0,2018-04-03 00:13:13,刺网
4301,29.83925,124.90616666666668,2.6,96.0,2018-04-03 00:23:13,刺网
4301,29.83827777777779,124.91516666666668,2.8,98.0,2018-04-03 00:33:13,刺网
4301,29.83655555555555,124.92405555555555,2.9,115.0,2018-04-03 00:43:13,刺网
4301,29.834166666666665,124.9327222222222,2.8,109.0,2018-04-03 00:53:12,刺网
4301,29.83225,124.94155555555555,2.8,105.0,2018-04-03 01:03:13,刺网
4301,29.830277777777766,124.95019444444445,2.9,109.0,2018-04-03 01:13:12,刺网
4301,29.82775,124.95872222222219,2.8,113.0,2018-04-03 01:23:13,刺网
4301,29.82533333333333,124.96733333333331,2.9,105.0,2018-04-03 01:33:14,刺网
4301,29.82225,124.97572222222223,2.8,117.0,2018-04-03 01:43:14,刺网
4301,29.81786111111111,124.98352777777778,2.9,123.0,2018-04-03 01:53:13,刺网
4301,29.81294444444445,124.99058333333332,4.0,130.0,2018-04-03 02:03:13,刺网
4301,29.80741666666667,124.99769444444445,2.6,134.0,2018-04-03 02:13:44,刺网
4301,29.80208333333333,125.00369444444445,2.8,128.0,2018-04-03 02:23:13,刺网
4301,29.796194444444453,125.00980555555556,3.1,136.0,2018-04-03 02:33:14,刺网
4301,29.79033333333333,125.01591666666668,2.9,130.0,2018-04-03 02:43:13,刺网
4301,29.785166666666665,125.0227222222222,2.7,139.0,2018-04-03 02:53:13,刺网
4301,29.780277777777766,125.02969444444444,2.9,117.0,2018-04-03 03:03:13,刺网
4301,29.77583333333333,125.03736111111112,3.1,122.0,2018-04-03 03:13:13,刺网
4301,29.77172222222222,125.0450277777778,2.7,111.0,2018-04-03 03:23:13,刺网
4301,29.768,125.05302777777777,3.1,122.0,2018-04-03 03:33:12,刺网
4301,29.76444444444445,125.06091666666669,2.5,110.0,2018-04-03 03:43:13,刺网
4301,29.76072222222221,125.06866666666667,2.7,120.0,2018-04-03 03:53:13,刺网
4301,29.757527777777767,125.07672222222223,2.8,106.0,2018-04-03 04:03:13,刺网
4301,29.75480555555556,125.08475,3.0,117.0,2018-04-03 04:13:12,刺网
4301,29.75183333333333,125.09261111111113,2.6,116.0,2018-04-03 04:23:12,刺网
4301,29.74805555555556,125.1,2.6,123.0,2018-04-03 04:33:12,刺网
4301,29.743472222222234,125.10658333333332,2.5,134.0,2018-04-03 04:43:12,刺网
4301,29.74225,125.106,0.5,0.0,2018-04-03 04:53:12,刺网
4301,29.739305555555553,125.10916666666668,1.8,145.0,2018-04-03 05:03:13,刺网
4301,29.73769444444445,125.10919444444444,0.5,0.0,2018-04-03 05:13:12,刺网
4301,29.73775,125.11108333333333,7.3,59.0,2018-04-03 05:23:44,刺网
4301,29.751277777777766,125.12369444444445,7.5,8.0,2018-04-03 05:33:12,刺网
4301,29.75858333333333,125.12916666666666,0.8,261.0,2018-04-03 05:43:12,刺网
4301,29.7575,125.12683333333334,0.5,180.0,2018-04-03 05:53:12,刺网
4301,29.75686111111111,125.12325,5.3,273.0,2018-04-03 06:03:12,刺网
4301,29.75375,125.11113888888887,2.7,258.0,2018-04-03 06:13:13,刺网
4301,29.753777777777767,125.10191666666664,2.5,269.0,2018-04-03 06:23:13,刺网
4301,29.754555555555555,125.09297222222222,3.1,279.0,2018-04-03 06:33:13,刺网
4301,29.756638888888887,125.08430555555556,2.7,283.0,2018-04-03 06:43:13,刺网
4301,29.75866666666667,125.07555555555555,2.9,281.0,2018-04-03 06:53:13,刺网
4301,29.761138888888887,125.06702777777778,2.7,284.0,2018-04-03 07:03:12,刺网
4301,29.76436111111111,125.0589722222222,2.9,297.0,2018-04-03 07:13:12,刺网
4301,29.768,125.05116666666667,2.5,289.0,2018-04-03 07:23:12,刺网
4301,29.77188888888889,125.0437222222222,2.5,300.0,2018-04-03 07:33:12,刺网
4301,29.776194444444442,125.03638888888894,2.9,304.0,2018-04-03 07:43:11,刺网
4301,29.78080555555556,125.02913888888888,2.8,306.0,2018-04-03 07:53:12,刺网
4301,29.78580555555556,125.02141666666668,3.1,306.0,2018-04-03 08:03:45,刺网
4301,29.7905,125.01475,2.7,311.0,2018-04-03 08:13:11,刺网
4301,29.79588888888889,125.00791666666666,3.0,314.0,2018-04-03 08:23:11,刺网
4301,29.801305555555558,125.00119444444445,2.8,323.0,2018-04-03 08:33:11,刺网
4301,29.80741666666667,124.99527777777777,2.6,312.0,2018-04-03 08:43:10,刺网
4301,29.81330555555556,124.98863888888887,3.3,325.0,2018-04-03 08:53:10,刺网
4301,29.8185,124.98175,2.8,314.0,2018-04-03 09:03:11,刺网
4301,29.822972222222226,124.97427777777777,2.7,301.0,2018-04-03 09:13:11,刺网
4301,29.82741666666667,124.96666666666668,2.6,309.0,2018-04-03 09:23:10,刺网
4301,29.831916666666668,124.95925,2.4,315.0,2018-04-03 09:33:11,刺网
4301,29.842555555555553,124.94561111111112,2.6,321.0,2018-04-03 09:53:11,刺网
4301,29.84844444444445,124.93955555555556,3.0,322.0,2018-04-03 10:03:12,刺网
4301,29.85463888888889,124.9339722222222,3.0,332.0,2018-04-03 10:13:12,刺网
4301,29.860944444444453,124.92869444444445,3.1,331.0,2018-04-03 10:23:10,刺网
4301,29.86788888888889,124.92369444444445,3.0,331.0,2018-04-03 10:33:39,刺网
4301,29.87472222222221,124.92016666666667,3.2,342.0,2018-04-03 10:43:10,刺网
4301,29.88211111111111,124.91691666666668,3.0,350.0,2018-04-03 10:53:10,刺网
4301,29.882361111111113,124.91827777777776,1.5,345.0,2018-04-03 11:03:10,刺网
4301,29.88669444444445,124.91836111111112,1.4,24.0,2018-04-03 11:13:12,刺网
4301,29.88436111111111,124.91258333333334,5.2,221.0,2018-04-03 11:23:10,刺网
4301,29.867027777777786,124.91008333333336,6.8,179.0,2018-04-03 11:33:10,刺网
4301,29.848055555555554,124.90908333333334,7.2,176.0,2018-04-03 11:43:10,刺网
4301,29.83452777777777,124.91197222222222,5.3,89.0,2018-04-03 11:53:10,刺网
4301,29.83602777777779,124.9247777777778,2.9,88.0,2018-04-03 12:03:10,刺网
4301,29.83527777777777,124.93386111111113,3.0,99.0,2018-04-03 12:13:10,刺网
4301,29.8335,124.94263888888894,2.8,95.0,2018-04-03 12:23:10,刺网
4301,29.831777777777766,124.95155555555556,3.1,100.0,2018-04-03 12:33:11,刺网
4301,29.829166666666666,124.96016666666668,3.1,113.0,2018-04-03 12:43:09,刺网
4301,29.825722222222232,124.96816666666666,3.0,122.0,2018-04-03 12:53:09,刺网
4301,29.82186111111111,124.97597222222224,2.5,124.0,2018-04-03 13:03:09,刺网
4301,29.81786111111111,124.98366666666668,2.8,125.0,2018-04-03 13:13:10,刺网
4301,29.81344444444445,124.99122222222222,2.8,122.0,2018-04-03 13:23:09,刺网
4301,29.808416666666666,124.99825,3.1,134.0,2018-04-03 13:33:09,刺网
4301,29.80238888888889,125.00408333333334,3.5,138.0,2018-04-03 13:43:09,刺网
4301,29.79647222222223,125.01013888888887,2.7,146.0,2018-04-03 13:53:13,刺网
4301,29.78958333333333,125.01458333333332,2.6,167.0,2018-04-03 14:03:38,刺网
4301,29.783166666666666,125.01863888888887,2.9,125.0,2018-04-03 14:13:09,刺网
4301,29.779277777777768,125.02711111111113,2.9,116.0,2018-04-03 14:23:09,刺网
4301,29.775916666666664,125.03516666666668,2.7,105.0,2018-04-03 14:33:09,刺网
4301,29.77216666666667,125.04330555555555,2.6,112.0,2018-04-03 14:43:09,刺网
4301,29.76838888888889,125.05144444444444,2.9,117.0,2018-04-03 14:53:10,刺网
4301,29.76491666666667,125.05952777777777,2.8,117.0,2018-04-03 15:03:09,刺网
4301,29.76166666666667,125.06761111111106,2.6,115.0,2018-04-03 15:13:09,刺网
4301,29.7585,125.07588888888893,3.0,116.0,2018-04-03 15:23:09,刺网
4301,29.755722222222207,125.08413888888887,3.0,106.0,2018-04-03 15:33:09,刺网
4301,29.75336111111111,125.09272222222219,2.7,100.0,2018-04-03 15:43:09,刺网
4301,29.750472222222232,125.10108333333332,2.7,110.0,2018-04-03 15:53:09,刺网
4301,29.74725,125.1095,2.7,116.0,2018-04-03 16:03:09,刺网
4301,29.743944444444452,125.11761111111107,2.5,123.0,2018-04-03 16:13:09,刺网
4301,29.74002777777779,125.1254722222222,2.5,126.0,2018-04-03 16:23:09,刺网
4301,29.73569444444445,125.13311111111106,2.9,129.0,2018-04-03 16:33:13,刺网
4301,29.73083333333333,125.14072222222224,2.6,126.0,2018-04-03 16:43:38,刺网
4301,29.72963888888889,125.14141666666669,0.4,245.0,2018-04-03 16:53:09,刺网
4301,29.728972222222207,125.14391666666668,3.4,72.0,2018-04-03 17:03:09,刺网
4301,29.72908333333333,125.14644444444444,0.8,138.0,2018-04-03 17:13:08,刺网
4301,29.74341666666667,125.14258333333336,6.7,356.0,2018-04-03 17:23:08,刺网
4301,29.75922222222221,125.1419722222222,2.1,358.0,2018-04-03 17:33:08,刺网
4301,29.764861111111113,125.13905555555556,1.1,203.0,2018-04-03 17:43:08,刺网
4301,29.76294444444445,125.13733333333334,2.5,245.0,2018-04-03 17:53:08,刺网
4301,29.75941666666667,125.12647222222222,2.8,252.0,2018-04-03 18:03:08,刺网
4301,29.756888888888888,125.11794444444445,2.9,241.0,2018-04-03 18:13:09,刺网
4301,29.75488888888889,125.10925,3.0,254.0,2018-04-03 18:23:09,刺网
4301,29.75413888888889,125.1002777777778,2.5,264.0,2018-04-03 18:33:09,刺网
4301,29.75480555555556,125.09133333333332,2.9,273.0,2018-04-03 18:43:08,刺网
4301,29.75638888888889,125.0825,3.0,289.0,2018-04-03 18:53:09,刺网
4301,29.758972222222226,125.07408333333332,2.8,287.0,2018-04-03 19:03:08,刺网
4301,29.761722222222208,125.06569444444445,3.0,294.0,2018-04-03 19:13:08,刺网
4301,29.76458333333333,125.05725,2.8,295.0,2018-04-03 19:23:09,刺网
4301,29.76833333333333,125.04919444444445,2.7,296.0,2018-04-03 19:33:09,刺网
4301,29.77269444444445,125.04152777777777,2.8,301.0,2018-04-03 19:43:08,刺网
4301,29.77697222222222,125.0337777777778,2.6,302.0,2018-04-03 19:53:08,刺网
4301,29.78136111111111,125.0259722222222,2.8,312.0,2018-04-03 20:03:21,刺网
4301,29.786583333333336,125.01866666666668,2.7,313.0,2018-04-03 20:13:39,刺网
4301,29.79191666666667,125.01244444444444,2.9,311.0,2018-04-03 20:23:09,刺网
4301,29.797750000000004,125.00611111111112,2.8,323.0,2018-04-03 20:33:08,刺网
4301,29.80383333333333,125.00005555555555,2.7,312.0,2018-04-03 20:43:08,刺网
4301,29.80986111111111,124.99394444444445,3.0,316.0,2018-04-03 20:53:08,刺网
4301,29.81552777777778,124.98711111111112,3.0,305.0,2018-04-03 21:03:08,刺网
4301,29.820999999999998,124.98011111111113,2.9,312.0,2018-04-03 21:13:08,刺网
4301,29.826555555555554,124.97330555555556,2.8,318.0,2018-04-03 21:23:08,刺网
4301,29.83152777777777,124.96608333333332,2.4,311.0,2018-04-03 21:33:09,刺网
4301,29.83602777777779,124.95855555555555,2.6,302.0,2018-04-03 21:43:09,刺网
4301,29.840416666666666,124.95094444444445,3.0,307.0,2018-04-03 21:53:07,刺网
4301,29.844916666666666,124.9435277777778,2.4,304.0,2018-04-03 22:03:08,刺网
4301,29.84966666666667,124.93619444444445,2.6,311.0,2018-04-03 22:13:07,刺网
4301,29.854805555555558,124.92919444444445,2.5,310.0,2018-04-03 22:23:08,刺网
4301,29.860138888888887,124.92241666666668,2.9,319.0,2018-04-03 22:33:08,刺网
4301,29.86561111111111,124.91569444444444,2.6,310.0,2018-04-03 22:43:08,刺网
4301,29.871333333333336,124.9092777777778,3.0,311.0,2018-04-03 22:53:07,刺网
4301,29.87733333333333,124.90333333333334,2.9,321.0,2018-04-03 23:03:07,刺网
4301,29.88411111111111,124.89769444444444,2.7,333.0,2018-04-03 23:13:38,刺网
4301,29.89058333333333,124.89316666666667,2.5,327.0,2018-04-03 23:23:08,刺网
4301,29.89777777777777,124.88913888888894,3.1,337.0,2018-04-03 23:33:07,刺网
4301,29.905277777777766,124.88608333333332,2.8,341.0,2018-04-03 23:43:07,刺网
4301,29.913055555555548,124.88383333333334,3.2,352.0,2018-04-03 23:53:07,刺网
4301,29.91919444444445,124.88325,2.1,144.0,2018-04-04 00:03:07,刺网
4301,29.92011111111111,124.88466666666667,1.3,13.0,2018-04-04 00:13:07,刺网
4301,29.92594444444445,124.8847222222222,1.6,12.0,2018-04-04 00:23:07,刺网
4301,29.929861111111112,124.88544444444445,2.2,184.0,2018-04-04 00:33:07,刺网
4301,29.923000000000002,124.87077777777776,6.1,255.0,2018-04-04 00:43:07,刺网
4301,29.921888888888887,124.85005555555556,6.6,264.0,2018-04-04 00:53:08,刺网
4301,29.92158333333333,124.829,6.2,272.0,2018-04-04 01:03:07,刺网
4301,29.92025000000001,124.80758333333333,7.0,265.0,2018-04-04 01:13:08,刺网
4301,29.919555555555554,124.78572222222222,6.5,251.0,2018-04-04 01:23:07,刺网
4301,29.91861111111111,124.76405555555556,6.9,270.0,2018-04-04 01:33:07,刺网
4301,29.91933333333333,124.7422222222222,6.4,272.0,2018-04-04 01:43:07,刺网
4301,29.910527777777766,124.72916666666669,7.0,180.0,2018-04-04 01:53:21,刺网
4301,29.894111111111112,124.73422222222223,3.4,146.0,2018-04-04 02:03:07,刺网
4301,29.887027777777767,124.73836111111108,2.8,137.0,2018-04-04 02:13:08,刺网
4301,29.881305555555556,124.74455555555555,2.6,110.0,2018-04-04 02:23:07,刺网
4301,29.87697222222221,124.75233333333333,2.8,121.0,2018-04-04 02:33:07,刺网
4301,29.872972222222234,124.76002777777781,2.6,118.0,2018-04-04 02:43:06,刺网
4301,29.86872222222221,124.76777777777778,2.9,110.0,2018-04-04 02:53:07,刺网
4301,29.86444444444445,124.77538888888887,2.9,119.0,2018-04-04 03:03:06,刺网
4301,29.85983333333333,124.78308333333332,2.5,134.0,2018-04-04 03:13:21,刺网
4301,29.85538888888889,124.79025,2.6,120.0,2018-04-04 03:23:06,刺网
4301,29.851055555555558,124.79780555555556,3.3,119.0,2018-04-04 03:33:06,刺网
4301,29.847027777777768,124.80561111111112,2.8,106.0,2018-04-04 03:43:07,刺网
4301,29.84197222222221,124.81252777777777,2.7,131.0,2018-04-04 03:53:07,刺网
4301,29.83730555555555,124.81963888888887,2.7,109.0,2018-04-04 04:03:06,刺网
4301,29.834777777777767,124.82780555555556,3.0,108.0,2018-04-04 04:13:07,刺网
4301,29.832,124.8359722222222,2.7,112.0,2018-04-04 04:23:06,刺网
4301,29.828805555555558,124.84397222222222,2.7,121.0,2018-04-04 04:33:06,刺网
4301,29.825388888888888,124.85163888888887,2.4,119.0,2018-04-04 04:43:06,刺网
4301,29.82236111111111,124.85919444444444,3.2,126.0,2018-04-04 04:53:07,刺网
4301,29.818027777777786,124.86625,2.7,125.0,2018-04-04 05:03:07,刺网
4301,29.813527777777786,124.8724722222222,1.6,134.0,2018-04-04 05:13:08,刺网
4301,29.81336111111111,124.87241666666668,1.8,99.0,2018-04-04 05:23:22,刺网
4301,29.81441666666667,124.87505555555555,0.4,0.0,2018-04-04 05:33:07,刺网
4301,29.811138888888888,124.88855555555556,8.0,119.0,2018-04-04 05:43:07,刺网
4301,29.80533333333333,124.9135,7.8,94.0,2018-04-04 05:53:07,刺网
4301,29.79552777777778,124.96369444444444,7.8,103.0,2018-04-04 06:13:07,刺网
4301,29.79138888888889,124.98844444444444,7.7,102.0,2018-04-04 06:23:06,刺网
4301,29.78611111111111,125.01286111111106,8.2,112.0,2018-04-04 06:33:06,刺网
4301,29.77991666666667,125.0367222222222,7.4,89.0,2018-04-04 06:43:06,刺网
4301,29.77741666666667,125.06091666666669,7.5,102.0,2018-04-04 06:53:06,刺网
4301,29.773805555555555,125.08466666666666,7.6,94.0,2018-04-04 07:03:06,刺网
4301,29.77122222222221,125.10813888888887,7.3,99.0,2018-04-04 07:13:06,刺网
4301,29.767888888888887,125.13133333333332,7.7,107.0,2018-04-04 07:23:06,刺网
4301,29.761194444444445,125.13377777777781,5.0,245.0,2018-04-04 07:33:07,刺网
4301,29.758888888888887,125.1233611111111,3.0,270.0,2018-04-04 07:43:06,刺网
4301,29.75863888888889,125.1142222222222,2.6,253.0,2018-04-04 07:53:06,刺网
4301,29.757472222222226,125.10502777777776,2.6,268.0,2018-04-04 08:03:21,刺网
4301,29.75675,125.09624999999998,2.6,265.0,2018-04-04 08:13:05,刺网
4301,29.755888888888887,125.08716666666666,2.5,266.0,2018-04-04 08:23:06,刺网
4301,29.7575,125.07816666666666,2.6,286.0,2018-04-04 08:33:05,刺网
4301,29.760472222222226,125.06955555555555,2.7,288.0,2018-04-04 08:43:05,刺网
4301,29.76355555555556,125.06116666666668,2.8,293.0,2018-04-04 08:53:06,刺网
4301,29.767055555555554,125.05308333333332,3.0,303.0,2018-04-04 09:03:06,刺网
4301,29.77083333333333,125.04513888888887,2.8,299.0,2018-04-04 09:13:06,刺网
4301,29.774916666666666,125.03730555555555,2.9,306.0,2018-04-04 09:23:05,刺网
4301,29.779138888888887,125.02969444444444,2.9,307.0,2018-04-04 09:33:06,刺网
4301,29.78416666666667,125.02280555555555,3.1,311.0,2018-04-04 09:43:06,刺网
4301,29.789222222222207,125.01586111111112,2.7,306.0,2018-04-04 09:53:05,刺网
4301,29.79433333333333,125.00919444444445,3.0,315.0,2018-04-04 10:03:06,刺网
4301,29.80019444444445,125.00327777777778,2.9,322.0,2018-04-04 10:13:07,刺网
4301,29.805888888888887,124.99738888888888,2.9,317.0,2018-04-04 10:23:06,刺网
4301,29.811138888888888,124.99063888888894,2.5,313.0,2018-04-04 10:33:22,刺网
4301,29.816222222222233,124.98444444444445,2.5,324.0,2018-04-04 10:43:05,刺网
4301,29.822777777777766,124.97944444444445,3.1,328.0,2018-04-04 10:53:06,刺网
4301,29.8295,124.97488888888893,2.5,327.0,2018-04-04 11:03:06,刺网
4301,29.83669444444445,124.9715,2.7,340.0,2018-04-04 11:13:06,刺网
4301,29.84433333333333,124.96944444444445,2.8,344.0,2018-04-04 11:23:05,刺网
4301,29.84822222222222,124.9694722222222,2.1,155.0,2018-04-04 11:33:06,刺网
4301,29.849416666666666,124.97036111111113,2.2,3.0,2018-04-04 11:43:04,刺网
4301,29.853583333333336,124.9712777777778,0.9,21.0,2018-04-04 11:53:05,刺网
4301,29.8535,124.96525,6.2,257.0,2018-04-04 12:03:05,刺网
4301,29.85250000000001,124.94466666666666,6.2,273.0,2018-04-04 12:13:05,刺网
4301,29.853444444444445,124.92580555555556,6.7,146.0,2018-04-04 12:23:04,刺网
4301,29.85236111111111,124.93788888888888,6.4,98.0,2018-04-04 12:33:04,刺网
4301,29.84875,124.94652777777776,2.7,131.0,2018-04-04 12:43:04,刺网
4301,29.84319444444445,124.95244444444445,2.4,144.0,2018-04-04 12:53:05,刺网
4301,29.837666666666664,124.95861111111113,2.9,133.0,2018-04-04 13:03:05,刺网
4301,29.83208333333333,124.9650277777778,2.7,141.0,2018-04-04 13:13:05,刺网
4301,29.826472222222232,124.97180555555555,3.0,138.0,2018-04-04 13:23:22,刺网
4301,29.821027777777786,124.97802777777777,2.7,140.0,2018-04-04 13:33:05,刺网
4301,29.81558333333333,124.9845,2.8,130.0,2018-04-04 13:43:05,刺网
4301,29.81008333333333,124.99122222222222,2.5,133.0,2018-04-04 13:53:05,刺网
4301,29.80461111111111,124.99805555555555,2.9,135.0,2018-04-04 14:03:05,刺网
4301,29.798972222222233,125.0047777777778,2.9,136.0,2018-04-04 14:13:05,刺网
4301,29.793388888888888,125.01138888888887,3.2,132.0,2018-04-04 14:23:05,刺网
4301,29.788000000000004,125.01830555555556,3.1,124.0,2018-04-04 14:33:05,刺网
4301,29.782805555555555,125.02530555555555,2.4,133.0,2018-04-04 14:43:05,刺网
4301,29.77369444444444,125.04019444444445,2.8,120.0,2018-04-04 15:03:05,刺网
4301,29.76983333333333,125.04811111111113,3.1,116.0,2018-04-04 15:13:05,刺网
4301,29.76594444444445,125.056,2.7,118.0,2018-04-04 15:23:05,刺网
4301,29.76241666666667,125.064,2.5,0.0,2018-04-04 15:33:05,刺网
4301,29.759694444444445,125.07286111111112,2.9,111.0,2018-04-04 15:43:21,刺网
4301,29.757555555555548,125.08116666666668,2.6,106.0,2018-04-04 15:53:04,刺网
4301,29.75558333333333,125.08986111111106,2.6,106.0,2018-04-04 16:03:04,刺网
4301,29.753777777777767,125.09858333333332,2.6,97.0,2018-04-04 16:13:04,刺网
4301,29.751583333333336,125.10722222222222,2.7,113.0,2018-04-04 16:23:04,刺网
4301,29.74916666666667,125.11577777777777,2.5,112.0,2018-04-04 16:33:04,刺网
4301,29.746277777777767,125.12402777777777,3.0,117.0,2018-04-04 16:43:04,刺网
4301,29.742555555555555,125.13191666666664,2.9,121.0,2018-04-04 16:53:04,刺网
4301,29.73863888888889,125.13961111111112,2.7,122.0,2018-04-04 17:03:04,刺网
4301,29.735111111111113,125.14736111111112,2.8,109.0,2018-04-04 17:13:04,刺网
4301,29.73344444444445,125.14744444444445,0.4,232.0,2018-04-04 17:23:04,刺网
4301,29.73036111111111,125.14944444444444,2.2,120.0,2018-04-04 17:33:04,刺网
4301,29.728277777777766,125.15138888888887,0.8,184.0,2018-04-04 17:43:04,刺网
4301,29.738611111111112,125.15238888888894,4.6,3.0,2018-04-04 17:53:04,刺网
4301,29.74058333333333,125.1335,7.4,270.0,2018-04-04 18:03:20,刺网
4301,29.73222222222222,125.1099722222222,7.9,244.0,2018-04-04 18:13:04,刺网
4301,29.72266666666666,125.08544444444445,8.8,250.0,2018-04-04 18:23:04,刺网
4301,29.71622222222221,125.06052777777776,8.6,250.0,2018-04-04 18:33:04,刺网
4301,29.709277777777768,125.03666666666666,7.9,246.0,2018-04-04 18:43:04,刺网
4301,29.69966666666667,125.01355555555556,7.8,253.0,2018-04-04 18:53:04,刺网
4301,29.69116666666667,124.99030555555555,7.6,245.0,2018-04-04 19:03:04,刺网
4301,29.68408333333333,124.9662777777778,7.5,250.0,2018-04-04 19:13:04,刺网
4301,29.67666666666667,124.94266666666668,7.9,244.0,2018-04-04 19:23:04,刺网
4301,29.669083333333337,124.91919444444444,8.4,250.0,2018-04-04 19:33:04,刺网
4301,29.661166666666666,124.89522222222223,8.2,240.0,2018-04-04 19:43:04,刺网
4301,29.65333333333333,124.87080555555555,8.2,244.0,2018-04-04 19:53:04,刺网
4301,29.64608333333333,124.84633333333332,7.6,248.0,2018-04-04 20:03:04,刺网
4301,29.638333333333332,124.82241666666668,5.9,241.0,2018-04-04 20:13:04,刺网
4301,29.63058333333333,124.80027777777778,4.4,245.0,2018-04-04 20:23:04,刺网
4301,29.62369444444445,124.77791666666666,7.3,254.0,2018-04-04 20:33:03,刺网
4301,29.617305555555554,124.75525,7.7,258.0,2018-04-04 20:43:06,刺网
4301,29.61047222222223,124.7314722222222,7.9,248.0,2018-04-04 20:53:21,刺网
4301,29.60316666666667,124.70805555555555,8.0,255.0,2018-04-04 21:03:03,刺网
4301,29.59413888888889,124.68433333333334,7.9,251.0,2018-04-04 21:13:03,刺网
4301,29.58525,124.66058333333334,8.3,244.0,2018-04-04 21:23:03,刺网
4301,29.576138888888888,124.63758333333334,8.0,242.0,2018-04-04 21:33:03,刺网
4301,29.56491666666667,124.61619444444445,7.8,237.0,2018-04-04 21:43:03,刺网
4301,29.555888888888887,124.59413888888888,7.3,245.0,2018-04-04 21:53:03,刺网
4301,29.54641666666667,124.57291666666666,7.7,246.0,2018-04-04 22:03:03,刺网
4301,29.53708333333333,124.55094444444444,7.8,252.0,2018-04-04 22:13:03,刺网
4301,29.52894444444444,124.52905555555556,6.9,236.0,2018-04-04 22:23:03,刺网
4301,29.52141666666667,124.5075,6.8,238.0,2018-04-04 22:33:03,刺网
4301,29.513388888888887,124.4875,7.1,256.0,2018-04-04 22:43:03,刺网
4301,29.512611111111113,124.4652222222222,6.8,269.0,2018-04-04 22:53:03,刺网
4301,29.51286111111111,124.44344444444445,6.4,264.0,2018-04-04 23:03:03,刺网
4301,29.51075,124.42272222222222,6.8,253.0,2018-04-04 23:13:03,刺网
4301,29.50980555555555,124.4009722222222,6.9,266.0,2018-04-04 23:23:03,刺网
4301,29.510027777777786,124.37894444444444,7.0,263.0,2018-04-04 23:33:03,刺网
4301,29.50925,124.35594444444445,7.1,266.0,2018-04-04 23:43:03,刺网
4301,29.50466666666667,124.3335,7.1,244.0,2018-04-04 23:53:03,刺网
4301,29.48922222222221,124.29791666666668,6.9,274.0,2018-04-05 00:13:03,刺网
4301,29.488222222222234,124.2765,7.1,278.0,2018-04-05 00:23:03,刺网
4301,29.485611111111112,124.25472222222223,7.2,247.0,2018-04-05 00:33:03,刺网
4301,29.48019444444445,124.2337777777778,7.1,266.0,2018-04-05 00:43:03,刺网
4301,29.47744444444445,124.21283333333334,7.1,248.0,2018-04-05 00:53:03,刺网
4301,29.475527777777767,124.19186111111112,6.6,279.0,2018-04-05 01:03:03,刺网
4301,29.479194444444442,124.1717777777778,6.6,283.0,2018-04-05 01:13:03,刺网
4301,29.480777777777767,124.15975,5.8,40.0,2018-04-05 01:23:02,刺网
4301,29.482722222222232,124.17088888888892,4.4,62.0,2018-04-05 01:33:03,刺网
4301,29.481361111111113,124.1795,3.9,67.0,2018-04-05 01:43:02,刺网
4301,29.479777777777766,124.18805555555555,3.5,73.0,2018-04-05 01:53:03,刺网
4301,29.47947222222221,124.19705555555555,5.2,71.0,2018-04-05 02:03:02,刺网
4301,29.479888888888887,124.20583333333332,5.0,74.0,2018-04-05 02:13:04,刺网
4301,29.479888888888887,124.21455555555555,2.9,83.0,2018-04-05 02:23:02,刺网
4301,29.479277777777767,124.22319444444445,3.3,95.0,2018-04-05 02:33:02,刺网
4301,29.478305555555554,124.23197222222224,4.2,91.0,2018-04-05 02:43:02,刺网
4301,29.47725,124.24091666666666,4.0,85.0,2018-04-05 02:53:07,刺网
4301,29.476027777777766,124.24961111111112,5.8,95.0,2018-04-05 03:03:03,刺网
4301,29.474638888888887,124.25880555555555,3.1,112.0,2018-04-05 03:13:21,刺网
4301,29.47269444444445,124.26716666666668,2.4,109.0,2018-04-05 03:23:02,刺网
4301,29.470194444444445,124.27566666666668,2.9,125.0,2018-04-05 03:33:02,刺网
4301,29.467305555555548,124.28391666666666,2.6,109.0,2018-04-05 03:43:02,刺网
4301,29.464194444444445,124.29208333333332,2.8,109.0,2018-04-05 03:53:02,刺网
4301,29.461,124.30016666666668,2.4,111.0,2018-04-05 04:03:02,刺网
4301,29.45808333333333,124.30830555555555,2.8,115.0,2018-04-05 04:13:02,刺网
4301,29.455305555555555,124.31636111111106,2.4,103.0,2018-04-05 04:23:02,刺网
4301,29.45219444444445,124.32419444444444,2.8,115.0,2018-04-05 04:33:02,刺网
4301,29.448722222222226,124.33180555555555,2.9,130.0,2018-04-05 04:43:02,刺网
4301,29.444805555555554,124.33930555555555,2.7,116.0,2018-04-05 04:53:02,刺网
4301,29.440638888888888,124.34647222222222,3.0,131.0,2018-04-05 05:03:02,刺网
4301,29.4355,124.35297222222222,3.5,143.0,2018-04-05 05:13:02,刺网
4301,29.42991666666667,124.35880555555555,4.1,149.0,2018-04-05 05:23:02,刺网
4301,29.42358333333333,124.36305555555555,3.4,146.0,2018-04-05 05:33:02,刺网
4301,29.41922222222223,124.36530555555555,0.5,0.0,2018-04-05 05:43:02,刺网
4301,29.41802777777778,124.36491666666666,0.7,147.0,2018-04-05 05:53:02,刺网
4301,29.413888888888888,124.3634722222222,5.8,339.0,2018-04-05 06:13:01,刺网
4301,29.425777777777785,124.3715,7.4,66.0,2018-04-05 06:23:01,刺网
4301,29.436888888888888,124.39166666666668,7.6,56.0,2018-04-05 06:33:01,刺网
4301,29.44583333333333,124.3954722222222,1.7,239.0,2018-04-05 06:43:01,刺网
4301,29.44230555555556,124.38666666666668,3.5,207.0,2018-04-05 06:53:01,刺网
4301,29.439694444444445,124.37886111111106,2.1,240.0,2018-04-05 07:03:01,刺网
4301,29.43869444444445,124.37052777777777,2.7,268.0,2018-04-05 07:13:01,刺网
4301,29.43863888888889,124.36213888888888,2.8,262.0,2018-04-05 07:23:01,刺网
4301,29.440027777777786,124.34513888888887,3.1,295.0,2018-04-05 07:43:01,刺网
4301,29.44286111111111,124.33713888888887,2.9,307.0,2018-04-05 07:53:01,刺网
4301,29.445611111111113,124.329,3.0,272.0,2018-04-05 08:03:01,刺网
4301,29.448138888888888,124.32058333333332,2.8,282.0,2018-04-05 08:13:01,刺网
4301,29.450944444444442,124.31227777777778,2.8,304.0,2018-04-05 08:23:01,刺网
4301,29.454527777777766,124.3045,2.4,303.0,2018-04-05 08:33:01,刺网
4301,29.458166666666664,124.29669444444444,2.6,292.0,2018-04-05 08:43:01,刺网
4301,29.46130555555556,124.28852777777777,2.3,288.0,2018-04-05 08:53:01,刺网
4301,29.464,124.28022222222219,2.7,288.0,2018-04-05 09:03:01,刺网
4301,29.46641666666667,124.27191666666666,2.8,296.0,2018-04-05 09:13:01,刺网
4301,29.468555555555554,124.26355555555556,2.9,299.0,2018-04-05 09:23:01,刺网
4301,29.47044444444445,124.25519444444444,2.8,284.0,2018-04-05 09:33:01,刺网
4301,29.47241666666667,124.24691666666666,2.1,258.0,2018-04-05 09:43:07,刺网
4301,29.47513888888889,124.23875,2.6,303.0,2018-04-05 09:53:01,刺网
4301,29.47877777777777,124.23083333333334,2.4,291.0,2018-04-05 10:03:21,刺网
4301,29.482861111111113,124.22375,1.7,295.0,2018-04-05 10:13:01,刺网
4301,29.4875,124.21686111111113,3.1,318.0,2018-04-05 10:23:01,刺网
4301,29.492527777777767,124.21,3.1,321.0,2018-04-05 10:33:01,刺网
4301,29.49758333333333,124.20336111111112,2.5,306.0,2018-04-05 10:43:01,刺网
4301,29.502861111111113,124.19700000000002,2.9,314.0,2018-04-05 10:53:00,刺网
4301,29.508722222222207,124.1912222222222,2.5,311.0,2018-04-05 11:03:00,刺网
4301,29.51508333333333,124.18619444444445,2.9,334.0,2018-04-05 11:13:00,刺网
4301,29.521777777777768,124.18169444444445,2.8,340.0,2018-04-05 11:23:00,刺网
4301,29.52861111111111,124.17769444444444,2.0,328.0,2018-04-05 11:33:00,刺网
4301,29.53558333333333,124.17405555555555,2.6,336.0,2018-04-05 11:43:00,刺网
4301,29.536,124.17536111111113,1.8,7.0,2018-04-05 11:53:00,刺网
4301,29.539805555555557,124.17575,2.1,356.0,2018-04-05 12:03:00,刺网
4301,29.54288888888889,124.17616666666667,0.6,43.0,2018-04-05 12:13:00,刺网
4301,29.56225,124.1720277777778,8.4,2.0,2018-04-05 12:23:00,刺网
4301,29.58372222222221,124.17780555555555,8.5,20.0,2018-04-05 12:33:00,刺网
4301,29.604833333333332,124.18766666666669,5.2,21.0,2018-04-05 12:43:00,刺网
4301,29.613722222222233,124.191,2.4,8.0,2018-04-05 12:53:00,刺网
4301,29.622277777777786,124.1959722222222,2.4,35.0,2018-04-05 13:03:00,刺网
4301,29.628555555555558,124.20113888888888,1.7,28.0,2018-04-05 13:13:00,刺网
4301,29.63427777777777,124.20683333333334,2.6,38.0,2018-04-05 13:23:00,刺网
4301,29.64022222222223,124.21219444444445,2.7,30.0,2018-04-05 13:33:00,刺网
4301,29.64644444444445,124.21716666666669,2.9,34.0,2018-04-05 13:43:00,刺网
4301,29.65225,124.22241666666667,2.5,58.0,2018-04-05 13:53:00,刺网
4301,29.658,124.22863888888888,2.9,40.0,2018-04-05 14:03:21,刺网
4301,29.663305555555556,124.23463888888894,2.2,56.0,2018-04-05 14:13:00,刺网
4301,29.66830555555556,124.241,2.4,45.0,2018-04-05 14:23:00,刺网
4301,29.67327777777778,124.24744444444444,2.3,54.0,2018-04-05 14:33:00,刺网
4301,29.675305555555557,124.25141666666666,1.7,119.0,2018-04-05 14:43:00,刺网
4301,29.67594444444445,124.25408333333334,1.1,0.0,2018-04-05 14:53:00,刺网
4301,29.680111111111113,124.2595,1.8,0.0,2018-04-05 15:03:02,刺网
4301,29.68183333333333,124.25205555555556,4.9,282.0,2018-04-05 15:13:06,刺网
4301,29.685416666666665,124.23722222222223,4.4,302.0,2018-04-05 15:23:23,刺网
4301,29.688416666666665,124.22452777777778,4.4,271.0,2018-04-05 15:32:59,刺网
4301,29.69208333333333,124.21180555555556,4.6,300.0,2018-04-05 15:42:59,刺网
4301,29.694972222222226,124.20033333333336,2.4,327.0,2018-04-05 15:52:59,刺网
4301,29.69747222222223,124.19038888888888,6.9,280.0,2018-04-05 16:02:59,刺网
4301,29.70072222222222,124.17036111111112,6.1,301.0,2018-04-05 16:12:59,刺网
4301,29.70272222222223,124.15030555555555,6.4,297.0,2018-04-05 16:22:59,刺网
4301,29.70397222222222,124.13847222222222,1.9,211.0,2018-04-05 16:32:59,刺网
4301,29.70172222222222,124.13158333333332,5.8,302.0,2018-04-05 16:42:59,刺网
4301,29.70411111111111,124.11083333333332,6.3,282.0,2018-04-05 16:52:59,刺网
4301,29.706916666666668,124.09202777777777,6.6,291.0,2018-04-05 17:02:59,刺网
4301,29.711111111111112,124.07263888888887,6.6,266.0,2018-04-05 17:12:59,刺网
4301,29.71263888888889,124.05194444444444,7.0,233.0,2018-04-05 17:22:59,刺网
4301,29.71436111111111,124.03186111111113,6.3,273.0,2018-04-05 17:32:58,刺网
4301,29.715916666666665,124.01136111111107,5.9,285.0,2018-04-05 17:42:59,刺网
4301,29.71633333333333,123.99130555555556,6.6,269.0,2018-04-05 17:52:59,刺网
4301,29.719361111111112,123.9710277777778,6.4,271.0,2018-04-05 18:03:21,刺网
4301,29.725805555555556,123.959,6.5,279.0,2018-04-05 18:12:59,刺网
4301,29.7275,123.93861111111113,6.3,287.0,2018-04-05 18:22:59,刺网
4301,29.73008333333333,123.91827777777776,6.1,276.0,2018-04-05 18:32:59,刺网
4301,29.731972222222232,123.89819444444444,6.7,271.0,2018-04-05 18:42:59,刺网
4301,29.733305555555557,123.87752777777777,6.6,287.0,2018-04-05 18:52:59,刺网
4301,29.734361111111113,123.85641666666666,6.8,281.0,2018-04-05 19:02:59,刺网
4301,29.734638888888888,123.83372222222219,8.0,264.0,2018-04-05 19:12:59,刺网
4301,29.73508333333333,123.8105,7.4,262.0,2018-04-05 19:22:59,刺网
4301,29.735416666666666,123.78761111111106,7.0,274.0,2018-04-05 19:32:59,刺网
4301,29.73577777777778,123.76458333333332,7.6,274.0,2018-04-05 19:42:59,刺网
4301,29.735861111111113,123.741,6.8,248.0,2018-04-05 19:52:58,刺网
4301,29.73536111111111,123.71847222222222,7.0,283.0,2018-04-05 20:02:58,刺网
4301,29.73613888888889,123.69505555555556,7.6,278.0,2018-04-05 20:12:58,刺网
4301,29.736611111111113,123.67069444444445,7.3,269.0,2018-04-05 20:22:58,刺网
4301,29.73108333333333,123.64780555555555,7.6,265.0,2018-04-05 20:32:58,刺网
4301,29.732833333333332,123.62266666666666,7.5,273.0,2018-04-05 20:42:58,刺网
4301,29.734222222222233,123.59658333333331,8.0,282.0,2018-04-05 20:53:23,刺网
4301,29.734472222222234,123.5720277777778,8.1,279.0,2018-04-05 21:02:58,刺网
4301,29.7355,123.54636111111107,7.9,271.0,2018-04-05 21:12:58,刺网
4301,29.73788888888889,123.52055555555555,8.3,276.0,2018-04-05 21:22:58,刺网
4301,29.74441666666667,123.49705555555555,8.5,269.0,2018-04-05 21:32:58,刺网
4301,29.74483333333333,123.47105555555555,8.1,267.0,2018-04-05 21:42:58,刺网
4301,29.74433333333333,123.44455555555555,8.3,270.0,2018-04-05 21:52:58,刺网
4301,29.74491666666667,123.41797222222223,7.6,269.0,2018-04-05 22:02:58,刺网
4301,29.74625,123.39283333333334,7.9,275.0,2018-04-05 22:12:58,刺网
4301,29.74852777777778,123.36866666666668,7.6,276.0,2018-04-05 22:22:58,刺网
4301,29.75194444444445,123.34536111111107,7.6,272.0,2018-04-05 22:32:58,刺网
4301,29.75583333333333,123.32213888888887,7.0,276.0,2018-04-05 22:42:58,刺网
4301,29.75863888888889,123.29875,7.4,266.0,2018-04-05 22:52:58,刺网
4301,29.76116666666667,123.27466666666666,6.9,286.0,2018-04-05 23:03:22,刺网
4301,29.76375,123.25330555555556,7.2,263.0,2018-04-05 23:12:58,刺网
4301,29.76658333333333,123.23169444444444,6.2,280.0,2018-04-05 23:22:58,刺网
4301,29.76961111111111,123.21075,6.2,273.0,2018-04-05 23:32:58,刺网
4301,29.77172222222222,123.18955555555556,6.8,272.0,2018-04-05 23:42:58,刺网
4301,29.7725,123.1687777777778,5.2,284.0,2018-04-05 23:52:58,刺网
4301,29.77488888888889,123.14872222222223,6.7,274.0,2018-04-06 00:03:22,刺网
4301,29.77658333333333,123.12963888888888,5.3,287.0,2018-04-06 00:12:58,刺网
4301,29.7785,123.10980555555555,6.7,282.0,2018-04-06 00:22:58,刺网
4301,29.78008333333333,123.09016666666666,5.6,293.0,2018-04-06 00:32:58,刺网
4301,29.783583333333336,123.07041666666666,4.6,275.0,2018-04-06 00:42:58,刺网
4301,29.786222222222207,123.05022222222222,6.4,268.0,2018-04-06 00:52:58,刺网
4301,29.787805555555558,123.02913888888888,7.6,273.0,2018-04-06 01:02:58,刺网
4301,29.78975,123.00825,6.7,278.0,2018-04-06 01:12:58,刺网
4301,29.79194444444445,122.9872777777778,7.1,266.0,2018-04-06 01:22:58,刺网
4301,29.79138888888889,122.96619444444444,5.4,269.0,2018-04-06 01:32:58,刺网
4301,29.79219444444445,122.94530555555555,6.3,270.0,2018-04-06 01:42:58,刺网
4301,29.79827777777778,122.90536111111112,6.9,271.0,2018-04-06 02:02:58,刺网
4301,29.797666666666668,122.88519444444445,7.6,250.0,2018-04-06 02:12:58,刺网
4301,29.797666666666668,122.86466666666666,6.1,275.0,2018-04-06 02:22:58,刺网
4301,29.800777777777785,122.84519444444445,5.6,273.0,2018-04-06 02:32:58,刺网
4301,29.804472222222234,122.82633333333332,6.8,282.0,2018-04-06 02:42:58,刺网
4301,29.811888888888888,122.81038888888888,6.7,268.0,2018-04-06 02:52:58,刺网
4301,29.81441666666667,122.79083333333332,7.2,259.0,2018-04-06 03:02:58,刺网
4301,29.816472222222234,122.77183333333332,6.1,295.0,2018-04-06 03:12:58,刺网
4301,29.819722222222207,122.75283333333334,6.7,285.0,2018-04-06 03:22:58,刺网
4301,29.82133333333333,122.73341666666668,5.8,284.0,2018-04-06 03:32:58,刺网
4301,29.82233333333333,122.71266666666668,6.9,259.0,2018-04-06 03:43:22,刺网
4301,29.822888888888887,122.69355555555555,7.2,260.0,2018-04-06 03:52:58,刺网
4301,29.82177777777777,122.67344444444444,6.2,262.0,2018-04-06 04:02:59,刺网
4301,29.82038888888889,122.65302777777778,6.0,275.0,2018-04-06 04:12:58,刺网
4301,29.821027777777786,122.63322222222222,5.1,257.0,2018-04-06 04:22:58,刺网
4301,29.82094444444445,122.61283333333333,5.7,269.0,2018-04-06 04:33:22,刺网
4301,29.82236111111111,122.59430555555555,5.7,278.0,2018-04-06 04:42:58,刺网
4301,29.823027777777767,122.57530555555556,6.2,270.0,2018-04-06 04:52:58,刺网
4301,29.823666666666664,122.556,6.2,266.0,2018-04-06 05:02:58,刺网
4301,29.822222222222226,122.53369444444445,5.9,268.0,2018-04-06 05:13:51,刺网
4301,29.818,122.51419444444444,7.3,252.0,2018-04-06 05:22:58,刺网
4301,29.81883333333333,122.49413888888887,5.8,280.0,2018-04-06 05:32:58,刺网
4301,29.817805555555548,122.47338888888888,6.8,266.0,2018-04-06 05:42:57,刺网
4301,29.81458333333333,122.45091666666669,6.6,273.0,2018-04-06 05:52:57,刺网
4301,29.814555555555554,122.4295,6.5,275.0,2018-04-06 06:02:57,刺网
4301,29.819222222222226,122.4105,5.6,288.0,2018-04-06 06:12:57,刺网
4301,29.82641666666667,122.39530555555555,5.9,300.0,2018-04-06 06:22:57,刺网
4301,29.835555555555555,122.38197222222222,4.9,302.0,2018-04-06 06:32:57,刺网
4301,29.847361111111113,122.37241666666668,5.9,324.0,2018-04-06 06:42:57,刺网
4301,29.86563888888889,122.36361111111113,7.0,356.0,2018-04-06 06:52:58,刺网
4301,29.880222222222233,122.35380555555555,5.7,338.0,2018-04-06 07:02:57,刺网
4301,29.89483333333333,122.34491666666666,5.4,332.0,2018-04-06 07:12:57,刺网
4301,29.90963888888889,122.33436111111112,5.3,351.0,2018-04-06 07:22:58,刺网
4301,29.91508333333333,122.33602777777777,0.0,0.0,2018-04-06 07:32:57,刺网
4301,29.91508333333333,122.33611111111112,0.1,0.0,2018-04-06 07:42:57,刺网
4301,29.915055555555554,122.33611111111112,0.1,0.0,2018-04-06 07:52:57,刺网
4301,29.91508333333333,122.33611111111112,0.0,0.0,2018-04-06 08:03:22,刺网
4301,29.91508333333333,122.33611111111112,0.0,0.0,2018-04-06 08:12:57,刺网
4301,29.91508333333333,122.33608333333332,0.0,0.0,2018-04-06 08:22:58,刺网
4301,29.915111111111113,122.33611111111112,0.0,0.0,2018-04-06 08:32:57,刺网
4301,29.91508333333333,122.33608333333332,0.0,0.0,2018-04-06 08:52:57,刺网
4301,29.91508333333333,122.33611111111112,0.0,0.0,2018-04-06 09:02:57,刺网
4301,29.91508333333333,122.33608333333332,0.3,0.0,2018-04-06 09:12:57,刺网
4301,29.915138888888887,122.33616666666668,0.0,0.0,2018-04-06 09:22:58,刺网
4301,29.915277777777767,122.33605555555555,0.0,0.0,2018-04-06 09:32:58,刺网
4301,29.915166666666664,122.33616666666668,0.0,0.0,2018-04-06 09:42:58,刺网
4301,29.915194444444445,122.33611111111112,0.0,0.0,2018-04-06 09:52:57,刺网
4301,29.91525,122.33613888888887,0.0,0.0,2018-04-06 10:02:58,刺网
4301,29.91530555555555,122.33625,0.0,0.0,2018-04-06 10:12:57,刺网
4301,29.91536111111111,122.33622222222222,0.0,0.0,2018-04-06 10:22:57,刺网
4301,29.91530555555555,122.33625,0.0,0.0,2018-04-06 10:32:58,刺网
4301,29.91530555555555,122.33627777777778,0.0,0.0,2018-04-06 10:42:56,刺网
4301,29.91533333333333,122.33630555555555,0.0,0.0,2018-04-06 10:52:56,刺网
4301,29.91533333333333,122.33644444444445,0.0,0.0,2018-04-06 11:02:56,刺网
4301,29.91536111111111,122.33627777777778,0.0,0.0,2018-04-06 11:13:23,刺网
4301,29.91536111111111,122.33625,0.0,0.0,2018-04-06 11:22:56,刺网
4301,29.91533333333333,122.33625,0.0,0.0,2018-04-06 11:32:57,刺网
4301,29.91536111111111,122.33627777777778,0.0,0.0,2018-04-06 11:42:57,刺网
4301,29.91544444444445,122.33636111111107,0.1,0.0,2018-04-06 11:52:57,刺网
4301,29.91544444444445,122.33647222222223,0.0,0.0,2018-04-06 12:02:56,刺网
4301,29.9155,122.33644444444445,0.0,0.0,2018-04-06 12:12:57,刺网
4301,29.9155,122.33641666666666,0.0,0.0,2018-04-06 12:22:57,刺网
4301,29.915527777777786,122.33641666666666,0.0,0.0,2018-04-06 12:32:55,刺网
4301,29.91547222222223,122.33644444444445,0.0,0.0,2018-04-06 12:42:56,刺网
4301,29.91547222222223,122.33644444444445,0.0,0.0,2018-04-06 12:52:57,刺网
4301,29.915527777777786,122.33644444444445,0.0,0.0,2018-04-06 13:12:55,刺网
4301,29.915555555555553,122.3365,0.0,0.0,2018-04-06 13:22:57,刺网
4301,29.91544444444445,122.33644444444445,0.1,0.0,2018-04-06 13:32:57,刺网
4301,29.915416666666665,122.33658333333334,0.2,0.0,2018-04-06 13:42:57,刺网
4301,29.915527777777786,122.3365,0.2,0.0,2018-04-06 13:52:55,刺网
4301,29.915527777777786,122.33641666666666,0.0,0.0,2018-04-06 14:03:22,刺网
4301,29.91536111111111,122.3365,0.1,0.0,2018-04-06 14:22:57,刺网
4301,29.91544444444445,122.33641666666666,0.1,0.0,2018-04-06 14:32:55,刺网
4301,29.915388888888888,122.33647222222223,0.1,0.0,2018-04-06 14:42:57,刺网
4301,29.91533333333333,122.3365,0.1,0.0,2018-04-06 14:52:55,刺网
4301,29.915416666666665,122.33644444444445,0.0,0.0,2018-04-06 15:02:56,刺网
4301,29.915416666666665,122.33644444444445,0.0,0.0,2018-04-06 15:12:55,刺网
4301,29.91558333333333,122.33630555555555,0.0,0.0,2018-04-06 15:22:56,刺网
4301,29.915555555555553,122.33636111111107,0.0,0.0,2018-04-06 15:32:54,刺网
4301,29.9155,122.33636111111107,0.0,0.0,2018-04-06 15:42:56,刺网
4301,29.91547222222223,122.33641666666666,0.0,0.0,2018-04-06 15:52:56,刺网
4301,29.915527777777786,122.33638888888888,0.1,0.0,2018-04-06 16:02:56,刺网
4301,29.915416666666665,122.33644444444445,0.0,0.0,2018-04-06 16:12:55,刺网
4301,29.915527777777786,122.33641666666666,0.1,0.0,2018-04-06 16:22:56,刺网
4301,29.915388888888888,122.33644444444445,0.1,0.0,2018-04-06 16:32:55,刺网
4301,29.91544444444445,122.33644444444445,0.1,0.0,2018-04-06 16:42:56,刺网
4301,29.915555555555553,122.33644444444445,0.1,0.0,2018-04-06 16:52:54,刺网
4301,29.91533333333333,122.33644444444445,0.1,0.0,2018-04-06 17:02:56,刺网
4301,29.91547222222223,122.33638888888888,0.0,0.0,2018-04-06 17:13:23,刺网
4301,29.91547222222223,122.33641666666666,0.0,0.0,2018-04-06 17:22:54,刺网
4301,29.91544444444445,122.33641666666666,0.0,0.0,2018-04-06 17:32:56,刺网
4301,29.91547222222223,122.33636111111107,0.0,0.0,2018-04-06 17:42:56,刺网
4301,29.9155,122.33638888888888,0.0,0.0,2018-04-06 17:52:54,刺网
4301,29.91547222222223,122.33636111111107,0.0,0.0,2018-04-06 18:02:56,刺网
4301,29.91544444444445,122.33638888888888,0.0,0.0,2018-04-06 18:12:54,刺网
4301,29.91544444444445,122.33636111111107,0.0,0.0,2018-04-06 18:22:56,刺网
4301,29.91547222222223,122.33641666666666,0.0,0.0,2018-04-06 18:32:56,刺网
4301,29.915416666666665,122.33641666666666,0.0,0.0,2018-04-06 18:42:56,刺网
4301,29.91544444444445,122.33644444444445,0.0,0.0,2018-04-06 18:52:54,刺网
4301,29.91544444444445,122.33638888888888,0.0,0.0,2018-04-06 19:02:56,刺网
4301,29.9155,122.33638888888888,0.0,0.0,2018-04-06 19:12:56,刺网
4301,29.915388888888888,122.33641666666666,0.0,0.0,2018-04-06 19:22:54,刺网
4301,29.91544444444445,122.33636111111107,0.0,0.0,2018-04-06 19:32:56,刺网
4301,29.91544444444445,122.33641666666666,0.0,0.0,2018-04-06 19:42:56,刺网
4301,29.91544444444445,122.33636111111107,0.0,0.0,2018-04-06 20:12:53,刺网
4301,29.91547222222223,122.33641666666666,0.0,0.0,2018-04-06 20:32:53,刺网
4301,29.91547222222223,122.33641666666666,0.0,0.0,2018-04-06 20:42:53,刺网
4301,29.91544444444445,122.33641666666666,0.0,0.0,2018-04-06 20:52:55,刺网
4301,29.91536111111111,122.33636111111107,0.0,0.0,2018-04-06 21:02:55,刺网
4301,29.91547222222223,122.33647222222223,0.0,0.0,2018-04-06 21:12:53,刺网
4301,29.915416666666665,122.33644444444445,0.0,0.0,2018-04-06 21:22:55,刺网
4301,29.91544444444445,122.33641666666666,0.0,0.0,2018-04-06 21:32:55,刺网
4301,29.91544444444445,122.33647222222223,0.0,0.0,2018-04-06 21:42:53,刺网
4301,29.91547222222223,122.33647222222223,0.0,0.0,2018-04-06 21:52:55,刺网
4301,29.915388888888888,122.33641666666666,0.0,0.0,2018-04-06 22:02:55,刺网
4301,29.91544444444445,122.33644444444445,0.0,0.0,2018-04-06 22:22:55,刺网
4301,29.9155,122.33641666666666,0.0,0.0,2018-04-06 22:32:55,刺网
4301,29.915416666666665,122.33633333333331,0.0,0.0,2018-04-06 22:52:55,刺网
4301,29.915416666666665,122.33638888888888,0.0,0.0,2018-04-06 23:03:23,刺网
4301,29.91544444444445,122.33641666666666,0.0,0.0,2018-04-06 23:12:55,刺网
4301,29.915416666666665,122.33644444444445,0.0,0.0,2018-04-06 23:22:53,刺网
4301,29.915388888888888,122.33647222222223,0.0,0.0,2018-04-06 23:32:55,刺网
4301,29.91544444444445,122.33638888888888,0.0,0.0,2018-04-06 23:42:55,刺网
4301,29.91547222222223,122.33638888888888,0.0,0.0,2018-04-06 23:52:55,刺网
4301,29.91544444444445,122.33638888888888,0.0,0.0,2018-04-07 00:12:53,刺网
4301,29.91544444444445,122.33638888888888,0.0,0.0,2018-04-07 00:22:53,刺网
4301,29.91544444444445,122.33638888888888,0.0,0.0,2018-04-07 00:32:53,刺网
4301,29.91544444444445,122.33641666666666,0.0,0.0,2018-04-07 00:42:53,刺网
4301,29.91547222222223,122.33641666666666,0.0,0.0,2018-04-07 00:52:55,刺网
4301,29.9155,122.33641666666666,0.0,0.0,2018-04-07 01:02:53,刺网
4301,29.915388888888888,122.33644444444445,0.0,0.0,2018-04-07 01:12:52,刺网
4301,29.91530555555555,122.33638888888888,0.6,198.0,2018-04-07 01:22:52,刺网
4301,29.91547222222223,122.33647222222223,0.1,0.0,2018-04-07 01:32:54,刺网
4301,29.915555555555553,122.33658333333334,0.1,0.0,2018-04-07 01:42:52,刺网
4301,29.91544444444445,122.33644444444445,0.0,0.0,2018-04-07 01:53:23,刺网
4301,29.915416666666665,122.33641666666666,0.0,0.0,2018-04-07 02:02:54,刺网
4301,29.91544444444445,122.33641666666666,0.0,0.0,2018-04-07 02:12:52,刺网
4301,29.91544444444445,122.33641666666666,0.0,0.0,2018-04-07 02:22:52,刺网
4301,29.915416666666665,122.33638888888888,0.0,0.0,2018-04-07 02:32:52,刺网
4301,29.91544444444445,122.33641666666666,0.0,0.0,2018-04-07 02:42:52,刺网
4301,29.91544444444445,122.33641666666666,0.0,0.0,2018-04-07 02:52:52,刺网
4301,29.91544444444445,122.33638888888888,0.0,0.0,2018-04-07 03:02:53,刺网
4301,29.915416666666665,122.33638888888888,0.0,0.0,2018-04-07 03:12:53,刺网
4301,29.91547222222223,122.33638888888888,0.0,0.0,2018-04-07 03:22:52,刺网
4301,29.91547222222223,122.33638888888888,0.0,0.0,2018-04-07 03:32:52,刺网
4301,29.91544444444445,122.33636111111107,0.0,0.0,2018-04-07 03:42:52,刺网
4301,29.915416666666665,122.33644444444445,0.0,0.0,2018-04-07 03:52:52,刺网
4301,29.915416666666665,122.33644444444445,0.0,0.0,2018-04-07 04:03:21,刺网
4301,29.91544444444445,122.33638888888888,0.0,0.0,2018-04-07 04:12:52,刺网
4301,29.91544444444445,122.33638888888888,0.0,0.0,2018-04-07 04:22:52,刺网
4301,29.91544444444445,122.33638888888888,0.0,0.0,2018-04-07 04:32:52,刺网
4301,29.915416666666665,122.33638888888888,0.0,0.0,2018-04-07 04:42:52,刺网
4301,29.915388888888888,122.33641666666666,0.0,0.0,2018-04-07 04:52:52,刺网
4301,29.91536111111111,122.33638888888888,0.0,0.0,2018-04-07 05:02:52,刺网
4301,29.915416666666665,122.33641666666666,0.0,0.0,2018-04-07 05:12:53,刺网
4301,29.915388888888888,122.33633333333331,0.0,0.0,2018-04-07 05:22:52,刺网
4301,29.91544444444445,122.33638888888888,0.0,0.0,2018-04-07 05:32:52,刺网
4301,29.91544444444445,122.33636111111107,0.0,0.0,2018-04-07 05:42:52,刺网
4301,29.91544444444445,122.33644444444445,0.1,0.0,2018-04-07 05:52:52,刺网
4301,29.91547222222223,122.33636111111107,0.0,0.0,2018-04-07 06:02:52,刺网
4301,29.915416666666665,122.33641666666666,0.0,0.0,2018-04-07 06:12:51,刺网
4301,29.915527777777786,122.33638888888888,0.0,0.0,2018-04-07 06:22:51,刺网
4301,29.9155,122.33630555555555,0.0,0.0,2018-04-07 06:32:51,刺网
4301,29.9155,122.33633333333331,0.1,0.0,2018-04-07 06:42:51,刺网
4301,29.91544444444445,122.33636111111107,0.0,0.0,2018-04-07 06:52:51,刺网
4301,29.915416666666665,122.33636111111107,0.1,0.0,2018-04-07 07:02:51,刺网
4301,29.91544444444445,122.33641666666666,0.0,0.0,2018-04-07 07:12:51,刺网
4301,29.91547222222223,122.33633333333331,0.0,0.0,2018-04-07 07:22:51,刺网
4301,29.9155,122.33638888888888,0.2,0.0,2018-04-07 07:32:51,刺网
4301,29.91525,122.33666666666666,0.2,0.0,2018-04-07 07:42:51,刺网
4301,29.915527777777786,122.33644444444445,0.3,0.0,2018-04-07 07:52:51,刺网
4301,29.91544444444445,122.33638888888888,0.0,0.0,2018-04-07 08:03:23,刺网
4301,29.915416666666665,122.33641666666666,0.0,0.0,2018-04-07 08:12:51,刺网
4301,29.91547222222223,122.33636111111107,0.0,0.0,2018-04-07 08:22:51,刺网
4301,29.91544444444445,122.33638888888888,0.0,0.0,2018-04-07 08:32:50,刺网
4301,29.91544444444445,122.33644444444445,0.0,0.0,2018-04-07 08:42:51,刺网
4301,29.915388888888888,122.33636111111107,0.1,0.0,2018-04-07 08:52:52,刺网
4301,29.91547222222223,122.33638888888888,0.0,0.0,2018-04-07 09:02:51,刺网
4301,29.91544444444445,122.33636111111107,0.0,0.0,2018-04-07 09:12:52,刺网
4301,29.915416666666665,122.33644444444445,0.0,0.0,2018-04-07 09:22:51,刺网
4301,29.915388888888888,122.33641666666666,0.0,0.0,2018-04-07 09:32:51,刺网
4301,29.915416666666665,122.33641666666666,0.0,0.0,2018-04-07 09:42:51,刺网
4301,29.91536111111111,122.33638888888888,0.0,0.0,2018-04-07 09:52:51,刺网
4301,29.915388888888888,122.33641666666666,0.0,0.0,2018-04-07 10:02:52,刺网
4301,29.91536111111111,122.33641666666666,0.0,0.0,2018-04-07 10:12:51,刺网
4301,29.91547222222223,122.33641666666666,0.0,0.0,2018-04-07 10:22:51,刺网
4301,29.91544444444445,122.33638888888888,0.0,0.0,2018-04-07 10:32:52,刺网
4301,29.91544444444445,122.33641666666666,0.0,0.0,2018-04-07 10:42:51,刺网
4301,29.91544444444445,122.33647222222223,0.0,0.0,2018-04-07 10:52:51,刺网
4301,29.91544444444445,122.33641666666666,0.0,0.0,2018-04-07 11:02:51,刺网
4301,29.915388888888888,122.33636111111107,0.0,0.0,2018-04-07 11:13:22,刺网
4301,29.9155,122.33636111111107,0.0,0.0,2018-04-07 11:22:51,刺网
4301,29.91544444444445,122.33638888888888,0.0,0.0,2018-04-07 11:32:51,刺网
4301,29.91547222222223,122.33638888888888,0.0,0.0,2018-04-07 11:42:50,刺网
4301,29.91547222222223,122.33638888888888,0.0,0.0,2018-04-07 11:52:51,刺网
4301,29.9155,122.33641666666666,0.1,0.0,2018-04-07 12:02:51,刺网
4301,29.91547222222223,122.33641666666666,0.0,0.0,2018-04-07 12:12:51,刺网
4301,29.91547222222223,122.33644444444445,0.1,0.0,2018-04-07 12:22:50,刺网
4301,29.91547222222223,122.33641666666666,0.0,0.0,2018-04-07 12:32:50,刺网
4301,29.91547222222223,122.3365,0.1,0.0,2018-04-07 12:42:50,刺网
4301,29.91547222222223,122.3365,0.1,0.0,2018-04-07 12:52:51,刺网
4301,29.91544444444445,122.33647222222223,0.1,0.0,2018-04-07 13:02:52,刺网
4301,29.91544444444445,122.33641666666666,0.1,0.0,2018-04-07 13:12:51,刺网
4301,29.9155,122.33641666666666,0.0,0.0,2018-04-07 13:22:50,刺网
4301,29.91547222222223,122.33644444444445,0.0,0.0,2018-04-07 13:32:51,刺网
4301,29.9155,122.3365,0.0,0.0,2018-04-07 13:42:51,刺网
4301,29.91547222222223,122.33647222222223,0.0,0.0,2018-04-07 13:52:51,刺网
4301,29.91544444444445,122.33641666666666,0.0,0.0,2018-04-07 14:03:22,刺网
4301,29.91547222222223,122.33644444444445,0.0,0.0,2018-04-07 14:12:50,刺网
4301,29.915416666666665,122.3365,0.0,0.0,2018-04-07 14:22:50,刺网
4301,29.915416666666665,122.33647222222223,0.0,0.0,2018-04-07 14:32:51,刺网
4301,29.915416666666665,122.33644444444445,0.0,0.0,2018-04-07 14:42:50,刺网
4301,29.91547222222223,122.33644444444445,0.0,0.0,2018-04-07 14:52:51,刺网
4301,29.91544444444445,122.33647222222223,0.0,0.0,2018-04-07 15:02:50,刺网
4301,29.915388888888888,122.3365,0.0,0.0,2018-04-07 15:12:51,刺网
4301,29.91544444444445,122.3365,0.0,0.0,2018-04-07 15:22:51,刺网
4301,29.9155,122.33644444444445,0.0,0.0,2018-04-07 15:32:50,刺网
4301,29.9155,122.33644444444445,0.0,0.0,2018-04-07 15:42:50,刺网
4301,29.91544444444445,122.33647222222223,0.1,0.0,2018-04-07 15:52:50,刺网
4301,29.915555555555553,122.33644444444445,0.1,0.0,2018-04-07 16:02:49,刺网
4301,29.91558333333333,122.33638888888888,0.1,0.0,2018-04-07 16:12:50,刺网
4301,29.91544444444445,122.33644444444445,0.1,0.0,2018-04-07 16:22:49,刺网
4301,29.91547222222223,122.33644444444445,0.2,0.0,2018-04-07 16:32:50,刺网
4301,29.9155,122.3365,0.1,0.0,2018-04-07 16:42:51,刺网
4301,29.91536111111111,122.33655555555555,0.0,0.0,2018-04-07 16:52:49,刺网
4301,29.91563888888889,122.33636111111107,0.1,0.0,2018-04-07 17:02:50,刺网
4301,29.91544444444445,122.33644444444445,0.0,0.0,2018-04-07 17:13:22,刺网
4301,29.91544444444445,122.33638888888888,0.0,0.0,2018-04-07 17:22:49,刺网
4301,29.91547222222223,122.33641666666666,0.0,0.0,2018-04-07 17:32:50,刺网
4301,29.91547222222223,122.3365,0.0,0.0,2018-04-07 17:42:48,刺网
4301,29.9155,122.33644444444445,0.0,0.0,2018-04-07 17:52:49,刺网
4301,29.9155,122.33638888888888,0.0,0.0,2018-04-07 18:12:49,刺网
4301,29.91547222222223,122.33641666666666,0.0,0.0,2018-04-07 18:22:51,刺网
4301,29.91547222222223,122.33636111111107,0.0,0.0,2018-04-07 18:32:49,刺网
4301,29.915527777777786,122.33638888888888,0.0,0.0,2018-04-07 18:42:50,刺网
4301,29.915527777777786,122.33641666666666,0.0,0.0,2018-04-07 18:52:50,刺网
4301,29.91544444444445,122.33641666666666,0.0,0.0,2018-04-07 19:02:50,刺网
4301,29.91547222222223,122.33644444444445,0.0,0.0,2018-04-07 19:12:50,刺网
4301,29.91547222222223,122.33641666666666,0.0,0.0,2018-04-07 19:22:50,刺网
4301,29.915388888888888,122.3365,0.0,0.0,2018-04-07 19:32:50,刺网
4301,29.91547222222223,122.33638888888888,0.1,0.0,2018-04-07 19:42:50,刺网
4301,29.91536111111111,122.33658333333334,0.0,0.0,2018-04-07 19:52:49,刺网
4301,29.915388888888888,122.33647222222223,0.0,0.0,2018-04-07 20:12:50,刺网
4301,29.915416666666665,122.33644444444445,0.0,0.0,2018-04-07 20:22:49,刺网
4301,29.91547222222223,122.33641666666666,0.0,0.0,2018-04-07 20:32:49,刺网
4301,29.915388888888888,122.33644444444445,0.0,0.0,2018-04-07 20:42:49,刺网
4301,29.91547222222223,122.33644444444445,0.0,0.0,2018-04-07 20:52:49,刺网
4301,29.915388888888888,122.3365,0.0,0.0,2018-04-07 21:02:49,刺网
4301,29.915388888888888,122.33644444444445,0.0,0.0,2018-04-07 21:12:49,刺网
4301,29.91536111111111,122.33636111111107,0.0,0.0,2018-04-07 21:22:49,刺网
4301,29.915416666666665,122.33641666666666,0.0,0.0,2018-04-07 21:32:49,刺网
4301,29.915388888888888,122.33644444444445,0.0,0.0,2018-04-07 21:42:49,刺网
4301,29.915416666666665,122.33644444444445,0.0,0.0,2018-04-07 22:02:50,刺网
4301,29.915416666666665,122.33644444444445,0.0,0.0,2018-04-07 22:12:49,刺网
4301,29.91544444444445,122.33647222222223,0.0,0.0,2018-04-07 22:22:49,刺网
4301,29.91544444444445,122.33647222222223,0.0,0.0,2018-04-07 22:32:49,刺网
4301,29.915388888888888,122.33641666666666,0.0,0.0,2018-04-07 22:42:49,刺网
4301,29.915222222222226,122.33608333333332,0.1,0.0,2018-04-07 22:52:50,刺网
4301,29.91547222222223,122.33641666666666,0.0,0.0,2018-04-07 23:03:16,刺网
4301,29.915416666666665,122.33638888888888,0.0,0.0,2018-04-07 23:12:49,刺网
4301,29.91544444444445,122.33644444444445,0.0,0.0,2018-04-07 23:22:49,刺网
4301,29.91544444444445,122.33644444444445,0.0,0.0,2018-04-07 23:32:49,刺网
4301,29.91558333333333,122.33638888888888,0.0,0.0,2018-04-07 23:42:49,刺网
4301,29.91547222222223,122.33644444444445,0.0,0.0,2018-04-07 23:52:49,刺网
4301,29.915416666666665,122.33647222222223,0.0,0.0,2018-04-08 00:02:49,刺网
4301,29.9155,122.33644444444445,0.0,0.0,2018-04-08 00:12:49,刺网
4301,29.91544444444445,122.33641666666666,0.0,0.0,2018-04-08 00:22:49,刺网
4301,29.9155,122.33641666666666,0.0,0.0,2018-04-08 00:32:49,刺网
4301,29.91547222222223,122.33647222222223,0.0,0.0,2018-04-08 00:42:49,刺网
4301,29.91536111111111,122.33636111111107,0.0,0.0,2018-04-08 00:52:49,刺网
4301,29.915416666666665,122.33638888888888,0.0,0.0,2018-04-08 01:02:49,刺网
4301,29.91530555555555,122.33627777777778,0.0,0.0,2018-04-08 01:12:49,刺网
4301,29.915277777777767,122.33641666666666,0.2,0.0,2018-04-08 01:22:48,刺网
4301,29.91558333333333,122.33655555555555,0.0,0.0,2018-04-08 01:32:49,刺网
4301,29.91544444444445,122.33647222222223,0.0,0.0,2018-04-08 01:43:23,刺网
4301,29.91544444444445,122.33644444444445,0.0,0.0,2018-04-08 01:52:48,刺网
4301,29.91544444444445,122.33647222222223,0.0,0.0,2018-04-08 02:02:49,刺网
4301,29.91547222222223,122.33644444444445,0.0,0.0,2018-04-08 02:12:48,刺网
4301,29.9155,122.33644444444445,0.0,0.0,2018-04-08 02:22:48,刺网
4301,29.915416666666665,122.3365,0.0,0.0,2018-04-08 02:32:48,刺网
4301,29.91544444444445,122.33644444444445,0.0,0.0,2018-04-08 02:42:48,刺网
4301,29.91547222222223,122.33644444444445,0.0,0.0,2018-04-08 02:52:48,刺网
4301,29.91544444444445,122.33641666666666,0.0,0.0,2018-04-08 03:02:49,刺网
4301,29.915527777777786,122.33644444444445,0.0,0.0,2018-04-08 03:12:49,刺网
4301,29.91563888888889,122.33644444444445,0.0,0.0,2018-04-08 03:22:49,刺网
4301,29.915527777777786,122.33644444444445,0.0,0.0,2018-04-08 03:32:48,刺网
4301,29.9155,122.33644444444445,0.0,0.0,2018-04-08 03:42:48,刺网
4301,29.91533333333333,122.33641666666666,0.0,0.0,2018-04-08 03:52:48,刺网
4301,29.91547222222223,122.33641666666666,0.0,0.0,2018-04-08 04:03:16,刺网
4301,29.91547222222223,122.33647222222223,0.0,0.0,2018-04-08 04:12:49,刺网
4301,29.91547222222223,122.33644444444445,0.0,0.0,2018-04-08 04:22:49,刺网
4301,29.91547222222223,122.33675,0.1,0.0,2018-04-08 04:32:49,刺网
4301,29.91547222222223,122.33675,0.2,0.0,2018-04-08 04:42:49,刺网
4301,29.91544444444445,122.33641666666666,0.0,0.0,2018-04-08 04:53:16,刺网
4301,29.915416666666665,122.33652777777776,0.0,0.0,2018-04-08 05:02:49,刺网
4301,29.91547222222223,122.33647222222223,0.0,0.0,2018-04-08 05:12:49,刺网
4301,29.915416666666665,122.33647222222223,0.0,0.0,2018-04-08 05:22:49,刺网
4301,29.91547222222223,122.33647222222223,0.0,0.0,2018-04-08 05:32:49,刺网
4301,29.915416666666665,122.33638888888888,0.0,0.0,2018-04-08 05:42:48,刺网
4301,29.91544444444445,122.3365,0.5,335.0,2018-04-08 05:52:48,刺网
4301,29.91547222222223,122.3365,0.0,0.0,2018-04-08 06:02:49,刺网
4301,29.91544444444445,122.33644444444445,0.0,0.0,2018-04-08 06:12:49,刺网
4301,29.915527777777786,122.33633333333331,0.0,0.0,2018-04-08 06:22:48,刺网
4301,29.9155,122.33644444444445,0.0,0.0,2018-04-08 06:32:49,刺网
4301,29.915416666666665,122.3365,0.0,0.0,2018-04-08 06:42:48,刺网
4301,29.91547222222223,122.3365,0.0,0.0,2018-04-08 06:52:48,刺网
4301,29.91544444444445,122.33641666666666,0.1,0.0,2018-04-08 07:02:47,刺网
4301,29.9155,122.33641666666666,0.1,0.0,2018-04-08 07:12:48,刺网
4301,29.9155,122.33641666666666,0.2,0.0,2018-04-08 07:22:48,刺网
4301,29.915416666666665,122.33652777777776,0.2,0.0,2018-04-08 07:32:48,刺网
4301,29.91547222222223,122.3365,0.2,0.0,2018-04-08 07:42:48,刺网
4301,29.91544444444445,122.33658333333334,0.0,0.0,2018-04-08 07:52:59,刺网
4301,29.91544444444445,122.33641666666666,0.0,0.0,2018-04-08 08:03:16,刺网
4301,29.9155,122.33641666666666,0.0,0.0,2018-04-08 08:12:47,刺网
4301,29.9155,122.33644444444445,0.0,0.0,2018-04-08 08:22:48,刺网
4301,29.91544444444445,122.33644444444445,0.0,0.0,2018-04-08 08:32:48,刺网
4301,29.91536111111111,122.33644444444445,0.0,0.0,2018-04-08 08:42:47,刺网
4301,29.915388888888888,122.3365,0.0,0.0,2018-04-08 08:52:48,刺网
4301,29.91544444444445,122.33655555555555,0.0,0.0,2018-04-08 09:02:48,刺网
4301,29.91547222222223,122.33647222222223,0.0,0.0,2018-04-08 09:12:48,刺网
4301,29.91544444444445,122.33647222222223,0.0,0.0,2018-04-08 09:22:48,刺网
4301,29.915416666666665,122.33644444444445,0.0,0.0,2018-04-08 09:32:47,刺网
4301,29.915416666666665,122.33644444444445,0.0,0.0,2018-04-08 09:42:47,刺网
4301,29.91547222222223,122.33641666666666,0.0,0.0,2018-04-08 09:52:48,刺网
4301,29.915416666666665,122.3365,0.0,0.0,2018-04-08 10:02:48,刺网
4301,29.91544444444445,122.33644444444445,0.0,0.0,2018-04-08 10:12:48,刺网
4301,29.9155,122.33636111111107,0.1,0.0,2018-04-08 10:22:48,刺网
4301,29.91547222222223,122.33638888888888,0.0,0.0,2018-04-08 10:32:48,刺网
4301,29.91547222222223,122.33652777777776,0.0,0.0,2018-04-08 10:42:48,刺网
4301,29.91533333333333,122.33625,0.1,0.0,2018-04-08 10:52:48,刺网
4301,29.91547222222223,122.33644444444445,0.0,0.0,2018-04-08 11:03:17,刺网
4301,29.91547222222223,122.33644444444445,0.0,0.0,2018-04-08 11:12:48,刺网
4301,29.91547222222223,122.33644444444445,0.0,0.0,2018-04-08 11:22:48,刺网
4301,29.9155,122.33647222222223,0.0,0.0,2018-04-08 11:32:48,刺网
4301,29.91547222222223,122.33647222222223,0.0,0.0,2018-04-08 11:42:46,刺网
4301,29.91547222222223,122.3365,0.0,0.0,2018-04-08 11:52:47,刺网
4301,29.91547222222223,122.33641666666666,0.0,0.0,2018-04-08 12:02:47,刺网
4301,29.91544444444445,122.33641666666666,0.0,0.0,2018-04-08 12:12:47,刺网
4301,29.91544444444445,122.3365,0.0,0.0,2018-04-08 12:22:47,刺网
4301,29.915527777777786,122.33644444444445,0.1,0.0,2018-04-08 12:32:47,刺网
4301,29.91547222222223,122.33644444444445,0.2,0.0,2018-04-08 12:42:47,刺网
4301,29.915416666666665,122.33641666666666,0.1,0.0,2018-04-08 12:52:47,刺网
4301,29.915527777777786,122.3365,0.1,0.0,2018-04-08 13:02:47,刺网
4301,29.91536111111111,122.33658333333334,0.3,0.0,2018-04-08 13:12:47,刺网
4301,29.915861111111113,122.3359722222222,0.1,0.0,2018-04-08 13:22:47,刺网
4301,29.91561111111111,122.33647222222223,0.3,0.0,2018-04-08 13:32:47,刺网
4301,29.915777777777766,122.33622222222222,0.2,0.0,2018-04-08 13:42:47,刺网
4301,29.9155,122.33641666666666,0.0,0.0,2018-04-08 13:53:16,刺网
4301,29.915527777777786,122.33641666666666,0.0,0.0,2018-04-08 14:02:47,刺网
4301,29.9155,122.33641666666666,0.0,0.0,2018-04-08 14:12:47,刺网
4301,29.915416666666665,122.33644444444445,0.0,0.0,2018-04-08 14:22:47,刺网
4301,29.91547222222223,122.33644444444445,0.0,0.0,2018-04-08 14:32:47,刺网
4301,29.91547222222223,122.33644444444445,0.0,0.0,2018-04-08 14:42:47,刺网
4301,29.91547222222223,122.33641666666666,0.0,0.0,2018-04-08 14:52:47,刺网
4301,29.915416666666665,122.33644444444445,0.0,0.0,2018-04-08 15:02:47,刺网
4301,29.915416666666665,122.33644444444445,0.1,0.0,2018-04-08 15:12:47,刺网
4301,29.91547222222223,122.33644444444445,0.1,0.0,2018-04-08 15:22:46,刺网
4301,29.91547222222223,122.33644444444445,0.0,0.0,2018-04-08 15:32:47,刺网
4301,29.91561111111111,122.33633333333331,0.0,0.0,2018-04-08 15:42:47,刺网
4301,29.915527777777786,122.33638888888888,0.1,0.0,2018-04-08 15:52:47,刺网
4301,29.91547222222223,122.33647222222223,0.0,0.0,2018-04-08 16:03:15,刺网
4301,29.91547222222223,122.33644444444445,0.0,0.0,2018-04-08 16:12:46,刺网
4301,29.91547222222223,122.33641666666666,0.0,0.0,2018-04-08 16:22:45,刺网
4301,29.91547222222223,122.33644444444445,0.0,0.0,2018-04-08 16:32:45,刺网
4301,29.91547222222223,122.33641666666666,0.0,0.0,2018-04-08 16:42:45,刺网
4301,29.91544444444445,122.33644444444445,0.0,0.0,2018-04-08 16:52:45,刺网
4301,29.9155,122.33652777777776,0.0,0.0,2018-04-08 17:02:46,刺网
4301,29.915527777777786,122.33647222222223,0.0,0.0,2018-04-08 17:12:45,刺网
4301,29.91547222222223,122.33644444444445,0.0,0.0,2018-04-08 17:22:45,刺网
4301,29.9155,122.33644444444445,0.0,0.0,2018-04-08 17:32:45,刺网
4301,29.91547222222223,122.33647222222223,0.0,0.0,2018-04-08 17:42:45,刺网
4301,29.915416666666665,122.33644444444445,0.0,0.0,2018-04-08 17:52:46,刺网
4301,29.91547222222223,122.33647222222223,0.0,0.0,2018-04-08 18:02:46,刺网
4301,29.91547222222223,122.33641666666666,0.0,0.0,2018-04-08 18:12:46,刺网
4301,29.91536111111111,122.33647222222223,0.0,0.0,2018-04-08 18:22:45,刺网
4301,29.915416666666665,122.33647222222223,0.0,0.0,2018-04-08 18:32:46,刺网
4301,29.915388888888888,122.3365,0.0,0.0,2018-04-08 18:42:45,刺网
4301,29.91544444444445,122.33644444444445,0.1,0.0,2018-04-08 18:52:45,刺网
4301,29.915527777777786,122.33641666666666,0.2,133.0,2018-04-08 19:02:46,刺网
4301,29.915277777777767,122.33661111111113,0.1,0.0,2018-04-08 19:12:46,刺网
4301,29.91544444444445,122.3365,0.2,0.0,2018-04-08 19:22:46,刺网
4301,29.91547222222223,122.33638888888888,0.1,0.0,2018-04-08 19:32:46,刺网
4301,29.91547222222223,122.33641666666666,0.1,0.0,2018-04-08 19:42:46,刺网
4301,29.91536111111111,122.33652777777776,0.2,0.0,2018-04-08 19:52:45,刺网
4301,29.91544444444445,122.33641666666666,0.0,0.0,2018-04-08 20:03:15,刺网
4301,29.91525,122.33652777777776,0.4,339.0,2018-04-08 20:12:45,刺网
4301,29.915416666666665,122.33641666666666,0.0,0.0,2018-04-08 20:22:45,刺网
4301,29.91547222222223,122.33647222222223,0.0,0.0,2018-04-08 20:32:46,刺网
4301,29.915416666666665,122.33647222222223,0.0,0.0,2018-04-08 20:42:46,刺网
4301,29.91544444444445,122.33644444444445,0.0,0.0,2018-04-08 20:52:46,刺网
4301,29.91544444444445,122.33636111111107,0.1,0.0,2018-04-08 21:02:44,刺网
4301,29.91547222222223,122.33638888888888,0.0,0.0,2018-04-08 21:12:45,刺网
4301,29.9155,122.33625,0.1,0.0,2018-04-08 21:22:45,刺网
4301,29.915416666666665,122.3365,0.1,0.0,2018-04-08 21:32:45,刺网
4301,29.91558333333333,122.33602777777777,0.1,0.0,2018-04-08 21:42:48,刺网
4301,29.91544444444445,122.33644444444445,0.0,0.0,2018-04-08 21:52:45,刺网
4301,29.9155,122.33647222222223,0.0,0.0,2018-04-08 22:02:44,刺网
4301,29.91544444444445,122.33641666666666,0.0,0.0,2018-04-08 22:12:45,刺网
4301,29.915416666666665,122.33636111111107,0.0,0.0,2018-04-08 22:22:45,刺网
4301,29.91547222222223,122.33644444444445,0.0,0.0,2018-04-08 22:33:16,刺网
4301,29.91547222222223,122.33647222222223,0.0,0.0,2018-04-08 22:42:44,刺网
4301,29.91544444444445,122.33644444444445,0.0,0.0,2018-04-08 22:52:45,刺网
4301,29.91544444444445,122.33644444444445,0.0,0.0,2018-04-08 23:02:45,刺网
4301,29.91544444444445,122.33638888888888,0.0,0.0,2018-04-08 23:12:45,刺网
4301,29.9155,122.3365,0.0,0.0,2018-04-08 23:22:45,刺网
4301,29.91547222222223,122.33644444444445,0.0,0.0,2018-04-08 23:32:44,刺网
4301,29.9155,122.33644444444445,0.0,0.0,2018-04-08 23:42:44,刺网
4301,29.915527777777786,122.33644444444445,0.0,0.0,2018-04-08 23:52:44,刺网
4301,29.91544444444445,122.33647222222223,0.0,0.0,2018-04-09 00:02:45,刺网
4301,29.9155,122.33641666666666,0.0,0.0,2018-04-09 00:12:44,刺网
4301,29.915527777777786,122.33647222222223,0.0,0.0,2018-04-09 00:22:44,刺网
4301,29.91544444444445,122.33647222222223,0.0,0.0,2018-04-09 00:32:45,刺网
4301,29.91544444444445,122.33644444444445,0.0,0.0,2018-04-09 00:42:44,刺网
4301,29.915416666666665,122.3365,0.0,0.0,2018-04-09 00:52:45,刺网
4301,29.91544444444445,122.33644444444445,0.3,0.0,2018-04-09 01:02:45,刺网
4301,29.91547222222223,122.3365,0.0,0.0,2018-04-09 01:12:45,刺网
4301,29.91544444444445,122.33638888888888,0.1,0.0,2018-04-09 01:22:45,刺网
4301,29.9155,122.33641666666666,0.1,0.0,2018-04-09 01:32:45,刺网
4301,29.91547222222223,122.33641666666666,0.0,0.0,2018-04-09 01:43:17,刺网
4301,29.91547222222223,122.33644444444445,0.0,0.0,2018-04-09 01:52:43,刺网
4301,29.91544444444445,122.33644444444445,0.0,0.0,2018-04-09 02:02:44,刺网
4301,29.91547222222223,122.33647222222223,0.0,0.0,2018-04-09 02:12:43,刺网
4301,29.91547222222223,122.33641666666666,0.0,0.0,2018-04-09 02:22:44,刺网
4301,29.91544444444445,122.33641666666666,0.0,0.0,2018-04-09 02:32:44,刺网
4301,29.9155,122.33647222222223,0.0,0.0,2018-04-09 02:42:44,刺网
4301,29.91544444444445,122.33638888888888,0.0,0.0,2018-04-09 02:52:44,刺网
4301,29.91544444444445,122.33641666666666,0.0,0.0,2018-04-09 03:02:44,刺网
4301,29.91536111111111,122.3365,0.0,0.0,2018-04-09 03:12:44,刺网
4301,29.915416666666665,122.33641666666666,0.0,0.0,2018-04-09 03:22:43,刺网
4301,29.91544444444445,122.33644444444445,0.0,0.0,2018-04-09 03:32:43,刺网
4301,29.915416666666665,122.33641666666666,0.0,0.0,2018-04-09 03:42:43,刺网
4301,29.91544444444445,122.3365,0.0,0.0,2018-04-09 03:52:44,刺网
4301,29.91547222222223,122.33647222222223,0.0,0.0,2018-04-09 04:03:16,刺网
4301,29.91547222222223,122.3365,0.0,0.0,2018-04-09 04:12:43,刺网
4301,29.915416666666665,122.33644444444445,0.0,0.0,2018-04-09 04:22:43,刺网
4301,29.915388888888888,122.33641666666666,0.0,0.0,2018-04-09 04:32:43,刺网
4301,29.91547222222223,122.33647222222223,0.0,0.0,2018-04-09 04:42:44,刺网
4301,29.915416666666665,122.3365,0.0,0.0,2018-04-09 04:52:43,刺网
4301,29.915388888888888,122.33647222222223,0.0,0.0,2018-04-09 05:02:44,刺网
4301,29.91547222222223,122.33644444444445,0.0,0.0,2018-04-09 05:12:45,刺网
4301,29.9155,122.33633333333331,0.0,0.0,2018-04-09 05:22:44,刺网
4301,29.9155,122.33647222222223,0.0,0.0,2018-04-09 05:32:43,刺网
4301,29.91544444444445,122.33647222222223,0.0,0.0,2018-04-09 05:42:44,刺网
4301,29.91547222222223,122.33638888888888,0.1,0.0,2018-04-09 05:52:44,刺网
4301,29.91558333333333,122.33630555555555,0.0,0.0,2018-04-09 06:02:44,刺网
4301,29.91544444444445,122.33647222222223,0.0,0.0,2018-04-09 06:12:44,刺网
4301,29.91547222222223,122.33647222222223,0.1,0.0,2018-04-09 06:22:44,刺网
4301,29.915555555555553,122.33636111111107,0.0,0.0,2018-04-09 06:32:44,刺网
4301,29.91547222222223,122.33638888888888,0.0,0.0,2018-04-09 06:42:44,刺网
4301,29.91547222222223,122.33641666666666,0.3,0.0,2018-04-09 06:52:42,刺网
4301,29.91547222222223,122.3365,0.0,0.0,2018-04-09 07:02:42,刺网
4301,29.9155,122.33647222222223,0.0,0.0,2018-04-09 07:12:43,刺网
4301,29.915527777777786,122.33641666666666,0.0,0.0,2018-04-09 07:22:42,刺网
4301,29.91544444444445,122.33647222222223,0.4,0.0,2018-04-09 07:32:45,刺网
4301,29.91547222222223,122.33647222222223,0.2,0.0,2018-04-09 07:42:44,刺网
4301,29.91536111111111,122.33658333333334,0.2,0.0,2018-04-09 07:52:43,刺网
4301,29.915416666666665,122.33647222222223,0.0,0.0,2018-04-09 08:03:17,刺网
4301,29.91547222222223,122.33638888888888,0.0,0.0,2018-04-09 08:12:43,刺网
4301,29.91544444444445,122.3365,0.0,0.0,2018-04-09 08:22:42,刺网
4301,29.91536111111111,122.33644444444445,0.2,0.0,2018-04-09 08:32:43,刺网
4301,29.915388888888888,122.33647222222223,0.1,0.0,2018-04-09 08:42:54,刺网
4301,29.91558333333333,122.33641666666666,0.0,0.0,2018-04-09 08:52:42,刺网
4301,29.91544444444445,122.33644444444445,0.0,0.0,2018-04-09 09:03:11,刺网
4301,29.91547222222223,122.33647222222223,0.0,0.0,2018-04-09 09:12:42,刺网
4301,29.91544444444445,122.33641666666666,0.0,0.0,2018-04-09 09:32:42,刺网
4301,29.91547222222223,122.33638888888888,0.0,0.0,2018-04-09 09:42:44,刺网
4301,29.9155,122.33636111111107,0.0,0.0,2018-04-09 10:02:44,刺网
4301,29.91544444444445,122.33636111111107,0.0,0.0,2018-04-09 10:12:42,刺网
4301,29.91544444444445,122.33647222222223,0.0,0.0,2018-04-09 10:22:42,刺网
4301,29.91547222222223,122.33644444444445,0.0,0.0,2018-04-09 10:32:43,刺网
4301,29.91547222222223,122.33644444444445,0.0,0.0,2018-04-09 10:42:42,刺网
4301,29.9155,122.33636111111107,0.0,0.0,2018-04-09 10:52:44,刺网
4301,29.915555555555553,122.33644444444445,0.0,0.0,2018-04-09 11:02:43,刺网
4301,29.9155,122.33638888888888,0.1,0.0,2018-04-09 11:12:42,刺网
4301,29.91547222222223,122.33633333333331,0.1,0.0,2018-04-09 11:22:42,刺网
4301,29.91547222222223,122.3365,0.2,0.0,2018-04-09 11:32:41,刺网
4301,29.9155,122.33652777777776,0.2,0.0,2018-04-09 11:42:42,刺网
4301,29.91544444444445,122.3365,0.3,0.0,2018-04-09 11:52:42,刺网
4301,29.915555555555553,122.33636111111107,0.0,0.0,2018-04-09 12:03:10,刺网
4301,29.91547222222223,122.33644444444445,0.7,125.0,2018-04-09 12:12:41,刺网
4301,29.91547222222223,122.33641666666666,0.4,124.0,2018-04-09 12:22:42,刺网
4301,29.9155,122.33647222222223,0.5,131.0,2018-04-09 12:32:42,刺网
4301,29.91533333333333,122.33658333333334,0.6,0.0,2018-04-09 12:42:41,刺网
4301,29.91575,122.33608333333332,1.2,127.0,2018-04-09 12:52:41,刺网
4301,29.9155,122.33644444444445,0.3,0.0,2018-04-09 13:02:48,刺网
4301,29.9155,122.33661111111113,0.6,0.0,2018-04-09 13:12:43,刺网
4301,29.91558333333333,122.33616666666668,0.6,0.0,2018-04-09 13:22:42,刺网
4301,29.91544444444445,122.33669444444445,0.5,0.0,2018-04-09 13:32:42,刺网
4301,29.915555555555553,122.33633333333331,0.4,0.0,2018-04-09 13:42:41,刺网
4301,29.91544444444445,122.33644444444445,0.0,0.0,2018-04-09 13:53:10,刺网
4301,29.91544444444445,122.33644444444445,0.0,0.0,2018-04-09 14:02:43,刺网
4301,29.91547222222223,122.33638888888888,0.0,0.0,2018-04-09 14:12:41,刺网
4301,29.91544444444445,122.33644444444445,0.0,0.0,2018-04-09 14:22:41,刺网
4301,29.9155,122.33644444444445,0.0,0.0,2018-04-09 14:32:42,刺网
4301,29.9155,122.33644444444445,0.0,0.0,2018-04-09 14:42:42,刺网
4301,29.9155,122.33647222222223,0.0,0.0,2018-04-09 14:52:42,刺网
4301,29.915416666666665,122.33647222222223,0.0,0.0,2018-04-09 15:02:43,刺网
4301,29.91558333333333,122.33644444444445,0.2,128.0,2018-04-09 15:12:42,刺网
4301,29.91544444444445,122.33644444444445,0.0,0.0,2018-04-09 15:22:42,刺网
4301,29.91558333333333,122.33638888888888,0.1,0.0,2018-04-09 15:32:41,刺网
4301,29.9155,122.33644444444445,0.0,0.0,2018-04-09 15:42:41,刺网
4301,29.915527777777786,122.33641666666666,0.1,0.0,2018-04-09 15:52:41,刺网
4301,29.91547222222223,122.33644444444445,0.0,0.0,2018-04-09 16:03:11,刺网
4301,29.9155,122.33644444444445,0.0,0.0,2018-04-09 16:12:40,刺网
4301,29.915527777777786,122.33644444444445,0.0,0.0,2018-04-09 16:22:40,刺网
4301,29.91547222222223,122.33641666666666,0.0,0.0,2018-04-09 16:32:40,刺网
4301,29.91547222222223,122.3365,0.0,0.0,2018-04-09 16:42:40,刺网
4301,29.9155,122.33638888888888,0.0,0.0,2018-04-09 17:02:41,刺网
4301,29.915555555555553,122.33644444444445,0.0,0.0,2018-04-09 17:12:40,刺网
4301,29.91547222222223,122.33644444444445,0.1,0.0,2018-04-09 17:22:40,刺网
4301,29.915527777777786,122.33638888888888,0.1,0.0,2018-04-09 17:32:40,刺网
4301,29.9155,122.33644444444445,0.0,0.0,2018-04-09 17:42:40,刺网
4301,29.915555555555553,122.33641666666666,0.0,0.0,2018-04-09 17:52:41,刺网
4301,29.915527777777786,122.33644444444445,0.0,0.0,2018-04-09 18:02:42,刺网
4301,29.91544444444445,122.33644444444445,0.0,0.0,2018-04-09 18:12:40,刺网
4301,29.915527777777786,122.33641666666666,0.0,0.0,2018-04-09 18:22:41,刺网
4301,29.9155,122.33647222222223,0.0,0.0,2018-04-09 18:32:41,刺网
4301,29.91530555555555,122.33652777777776,0.1,0.0,2018-04-09 18:42:40,刺网
4301,29.9155,122.33647222222223,0.1,0.0,2018-04-09 18:52:40,刺网
4301,29.915527777777786,122.33641666666666,0.2,0.0,2018-04-09 19:02:42,刺网
4301,29.91547222222223,122.33647222222223,0.2,0.0,2018-04-09 19:12:40,刺网
4301,29.915277777777767,122.33663888888887,0.1,0.0,2018-04-09 19:22:40,刺网
4301,29.9155,122.33641666666666,0.2,0.0,2018-04-09 19:32:41,刺网
4301,29.915416666666665,122.33652777777776,0.0,0.0,2018-04-09 19:42:41,刺网
4301,29.91536111111111,122.33655555555555,0.2,0.0,2018-04-09 19:52:41,刺网
4301,29.91544444444445,122.33644444444445,0.0,0.0,2018-04-09 20:02:53,刺网
4301,29.9155,122.33647222222223,0.1,0.0,2018-04-09 20:12:41,刺网
4301,29.91547222222223,122.33644444444445,0.0,0.0,2018-04-09 20:22:40,刺网
4301,29.91544444444445,122.33647222222223,0.0,0.0,2018-04-09 20:33:38,刺网
4301,29.91544444444445,122.3365,0.0,0.0,2018-04-09 20:42:39,刺网
4301,29.91547222222223,122.33652777777776,0.0,0.0,2018-04-09 20:52:39,刺网
4301,29.91547222222223,122.33647222222223,0.0,0.0,2018-04-09 21:02:41,刺网
4301,29.915388888888888,122.33641666666666,0.1,0.0,2018-04-09 21:12:39,刺网
4301,29.915416666666665,122.33641666666666,0.0,0.0,2018-04-09 21:22:42,刺网
4301,29.915388888888888,122.33644444444445,0.0,0.0,2018-04-09 21:32:51,刺网
4301,29.91544444444445,122.33641666666666,0.0,0.0,2018-04-09 21:42:40,刺网
4301,29.915388888888888,122.33641666666666,0.0,0.0,2018-04-09 21:52:39,刺网
4301,29.91544444444445,122.33641666666666,0.0,0.0,2018-04-09 22:02:41,刺网
4301,29.91544444444445,122.33644444444445,0.0,0.0,2018-04-09 22:12:39,刺网
4301,29.9155,122.33647222222223,0.0,0.0,2018-04-09 22:22:39,刺网
4301,29.9155,122.3365,0.0,0.0,2018-04-09 22:32:39,刺网
4301,29.91547222222223,122.33647222222223,0.0,0.0,2018-04-09 22:42:39,刺网
4301,29.915416666666665,122.33644444444445,0.1,0.0,2018-04-09 22:52:39,刺网
4301,29.91544444444445,122.33638888888888,0.1,0.0,2018-04-09 23:02:41,刺网
4301,29.915416666666665,122.33644444444445,0.0,0.0,2018-04-09 23:12:40,刺网
4301,29.915416666666665,122.33630555555555,0.1,0.0,2018-04-09 23:22:40,刺网
4301,29.91547222222223,122.33641666666666,0.0,0.0,2018-04-09 23:32:39,刺网
4301,29.91547222222223,122.33630555555555,0.1,0.0,2018-04-09 23:42:39,刺网
4301,29.915416666666665,122.33636111111107,0.0,0.0,2018-04-09 23:52:40,刺网
4301,29.9155,122.33644444444445,0.0,0.0,2018-04-10 00:01:01,刺网
4301,29.91536111111111,122.33638888888888,0.0,0.0,2018-04-10 00:02:53,刺网
4301,29.91547222222223,122.33641666666666,0.0,0.0,2018-04-10 00:12:40,刺网
4301,29.91544444444445,122.33644444444445,0.0,0.0,2018-04-10 00:22:41,刺网
4301,29.915416666666665,122.33638888888888,0.0,0.0,2018-04-10 00:32:39,刺网
4301,29.91533333333333,122.3365,0.1,0.0,2018-04-10 00:42:39,刺网
4301,29.91544444444445,122.33633333333331,0.1,0.0,2018-04-10 00:52:39,刺网
4301,29.91536111111111,122.33638888888888,0.0,0.0,2018-04-10 01:12:40,刺网
4301,29.91544444444445,122.33647222222223,0.0,0.0,2018-04-10 01:22:52,刺网
4301,29.9155,122.33641666666666,0.0,0.0,2018-04-10 01:32:38,刺网
4301,29.91544444444445,122.33644444444445,0.0,0.0,2018-04-10 01:42:38,刺网
4301,29.91544444444445,122.33647222222223,0.0,0.0,2018-04-10 01:52:38,刺网
4301,29.91547222222223,122.33644444444445,0.0,0.0,2018-04-10 02:02:40,刺网
4301,29.91544444444445,122.33644444444445,0.0,0.0,2018-04-10 02:12:39,刺网
4301,29.91544444444445,122.33647222222223,0.0,0.0,2018-04-10 02:22:39,刺网
4301,29.91544444444445,122.33644444444445,0.0,0.0,2018-04-10 02:32:38,刺网
4301,29.9155,122.33644444444445,0.0,0.0,2018-04-10 02:42:39,刺网
4301,29.91566666666667,122.33630555555555,0.0,0.0,2018-04-10 02:52:38,刺网
4301,29.915416666666665,122.33647222222223,0.0,0.0,2018-04-10 03:02:40,刺网
4301,29.915416666666665,122.33641666666666,0.0,0.0,2018-04-10 03:12:39,刺网
4301,29.91547222222223,122.33644444444445,0.0,0.0,2018-04-10 03:22:54,刺网
4301,29.91547222222223,122.33647222222223,0.0,0.0,2018-04-10 03:32:38,刺网
4301,29.91547222222223,122.33647222222223,0.0,0.0,2018-04-10 03:42:39,刺网
4301,29.91547222222223,122.33647222222223,0.0,0.0,2018-04-10 03:52:38,刺网
4301,29.9155,122.3365,0.0,0.0,2018-04-10 04:02:40,刺网
4301,29.91547222222223,122.33644444444445,0.0,0.0,2018-04-10 04:12:39,刺网
4301,29.91547222222223,122.33647222222223,0.0,0.0,2018-04-10 04:22:39,刺网
4301,29.91544444444445,122.33644444444445,0.0,0.0,2018-04-10 04:32:39,刺网
4301,29.9155,122.3365,0.0,0.0,2018-04-10 04:42:38,刺网
4301,29.91547222222223,122.33641666666666,0.0,0.0,2018-04-10 04:52:39,刺网
4301,29.9155,122.3365,0.1,0.0,2018-04-10 05:02:40,刺网
4301,29.9155,122.33641666666666,0.0,0.0,2018-04-10 05:12:39,刺网
4301,29.91558333333333,122.33636111111107,0.0,0.0,2018-04-10 05:22:39,刺网
4301,29.91547222222223,122.33638888888888,0.0,0.0,2018-04-10 05:32:38,刺网
4301,29.915527777777786,122.33636111111107,0.1,0.0,2018-04-10 05:42:38,刺网
4301,29.91536111111111,122.3365,0.1,0.0,2018-04-10 05:52:38,刺网
4301,29.9155,122.33644444444445,0.0,0.0,2018-04-10 06:02:53,刺网
4301,29.9155,122.33644444444445,0.0,0.0,2018-04-10 06:12:38,刺网
4301,29.91547222222223,122.3365,0.0,0.0,2018-04-10 06:22:37,刺网
4301,29.91544444444445,122.33647222222223,0.0,0.0,2018-04-10 06:32:37,刺网
4301,29.91544444444445,122.33647222222223,0.0,0.0,2018-04-10 06:42:37,刺网
4301,29.91547222222223,122.33641666666666,0.0,0.0,2018-04-10 06:52:38,刺网
4301,29.9155,122.33641666666666,0.0,0.0,2018-04-10 07:02:39,刺网
4301,29.91547222222223,122.33644444444445,0.0,0.0,2018-04-10 07:12:38,刺网
4301,29.91547222222223,122.33644444444445,0.0,0.0,2018-04-10 07:22:38,刺网
4301,29.91547222222223,122.3365,0.0,0.0,2018-04-10 07:32:37,刺网
4301,29.91561111111111,122.33638888888888,0.2,0.0,2018-04-10 07:42:38,刺网
4301,29.91547222222223,122.3365,0.1,0.0,2018-04-10 07:52:37,刺网
4301,29.91544444444445,122.33641666666666,0.2,0.0,2018-04-10 08:02:39,刺网
4301,29.9155,122.33625,0.3,0.0,2018-04-10 08:12:38,刺网
4301,29.915555555555553,122.33647222222223,0.2,0.0,2018-04-10 08:22:38,刺网
4301,29.9155,122.33638888888888,0.2,0.0,2018-04-10 08:32:38,刺网
4301,29.915527777777786,122.3365,0.0,0.0,2018-04-10 08:52:37,刺网
4301,29.915527777777786,122.33647222222223,0.0,0.0,2018-04-10 09:02:39,刺网
4301,29.915416666666665,122.33638888888888,0.0,0.0,2018-04-10 09:12:38,刺网
4301,29.91544444444445,122.33647222222223,0.0,0.0,2018-04-10 09:32:39,刺网
4301,29.9155,122.33638888888888,0.1,0.0,2018-04-10 09:42:38,刺网
4301,29.91547222222223,122.3365,0.0,0.0,2018-04-10 09:52:39,刺网
4301,29.915527777777786,122.33641666666666,0.0,0.0,2018-04-10 10:02:39,刺网
4301,29.91547222222223,122.33647222222223,0.0,0.0,2018-04-10 10:12:39,刺网
4301,29.9155,122.3365,0.0,0.0,2018-04-10 10:22:38,刺网
4301,29.915527777777786,122.33638888888888,0.0,0.0,2018-04-10 10:32:38,刺网
4301,29.9155,122.33647222222223,0.0,0.0,2018-04-10 10:42:37,刺网
4301,29.915527777777786,122.33647222222223,0.1,0.0,2018-04-10 10:52:36,刺网
4301,29.91544444444445,122.33641666666666,0.1,0.0,2018-04-10 11:02:39,刺网
4301,29.91544444444445,122.33630555555555,0.2,0.0,2018-04-10 11:12:38,刺网
4301,29.9155,122.33655555555555,0.3,0.0,2018-04-10 11:22:37,刺网
4301,29.91547222222223,122.33666666666666,0.2,0.0,2018-04-10 11:32:36,刺网
4301,29.91544444444445,122.33655555555555,0.3,0.0,2018-04-10 11:42:36,刺网
4301,29.91544444444445,122.33627777777778,0.3,0.0,2018-04-10 11:52:36,刺网
4301,29.9155,122.33647222222223,0.0,0.0,2018-04-10 12:02:53,刺网
4301,29.915527777777786,122.33647222222223,0.0,0.0,2018-04-10 12:12:37,刺网
4301,29.915527777777786,122.33644444444445,0.0,0.0,2018-04-10 12:21:01,刺网
4301,29.9155,122.33644444444445,0.0,0.0,2018-04-10 12:31:01,刺网
4301,29.91547222222223,122.33638888888888,0.0,0.0,2018-04-10 12:41:01,刺网
4301,29.9155,122.33641666666666,0.0,0.0,2018-04-10 12:51:01,刺网
4301,29.91547222222223,122.33644444444445,0.0,0.0,2018-04-10 13:01:01,刺网
4301,29.915527777777786,122.33636111111107,0.0,0.0,2018-04-10 13:11:01,刺网
4301,29.915527777777786,122.33638888888888,0.0,0.0,2018-04-10 13:21:01,刺网
4301,29.915527777777786,122.33647222222223,0.1,0.0,2018-04-10 13:31:01,刺网
4301,29.91547222222223,122.33641666666666,0.0,0.0,2018-04-10 13:41:01,刺网
4301,29.915527777777786,122.33625,0.1,0.0,2018-04-10 13:51:01,刺网
4301,29.915555555555553,122.33633333333331,0.0,0.0,2018-04-10 14:01:01,刺网
4301,29.9155,122.33644444444445,0.0,0.0,2018-04-10 14:11:01,刺网
4301,29.915555555555553,122.33636111111107,0.0,0.0,2018-04-10 14:21:01,刺网
4301,29.91563888888889,122.33633333333331,0.1,0.0,2018-04-10 14:31:01,刺网
4301,29.91547222222223,122.33644444444445,0.1,0.0,2018-04-10 14:41:01,刺网
4301,29.915416666666665,122.33644444444445,0.8,140.0,2018-04-10 14:51:01,刺网
4301,29.9155,122.33644444444445,0.0,0.0,2018-04-10 15:01:01,刺网
4301,29.9155,122.33644444444445,0.0,0.0,2018-04-10 15:11:01,刺网
4301,29.91547222222223,122.33641666666666,0.0,0.0,2018-04-10 15:21:01,刺网
4301,29.9155,122.33644444444445,0.0,0.0,2018-04-10 15:31:01,刺网
4301,29.91547222222223,122.33647222222223,0.0,0.0,2018-04-10 15:41:01,刺网
4301,29.915527777777786,122.33641666666666,0.0,0.0,2018-04-10 15:51:01,刺网
4301,29.9155,122.33647222222223,0.0,0.0,2018-04-10 16:01:01,刺网
4301,29.91547222222223,122.33647222222223,0.0,0.0,2018-04-10 16:11:01,刺网
4301,29.91547222222223,122.33644444444445,0.0,0.0,2018-04-10 16:21:01,刺网
4301,29.9155,122.33641666666666,0.1,0.0,2018-04-10 16:31:01,刺网
4301,29.915527777777786,122.3365,0.1,0.0,2018-04-10 16:41:01,刺网
4301,29.9155,122.33644444444445,0.0,0.0,2018-04-10 16:51:01,刺网
4301,29.915527777777786,122.33647222222223,0.1,0.0,2018-04-10 17:01:01,刺网
4301,29.9155,122.33647222222223,0.1,0.0,2018-04-10 17:11:01,刺网
4301,29.9155,122.33644444444445,0.0,0.0,2018-04-10 17:21:01,刺网
4301,29.91530555555555,122.33655555555555,0.1,0.0,2018-04-10 17:31:01,刺网
4301,29.91561111111111,122.33627777777778,0.1,0.0,2018-04-10 17:41:01,刺网
4301,29.9155,122.33647222222223,0.0,0.0,2018-04-10 17:51:01,刺网
4301,29.91547222222223,122.33644444444445,0.0,0.0,2018-04-10 18:01:01,刺网
4301,29.9155,122.33647222222223,0.0,0.0,2018-04-10 18:11:01,刺网
4301,29.915527777777786,122.33636111111107,0.0,0.0,2018-04-10 18:21:01,刺网
4301,29.915416666666665,122.33644444444445,0.0,0.0,2018-04-10 18:31:01,刺网
4301,29.91547222222223,122.33647222222223,0.0,0.0,2018-04-10 18:41:01,刺网
4301,29.91547222222223,122.33644444444445,0.0,0.0,2018-04-10 18:51:01,刺网
4301,29.91547222222223,122.33647222222223,0.0,0.0,2018-04-10 19:01:01,刺网
4301,29.91547222222223,122.33644444444445,0.0,0.0,2018-04-10 19:11:01,刺网
4301,29.9155,122.33638888888888,0.0,0.0,2018-04-10 19:21:01,刺网
4301,29.91547222222223,122.33644444444445,0.0,0.0,2018-04-10 19:31:01,刺网
4301,29.9155,122.33644444444445,0.0,0.0,2018-04-10 19:41:01,刺网
4301,29.9155,122.3365,0.0,0.0,2018-04-10 19:51:01,刺网
4301,29.91547222222223,122.33647222222223,0.1,0.0,2018-04-10 20:01:01,刺网
4301,29.915555555555553,122.33658333333334,0.6,0.0,2018-04-10 20:11:01,刺网
4301,29.91547222222223,122.33647222222223,0.7,126.0,2018-04-10 20:21:01,刺网
4301,29.91547222222223,122.33644444444445,0.6,0.0,2018-04-10 20:31:01,刺网
4301,29.91547222222223,122.33636111111107,0.9,0.0,2018-04-10 20:41:01,刺网
4301,29.915416666666665,122.33658333333334,0.1,0.0,2018-04-10 20:51:01,刺网
4301,29.9155,122.336,0.6,0.0,2018-04-10 21:01:01,刺网
4301,29.915416666666665,122.3365,0.0,0.0,2018-04-10 21:11:01,刺网
4301,29.9155,122.3365,0.0,0.0,2018-04-10 21:21:01,刺网
4301,29.915416666666665,122.3365,0.0,0.0,2018-04-10 21:31:01,刺网
4301,29.91544444444445,122.33655555555555,0.0,0.0,2018-04-10 21:41:01,刺网
4301,29.91547222222223,122.33647222222223,0.0,0.0,2018-04-10 21:51:01,刺网
4301,29.91547222222223,122.3365,0.0,0.0,2018-04-10 22:01:01,刺网
4301,29.91547222222223,122.33644444444445,0.0,0.0,2018-04-10 22:11:01,刺网
4301,29.91547222222223,122.33644444444445,0.0,0.0,2018-04-10 22:21:01,刺网
4301,29.91547222222223,122.33641666666666,0.0,0.0,2018-04-10 22:31:01,刺网
4301,29.915527777777786,122.33644444444445,0.1,0.0,2018-04-10 22:41:01,刺网
4301,29.915416666666665,122.33647222222223,0.1,0.0,2018-04-10 22:51:01,刺网
4301,29.915555555555553,122.33641666666666,0.0,0.0,2018-04-10 23:01:01,刺网
4301,29.91547222222223,122.33644444444445,0.0,0.0,2018-04-10 23:11:01,刺网
4301,29.9155,122.33647222222223,0.0,0.0,2018-04-10 23:21:01,刺网
4301,29.91547222222223,122.33644444444445,0.0,0.0,2018-04-10 23:31:01,刺网
4301,29.91547222222223,122.3365,0.0,0.0,2018-04-10 23:41:01,刺网
4301,29.915527777777786,122.33638888888888,0.0,0.0,2018-04-10 23:51:01,刺网
4301,29.915555555555553,122.33636111111107,0.1,0.0,2018-04-11 00:01:01,刺网
4301,29.9155,122.33647222222223,0.0,0.0,2018-04-11 00:11:01,刺网
4301,29.9155,122.33647222222223,0.0,0.0,2018-04-11 00:21:01,刺网
4301,29.91544444444445,122.33647222222223,0.0,0.0,2018-04-11 00:31:01,刺网
4301,29.91547222222223,122.33647222222223,0.0,0.0,2018-04-11 00:41:01,刺网
4301,29.9155,122.33644444444445,0.0,0.0,2018-04-11 00:51:01,刺网
4301,29.915527777777786,122.33647222222223,0.0,0.0,2018-04-11 01:01:01,刺网
4301,29.9155,122.33644444444445,0.0,0.0,2018-04-11 01:11:01,刺网
4301,29.9155,122.33644444444445,0.1,0.0,2018-04-11 01:21:01,刺网
4301,29.915416666666665,122.33644444444445,0.0,0.0,2018-04-11 01:31:01,刺网
4301,29.91544444444445,122.33647222222223,0.0,0.0,2018-04-11 01:41:01,刺网
4301,29.9155,122.33647222222223,0.0,0.0,2018-04-11 01:51:01,刺网
4301,29.91544444444445,122.33647222222223,0.0,0.0,2018-04-11 02:01:01,刺网
4301,29.915555555555553,122.33644444444445,0.0,0.0,2018-04-11 02:11:01,刺网
4301,29.91547222222223,122.33647222222223,0.0,0.0,2018-04-11 02:21:01,刺网
4301,29.91547222222223,122.33647222222223,0.0,0.0,2018-04-11 02:31:01,刺网
4301,29.91544444444445,122.33647222222223,0.0,0.0,2018-04-11 02:51:01,刺网
4301,29.91544444444445,122.33638888888888,0.0,0.0,2018-04-11 03:01:01,刺网
4301,29.91547222222223,122.33644444444445,0.0,0.0,2018-04-11 03:11:01,刺网
4301,29.9155,122.33647222222223,0.0,0.0,2018-04-11 03:21:01,刺网
4301,29.91544444444445,122.33647222222223,0.0,0.0,2018-04-11 03:31:01,刺网
4301,29.91547222222223,122.3365,0.0,0.0,2018-04-11 03:41:01,刺网
4301,29.915527777777786,122.33644444444445,0.0,0.0,2018-04-11 03:51:01,刺网
4301,29.9155,122.33644444444445,0.0,0.0,2018-04-11 04:01:01,刺网
4301,29.915527777777786,122.3365,0.0,0.0,2018-04-11 04:11:01,刺网
4301,29.91547222222223,122.33644444444445,0.0,0.0,2018-04-11 04:21:01,刺网
4301,29.91547222222223,122.33647222222223,0.0,0.0,2018-04-11 04:31:01,刺网
4301,29.91536111111111,122.33647222222223,0.0,0.0,2018-04-11 04:41:01,刺网
4301,29.91544444444445,122.33641666666666,0.1,0.0,2018-04-11 04:51:01,刺网
4301,29.91544444444445,122.33636111111107,0.0,0.0,2018-04-11 05:01:01,刺网
4301,29.9155,122.33644444444445,0.0,0.0,2018-04-11 05:11:01,刺网
4301,29.91544444444445,122.33644444444445,0.0,0.0,2018-04-11 05:21:01,刺网
4301,29.91547222222223,122.33641666666666,0.0,0.0,2018-04-11 05:31:01,刺网
4301,29.915111111111113,122.33663888888887,0.1,0.0,2018-04-11 05:41:01,刺网
4301,29.91544444444445,122.33647222222223,0.0,0.0,2018-04-11 05:51:01,刺网
4301,29.91547222222223,122.33644444444445,0.0,0.0,2018-04-11 06:01:01,刺网
4301,29.9155,122.33647222222223,0.0,0.0,2018-04-11 06:11:01,刺网
4301,29.9155,122.33647222222223,0.0,0.0,2018-04-11 06:21:01,刺网
4301,29.91547222222223,122.33647222222223,0.0,0.0,2018-04-11 06:31:01,刺网
4301,29.91544444444445,122.33647222222223,0.0,0.0,2018-04-11 06:41:01,刺网
4301,29.91547222222223,122.33644444444445,0.0,0.0,2018-04-11 06:51:01,刺网
4301,29.91547222222223,122.33647222222223,0.0,0.0,2018-04-11 07:01:01,刺网
4301,29.91547222222223,122.33644444444445,0.0,0.0,2018-04-11 07:11:01,刺网
4301,29.91544444444445,122.33647222222223,0.0,0.0,2018-04-11 07:21:01,刺网
4301,29.91547222222223,122.33644444444445,0.0,0.0,2018-04-11 07:31:01,刺网
4301,29.9155,122.3365,0.0,0.0,2018-04-11 07:41:01,刺网
4301,29.9155,122.33644444444445,0.0,0.0,2018-04-11 07:51:01,刺网
4301,29.91544444444445,122.3365,0.0,0.0,2018-04-11 08:01:01,刺网
4301,29.91544444444445,122.33641666666666,0.0,0.0,2018-04-11 08:11:01,刺网
4301,29.9155,122.33644444444445,0.1,0.0,2018-04-11 08:21:01,刺网
4301,29.91547222222223,122.33658333333334,0.0,0.0,2018-04-11 08:31:01,刺网
4301,29.915416666666665,122.33636111111107,0.0,0.0,2018-04-11 08:41:01,刺网
4301,29.915527777777786,122.33638888888888,0.0,0.0,2018-04-11 08:51:01,刺网
4301,29.915416666666665,122.33655555555555,0.2,0.0,2018-04-11 09:01:01,刺网
4301,29.915388888888888,122.33652777777776,0.2,0.0,2018-04-11 09:11:01,刺网
4301,29.915194444444445,122.33688888888888,0.7,117.0,2018-04-11 09:21:01,刺网
4301,29.91547222222223,122.33647222222223,1.5,115.0,2018-04-11 09:31:01,刺网
4301,29.91547222222223,122.33666666666666,0.0,0.0,2018-04-11 09:41:01,刺网
4301,29.915527777777786,122.33647222222223,0.1,0.0,2018-04-11 09:51:01,刺网
4301,29.91547222222223,122.33641666666666,0.0,0.0,2018-04-11 10:01:01,刺网
4301,29.9155,122.33647222222223,0.1,0.0,2018-04-11 10:11:01,刺网
4301,29.91547222222223,122.33647222222223,0.0,0.0,2018-04-11 10:21:01,刺网
4301,29.91547222222223,122.33647222222223,0.0,0.0,2018-04-11 10:31:01,刺网
4301,29.915527777777786,122.3365,0.0,0.0,2018-04-11 10:41:01,刺网
4301,29.91544444444445,122.33647222222223,0.0,0.0,2018-04-11 10:51:01,刺网
4301,29.91547222222223,122.33644444444445,0.0,0.0,2018-04-11 11:01:01,刺网
4301,29.9155,122.33647222222223,0.0,0.0,2018-04-11 11:11:01,刺网
4301,29.91547222222223,122.33644444444445,0.0,0.0,2018-04-11 11:21:01,刺网
4301,29.915416666666665,122.33647222222223,0.0,0.0,2018-04-11 11:31:01,刺网
4301,29.915527777777786,122.33647222222223,0.0,0.0,2018-04-11 11:41:01,刺网
4301,29.9155,122.33647222222223,0.0,0.0,2018-04-11 11:51:01,刺网
4301,29.915555555555553,122.3365,0.2,0.0,2018-04-11 12:01:01,刺网
4301,29.915416666666665,122.33644444444445,0.1,0.0,2018-04-11 12:11:01,刺网
4301,29.9155,122.33647222222223,0.2,0.0,2018-04-11 12:21:01,刺网
4301,29.915527777777786,122.33644444444445,0.1,0.0,2018-04-11 12:31:01,刺网
4301,29.91544444444445,122.33644444444445,0.0,0.0,2018-04-11 12:41:01,刺网
4301,29.91547222222223,122.33647222222223,0.0,0.0,2018-04-11 12:51:01,刺网
4301,29.915527777777786,122.33647222222223,0.0,0.0,2018-04-11 13:01:01,刺网
4301,29.915555555555553,122.33644444444445,0.0,0.0,2018-04-11 13:11:01,刺网
4301,29.9155,122.33647222222223,0.0,0.0,2018-04-11 13:21:01,刺网
4301,29.91547222222223,122.33644444444445,0.0,0.0,2018-04-11 13:31:01,刺网
4301,29.9155,122.33647222222223,0.0,0.0,2018-04-11 13:41:01,刺网
4301,29.9155,122.3365,0.0,0.0,2018-04-11 13:51:01,刺网
4301,29.915555555555553,122.33641666666666,0.0,0.0,2018-04-11 14:01:01,刺网
4301,29.91547222222223,122.33638888888888,0.0,0.0,2018-04-11 14:11:01,刺网
4301,29.9155,122.33641666666666,0.0,0.0,2018-04-11 14:21:01,刺网
4301,29.9155,122.33641666666666,0.0,0.0,2018-04-11 14:31:01,刺网
4301,29.915555555555553,122.33647222222223,0.0,0.0,2018-04-11 14:41:01,刺网
4301,29.91547222222223,122.33647222222223,0.0,0.0,2018-04-11 14:51:01,刺网
4301,29.91547222222223,122.33647222222223,0.0,0.0,2018-04-11 15:01:01,刺网
4301,29.91544444444445,122.3365,0.1,0.0,2018-04-11 15:11:01,刺网
4301,29.91558333333333,122.33641666666666,0.0,0.0,2018-04-11 15:21:01,刺网
4301,29.91561111111111,122.33638888888888,0.1,0.0,2018-04-11 15:31:01,刺网
4301,29.915527777777786,122.33644444444445,0.0,0.0,2018-04-11 15:41:01,刺网
4301,29.915555555555553,122.33647222222223,0.1,0.0,2018-04-11 15:51:01,刺网
4301,29.9155,122.33644444444445,0.0,0.0,2018-04-11 16:01:01,刺网
4301,29.9155,122.33647222222223,0.0,0.0,2018-04-11 16:11:01,刺网
4301,29.91561111111111,122.33663888888887,0.1,0.0,2018-04-11 16:21:01,刺网
4301,29.91547222222223,122.33641666666666,0.0,0.0,2018-04-11 16:31:01,刺网
4301,29.91547222222223,122.33641666666666,0.0,0.0,2018-04-11 16:41:01,刺网
4301,29.9155,122.3365,0.0,0.0,2018-04-11 16:51:01,刺网
4301,29.9155,122.3365,0.0,0.0,2018-04-11 17:01:01,刺网
4301,29.9155,122.33647222222223,0.0,0.0,2018-04-11 17:11:01,刺网
4301,29.91547222222223,122.33641666666666,0.0,0.0,2018-04-11 17:21:01,刺网
4301,29.9155,122.3365,0.0,0.0,2018-04-11 17:31:01,刺网
4301,29.91547222222223,122.33641666666666,0.0,0.0,2018-04-11 17:51:01,刺网
4301,29.91547222222223,122.33647222222223,0.0,0.0,2018-04-11 18:01:01,刺网
4301,29.91544444444445,122.3365,0.0,0.0,2018-04-11 18:11:01,刺网
4301,29.91544444444445,122.33652777777776,0.0,0.0,2018-04-11 18:21:01,刺网
4301,29.9155,122.33644444444445,0.0,0.0,2018-04-11 18:31:01,刺网
4301,29.9155,122.33644444444445,0.0,0.0,2018-04-11 18:41:01,刺网
4301,29.915388888888888,122.33652777777776,0.0,0.0,2018-04-11 18:51:01,刺网
4301,29.9155,122.33641666666666,0.0,0.0,2018-04-11 19:01:01,刺网
4301,29.91544444444445,122.33652777777776,0.1,0.0,2018-04-11 19:11:01,刺网
4301,29.91547222222223,122.33641666666666,0.1,0.0,2018-04-11 19:21:01,刺网
4301,29.915527777777786,122.33638888888888,0.2,0.0,2018-04-11 19:31:01,刺网
4301,29.91536111111111,122.33658333333334,0.1,0.0,2018-04-11 19:41:01,刺网
4301,29.915416666666665,122.33655555555555,0.1,0.0,2018-04-11 19:51:01,刺网
4301,29.91547222222223,122.33644444444445,0.0,0.0,2018-04-11 20:01:01,刺网
4301,29.91544444444445,122.3365,0.1,0.0,2018-04-11 20:11:01,刺网
4301,29.91547222222223,122.33644444444445,0.0,0.0,2018-04-11 20:21:01,刺网
4301,29.9155,122.33647222222223,0.0,0.0,2018-04-11 20:31:01,刺网
4301,29.91544444444445,122.33644444444445,0.0,0.0,2018-04-11 20:41:01,刺网
4301,29.9155,122.33641666666666,0.0,0.0,2018-04-11 20:51:01,刺网
4301,29.91547222222223,122.3365,0.0,0.0,2018-04-11 21:01:01,刺网
4301,29.91544444444445,122.33641666666666,0.0,0.0,2018-04-11 21:11:01,刺网
4301,29.915416666666665,122.33658333333334,0.0,0.0,2018-04-11 21:21:01,刺网
4301,29.91544444444445,122.3365,0.0,0.0,2018-04-11 21:31:01,刺网
4301,29.91544444444445,122.33647222222223,0.0,0.0,2018-04-11 21:41:01,刺网
4301,29.91536111111111,122.33638888888888,0.0,0.0,2018-04-11 21:51:01,刺网
4301,29.91544444444445,122.33647222222223,0.0,0.0,2018-04-11 22:01:01,刺网
4301,29.91544444444445,122.33641666666666,0.0,0.0,2018-04-11 22:11:01,刺网
4301,29.9155,122.33655555555555,0.0,0.0,2018-04-11 22:21:01,刺网
4301,29.915416666666665,122.33655555555555,0.1,0.0,2018-04-11 22:31:01,刺网
4301,29.91547222222223,122.33647222222223,0.0,0.0,2018-04-11 22:41:01,刺网
4301,29.9155,122.33644444444445,0.0,0.0,2018-04-11 22:51:01,刺网
4301,29.91547222222223,122.33647222222223,0.0,0.0,2018-04-11 23:01:01,刺网
4301,29.915388888888888,122.33658333333334,0.0,0.0,2018-04-11 23:11:01,刺网
4301,29.91547222222223,122.33647222222223,0.0,0.0,2018-04-11 23:21:01,刺网
4301,29.91547222222223,122.33641666666666,0.0,0.0,2018-04-11 23:31:01,刺网
4301,29.9155,122.33644444444445,0.0,0.0,2018-04-11 23:41:01,刺网
4301,29.915527777777786,122.33644444444445,0.0,0.0,2018-04-11 23:51:01,刺网
4301,29.915416666666665,122.33641666666666,0.1,0.0,2018-04-12 00:01:01,刺网
4301,29.915388888888888,122.33647222222223,0.0,0.0,2018-04-12 00:11:01,刺网
4301,29.91547222222223,122.33633333333331,0.1,0.0,2018-04-12 00:21:01,刺网
4301,29.91544444444445,122.33641666666666,0.0,0.0,2018-04-12 00:31:01,刺网
4301,29.915416666666665,122.33613888888887,0.0,0.0,2018-04-12 00:41:01,刺网
4301,29.91547222222223,122.3365,0.0,0.0,2018-04-12 00:51:01,刺网
4301,29.91530555555555,122.33677777777777,0.2,0.0,2018-04-12 01:01:01,刺网
4301,29.91547222222223,122.33641666666666,0.0,0.0,2018-04-12 01:11:01,刺网
4301,29.9155,122.33647222222223,0.0,0.0,2018-04-12 01:21:01,刺网
4301,29.91544444444445,122.33647222222223,0.0,0.0,2018-04-12 01:31:01,刺网
4301,29.915527777777786,122.33644444444445,0.0,0.0,2018-04-12 01:41:01,刺网
4301,29.9155,122.33644444444445,0.0,0.0,2018-04-12 01:51:01,刺网
4301,29.9155,122.33644444444445,0.0,0.0,2018-04-12 02:01:01,刺网
4301,29.9155,122.33638888888888,0.0,0.0,2018-04-12 02:11:01,刺网
4301,29.91544444444445,122.33644444444445,0.0,0.0,2018-04-12 02:21:01,刺网
4301,29.91544444444445,122.33644444444445,0.0,0.0,2018-04-12 02:31:01,刺网
4301,29.91547222222223,122.33641666666666,0.0,0.0,2018-04-12 02:41:01,刺网
4301,29.9155,122.33647222222223,0.0,0.0,2018-04-12 02:51:01,刺网
4301,29.91544444444445,122.33644444444445,0.0,0.0,2018-04-12 03:01:01,刺网
4301,29.91547222222223,122.33644444444445,0.0,0.0,2018-04-12 03:11:01,刺网
4301,29.915416666666665,122.33644444444445,0.0,0.0,2018-04-12 03:21:01,刺网
4301,29.9155,122.33641666666666,0.0,0.0,2018-04-12 03:31:01,刺网
4301,29.91544444444445,122.33652777777776,0.0,0.0,2018-04-12 03:41:01,刺网
4301,29.915388888888888,122.33658333333334,0.0,0.0,2018-04-12 03:51:01,刺网
4301,29.91544444444445,122.3365,0.0,0.0,2018-04-12 04:01:01,刺网
4301,29.91544444444445,122.33663888888887,0.1,0.0,2018-04-12 04:11:01,刺网
4301,29.91536111111111,122.33636111111107,0.0,0.0,2018-04-12 04:21:01,刺网
4301,29.91544444444445,122.3365,0.0,0.0,2018-04-12 04:31:01,刺网
4301,29.915416666666665,122.33638888888888,0.1,0.0,2018-04-12 04:41:01,刺网
4301,29.9155,122.33644444444445,0.1,0.0,2018-04-12 04:51:01,刺网
4301,29.915416666666665,122.33652777777776,0.1,0.0,2018-04-12 05:01:01,刺网
4301,29.9155,122.3365,0.0,0.0,2018-04-12 05:11:01,刺网
4301,29.91536111111111,122.33655555555555,0.0,0.0,2018-04-12 05:21:01,刺网
4301,29.91569444444444,122.33638888888888,0.1,0.0,2018-04-12 05:31:01,刺网
4301,29.915555555555553,122.33641666666666,0.2,0.0,2018-04-12 05:41:01,刺网
4301,29.915555555555553,122.33636111111107,0.0,0.0,2018-04-12 05:51:01,刺网
4301,29.91547222222223,122.3365,0.0,0.0,2018-04-12 06:01:01,刺网
4301,29.915555555555553,122.33638888888888,0.0,0.0,2018-04-12 06:11:01,刺网
4301,29.915555555555553,122.33644444444445,0.0,0.0,2018-04-12 06:21:01,刺网
4301,29.9155,122.33641666666666,0.0,0.0,2018-04-12 06:31:01,刺网
4301,29.91544444444445,122.3365,0.0,0.0,2018-04-12 06:41:01,刺网
4301,29.915555555555553,122.33638888888888,0.1,0.0,2018-04-12 06:51:01,刺网
4301,29.91547222222223,122.33644444444445,0.1,0.0,2018-04-12 07:01:01,刺网
4301,29.91547222222223,122.3365,0.2,0.0,2018-04-12 07:11:01,刺网
4301,29.9155,122.3365,0.0,0.0,2018-04-12 07:21:01,刺网
4301,29.91547222222223,122.33655555555555,0.0,0.0,2018-04-12 07:31:01,刺网
4301,29.91558333333333,122.33644444444445,0.3,0.0,2018-04-12 07:41:01,刺网
4301,29.9155,122.33644444444445,0.0,0.0,2018-04-12 07:51:01,刺网
4301,29.91544444444445,122.33644444444445,0.0,0.0,2018-04-12 08:01:01,刺网
4301,29.915416666666665,122.3365,0.0,0.0,2018-04-12 08:11:01,刺网
4301,29.91547222222223,122.33641666666666,0.0,0.0,2018-04-12 08:21:01,刺网
4301,29.91544444444445,122.33641666666666,0.2,0.0,2018-04-12 08:31:01,刺网
4301,29.915388888888888,122.33647222222223,0.2,0.0,2018-04-12 08:41:01,刺网
4301,29.915416666666665,122.33647222222223,0.5,0.0,2018-04-12 08:51:01,刺网
4301,29.91525,122.33647222222223,0.6,349.0,2018-04-12 09:01:01,刺网
4301,29.91536111111111,122.3365,0.4,0.0,2018-04-12 09:11:01,刺网
4301,29.915277777777767,122.33638888888888,0.6,0.0,2018-04-12 09:21:01,刺网
4301,29.91536111111111,122.33647222222223,0.4,0.0,2018-04-12 09:31:01,刺网
4301,29.91525,122.33641666666666,0.7,0.0,2018-04-12 09:41:01,刺网
4301,29.91547222222223,122.33644444444445,0.0,0.0,2018-04-12 09:51:01,刺网
4301,29.91544444444445,122.33641666666666,0.0,0.0,2018-04-12 10:01:01,刺网
4301,29.91547222222223,122.33652777777776,0.0,0.0,2018-04-12 10:11:01,刺网
4301,29.91547222222223,122.33647222222223,0.0,0.0,2018-04-12 10:21:01,刺网
4301,29.91544444444445,122.3365,0.0,0.0,2018-04-12 10:31:01,刺网
4301,29.91547222222223,122.33647222222223,0.0,0.0,2018-04-12 10:41:01,刺网
4301,29.915416666666665,122.3365,0.0,0.0,2018-04-12 10:51:01,刺网
4301,29.9155,122.33644444444445,0.0,0.0,2018-04-12 11:01:01,刺网
4301,29.9155,122.33644444444445,0.0,0.0,2018-04-12 11:11:01,刺网
4301,29.9155,122.33641666666666,0.0,0.0,2018-04-12 11:21:01,刺网
4301,29.9155,122.33641666666666,0.0,0.0,2018-04-12 11:31:01,刺网
4301,29.91547222222223,122.33644444444445,0.0,0.0,2018-04-12 11:41:01,刺网
4301,29.915527777777786,122.33644444444445,0.0,0.0,2018-04-12 11:51:01,刺网
4301,29.9155,122.33644444444445,0.0,0.0,2018-04-12 12:01:01,刺网
4301,29.915527777777786,122.33644444444445,0.0,0.0,2018-04-12 12:11:01,刺网
4301,29.9155,122.33647222222223,0.0,0.0,2018-04-12 12:21:01,刺网
4301,29.915527777777786,122.33641666666666,0.0,0.0,2018-04-12 12:31:01,刺网
4301,29.915527777777786,122.33647222222223,0.0,0.0,2018-04-12 12:41:01,刺网
4301,29.91544444444445,122.33644444444445,0.1,0.0,2018-04-12 12:51:01,刺网
4301,29.915527777777786,122.33644444444445,0.0,0.0,2018-04-12 13:01:01,刺网
4301,29.91561111111111,122.33633333333331,0.0,0.0,2018-04-12 13:11:01,刺网
4301,29.91547222222223,122.33655555555555,0.1,0.0,2018-04-12 13:21:01,刺网
4301,29.9155,122.33647222222223,0.0,0.0,2018-04-12 13:31:01,刺网
4301,29.915527777777786,122.33644444444445,0.0,0.0,2018-04-12 13:41:01,刺网
4301,29.9155,122.33644444444445,0.0,0.0,2018-04-12 13:51:01,刺网
4301,29.91547222222223,122.33644444444445,0.0,0.0,2018-04-12 14:01:01,刺网
4301,29.915527777777786,122.33641666666666,0.1,0.0,2018-04-12 14:11:01,刺网
4301,29.9155,122.33647222222223,0.1,0.0,2018-04-12 14:21:01,刺网
4301,29.91544444444445,122.33647222222223,0.1,0.0,2018-04-12 14:31:01,刺网
4301,29.915222222222226,122.33663888888887,0.2,0.0,2018-04-12 14:41:01,刺网
4301,29.9155,122.33644444444445,0.0,0.0,2018-04-12 14:51:01,刺网
4301,29.9155,122.33641666666666,0.0,0.0,2018-04-12 15:01:01,刺网
4301,29.91547222222223,122.33644444444445,0.0,0.0,2018-04-12 15:11:01,刺网
4301,29.91547222222223,122.33644444444445,0.0,0.0,2018-04-12 15:21:01,刺网
4301,29.9155,122.33647222222223,0.0,0.0,2018-04-12 15:31:01,刺网
4301,29.9155,122.33647222222223,0.0,0.0,2018-04-12 15:41:01,刺网
4301,29.9155,122.33647222222223,0.0,0.0,2018-04-12 15:51:01,刺网
4301,29.9155,122.33644444444445,0.0,0.0,2018-04-12 16:01:01,刺网
4301,29.91544444444445,122.33644444444445,0.0,0.0,2018-04-12 16:11:01,刺网
4301,29.91544444444445,122.3365,0.0,0.0,2018-04-12 16:21:01,刺网
4301,29.9155,122.3365,0.0,0.0,2018-04-12 16:31:01,刺网
4301,29.91547222222223,122.33644444444445,0.0,0.0,2018-04-12 16:41:01,刺网
4301,29.91544444444445,122.33647222222223,0.0,0.0,2018-04-12 16:51:01,刺网
4301,29.9155,122.3365,0.0,0.0,2018-04-12 17:11:01,刺网
4301,29.91547222222223,122.33647222222223,0.0,0.0,2018-04-12 17:21:01,刺网
4301,29.9155,122.33644444444445,0.0,0.0,2018-04-12 17:31:01,刺网
4301,29.915388888888888,122.33655555555555,0.0,0.0,2018-04-12 17:41:01,刺网
4301,29.9155,122.33638888888888,0.0,0.0,2018-04-12 17:51:01,刺网
4301,29.915527777777786,122.33647222222223,0.0,0.0,2018-04-12 18:01:01,刺网
4301,29.91547222222223,122.33641666666666,0.0,0.0,2018-04-12 18:11:01,刺网
4301,29.91547222222223,122.33641666666666,0.0,0.0,2018-04-12 18:41:01,刺网
4301,29.91544444444445,122.33638888888888,0.0,0.0,2018-04-12 18:51:01,刺网
4301,29.91547222222223,122.33641666666666,0.0,0.0,2018-04-12 19:01:01,刺网
4301,29.9155,122.33644444444445,0.0,0.0,2018-04-12 19:21:01,刺网
4301,29.91547222222223,122.33641666666666,0.0,0.0,2018-04-12 19:31:01,刺网
4301,29.91544444444445,122.33644444444445,0.0,0.0,2018-04-12 19:41:01,刺网
4301,29.91544444444445,122.33641666666666,0.0,0.0,2018-04-12 19:51:01,刺网
4301,29.91547222222223,122.33647222222223,0.4,27.0,2018-04-12 20:01:01,刺网
4301,29.91544444444445,122.33644444444445,0.0,0.0,2018-04-12 20:11:01,刺网
4301,29.915416666666665,122.33644444444445,0.0,0.0,2018-04-12 20:21:01,刺网
4301,29.915416666666665,122.33644444444445,0.0,0.0,2018-04-12 20:31:01,刺网
4301,29.91544444444445,122.33636111111107,0.1,0.0,2018-04-12 20:51:01,刺网
4301,29.915416666666665,122.33661111111113,0.0,0.0,2018-04-12 21:01:01,刺网
4301,29.91536111111111,122.33647222222223,0.1,0.0,2018-04-12 21:11:01,刺网
4301,29.915416666666665,122.33638888888888,0.0,0.0,2018-04-12 21:31:01,刺网
4301,29.91536111111111,122.33638888888888,0.1,0.0,2018-04-12 21:51:01,刺网
4301,29.91544444444445,122.33641666666666,0.0,0.0,2018-04-12 22:01:01,刺网
4301,29.9155,122.3365,0.0,0.0,2018-04-12 22:11:01,刺网
4301,29.91544444444445,122.3365,0.0,0.0,2018-04-12 22:21:01,刺网
4301,29.91547222222223,122.33638888888888,0.1,0.0,2018-04-12 22:31:01,刺网
4301,29.9155,122.33641666666666,0.0,0.0,2018-04-12 22:41:01,刺网
4301,29.91547222222223,122.33647222222223,0.0,0.0,2018-04-12 22:51:01,刺网
4301,29.91544444444445,122.33638888888888,0.0,0.0,2018-04-12 23:01:01,刺网
4301,29.915527777777786,122.33638888888888,0.0,0.0,2018-04-12 23:11:01,刺网
4301,29.915527777777786,122.33636111111107,0.0,0.0,2018-04-12 23:21:01,刺网
4301,29.91544444444445,122.33644444444445,0.0,0.0,2018-04-12 23:31:01,刺网
4301,29.91547222222223,122.33636111111107,0.0,0.0,2018-04-12 23:41:01,刺网
4301,29.915555555555553,122.33644444444445,0.0,0.0,2018-04-12 23:51:01,刺网
4301,29.9155,122.33647222222223,0.0,0.0,2018-04-13 00:01:01,刺网
4301,29.9155,122.33636111111107,0.0,0.0,2018-04-13 00:11:01,刺网
4301,29.91530555555555,122.33636111111107,0.0,0.0,2018-04-13 00:21:01,刺网
4301,29.9155,122.33641666666666,0.0,0.0,2018-04-13 00:31:01,刺网
4301,29.91525,122.33602777777777,2.8,229.0,2018-04-13 00:41:01,刺网
4301,29.915194444444445,122.33647222222223,0.6,0.0,2018-04-13 00:51:01,刺网
4301,29.915277777777767,122.33619444444444,0.0,0.0,2018-04-13 01:01:01,刺网
4301,29.9155,122.33641666666666,0.0,0.0,2018-04-13 01:11:01,刺网
4301,29.91547222222223,122.33638888888888,0.0,0.0,2018-04-13 01:21:01,刺网
4301,29.91547222222223,122.33644444444445,0.0,0.0,2018-04-13 01:31:01,刺网
4301,29.91547222222223,122.33641666666666,0.0,0.0,2018-04-13 01:41:01,刺网
4301,29.91544444444445,122.33641666666666,0.0,0.0,2018-04-13 01:51:01,刺网
4301,29.915416666666665,122.33644444444445,0.0,0.0,2018-04-13 02:01:01,刺网
4301,29.91547222222223,122.33647222222223,0.0,0.0,2018-04-13 02:11:01,刺网
4301,29.91544444444445,122.33644444444445,0.0,0.0,2018-04-13 02:21:01,刺网
4301,29.91558333333333,122.33633333333331,0.0,0.0,2018-04-13 02:31:01,刺网
4301,29.915527777777786,122.33641666666666,0.0,0.0,2018-04-13 02:41:01,刺网
4301,29.91547222222223,122.33644444444445,0.0,0.0,2018-04-13 02:51:01,刺网
4301,29.9155,122.33644444444445,0.0,0.0,2018-04-13 03:01:01,刺网
4301,29.9155,122.33638888888888,0.0,0.0,2018-04-13 03:11:01,刺网
4301,29.915388888888888,122.33641666666666,0.0,0.0,2018-04-13 03:21:01,刺网
4301,29.915416666666665,122.33641666666666,0.0,0.0,2018-04-13 03:31:01,刺网
4301,29.91536111111111,122.33638888888888,0.0,0.0,2018-04-13 03:41:01,刺网
4301,29.91544444444445,122.33641666666666,0.0,0.0,2018-04-13 03:51:01,刺网
4301,29.915416666666665,122.33644444444445,0.0,0.0,2018-04-13 04:01:01,刺网
4301,29.91547222222223,122.33647222222223,0.0,0.0,2018-04-13 04:11:01,刺网
4301,29.91547222222223,122.33644444444445,0.0,0.0,2018-04-13 04:21:01,刺网
4301,29.915388888888888,122.33647222222223,0.0,0.0,2018-04-13 04:31:01,刺网
4301,29.91547222222223,122.33647222222223,0.0,0.0,2018-04-13 04:41:01,刺网
4301,29.91536111111111,122.33638888888888,0.1,0.0,2018-04-13 04:51:01,刺网
4301,29.91536111111111,122.33641666666666,0.1,0.0,2018-04-13 05:01:01,刺网
4301,29.91544444444445,122.33641666666666,0.0,0.0,2018-04-13 05:11:01,刺网
4301,29.915388888888888,122.3365,0.0,0.0,2018-04-13 05:21:01,刺网
4301,29.915527777777786,122.33647222222223,0.3,0.0,2018-04-13 05:31:01,刺网
4301,29.915416666666665,122.33652777777776,0.1,0.0,2018-04-13 05:41:01,刺网
4301,29.915861111111113,122.33619444444444,0.1,0.0,2018-04-13 05:51:01,刺网
4301,29.91561111111111,122.33636111111107,0.0,0.0,2018-04-13 06:01:01,刺网
4301,29.915527777777786,122.33641666666666,0.0,0.0,2018-04-13 06:11:01,刺网
4301,29.915527777777786,122.33638888888888,0.0,0.0,2018-04-13 06:21:01,刺网
4301,29.915527777777786,122.33638888888888,0.0,0.0,2018-04-13 06:31:01,刺网
4301,29.91544444444445,122.33641666666666,0.0,0.0,2018-04-13 06:41:01,刺网
4301,29.915555555555553,122.33636111111107,0.1,0.0,2018-04-13 06:51:01,刺网
4301,29.91547222222223,122.33641666666666,0.1,0.0,2018-04-13 07:01:01,刺网
4301,29.915416666666665,122.33647222222223,0.1,0.0,2018-04-13 07:11:01,刺网
4301,29.915222222222226,122.33652777777776,1.7,131.0,2018-04-13 07:21:01,刺网
4301,29.9155,122.33644444444445,0.3,0.0,2018-04-13 07:31:01,刺网
4301,29.9155,122.33647222222223,0.2,0.0,2018-04-13 07:41:01,刺网
4301,29.9155,122.33641666666666,0.0,0.0,2018-04-13 07:51:01,刺网
4301,29.915527777777786,122.33638888888888,0.1,0.0,2018-04-13 08:01:01,刺网
4301,29.9155,122.33636111111107,0.0,0.0,2018-04-13 08:11:01,刺网
4301,29.91544444444445,122.33638888888888,0.0,0.0,2018-04-13 08:21:01,刺网
4301,29.91544444444445,122.33638888888888,0.0,0.0,2018-04-13 08:31:01,刺网
4301,29.915555555555553,122.33641666666666,0.0,0.0,2018-04-13 08:41:01,刺网
4301,29.915388888888888,122.33647222222223,0.1,0.0,2018-04-13 08:51:01,刺网
4301,29.91544444444445,122.33633333333331,0.0,0.0,2018-04-13 09:01:01,刺网
4301,29.91547222222223,122.33641666666666,0.1,0.0,2018-04-13 09:11:01,刺网
4301,29.9155,122.33633333333331,0.0,0.0,2018-04-13 09:21:01,刺网
4301,29.91544444444445,122.33641666666666,0.0,0.0,2018-04-13 09:31:01,刺网
4301,29.915388888888888,122.33644444444445,0.0,0.0,2018-04-13 09:41:01,刺网
4301,29.91544444444445,122.33647222222223,0.0,0.0,2018-04-13 09:51:01,刺网
4301,29.9155,122.33641666666666,0.0,0.0,2018-04-13 10:01:01,刺网
4301,29.91544444444445,122.33636111111107,0.0,0.0,2018-04-13 10:11:01,刺网
4301,29.91547222222223,122.33636111111107,0.0,0.0,2018-04-13 10:21:01,刺网
4301,29.915555555555553,122.33636111111107,0.0,0.0,2018-04-13 10:31:01,刺网
4301,29.9155,122.33638888888888,0.0,0.0,2018-04-13 10:51:01,刺网
4301,29.9155,122.33633333333331,0.0,0.0,2018-04-13 11:01:01,刺网
4301,29.91558333333333,122.33636111111107,0.0,0.0,2018-04-13 11:11:01,刺网
4301,29.915194444444445,122.33666666666666,0.0,0.0,2018-04-13 11:21:01,刺网
4301,29.915527777777786,122.33638888888888,0.0,0.0,2018-04-13 11:31:01,刺网
4301,29.915555555555553,122.33641666666666,0.0,0.0,2018-04-13 11:41:01,刺网
4301,29.9155,122.33644444444445,0.0,0.0,2018-04-13 11:51:01,刺网
4301,29.915527777777786,122.33638888888888,0.0,0.0,2018-04-13 12:11:01,刺网
4301,29.915555555555553,122.33636111111107,0.0,0.0,2018-04-13 12:21:01,刺网
4301,29.91544444444445,122.33641666666666,0.0,0.0,2018-04-13 12:31:01,刺网
4301,29.91544444444445,122.33638888888888,0.3,0.0,2018-04-13 12:41:01,刺网
4301,29.915111111111113,122.33586111111107,0.3,0.0,2018-04-13 12:51:01,刺网
4301,29.9155,122.33641666666666,0.0,0.0,2018-04-13 13:01:01,刺网
4301,29.915527777777786,122.33644444444445,0.0,0.0,2018-04-13 13:11:01,刺网
4301,29.915527777777786,122.33638888888888,0.0,0.0,2018-04-13 13:21:01,刺网
4301,29.915527777777786,122.33638888888888,0.0,0.0,2018-04-13 13:31:01,刺网
4301,29.9155,122.33641666666666,0.0,0.0,2018-04-13 13:41:01,刺网
4301,29.91544444444445,122.33644444444445,0.0,0.0,2018-04-13 13:51:01,刺网
4301,29.9155,122.33644444444445,0.0,0.0,2018-04-13 14:01:01,刺网
4301,29.915527777777786,122.33636111111107,0.0,0.0,2018-04-13 14:11:01,刺网
4301,29.91547222222223,122.33641666666666,0.0,0.0,2018-04-13 14:21:01,刺网
4301,29.9155,122.33641666666666,0.0,0.0,2018-04-13 14:31:01,刺网
4301,29.915555555555553,122.33638888888888,0.0,0.0,2018-04-13 14:41:01,刺网
4301,29.91558333333333,122.33638888888888,0.0,0.0,2018-04-13 15:11:01,刺网
4301,29.915388888888888,122.33647222222223,0.1,0.0,2018-04-13 15:21:01,刺网
4301,29.91544444444445,122.33641666666666,0.1,0.0,2018-04-13 15:31:01,刺网
4301,29.91561111111111,122.33638888888888,0.2,0.0,2018-04-13 15:41:01,刺网
4301,29.915277777777767,122.3365,0.0,0.0,2018-04-13 15:51:01,刺网
4301,29.9155,122.33644444444445,0.0,0.0,2018-04-13 16:01:01,刺网
4301,29.91547222222223,122.33641666666666,0.0,0.0,2018-04-13 16:11:01,刺网
4301,29.915527777777786,122.33647222222223,0.0,0.0,2018-04-13 16:21:01,刺网
4301,29.91547222222223,122.33641666666666,0.0,0.0,2018-04-13 16:31:01,刺网
4301,29.9155,122.33641666666666,0.0,0.0,2018-04-13 16:41:01,刺网
4301,29.915416666666665,122.33638888888888,0.0,0.0,2018-04-13 16:51:01,刺网
4301,29.9155,122.33641666666666,0.0,0.0,2018-04-13 17:01:01,刺网
4301,29.91547222222223,122.33636111111107,0.0,0.0,2018-04-13 17:11:01,刺网
4301,29.915527777777786,122.33638888888888,0.0,0.0,2018-04-13 17:21:01,刺网
4301,29.915555555555553,122.33638888888888,0.0,0.0,2018-04-13 17:31:01,刺网
4301,29.9155,122.33641666666666,0.0,0.0,2018-04-13 17:41:01,刺网
4301,29.9155,122.33636111111107,0.0,0.0,2018-04-13 17:51:01,刺网
4301,29.9155,122.33633333333331,0.0,0.0,2018-04-13 18:01:01,刺网
4301,29.91547222222223,122.33636111111107,0.0,0.0,2018-04-13 18:11:01,刺网
4301,29.9155,122.33641666666666,0.1,0.0,2018-04-13 18:21:01,刺网
4301,29.9155,122.33641666666666,0.1,0.0,2018-04-13 18:41:01,刺网
4301,29.915555555555553,122.33638888888888,0.0,0.0,2018-04-13 18:51:01,刺网
4301,29.91544444444445,122.33638888888888,0.0,0.0,2018-04-13 19:01:01,刺网
4301,29.9155,122.33641666666666,0.1,0.0,2018-04-13 19:11:01,刺网
4301,29.915416666666665,122.33647222222223,0.0,0.0,2018-04-13 19:21:01,刺网
4301,29.91547222222223,122.33644444444445,0.2,0.0,2018-04-13 19:31:01,刺网
4301,29.91544444444445,122.3365,0.2,0.0,2018-04-13 19:41:01,刺网
4301,29.91547222222223,122.33647222222223,0.3,0.0,2018-04-13 19:51:01,刺网
4301,29.91525,122.33644444444445,0.0,0.0,2018-04-13 20:01:01,刺网
4301,29.91533333333333,122.33647222222223,0.0,0.0,2018-04-13 20:11:01,刺网
4301,29.915388888888888,122.33644444444445,0.0,0.0,2018-04-13 20:21:01,刺网
4301,29.915388888888888,122.33638888888888,0.0,0.0,2018-04-13 20:31:01,刺网
4301,29.91536111111111,122.33625,0.0,0.0,2018-04-13 20:41:01,刺网
4301,29.915416666666665,122.33616666666668,0.1,0.0,2018-04-13 20:51:01,刺网
4301,29.91544444444445,122.33616666666668,0.0,0.0,2018-04-13 21:01:01,刺网
4301,29.915527777777786,122.33638888888888,0.0,0.0,2018-04-13 21:11:01,刺网
4301,29.91547222222223,122.33641666666666,0.0,0.0,2018-04-13 21:21:01,刺网
4301,29.91547222222223,122.33641666666666,0.0,0.0,2018-04-13 21:31:01,刺网
4301,29.915555555555553,122.33636111111107,0.0,0.0,2018-04-13 21:41:01,刺网
4301,29.91547222222223,122.33652777777776,0.0,0.0,2018-04-13 21:51:01,刺网
4301,29.91547222222223,122.33647222222223,0.0,0.0,2018-04-13 22:01:01,刺网
4301,29.91547222222223,122.3365,0.0,0.0,2018-04-13 22:11:01,刺网
4301,29.91544444444445,122.33647222222223,0.0,0.0,2018-04-13 22:21:01,刺网
4301,29.915722222222207,122.33713888888887,0.2,0.0,2018-04-13 22:31:01,刺网
4301,29.915527777777786,122.3365,0.1,0.0,2018-04-13 22:41:01,刺网
4301,29.915388888888888,122.33613888888887,0.1,0.0,2018-04-13 22:51:01,刺网
4301,29.915527777777786,122.33602777777777,0.4,0.0,2018-04-13 23:01:01,刺网
4301,29.9155,122.33613888888887,0.1,0.0,2018-04-13 23:11:01,刺网
4301,29.9155,122.33644444444445,0.1,0.0,2018-04-13 23:21:01,刺网
4301,29.915555555555553,122.33644444444445,0.0,0.0,2018-04-13 23:31:01,刺网
4301,29.9155,122.33641666666666,0.0,0.0,2018-04-13 23:41:01,刺网
4301,29.9155,122.33644444444445,0.0,0.0,2018-04-13 23:51:01,刺网
4301,29.91544444444445,122.33647222222223,0.0,0.0,2018-04-14 00:01:01,刺网
4301,29.9155,122.33644444444445,0.0,0.0,2018-04-14 00:11:01,刺网
4301,29.9155,122.33644444444445,0.0,0.0,2018-04-14 00:21:01,刺网
4301,29.91544444444445,122.33644444444445,0.0,0.0,2018-04-14 00:31:01,刺网
4301,29.9155,122.3365,0.0,0.0,2018-04-14 00:41:01,刺网
4301,29.9155,122.33638888888888,0.1,0.0,2018-04-14 00:51:01,刺网
4301,29.9155,122.33644444444445,0.0,0.0,2018-04-14 01:11:01,刺网
4301,29.915527777777786,122.33644444444445,0.0,0.0,2018-04-14 01:21:01,刺网
4301,29.915555555555553,122.33647222222223,0.1,0.0,2018-04-14 01:31:01,刺网
4301,29.91544444444445,122.33647222222223,0.2,0.0,2018-04-14 01:41:01,刺网
4301,29.91547222222223,122.33636111111107,0.3,0.0,2018-04-14 01:51:01,刺网
4301,29.915527777777786,122.33647222222223,0.0,0.0,2018-04-14 02:01:01,刺网
4301,29.91547222222223,122.33647222222223,0.0,0.0,2018-04-14 02:11:01,刺网
4301,29.91547222222223,122.33641666666666,0.0,0.0,2018-04-14 02:21:01,刺网
4301,29.915527777777786,122.33644444444445,0.0,0.0,2018-04-14 02:31:01,刺网
4301,29.91544444444445,122.3365,0.0,0.0,2018-04-14 02:41:01,刺网
4301,29.91544444444445,122.33641666666666,0.0,0.0,2018-04-14 02:51:01,刺网
4301,29.91547222222223,122.33641666666666,0.0,0.0,2018-04-14 03:01:01,刺网
4301,29.91547222222223,122.3365,0.0,0.0,2018-04-14 03:11:01,刺网
4301,29.915527777777786,122.3365,0.0,0.0,2018-04-14 03:21:01,刺网
4301,29.91544444444445,122.33644444444445,0.1,0.0,2018-04-14 03:31:01,刺网
4301,29.91547222222223,122.33652777777776,0.0,0.0,2018-04-14 03:41:01,刺网
4301,29.91547222222223,122.33652777777776,0.1,0.0,2018-04-14 03:51:01,刺网
4301,29.915555555555553,122.337,1.6,83.0,2018-04-14 04:01:01,刺网
4301,29.915416666666665,122.33636111111107,0.1,0.0,2018-04-14 04:11:01,刺网
4301,29.915388888888888,122.33641666666666,0.0,0.0,2018-04-14 04:21:01,刺网
4301,29.9155,122.33652777777776,0.1,0.0,2018-04-14 04:31:01,刺网
4301,29.91547222222223,122.33641666666666,0.0,0.0,2018-04-14 04:41:01,刺网
4301,29.91547222222223,122.33644444444445,0.0,0.0,2018-04-14 04:51:01,刺网
4301,29.91547222222223,122.33641666666666,0.0,0.0,2018-04-14 05:01:01,刺网
4301,29.91547222222223,122.33641666666666,0.0,0.0,2018-04-14 05:11:01,刺网
4301,29.9155,122.33644444444445,0.0,0.0,2018-04-14 05:21:01,刺网
4301,29.9155,122.33641666666666,0.0,0.0,2018-04-14 05:31:01,刺网
4301,29.915527777777786,122.33641666666666,0.0,0.0,2018-04-14 05:41:01,刺网
4301,29.91544444444445,122.33638888888888,0.0,0.0,2018-04-14 05:51:01,刺网
4301,29.9155,122.33644444444445,0.0,0.0,2018-04-14 06:01:01,刺网
4301,29.91547222222223,122.33647222222223,0.0,0.0,2018-04-14 06:11:01,刺网
4301,29.91547222222223,122.33644444444445,0.0,0.0,2018-04-14 06:21:01,刺网
4301,29.91547222222223,122.33647222222223,0.0,0.0,2018-04-14 06:31:01,刺网
4301,29.91547222222223,122.33641666666666,0.0,0.0,2018-04-14 06:41:01,刺网
4301,29.9155,122.33647222222223,0.0,0.0,2018-04-14 06:51:01,刺网
4301,29.91544444444445,122.33641666666666,0.0,0.0,2018-04-14 07:01:01,刺网
4301,29.915416666666665,122.33652777777776,0.0,0.0,2018-04-14 07:11:01,刺网
4301,29.915416666666665,122.33658333333334,0.1,0.0,2018-04-14 07:21:01,刺网
4301,29.91547222222223,122.3365,0.1,0.0,2018-04-14 07:31:01,刺网
4301,29.915416666666665,122.33647222222223,0.1,0.0,2018-04-14 07:41:01,刺网
4301,29.915416666666665,122.33655555555555,0.2,0.0,2018-04-14 07:51:01,刺网
4301,29.91544444444445,122.3365,0.0,0.0,2018-04-14 08:01:01,刺网
4301,29.91547222222223,122.33647222222223,0.0,0.0,2018-04-14 08:11:01,刺网
4301,29.91544444444445,122.33644444444445,0.0,0.0,2018-04-14 08:21:01,刺网
4301,29.91544444444445,122.33647222222223,0.0,0.0,2018-04-14 08:31:01,刺网
4301,29.91544444444445,122.33655555555555,0.0,0.0,2018-04-14 08:41:01,刺网
4301,29.915416666666665,122.33647222222223,0.1,0.0,2018-04-14 08:51:01,刺网
4301,29.91544444444445,122.33647222222223,0.0,0.0,2018-04-14 09:01:01,刺网
4301,29.91547222222223,122.33641666666666,0.1,0.0,2018-04-14 09:11:01,刺网
4301,29.915388888888888,122.33652777777776,0.0,0.0,2018-04-14 09:21:01,刺网
4301,29.91547222222223,122.33644444444445,0.0,0.0,2018-04-14 09:31:01,刺网
4301,29.91547222222223,122.33644444444445,0.1,0.0,2018-04-14 09:41:01,刺网
4301,29.91547222222223,122.33647222222223,0.1,0.0,2018-04-14 09:51:01,刺网
4301,29.915388888888888,122.33641666666666,0.1,0.0,2018-04-14 10:01:01,刺网
4301,29.91544444444445,122.33652777777776,0.1,0.0,2018-04-14 10:11:01,刺网
4301,29.91544444444445,122.33652777777776,0.0,0.0,2018-04-14 10:21:01,刺网
4301,29.91547222222223,122.3365,0.6,71.0,2018-04-14 10:41:01,刺网
4301,29.91547222222223,122.33669444444445,0.4,0.0,2018-04-14 10:51:01,刺网
4301,29.91544444444445,122.33663888888887,0.7,93.0,2018-04-14 11:01:01,刺网
4301,29.91547222222223,122.33602777777777,0.0,0.0,2018-04-14 11:11:01,刺网
4301,29.91547222222223,122.33647222222223,0.0,0.0,2018-04-14 11:21:01,刺网
4301,29.91547222222223,122.33647222222223,0.0,0.0,2018-04-14 11:31:01,刺网
4301,29.9155,122.3365,0.0,0.0,2018-04-14 11:41:01,刺网
4301,29.91547222222223,122.33652777777776,0.0,0.0,2018-04-14 11:51:01,刺网
4301,29.9155,122.3365,0.0,0.0,2018-04-14 12:01:01,刺网
4301,29.91547222222223,122.3365,0.0,0.0,2018-04-14 12:11:01,刺网
4301,29.91547222222223,122.3365,0.0,0.0,2018-04-14 12:21:01,刺网
4301,29.91544444444445,122.33655555555555,0.0,0.0,2018-04-14 12:31:01,刺网
4301,29.9155,122.33647222222223,0.0,0.0,2018-04-14 12:41:01,刺网
4301,29.91544444444445,122.3365,0.0,0.0,2018-04-14 12:51:01,刺网
4301,29.915527777777786,122.3365,0.0,0.0,2018-04-14 13:01:01,刺网
4301,29.9155,122.33655555555555,0.0,0.0,2018-04-14 13:11:01,刺网
4301,29.91547222222223,122.3365,0.0,0.0,2018-04-14 13:21:01,刺网
4301,29.915416666666665,122.33647222222223,0.0,0.0,2018-04-14 13:31:01,刺网
4301,29.91547222222223,122.3365,0.0,0.0,2018-04-14 13:41:01,刺网
4301,29.915555555555553,122.33638888888888,0.0,0.0,2018-04-14 13:51:01,刺网
4301,29.91547222222223,122.33644444444445,0.0,0.0,2018-04-14 14:01:01,刺网
4301,29.9155,122.33644444444445,0.0,0.0,2018-04-14 14:11:01,刺网
4301,29.915527777777786,122.33647222222223,0.0,0.0,2018-04-14 14:21:01,刺网
4301,29.915527777777786,122.33647222222223,0.0,0.0,2018-04-14 14:31:01,刺网
4301,29.91547222222223,122.33647222222223,0.1,0.0,2018-04-14 14:41:01,刺网
4301,29.915416666666665,122.33652777777776,0.0,0.0,2018-04-14 14:51:01,刺网
4301,29.9155,122.3365,0.0,0.0,2018-04-14 15:01:01,刺网
4301,29.9155,122.33647222222223,0.0,0.0,2018-04-14 15:11:01,刺网
4301,29.9155,122.33641666666666,0.0,0.0,2018-04-14 15:21:01,刺网
4301,29.91544444444445,122.33655555555555,0.1,0.0,2018-04-14 15:31:01,刺网
4301,29.91544444444445,122.33661111111113,0.1,0.0,2018-04-14 15:41:01,刺网
4301,29.91547222222223,122.33663888888887,0.0,0.0,2018-04-14 15:51:01,刺网
4301,29.9155,122.33652777777776,0.0,0.0,2018-04-14 16:01:01,刺网
4301,29.91544444444445,122.3365,0.0,0.0,2018-04-14 16:11:01,刺网
4301,29.9155,122.33644444444445,0.1,0.0,2018-04-14 16:21:01,刺网
4301,29.915416666666665,122.33655555555555,0.0,0.0,2018-04-14 16:31:01,刺网
4301,29.91544444444445,122.3365,0.0,0.0,2018-04-14 16:41:01,刺网
4301,29.9155,122.3365,0.0,0.0,2018-04-14 16:51:01,刺网
4301,29.9155,122.33647222222223,0.0,0.0,2018-04-14 17:01:01,刺网
4301,29.91547222222223,122.33647222222223,0.0,0.0,2018-04-14 17:11:01,刺网
4301,29.9155,122.3365,0.0,0.0,2018-04-14 17:21:01,刺网
4301,29.91547222222223,122.33647222222223,0.0,0.0,2018-04-14 17:31:01,刺网
4301,29.91544444444445,122.3365,0.0,0.0,2018-04-14 17:41:01,刺网
4301,29.91547222222223,122.33647222222223,0.0,0.0,2018-04-14 17:51:01,刺网
4301,29.91547222222223,122.33644444444445,0.0,0.0,2018-04-14 18:01:01,刺网
4301,29.91544444444445,122.33647222222223,0.0,0.0,2018-04-14 18:11:01,刺网
4301,29.91544444444445,122.3365,0.0,0.0,2018-04-14 18:21:01,刺网
4301,29.915416666666665,122.33652777777776,0.0,0.0,2018-04-14 18:31:01,刺网
4301,29.91544444444445,122.33644444444445,0.0,0.0,2018-04-14 18:41:01,刺网
4301,29.91547222222223,122.33644444444445,0.0,0.0,2018-04-14 18:51:01,刺网
4301,29.915416666666665,122.33647222222223,0.0,0.0,2018-04-14 19:01:01,刺网
4301,29.91536111111111,122.3365,0.1,0.0,2018-04-14 19:11:01,刺网
4301,29.91536111111111,122.33652777777776,0.1,0.0,2018-04-14 19:21:01,刺网
4301,29.915416666666665,122.3365,0.1,0.0,2018-04-14 19:31:01,刺网
4301,29.91547222222223,122.33647222222223,0.1,0.0,2018-04-14 19:41:01,刺网
4301,29.91544444444445,122.33647222222223,0.5,0.0,2018-04-14 19:51:01,刺网
4301,29.915416666666665,122.33647222222223,0.0,0.0,2018-04-14 20:01:01,刺网
4301,29.91544444444445,122.33641666666666,0.0,0.0,2018-04-14 20:11:01,刺网
4301,29.91544444444445,122.33652777777776,0.0,0.0,2018-04-14 20:21:01,刺网
4301,29.915416666666665,122.33647222222223,0.1,0.0,2018-04-14 20:41:01,刺网
4301,29.91544444444445,122.3365,0.1,0.0,2018-04-14 20:51:01,刺网
4301,29.915416666666665,122.33647222222223,0.1,0.0,2018-04-14 21:01:01,刺网
4301,29.91544444444445,122.33644444444445,0.0,0.0,2018-04-14 21:11:01,刺网
4301,29.91544444444445,122.3365,0.0,0.0,2018-04-14 21:21:01,刺网
4301,29.91544444444445,122.33644444444445,0.0,0.0,2018-04-14 21:31:01,刺网
4301,29.9155,122.33636111111107,0.0,0.0,2018-04-14 21:41:01,刺网
4301,29.91547222222223,122.3365,0.0,0.0,2018-04-14 21:51:01,刺网
4301,29.9155,122.33641666666666,0.0,0.0,2018-04-14 22:01:01,刺网
4301,29.9155,122.33644444444445,0.0,0.0,2018-04-14 22:11:01,刺网
4301,29.91547222222223,122.33644444444445,0.1,0.0,2018-04-14 22:21:01,刺网
4301,29.91547222222223,122.33638888888888,0.0,0.0,2018-04-14 22:31:01,刺网
4301,29.915527777777786,122.33655555555555,0.1,0.0,2018-04-14 22:41:01,刺网
4301,29.915416666666665,122.33636111111107,0.3,0.0,2018-04-14 22:51:01,刺网
4301,29.91547222222223,122.33638888888888,0.3,0.0,2018-04-14 23:01:01,刺网
4301,29.91547222222223,122.33641666666666,0.3,0.0,2018-04-14 23:11:01,刺网
4301,29.915416666666665,122.33666666666666,0.6,97.0,2018-04-14 23:21:01,刺网
4301,29.91547222222223,122.33647222222223,0.0,0.0,2018-04-14 23:31:01,刺网
4301,29.91544444444445,122.33644444444445,0.0,0.0,2018-04-14 23:41:01,刺网
4301,29.91544444444445,122.33647222222223,0.0,0.0,2018-04-14 23:51:01,刺网
4301,29.9155,122.33644444444445,0.0,0.0,2018-04-15 00:01:01,刺网
4301,29.915416666666665,122.33647222222223,0.0,0.0,2018-04-15 00:11:01,刺网
4301,29.91547222222223,122.33644444444445,0.0,0.0,2018-04-15 02:01:01,刺网
4301,29.91547222222223,122.33644444444445,0.0,0.0,2018-04-15 02:11:01,刺网
4301,29.91563888888889,122.33636111111107,0.0,0.0,2018-04-15 02:21:01,刺网
4301,29.915277777777767,122.3365,0.0,0.0,2018-04-15 02:31:01,刺网
4301,29.915416666666665,122.33644444444445,0.0,0.0,2018-04-15 02:41:01,刺网
4301,29.91547222222223,122.33647222222223,0.0,0.0,2018-04-15 02:51:01,刺网
4301,29.91544444444445,122.33647222222223,0.0,0.0,2018-04-15 03:01:01,刺网
4301,29.91544444444445,122.33647222222223,0.0,0.0,2018-04-15 03:11:01,刺网
4301,29.91544444444445,122.3365,0.0,0.0,2018-04-15 03:21:01,刺网
4301,29.91536111111111,122.33647222222223,0.0,0.0,2018-04-15 03:31:01,刺网
4301,29.91547222222223,122.33652777777776,0.0,0.0,2018-04-15 03:41:01,刺网
4301,29.91536111111111,122.3365,0.0,0.0,2018-04-15 03:51:01,刺网
4301,29.91536111111111,122.33636111111107,0.1,0.0,2018-04-15 04:01:01,刺网
4301,29.91547222222223,122.33641666666666,0.0,0.0,2018-04-15 04:11:01,刺网
4301,29.91536111111111,122.33641666666666,0.1,0.0,2018-04-15 04:21:01,刺网
4301,29.91547222222223,122.33638888888888,0.0,0.0,2018-04-15 04:31:01,刺网
4301,29.915388888888888,122.33711111111113,0.0,0.0,2018-04-15 04:41:01,刺网
4301,29.91525,122.33713888888887,0.1,0.0,2018-04-15 04:51:01,刺网
4301,29.915555555555553,122.33616666666668,0.1,0.0,2018-04-15 05:01:01,刺网
4301,29.91547222222223,122.33652777777776,0.0,0.0,2018-04-15 05:11:01,刺网
4301,29.91536111111111,122.33647222222223,0.0,0.0,2018-04-15 05:21:01,刺网
4301,29.91544444444445,122.33647222222223,0.0,0.0,2018-04-15 05:31:01,刺网
4301,29.91547222222223,122.3365,0.0,0.0,2018-04-15 05:41:01,刺网
4301,29.91547222222223,122.33647222222223,0.0,0.0,2018-04-15 05:51:01,刺网
4301,29.91544444444445,122.33647222222223,0.0,0.0,2018-04-15 06:01:01,刺网
4301,29.91544444444445,122.33647222222223,0.0,0.0,2018-04-15 06:11:01,刺网
4301,29.915416666666665,122.33647222222223,0.0,0.0,2018-04-15 06:21:01,刺网
4301,29.91544444444445,122.33644444444445,0.0,0.0,2018-04-15 06:31:01,刺网
4301,29.91547222222223,122.33647222222223,0.0,0.0,2018-04-15 06:41:01,刺网
4301,29.91544444444445,122.33644444444445,0.0,0.0,2018-04-15 06:51:01,刺网
4301,29.9155,122.33647222222223,0.0,0.0,2018-04-15 07:01:01,刺网
4301,29.91544444444445,122.33644444444445,0.0,0.0,2018-04-15 07:11:01,刺网
4301,29.91544444444445,122.33647222222223,0.0,0.0,2018-04-15 07:21:01,刺网
4301,29.91547222222223,122.33647222222223,0.0,0.0,2018-04-15 07:31:01,刺网
4301,29.91544444444445,122.33644444444445,0.1,0.0,2018-04-15 07:41:01,刺网
4301,29.91544444444445,122.33652777777776,0.0,0.0,2018-04-15 07:51:01,刺网
4301,29.915527777777786,122.33652777777776,0.1,0.0,2018-04-15 08:01:01,刺网
4301,29.91544444444445,122.33647222222223,0.1,0.0,2018-04-15 08:11:01,刺网
4301,29.91547222222223,122.3365,0.0,0.0,2018-04-15 08:21:01,刺网
4301,29.91547222222223,122.33644444444445,0.1,0.0,2018-04-15 08:31:01,刺网
4301,29.915527777777786,122.33636111111107,0.0,0.0,2018-04-15 08:41:01,刺网
4301,29.91547222222223,122.33638888888888,0.1,0.0,2018-04-15 08:51:01,刺网
4301,29.91561111111111,122.336,0.1,0.0,2018-04-15 09:11:01,刺网
4301,29.915055555555554,122.33744444444444,2.2,113.0,2018-04-15 09:21:01,刺网
4301,29.915416666666665,122.3365,0.0,0.0,2018-04-15 09:31:01,刺网
4301,29.91544444444445,122.33647222222223,0.1,0.0,2018-04-15 09:41:01,刺网
4301,29.915416666666665,122.33641666666666,0.0,0.0,2018-04-15 10:01:01,刺网
4301,29.91544444444445,122.33644444444445,0.0,0.0,2018-04-15 10:11:01,刺网
4301,29.91544444444445,122.33652777777776,0.1,0.0,2018-04-15 10:21:01,刺网
4301,29.915416666666665,122.33647222222223,0.0,0.0,2018-04-15 10:31:01,刺网
4301,29.9155,122.3365,0.0,0.0,2018-04-15 10:41:01,刺网
4301,29.91533333333333,122.33655555555555,0.0,0.0,2018-04-15 10:51:01,刺网
4301,29.91547222222223,122.33638888888888,0.0,0.0,2018-04-15 11:01:01,刺网
4301,29.91547222222223,122.3365,0.0,0.0,2018-04-15 11:11:01,刺网
4301,29.9155,122.33644444444445,0.0,0.0,2018-04-15 11:21:01,刺网
4301,29.915416666666665,122.33644444444445,0.0,0.0,2018-04-15 11:31:01,刺网
4301,29.91544444444445,122.3365,0.0,0.0,2018-04-15 12:01:01,刺网
4301,29.91544444444445,122.33644444444445,0.0,0.0,2018-04-15 12:11:01,刺网
4301,29.91544444444445,122.3365,0.0,0.0,2018-04-15 12:21:01,刺网
4301,29.915416666666665,122.33652777777776,0.0,0.0,2018-04-15 12:31:01,刺网
4301,29.91547222222223,122.33647222222223,0.0,0.0,2018-04-15 12:41:01,刺网
4301,29.9155,122.33638888888888,0.1,0.0,2018-04-15 12:51:01,刺网
4301,29.91547222222223,122.33641666666666,0.1,0.0,2018-04-15 13:01:01,刺网
4301,29.915388888888888,122.33644444444445,0.0,0.0,2018-04-15 13:11:01,刺网
4301,29.9155,122.33644444444445,0.0,0.0,2018-04-15 13:21:01,刺网
4301,29.915388888888888,122.33641666666666,0.0,0.0,2018-04-15 13:31:01,刺网
4301,29.91544444444445,122.33638888888888,0.0,0.0,2018-04-15 13:41:01,刺网
4301,29.91533333333333,122.33655555555555,0.0,0.0,2018-04-15 13:51:01,刺网
4301,29.915388888888888,122.3365,0.1,0.0,2018-04-15 14:01:01,刺网
4301,29.91547222222223,122.33641666666666,0.2,0.0,2018-04-15 14:11:01,刺网
4301,29.91547222222223,122.33644444444445,0.1,0.0,2018-04-15 14:21:01,刺网
4301,29.915277777777767,122.33658333333334,0.1,0.0,2018-04-15 14:31:01,刺网
4301,29.91544444444445,122.33647222222223,0.0,0.0,2018-04-15 14:41:01,刺网
4301,29.91544444444445,122.33647222222223,0.0,0.0,2018-04-15 14:51:01,刺网
4301,29.91544444444445,122.33647222222223,0.0,0.0,2018-04-15 15:01:01,刺网
4301,29.91547222222223,122.3365,0.0,0.0,2018-04-15 15:11:01,刺网
4301,29.91547222222223,122.33644444444445,0.0,0.0,2018-04-15 15:21:01,刺网
4301,29.91544444444445,122.3365,0.0,0.0,2018-04-15 15:31:01,刺网
4301,29.91544444444445,122.3365,0.0,0.0,2018-04-15 15:41:01,刺网
4301,29.915416666666665,122.33647222222223,0.0,0.0,2018-04-15 15:51:01,刺网
4301,29.91536111111111,122.33644444444445,0.0,0.0,2018-04-15 16:01:01,刺网
4301,29.91547222222223,122.33647222222223,0.0,0.0,2018-04-15 16:11:01,刺网
4301,29.91544444444445,122.33647222222223,0.0,0.0,2018-04-15 16:21:01,刺网
4301,29.915416666666665,122.3365,0.0,0.0,2018-04-15 16:31:01,刺网
4301,29.915416666666665,122.33641666666666,0.0,0.0,2018-04-15 16:41:01,刺网
4301,29.91544444444445,122.33652777777776,0.0,0.0,2018-04-15 16:51:01,刺网
4301,29.91533333333333,122.33644444444445,0.0,0.0,2018-04-15 17:01:01,刺网
4301,29.915416666666665,122.33647222222223,0.0,0.0,2018-04-15 17:11:01,刺网
4301,29.91547222222223,122.33636111111107,0.0,0.0,2018-04-15 17:21:01,刺网
4301,29.915416666666665,122.33647222222223,0.0,0.0,2018-04-15 17:31:01,刺网
4301,29.915416666666665,122.33641666666666,0.0,0.0,2018-04-15 17:41:01,刺网
4301,29.91547222222223,122.33647222222223,0.1,0.0,2018-04-15 17:51:01,刺网
4301,29.915416666666665,122.33647222222223,0.0,0.0,2018-04-15 18:01:01,刺网
4301,29.91544444444445,122.3365,0.0,0.0,2018-04-15 18:11:01,刺网
4301,29.91544444444445,122.3365,0.0,0.0,2018-04-15 18:21:01,刺网
4301,29.91544444444445,122.33644444444445,0.0,0.0,2018-04-15 18:31:01,刺网
4301,29.915416666666665,122.33644444444445,0.0,0.0,2018-04-15 18:41:01,刺网
4301,29.91544444444445,122.33652777777776,0.0,0.0,2018-04-15 18:51:01,刺网
4301,29.91547222222223,122.33652777777776,0.0,0.0,2018-04-15 19:01:01,刺网
4301,29.91547222222223,122.3365,0.0,0.0,2018-04-15 19:11:01,刺网
4301,29.91544444444445,122.33644444444445,0.0,0.0,2018-04-15 19:21:01,刺网
4301,29.915527777777786,122.33647222222223,0.0,0.0,2018-04-15 19:31:01,刺网
4301,29.91561111111111,122.33658333333334,0.9,12.0,2018-04-15 19:41:01,刺网
4301,29.915527777777786,122.33652777777776,0.0,0.0,2018-04-15 19:51:01,刺网
4301,29.91530555555555,122.3365,0.7,26.0,2018-04-15 20:01:01,刺网
4301,29.91530555555555,122.33636111111107,0.7,0.0,2018-04-15 20:11:01,刺网
4301,29.915277777777767,122.33644444444445,0.3,0.0,2018-04-15 20:21:01,刺网
4301,29.915194444444445,122.33633333333331,0.7,0.0,2018-04-15 20:31:01,刺网
4301,29.91525,122.33641666666666,0.7,0.0,2018-04-15 20:41:01,刺网
4301,29.915416666666665,122.33661111111113,0.0,0.0,2018-04-15 20:51:01,刺网
4301,29.915388888888888,122.3365,0.0,0.0,2018-04-15 21:01:01,刺网
4301,29.91544444444445,122.33644444444445,0.2,0.0,2018-04-15 21:11:01,刺网
4301,29.91544444444445,122.33644444444445,0.0,0.0,2018-04-15 21:21:01,刺网
4301,29.91547222222223,122.33641666666666,0.0,0.0,2018-04-15 21:31:01,刺网
4301,29.91536111111111,122.33647222222223,0.0,0.0,2018-04-15 21:41:01,刺网
4301,29.91558333333333,122.33630555555555,0.0,0.0,2018-04-15 21:51:01,刺网
4301,29.91547222222223,122.33647222222223,0.0,0.0,2018-04-15 22:01:01,刺网
4301,29.91544444444445,122.33647222222223,0.0,0.0,2018-04-15 22:11:01,刺网
4301,29.91547222222223,122.33644444444445,0.0,0.0,2018-04-15 22:21:01,刺网
4301,29.915388888888888,122.33647222222223,0.0,0.0,2018-04-15 22:31:01,刺网
4301,29.91547222222223,122.33641666666666,0.0,0.0,2018-04-15 22:41:01,刺网
4301,29.915416666666665,122.33641666666666,0.0,0.0,2018-04-15 22:51:01,刺网
4301,29.915416666666665,122.33638888888888,0.0,0.0,2018-04-15 23:01:01,刺网
4301,29.91536111111111,122.33641666666666,0.0,0.0,2018-04-15 23:11:01,刺网
4301,29.91533333333333,122.33641666666666,0.0,0.0,2018-04-15 23:21:01,刺网
4301,29.91544444444445,122.33644444444445,0.0,0.0,2018-04-15 23:31:01,刺网
4301,29.915527777777786,122.33641666666666,0.0,0.0,2018-04-15 23:41:01,刺网
4301,29.91544444444445,122.33644444444445,0.0,0.0,2018-04-15 23:51:01,刺网
4301,29.915416666666665,122.33647222222223,0.0,0.0,2018-04-16 00:00:01,刺网
4301,29.91536111111111,122.33655555555555,0.2,0.0,2018-04-16 00:11:01,刺网
4301,29.91530555555555,122.33641666666666,0.1,0.0,2018-04-16 00:21:01,刺网
4301,29.91544444444445,122.33636111111107,0.0,0.0,2018-04-16 00:31:01,刺网
4301,29.915416666666665,122.3365,0.0,0.0,2018-04-16 00:41:01,刺网
4301,29.915416666666665,122.33644444444445,0.0,0.0,2018-04-16 00:51:01,刺网
4301,29.915416666666665,122.3365,0.0,0.0,2018-04-16 01:01:01,刺网
4301,29.91547222222223,122.33647222222223,0.1,0.0,2018-04-16 01:11:01,刺网
4301,29.915388888888888,122.33636111111107,0.1,0.0,2018-04-16 01:21:01,刺网
4301,29.915527777777786,122.33644444444445,0.2,0.0,2018-04-16 01:31:01,刺网
4301,29.915416666666665,122.33644444444445,0.1,0.0,2018-04-16 01:41:01,刺网
4301,29.915416666666665,122.33644444444445,0.1,0.0,2018-04-16 01:51:01,刺网
4301,29.915388888888888,122.33644444444445,0.2,0.0,2018-04-16 02:01:01,刺网
4301,29.915388888888888,122.33672222222219,0.4,0.0,2018-04-16 02:11:01,刺网
4301,29.91544444444445,122.33647222222223,0.0,0.0,2018-04-16 02:22:01,刺网
4301,29.915416666666665,122.33647222222223,0.0,0.0,2018-04-16 02:31:01,刺网
4301,29.91536111111111,122.33641666666666,0.0,0.0,2018-04-16 02:41:01,刺网
4301,29.91544444444445,122.3365,0.0,0.0,2018-04-16 02:51:01,刺网
4301,29.915416666666665,122.3365,0.0,0.0,2018-04-16 03:01:01,刺网
4301,29.91544444444445,122.33647222222223,0.0,0.0,2018-04-16 03:11:01,刺网
4301,29.91544444444445,122.3365,0.0,0.0,2018-04-16 03:20:01,刺网
4301,29.91547222222223,122.33647222222223,0.0,0.0,2018-04-16 03:30:01,刺网
4301,29.915388888888888,122.3365,0.0,0.0,2018-04-16 03:40:01,刺网
4301,29.915416666666665,122.33644444444445,0.0,0.0,2018-04-16 03:50:01,刺网
4301,29.91544444444445,122.33633333333331,0.0,0.0,2018-04-16 04:00:01,刺网
4301,29.91547222222223,122.33644444444445,0.0,0.0,2018-04-16 04:10:01,刺网
4301,29.915416666666665,122.33647222222223,0.0,0.0,2018-04-16 04:20:01,刺网
4301,29.91544444444445,122.33669444444445,0.2,0.0,2018-04-16 04:30:01,刺网
4301,29.915555555555553,122.33716666666666,0.6,0.0,2018-04-16 04:40:01,刺网
4301,29.91547222222223,122.33605555555555,0.2,0.0,2018-04-16 04:50:01,刺网
4301,29.91536111111111,122.33708333333333,0.7,94.0,2018-04-16 05:00:01,刺网
4301,29.915388888888888,122.33683333333332,0.6,0.0,2018-04-16 05:11:01,刺网
4301,29.915416666666665,122.3365,0.0,0.0,2018-04-16 05:21:01,刺网
4301,29.915416666666665,122.33647222222223,0.0,0.0,2018-04-16 05:30:01,刺网
4301,29.9155,122.33655555555555,0.0,0.0,2018-04-16 05:40:01,刺网
4301,29.91547222222223,122.3365,0.0,0.0,2018-04-16 05:50:01,刺网
4301,29.91544444444445,122.33652777777776,0.0,0.0,2018-04-16 06:00:01,刺网
4301,29.91544444444445,122.3365,0.0,0.0,2018-04-16 06:10:01,刺网
4301,29.915388888888888,122.33652777777776,0.0,0.0,2018-04-16 06:20:01,刺网
4301,29.91558333333333,122.33644444444445,0.0,0.0,2018-04-16 06:30:01,刺网
4301,29.91544444444445,122.33647222222223,0.0,0.0,2018-04-16 06:40:01,刺网
4301,29.91544444444445,122.33647222222223,0.0,0.0,2018-04-16 06:50:01,刺网
4301,29.91547222222223,122.3365,0.0,0.0,2018-04-16 07:00:01,刺网
4301,29.915416666666665,122.33652777777776,0.0,0.0,2018-04-16 07:10:01,刺网
4301,29.9155,122.33658333333334,0.0,0.0,2018-04-16 07:20:01,刺网
4301,29.915416666666665,122.33641666666666,0.0,0.0,2018-04-16 07:30:01,刺网
4301,29.91547222222223,122.33647222222223,0.1,0.0,2018-04-16 07:40:01,刺网
4301,29.91544444444445,122.33652777777776,0.1,0.0,2018-04-16 07:50:01,刺网
4301,29.915527777777786,122.33647222222223,0.0,0.0,2018-04-16 08:01:01,刺网
4301,29.91544444444445,122.33638888888888,0.1,0.0,2018-04-16 08:10:01,刺网
4301,29.91544444444445,122.33641666666666,0.1,0.0,2018-04-16 08:20:01,刺网
4301,29.91544444444445,122.33644444444445,0.0,0.0,2018-04-16 08:30:01,刺网
4301,29.91547222222223,122.33627777777778,0.2,0.0,2018-04-16 08:40:01,刺网
4301,29.91544444444445,122.33638888888888,0.1,0.0,2018-04-16 08:50:01,刺网
4301,29.91547222222223,122.33644444444445,0.0,0.0,2018-04-16 09:00:01,刺网
4301,29.91544444444445,122.33638888888888,0.0,0.0,2018-04-16 09:40:01,刺网
4301,29.915416666666665,122.33638888888888,0.0,0.0,2018-04-16 09:50:01,刺网
4301,29.91547222222223,122.33633333333331,0.0,0.0,2018-04-16 10:00:01,刺网
4301,29.915416666666665,122.33638888888888,0.1,0.0,2018-04-16 10:10:01,刺网
4301,29.91547222222223,122.33647222222223,0.0,0.0,2018-04-16 10:31:01,刺网
4301,29.91547222222223,122.33647222222223,0.0,0.0,2018-04-16 10:40:01,刺网
4301,29.91544444444445,122.33647222222223,0.0,0.0,2018-04-16 10:50:01,刺网
4301,29.915527777777786,122.33644444444445,0.0,0.0,2018-04-16 11:00:01,刺网
4301,29.91544444444445,122.3365,0.0,0.0,2018-04-16 11:10:01,刺网
4301,29.91547222222223,122.3365,0.0,0.0,2018-04-16 11:20:01,刺网
4301,29.9155,122.33658333333334,0.1,0.0,2018-04-16 11:30:01,刺网
4301,29.91544444444445,122.33647222222223,0.0,0.0,2018-04-16 11:40:01,刺网
4301,29.91547222222223,122.3365,0.0,0.0,2018-04-16 11:50:01,刺网
4301,29.91544444444445,122.3365,0.0,0.0,2018-04-16 12:00:01,刺网
4301,29.915416666666665,122.33638888888888,0.0,0.0,2018-04-16 12:10:01,刺网
4301,29.91544444444445,122.3365,0.1,0.0,2018-04-16 12:20:01,刺网
4301,29.91544444444445,122.33647222222223,0.0,0.0,2018-04-16 12:31:01,刺网
4301,29.9155,122.33647222222223,0.0,0.0,2018-04-16 12:40:01,刺网
4301,29.91547222222223,122.33644444444445,0.0,0.0,2018-04-16 12:50:01,刺网
4301,29.915527777777786,122.33644444444445,0.0,0.0,2018-04-16 13:00:01,刺网
4301,29.91547222222223,122.3365,0.0,0.0,2018-04-16 13:10:01,刺网
4301,29.9155,122.33641666666666,0.0,0.0,2018-04-16 13:20:01,刺网
4301,29.915416666666665,122.33644444444445,0.0,0.0,2018-04-16 13:30:01,刺网
4301,29.91547222222223,122.33644444444445,0.0,0.0,2018-04-16 13:40:01,刺网
4301,29.91544444444445,122.33641666666666,0.0,0.0,2018-04-16 13:50:01,刺网
4301,29.9155,122.33644444444445,0.0,0.0,2018-04-16 14:00:01,刺网
4301,29.915527777777786,122.33644444444445,0.0,0.0,2018-04-16 14:10:01,刺网
4301,29.91544444444445,122.33644444444445,0.0,0.0,2018-04-16 14:20:01,刺网
4301,29.91536111111111,122.3365,0.0,0.0,2018-04-16 14:30:01,刺网
4301,29.915416666666665,122.33647222222223,0.0,0.0,2018-04-16 14:40:01,刺网
4301,29.915416666666665,122.3365,0.1,0.0,2018-04-16 14:50:01,刺网
4301,29.9155,122.33644444444445,0.2,0.0,2018-04-16 15:00:01,刺网
4301,29.91536111111111,122.33647222222223,0.1,0.0,2018-04-16 15:10:01,刺网
4301,29.915527777777786,122.33644444444445,0.1,0.0,2018-04-16 15:20:01,刺网
4301,29.915416666666665,122.33652777777776,0.2,0.0,2018-04-16 15:30:01,刺网
4301,29.915222222222226,122.33661111111113,0.1,0.0,2018-04-16 15:40:01,刺网
4301,29.9155,122.33641666666666,0.1,0.0,2018-04-16 15:51:01,刺网
4301,29.91544444444445,122.33647222222223,0.0,0.0,2018-04-16 16:01:01,刺网
4301,29.915416666666665,122.33644444444445,0.0,0.0,2018-04-16 16:10:01,刺网
4301,29.91547222222223,122.33652777777776,0.0,0.0,2018-04-16 16:20:01,刺网
4301,29.91544444444445,122.33644444444445,0.0,0.0,2018-04-16 16:30:01,刺网
4301,29.915416666666665,122.3365,0.0,0.0,2018-04-16 16:40:01,刺网
4301,29.9155,122.33644444444445,0.0,0.0,2018-04-16 16:50:01,刺网
4301,29.91547222222223,122.33644444444445,0.0,0.0,2018-04-16 17:00:01,刺网
4301,29.91547222222223,122.3365,0.0,0.0,2018-04-16 17:10:01,刺网
4301,29.91544444444445,122.33644444444445,0.0,0.0,2018-04-16 17:20:01,刺网
4301,29.915416666666665,122.33644444444445,0.0,0.0,2018-04-16 17:30:01,刺网
4301,29.9155,122.33641666666666,0.0,0.0,2018-04-16 17:40:01,刺网
4301,29.91544444444445,122.33644444444445,0.0,0.0,2018-04-16 17:50:01,刺网
4301,29.9155,122.33647222222223,0.0,0.0,2018-04-16 18:00:01,刺网
4301,29.915527777777786,122.33644444444445,0.0,0.0,2018-04-16 18:10:01,刺网
4301,29.91547222222223,122.33644444444445,0.0,0.0,2018-04-16 18:20:01,刺网
4301,29.91544444444445,122.33644444444445,0.0,0.0,2018-04-16 18:30:01,刺网
4301,29.91547222222223,122.33641666666666,0.0,0.0,2018-04-16 18:40:01,刺网
4301,29.91544444444445,122.33647222222223,0.0,0.0,2018-04-16 18:50:01,刺网
4301,29.91536111111111,122.33658333333334,0.1,0.0,2018-04-16 19:00:01,刺网
4301,29.915388888888888,122.33652777777776,0.1,0.0,2018-04-16 19:10:01,刺网
4301,29.91533333333333,122.33655555555555,0.1,0.0,2018-04-16 19:20:01,刺网
4301,29.915555555555553,122.33638888888888,0.2,0.0,2018-04-16 19:30:01,刺网
4301,29.91544444444445,122.3365,0.5,101.0,2018-04-16 19:40:01,刺网
4301,29.915416666666665,122.33652777777776,0.3,0.0,2018-04-16 19:50:01,刺网
4301,29.915416666666665,122.33644444444445,0.0,0.0,2018-04-16 20:01:01,刺网
4301,29.91547222222223,122.33647222222223,0.0,0.0,2018-04-16 20:10:01,刺网
4301,29.91544444444445,122.3365,0.0,0.0,2018-04-16 20:20:01,刺网
4301,29.9155,122.3365,0.0,0.0,2018-04-16 20:30:01,刺网
4301,29.91544444444445,122.33644444444445,0.0,0.0,2018-04-16 20:40:01,刺网
4301,29.91547222222223,122.33647222222223,0.1,0.0,2018-04-16 20:50:01,刺网
4301,29.915416666666665,122.3365,0.0,0.0,2018-04-16 21:00:01,刺网
4301,29.915416666666665,122.33647222222223,0.0,0.0,2018-04-16 21:10:01,刺网
4301,29.91544444444445,122.33658333333334,0.0,0.0,2018-04-16 21:20:01,刺网
4301,29.915416666666665,122.33647222222223,0.0,0.0,2018-04-16 21:30:01,刺网
4301,29.91547222222223,122.33647222222223,0.0,0.0,2018-04-16 21:40:01,刺网
4301,29.91544444444445,122.33647222222223,0.0,0.0,2018-04-16 21:50:01,刺网
4301,29.915416666666665,122.33652777777776,0.0,0.0,2018-04-16 22:00:01,刺网
4301,29.91544444444445,122.33641666666666,0.0,0.0,2018-04-16 22:10:01,刺网
4301,29.915222222222226,122.336,0.2,0.0,2018-04-16 22:20:01,刺网
4301,29.91547222222223,122.33641666666666,0.1,0.0,2018-04-16 22:30:01,刺网
4301,29.915527777777786,122.33672222222219,0.1,0.0,2018-04-16 22:40:01,刺网
4301,29.91547222222223,122.33652777777776,0.2,0.0,2018-04-16 22:50:01,刺网
4301,29.91547222222223,122.33647222222223,0.3,93.0,2018-04-16 23:00:01,刺网
4301,29.915416666666665,122.33677777777777,0.6,99.0,2018-04-16 23:11:01,刺网
4301,29.915416666666665,122.33644444444445,0.0,0.0,2018-04-16 23:21:01,刺网
4301,29.915416666666665,122.33644444444445,0.0,0.0,2018-04-16 23:30:01,刺网
4301,29.91547222222223,122.33641666666666,0.0,0.0,2018-04-16 23:40:01,刺网
4301,29.91544444444445,122.33641666666666,0.0,0.0,2018-04-16 23:50:01,刺网
4301,29.91536111111111,122.3365,0.1,0.0,2018-04-17 00:00:01,刺网
4301,29.91544444444445,122.33647222222223,0.0,0.0,2018-04-17 00:10:01,刺网
4301,29.915388888888888,122.33644444444445,0.2,0.0,2018-04-17 00:20:01,刺网
4301,29.915388888888888,122.33647222222223,0.1,0.0,2018-04-17 00:30:01,刺网
4301,29.915388888888888,122.33647222222223,0.0,0.0,2018-04-17 00:40:01,刺网
4301,29.915388888888888,122.3365,0.0,0.0,2018-04-17 00:50:01,刺网
4301,29.9155,122.33641666666666,0.1,0.0,2018-04-17 01:00:01,刺网
4301,29.915388888888888,122.33636111111107,0.1,0.0,2018-04-17 01:10:01,刺网
4301,29.91544444444445,122.33644444444445,0.1,0.0,2018-04-17 01:20:01,刺网
4301,29.91544444444445,122.33641666666666,0.2,0.0,2018-04-17 01:30:01,刺网
4301,29.91544444444445,122.33625,0.2,0.0,2018-04-17 01:40:01,刺网
4301,29.915416666666665,122.33644444444445,0.2,0.0,2018-04-17 01:50:01,刺网
4301,29.91544444444445,122.33644444444445,0.0,0.0,2018-04-17 02:01:01,刺网
4301,29.91544444444445,122.33644444444445,0.0,0.0,2018-04-17 02:10:01,刺网
4301,29.91544444444445,122.33644444444445,0.0,0.0,2018-04-17 02:20:01,刺网
4301,29.915416666666665,122.33644444444445,0.0,0.0,2018-04-17 02:30:01,刺网
4301,29.91547222222223,122.33652777777776,0.0,0.0,2018-04-17 02:40:01,刺网
4301,29.915416666666665,122.33647222222223,0.0,0.0,2018-04-17 02:50:01,刺网
4301,29.9155,122.33647222222223,0.0,0.0,2018-04-17 03:00:01,刺网
4301,29.915416666666665,122.33647222222223,0.0,0.0,2018-04-17 03:10:01,刺网
4301,29.915416666666665,122.3365,0.0,0.0,2018-04-17 03:20:01,刺网
4301,29.915416666666665,122.33652777777776,0.0,0.0,2018-04-17 03:30:01,刺网
4301,29.91544444444445,122.33647222222223,0.0,0.0,2018-04-17 03:40:01,刺网
4301,29.915416666666665,122.33655555555555,0.0,0.0,2018-04-17 03:50:01,刺网
4301,29.91544444444445,122.33647222222223,0.0,0.0,2018-04-17 04:00:01,刺网
4301,29.915416666666665,122.33638888888888,0.0,0.0,2018-04-17 04:10:01,刺网
4301,29.91536111111111,122.33647222222223,0.0,0.0,2018-04-17 04:20:01,刺网
4301,29.9155,122.33663888888887,0.1,0.0,2018-04-17 04:30:01,刺网
4301,29.91536111111111,122.33636111111107,0.4,0.0,2018-04-17 04:40:01,刺网
4301,29.915388888888888,122.33672222222219,0.5,0.0,2018-04-17 04:50:01,刺网
4301,29.915388888888888,122.33652777777776,0.1,0.0,2018-04-17 05:00:01,刺网
4301,29.9155,122.33644444444445,0.1,0.0,2018-04-17 05:20:01,刺网
4301,29.91536111111111,122.3365,0.2,0.0,2018-04-17 05:30:01,刺网
4301,29.91544444444445,122.33644444444445,0.0,0.0,2018-04-17 05:40:01,刺网
4301,29.915416666666665,122.33641666666666,0.0,0.0,2018-04-17 05:50:01,刺网
4301,29.915416666666665,122.3365,0.0,0.0,2018-04-17 06:00:01,刺网
4301,29.915416666666665,122.33644444444445,0.0,0.0,2018-04-17 06:11:01,刺网
4301,29.91547222222223,122.33647222222223,0.0,0.0,2018-04-17 06:20:01,刺网
4301,29.91547222222223,122.33647222222223,0.0,0.0,2018-04-17 06:30:01,刺网
4301,29.91547222222223,122.33641666666666,0.0,0.0,2018-04-17 06:40:01,刺网
4301,29.915416666666665,122.3365,0.0,0.0,2018-04-17 06:50:01,刺网
4301,29.915388888888888,122.33644444444445,0.1,0.0,2018-04-17 07:00:01,刺网
4301,29.91544444444445,122.33641666666666,0.1,0.0,2018-04-17 07:10:01,刺网
4301,29.915388888888888,122.33644444444445,0.1,0.0,2018-04-17 07:20:01,刺网
4301,29.915416666666665,122.33622222222222,0.1,0.0,2018-04-17 07:30:01,刺网
4301,29.915416666666665,122.33633333333331,0.1,0.0,2018-04-17 07:50:01,刺网
4301,29.91547222222223,122.33641666666666,0.0,0.0,2018-04-17 08:01:01,刺网
4301,29.9155,122.33644444444445,0.0,0.0,2018-04-17 08:10:01,刺网
4301,29.91544444444445,122.33644444444445,0.0,0.0,2018-04-17 08:20:01,刺网
4301,29.9155,122.33644444444445,0.0,0.0,2018-04-17 08:30:01,刺网
4301,29.91544444444445,122.33647222222223,0.0,0.0,2018-04-17 08:40:01,刺网
4301,29.91544444444445,122.33641666666666,0.0,0.0,2018-04-17 08:50:01,刺网
4301,29.91544444444445,122.33644444444445,0.0,0.0,2018-04-17 09:00:01,刺网
4301,29.91544444444445,122.3365,0.0,0.0,2018-04-17 09:10:01,刺网
4301,29.9155,122.33641666666666,0.0,0.0,2018-04-17 09:20:01,刺网
4301,29.9155,122.33644444444445,0.0,0.0,2018-04-17 09:30:01,刺网
4301,29.91547222222223,122.33644444444445,0.0,0.0,2018-04-17 09:40:01,刺网
4301,29.9155,122.33644444444445,0.0,0.0,2018-04-17 09:50:01,刺网
4301,29.9155,122.33647222222223,0.1,0.0,2018-04-17 10:00:01,刺网
4301,29.91547222222223,122.33652777777776,0.0,0.0,2018-04-17 10:10:01,刺网
4301,29.9155,122.33644444444445,0.3,0.0,2018-04-17 10:20:01,刺网
4301,29.915527777777786,122.33652777777776,0.3,0.0,2018-04-17 10:30:01,刺网
4301,29.91547222222223,122.33652777777776,0.2,0.0,2018-04-17 10:40:01,刺网
4301,29.91547222222223,122.3365,0.2,0.0,2018-04-17 10:50:01,刺网
4301,29.91547222222223,122.33644444444445,0.3,0.0,2018-04-17 11:00:01,刺网
4301,29.91547222222223,122.33655555555555,0.2,0.0,2018-04-17 11:10:01,刺网
4301,29.91547222222223,122.33638888888888,0.4,101.0,2018-04-17 11:20:01,刺网
4301,29.915416666666665,122.33672222222219,0.3,0.0,2018-04-17 11:30:01,刺网
4301,29.91544444444445,122.33663888888887,0.1,0.0,2018-04-17 11:40:01,刺网
4301,29.91544444444445,122.33663888888887,0.2,0.0,2018-04-17 11:50:01,刺网
4301,29.915416666666665,122.33641666666666,0.0,0.0,2018-04-17 12:01:01,刺网
4301,29.91544444444445,122.33647222222223,0.0,0.0,2018-04-17 12:10:01,刺网
4301,29.9155,122.33641666666666,0.0,0.0,2018-04-17 12:20:01,刺网
4301,29.9155,122.3365,0.0,0.0,2018-04-17 12:30:01,刺网
4301,29.915416666666665,122.33641666666666,0.0,0.0,2018-04-17 12:40:01,刺网
4301,29.91547222222223,122.33641666666666,0.0,0.0,2018-04-17 12:50:01,刺网
4301,29.91547222222223,122.33647222222223,0.0,0.0,2018-04-17 13:00:01,刺网
4301,29.91547222222223,122.33647222222223,0.0,0.0,2018-04-17 13:10:01,刺网
4301,29.91547222222223,122.33638888888888,0.0,0.0,2018-04-17 13:20:01,刺网
4301,29.915416666666665,122.33647222222223,0.0,0.0,2018-04-17 13:30:01,刺网
4301,29.915388888888888,122.33655555555555,0.0,0.0,2018-04-17 13:40:01,刺网
4301,29.915388888888888,122.33647222222223,0.1,0.0,2018-04-17 13:50:01,刺网
4301,29.915555555555553,122.33638888888888,0.1,0.0,2018-04-17 14:00:01,刺网
4301,29.91547222222223,122.33647222222223,0.1,0.0,2018-04-17 14:10:01,刺网
4301,29.91547222222223,122.33647222222223,0.1,0.0,2018-04-17 14:20:01,刺网
4301,29.91544444444445,122.33644444444445,0.3,0.0,2018-04-17 14:30:01,刺网
4301,29.915805555555554,122.33625,0.2,0.0,2018-04-17 14:40:01,刺网
4301,29.915388888888888,122.33655555555555,0.3,0.0,2018-04-17 14:50:01,刺网
4301,29.915222222222226,122.33661111111113,0.1,0.0,2018-04-17 15:00:01,刺网
4301,29.9155,122.3365,0.1,0.0,2018-04-17 15:10:01,刺网
4301,29.91533333333333,122.33663888888887,0.2,0.0,2018-04-17 15:20:01,刺网
4301,29.915388888888888,122.33661111111113,0.1,0.0,2018-04-17 15:30:01,刺网
4301,29.91569444444444,122.33638888888888,0.1,0.0,2018-04-17 15:40:01,刺网
4301,29.91544444444445,122.33647222222223,0.0,0.0,2018-04-17 15:51:01,刺网
4301,29.91547222222223,122.33647222222223,0.0,0.0,2018-04-17 16:00:01,刺网
4301,29.915416666666665,122.33647222222223,0.0,0.0,2018-04-17 16:10:01,刺网
4301,29.91544444444445,122.33644444444445,0.0,0.0,2018-04-17 16:20:01,刺网
4301,29.915388888888888,122.33644444444445,0.0,0.0,2018-04-17 16:30:01,刺网
4301,29.9155,122.3365,0.0,0.0,2018-04-17 16:40:01,刺网
4301,29.915416666666665,122.33647222222223,0.0,0.0,2018-04-17 16:50:01,刺网
4301,29.91544444444445,122.33647222222223,0.0,0.0,2018-04-17 17:00:01,刺网
4301,29.915388888888888,122.33641666666666,0.0,0.0,2018-04-17 17:10:01,刺网
4301,29.91547222222223,122.33641666666666,0.0,0.0,2018-04-17 17:20:01,刺网
4301,29.915388888888888,122.33641666666666,0.0,0.0,2018-04-17 17:30:01,刺网
4301,29.915416666666665,122.33647222222223,0.0,0.0,2018-04-17 17:40:01,刺网
4301,29.915416666666665,122.33647222222223,0.0,0.0,2018-04-17 17:50:01,刺网
4301,29.91544444444445,122.33644444444445,0.0,0.0,2018-04-17 18:01:01,刺网
4301,29.91544444444445,122.33641666666666,0.0,0.0,2018-04-17 18:10:01,刺网
4301,29.91544444444445,122.33644444444445,0.0,0.0,2018-04-17 18:30:01,刺网
4301,29.91547222222223,122.33647222222223,0.0,0.0,2018-04-17 18:40:01,刺网
4301,29.915416666666665,122.33644444444445,0.0,0.0,2018-04-17 18:50:01,刺网
4301,29.915416666666665,122.33644444444445,0.0,0.0,2018-04-17 19:00:01,刺网
4301,29.91547222222223,122.33641666666666,0.0,0.0,2018-04-17 19:10:01,刺网
4301,29.91544444444445,122.33647222222223,0.1,0.0,2018-04-17 19:20:01,刺网
4301,29.915416666666665,122.33644444444445,0.0,0.0,2018-04-17 19:30:01,刺网
4301,29.915388888888888,122.33644444444445,0.0,0.0,2018-04-17 19:40:01,刺网
4301,29.915388888888888,122.33647222222223,0.0,0.0,2018-04-17 19:50:01,刺网
4301,29.915388888888888,122.33644444444445,0.0,0.0,2018-04-17 20:00:01,刺网
4301,29.91544444444445,122.33644444444445,0.0,0.0,2018-04-17 20:10:01,刺网
4301,29.91547222222223,122.33638888888888,0.0,0.0,2018-04-17 20:20:01,刺网
4301,29.91544444444445,122.33644444444445,0.0,0.0,2018-04-17 20:30:01,刺网
4301,29.915388888888888,122.3365,0.0,0.0,2018-04-17 20:40:01,刺网
4301,29.91547222222223,122.33644444444445,0.0,0.0,2018-04-17 20:50:01,刺网
4301,29.91536111111111,122.33652777777776,0.0,0.0,2018-04-17 21:00:01,刺网
4301,29.915416666666665,122.33641666666666,0.0,0.0,2018-04-17 21:10:01,刺网
4301,29.91547222222223,122.33644444444445,0.0,0.0,2018-04-17 21:20:01,刺网
4301,29.91533333333333,122.33641666666666,0.0,0.0,2018-04-17 21:30:01,刺网
4301,29.91544444444445,122.33636111111107,0.0,0.0,2018-04-17 21:40:01,刺网
4301,29.915388888888888,122.33633333333331,0.1,0.0,2018-04-17 21:50:01,刺网
4301,29.915416666666665,122.33644444444445,0.0,0.0,2018-04-17 22:01:01,刺网
4301,29.91544444444445,122.33644444444445,0.0,0.0,2018-04-17 22:10:01,刺网
4301,29.915416666666665,122.33647222222223,0.0,0.0,2018-04-17 22:20:01,刺网
4301,29.91544444444445,122.33644444444445,0.0,0.0,2018-04-17 22:30:01,刺网
4301,29.9155,122.33644444444445,0.0,0.0,2018-04-17 22:40:01,刺网
4301,29.91547222222223,122.33647222222223,0.0,0.0,2018-04-17 22:50:01,刺网
4301,29.915416666666665,122.3365,0.0,0.0,2018-04-17 23:00:01,刺网
4301,29.91544444444445,122.33647222222223,0.0,0.0,2018-04-17 23:10:01,刺网
4301,29.91544444444445,122.33647222222223,0.0,0.0,2018-04-17 23:20:01,刺网
4301,29.91547222222223,122.33641666666666,0.0,0.0,2018-04-17 23:30:01,刺网
4301,29.915416666666665,122.33647222222223,0.0,0.0,2018-04-17 23:40:01,刺网
4301,29.91544444444445,122.33644444444445,0.0,0.0,2018-04-17 23:50:01,刺网
4301,29.91533333333333,122.33644444444445,0.1,0.0,2018-04-18 00:10:01,刺网
4301,29.91547222222223,122.33652777777776,0.1,0.0,2018-04-18 00:20:01,刺网
4301,29.915416666666665,122.33633333333331,0.0,0.0,2018-04-18 00:30:01,刺网
4301,29.91536111111111,122.33638888888888,0.2,0.0,2018-04-18 00:40:01,刺网
4301,29.91569444444444,122.33677777777777,0.1,0.0,2018-04-18 00:50:01,刺网
4301,29.91544444444445,122.33638888888888,0.0,0.0,2018-04-18 01:01:01,刺网
4301,29.91544444444445,122.33638888888888,0.0,0.0,2018-04-18 01:10:01,刺网
4301,29.915416666666665,122.33644444444445,0.0,0.0,2018-04-18 01:20:01,刺网
4301,29.9155,122.33644444444445,0.0,0.0,2018-04-18 01:30:01,刺网
4301,29.915416666666665,122.33647222222223,0.0,0.0,2018-04-18 01:40:01,刺网
4301,29.915388888888888,122.33644444444445,0.0,0.0,2018-04-18 01:50:01,刺网
4301,29.915416666666665,122.33644444444445,0.0,0.0,2018-04-18 02:00:01,刺网
4301,29.91547222222223,122.33641666666666,0.0,0.0,2018-04-18 02:10:01,刺网
4301,29.91536111111111,122.33644444444445,0.0,0.0,2018-04-18 02:20:01,刺网
4301,29.915388888888888,122.33638888888888,0.0,0.0,2018-04-18 02:30:01,刺网
4301,29.91544444444445,122.33641666666666,0.0,0.0,2018-04-18 02:40:01,刺网
4301,29.915416666666665,122.33638888888888,0.0,0.0,2018-04-18 02:50:01,刺网
4301,29.91533333333333,122.33652777777776,0.0,0.0,2018-04-18 03:00:01,刺网
4301,29.91533333333333,122.33641666666666,0.0,0.0,2018-04-18 03:10:01,刺网
4301,29.91544444444445,122.3365,0.0,0.0,2018-04-18 03:20:01,刺网
4301,29.91547222222223,122.33644444444445,0.0,0.0,2018-04-18 03:30:01,刺网
4301,29.91536111111111,122.33644444444445,0.0,0.0,2018-04-18 03:40:01,刺网
4301,29.91544444444445,122.33636111111107,0.0,0.0,2018-04-18 03:50:01,刺网
4301,29.915416666666665,122.33647222222223,0.0,0.0,2018-04-18 04:01:01,刺网
4301,29.915388888888888,122.33638888888888,0.0,0.0,2018-04-18 04:10:01,刺网
4301,29.91547222222223,122.3365,0.0,0.0,2018-04-18 04:20:01,刺网
4301,29.9155,122.33647222222223,0.0,0.0,2018-04-18 04:30:01,刺网
4301,29.915416666666665,122.33644444444445,0.0,0.0,2018-04-18 04:40:01,刺网
4301,29.915416666666665,122.33641666666666,0.0,0.0,2018-04-18 04:50:01,刺网
4301,29.91547222222223,122.33644444444445,0.0,0.0,2018-04-18 05:00:01,刺网
4301,29.91544444444445,122.33638888888888,0.1,0.0,2018-04-18 05:10:01,刺网
4301,29.915388888888888,122.33641666666666,0.0,0.0,2018-04-18 05:20:01,刺网
4301,29.91544444444445,122.33644444444445,0.0,0.0,2018-04-18 05:30:01,刺网
4301,29.91544444444445,122.33644444444445,0.0,0.0,2018-04-18 05:40:01,刺网
4301,29.91544444444445,122.33647222222223,0.0,0.0,2018-04-18 05:50:01,刺网
4301,29.91544444444445,122.33644444444445,0.0,0.0,2018-04-18 06:00:01,刺网
4301,29.9155,122.33644444444445,0.0,0.0,2018-04-18 06:10:01,刺网
4301,29.9155,122.33633333333331,0.0,0.0,2018-04-18 06:20:01,刺网
4301,29.91544444444445,122.33647222222223,0.0,0.0,2018-04-18 06:30:01,刺网
4301,29.915555555555553,122.33636111111107,0.0,0.0,2018-04-18 06:40:01,刺网
4301,29.915555555555553,122.33630555555555,0.3,0.0,2018-04-18 06:50:01,刺网
4301,29.915416666666665,122.33644444444445,0.0,0.0,2018-04-18 07:00:01,刺网
4301,29.915388888888888,122.33647222222223,0.0,0.0,2018-04-18 07:11:01,刺网
4301,29.91547222222223,122.33644444444445,0.0,0.0,2018-04-18 07:20:01,刺网
4301,29.915416666666665,122.33641666666666,0.0,0.0,2018-04-18 07:30:01,刺网
4301,29.915416666666665,122.33644444444445,0.0,0.0,2018-04-18 07:40:01,刺网
4301,29.91547222222223,122.33644444444445,0.1,0.0,2018-04-18 07:50:01,刺网
4301,29.91547222222223,122.33644444444445,0.0,0.0,2018-04-18 08:00:01,刺网
4301,29.91547222222223,122.33638888888888,0.1,0.0,2018-04-18 08:10:01,刺网
4301,29.91544444444445,122.33647222222223,0.0,0.0,2018-04-18 08:20:01,刺网
4301,29.91544444444445,122.33647222222223,0.0,0.0,2018-04-18 08:30:01,刺网
4301,29.915416666666665,122.33644444444445,0.0,0.0,2018-04-18 08:40:01,刺网
4301,29.91547222222223,122.33638888888888,0.0,0.0,2018-04-18 08:50:01,刺网
4301,29.91544444444445,122.33633333333331,0.0,0.0,2018-04-18 09:00:01,刺网
4301,29.915416666666665,122.33658333333334,0.0,0.0,2018-04-18 09:10:01,刺网
4301,29.91544444444445,122.33647222222223,0.1,0.0,2018-04-18 09:20:01,刺网
4301,29.9155,122.33655555555555,0.0,0.0,2018-04-18 09:30:01,刺网
4301,29.915388888888888,122.33658333333334,0.1,0.0,2018-04-18 09:40:01,刺网
4301,29.915416666666665,122.33647222222223,0.1,0.0,2018-04-18 09:50:01,刺网
4301,29.91547222222223,122.33647222222223,0.0,0.0,2018-04-18 10:01:01,刺网
4301,29.9155,122.33644444444445,0.0,0.0,2018-04-18 10:10:01,刺网
4301,29.91544444444445,122.33644444444445,0.0,0.0,2018-04-18 10:20:01,刺网
4301,29.91547222222223,122.33644444444445,0.0,0.0,2018-04-18 10:30:01,刺网
4301,29.91547222222223,122.33641666666666,0.0,0.0,2018-04-18 10:40:01,刺网
4301,29.91547222222223,122.33647222222223,0.0,0.0,2018-04-18 10:50:01,刺网
4301,29.91544444444445,122.33644444444445,0.0,0.0,2018-04-18 11:00:01,刺网
4301,29.91547222222223,122.33641666666666,0.0,0.0,2018-04-18 11:10:01,刺网
4301,29.9155,122.33644444444445,0.0,0.0,2018-04-18 11:20:01,刺网
4301,29.91547222222223,122.33644444444445,0.0,0.0,2018-04-18 11:30:01,刺网
4301,29.9155,122.33641666666666,0.0,0.0,2018-04-18 11:40:01,刺网
4301,29.91547222222223,122.33644444444445,0.0,0.0,2018-04-18 11:50:01,刺网
4301,29.915527777777786,122.33644444444445,0.0,0.0,2018-04-18 12:00:01,刺网
4301,29.9155,122.3365,0.1,0.0,2018-04-18 12:10:01,刺网
4301,29.915388888888888,122.33644444444445,0.0,0.0,2018-04-18 12:20:01,刺网
4301,29.915277777777767,122.33655555555555,0.0,0.0,2018-04-18 12:30:01,刺网
4301,29.91561111111111,122.33633333333331,0.2,0.0,2018-04-18 12:40:01,刺网
4301,29.91566666666667,122.33630555555555,0.0,0.0,2018-04-18 12:50:01,刺网
4301,29.915527777777786,122.33616666666668,0.1,0.0,2018-04-18 13:00:01,刺网
4301,29.91563888888889,122.33627777777778,0.3,0.0,2018-04-18 13:10:01,刺网
4301,29.91547222222223,122.33647222222223,0.0,0.0,2018-04-18 13:21:01,刺网
4301,29.91544444444445,122.33641666666666,0.0,0.0,2018-04-18 13:30:01,刺网
4301,29.915527777777786,122.33644444444445,0.0,0.0,2018-04-18 13:40:01,刺网
4301,29.9155,122.33644444444445,0.0,0.0,2018-04-18 13:50:01,刺网
4301,29.91547222222223,122.33644444444445,0.0,0.0,2018-04-18 14:00:01,刺网
4301,29.9155,122.33647222222223,0.0,0.0,2018-04-18 14:10:01,刺网
4301,29.9155,122.33644444444445,0.0,0.0,2018-04-18 14:20:01,刺网
4301,29.9155,122.33644444444445,0.0,0.0,2018-04-18 14:30:01,刺网
4301,29.9155,122.33647222222223,0.0,0.0,2018-04-18 14:40:01,刺网
4301,29.9155,122.33647222222223,0.0,0.0,2018-04-18 14:50:01,刺网
4301,29.91547222222223,122.3365,0.0,0.0,2018-04-18 15:00:01,刺网
4301,29.91547222222223,122.33652777777776,0.0,0.0,2018-04-18 15:10:01,刺网
4301,29.91544444444445,122.33647222222223,0.0,0.0,2018-04-18 15:20:01,刺网
4301,29.9155,122.33647222222223,0.0,0.0,2018-04-18 15:30:01,刺网
4301,29.9155,122.33647222222223,0.0,0.0,2018-04-18 15:40:01,刺网
4301,29.9155,122.33647222222223,0.0,0.0,2018-04-18 15:50:01,刺网
4301,29.91547222222223,122.33647222222223,0.0,0.0,2018-04-18 16:01:01,刺网
4301,29.9155,122.33644444444445,0.0,0.0,2018-04-18 16:10:01,刺网
4301,29.91547222222223,122.33644444444445,0.0,0.0,2018-04-18 16:20:01,刺网
4301,29.91547222222223,122.33647222222223,0.0,0.0,2018-04-18 16:30:01,刺网
4301,29.91547222222223,122.33644444444445,0.0,0.0,2018-04-18 16:40:01,刺网
4301,29.91547222222223,122.33644444444445,0.0,0.0,2018-04-18 16:50:01,刺网
4301,29.91547222222223,122.33644444444445,0.0,0.0,2018-04-18 17:00:01,刺网
4301,29.91547222222223,122.33644444444445,0.0,0.0,2018-04-18 17:10:01,刺网
4301,29.915527777777786,122.33644444444445,0.0,0.0,2018-04-18 17:20:01,刺网
4301,29.915416666666665,122.33647222222223,0.0,0.0,2018-04-18 17:30:01,刺网
4301,29.91547222222223,122.33644444444445,0.0,0.0,2018-04-18 17:40:01,刺网
4301,29.9155,122.33641666666666,0.0,0.0,2018-04-18 17:50:01,刺网
4301,29.91544444444445,122.33644444444445,0.0,0.0,2018-04-18 18:00:01,刺网
4301,29.91547222222223,122.33641666666666,0.0,0.0,2018-04-18 18:10:01,刺网
4301,29.915527777777786,122.33638888888888,0.0,0.0,2018-04-18 18:20:01,刺网
4301,29.915416666666665,122.33652777777776,0.1,0.0,2018-04-18 18:30:01,刺网
4301,29.91547222222223,122.33641666666666,0.0,0.0,2018-04-18 18:40:01,刺网
4301,29.915388888888888,122.3365,0.0,0.0,2018-04-18 18:50:01,刺网
4301,29.9155,122.33638888888888,0.0,0.0,2018-04-18 19:00:01,刺网
4301,29.915277777777767,122.33658333333334,0.2,0.0,2018-04-18 19:10:01,刺网
4301,29.915416666666665,122.33647222222223,0.1,0.0,2018-04-18 19:20:01,刺网
4301,29.915388888888888,122.33658333333334,0.0,0.0,2018-04-18 19:30:01,刺网
4301,29.91544444444445,122.33647222222223,1.0,96.0,2018-04-18 19:40:01,刺网
4301,29.915388888888888,122.33652777777776,0.0,0.0,2018-04-18 19:50:01,刺网
4301,29.91544444444445,122.33647222222223,0.0,0.0,2018-04-18 20:01:01,刺网
4301,29.91547222222223,122.33647222222223,0.0,0.0,2018-04-18 20:10:01,刺网
4301,29.9155,122.33644444444445,0.0,0.0,2018-04-18 20:20:01,刺网
4301,29.91544444444445,122.33644444444445,0.0,0.0,2018-04-18 20:30:01,刺网
4301,29.915416666666665,122.33641666666666,0.0,0.0,2018-04-18 20:40:01,刺网
4301,29.915416666666665,122.3365,0.0,0.0,2018-04-18 20:50:01,刺网
4301,29.915388888888888,122.33655555555555,0.0,0.0,2018-04-18 21:00:01,刺网
4301,29.91547222222223,122.33644444444445,0.0,0.0,2018-04-18 21:10:01,刺网
4301,29.91544444444445,122.33644444444445,0.0,0.0,2018-04-18 21:20:01,刺网
4301,29.915555555555553,122.33630555555555,0.0,0.0,2018-04-18 21:30:01,刺网
4301,29.9155,122.33638888888888,0.0,0.0,2018-04-18 21:50:01,刺网
4301,29.91547222222223,122.33655555555555,0.0,0.0,2018-04-18 22:00:01,刺网
4301,29.91486111111111,122.33505555555556,0.5,0.0,2018-04-18 22:10:01,刺网
4301,29.915388888888888,122.33644444444445,0.3,0.0,2018-04-18 22:20:01,刺网
4301,29.915416666666665,122.33655555555555,0.2,0.0,2018-04-18 22:30:01,刺网
4301,29.91547222222223,122.33663888888887,0.2,0.0,2018-04-18 22:40:01,刺网
4301,29.9155,122.33641666666666,0.1,0.0,2018-04-18 22:50:01,刺网
4301,29.91530555555555,122.33747222222222,0.2,0.0,2018-04-18 23:00:01,刺网
4301,29.915527777777786,122.33641666666666,0.0,0.0,2018-04-18 23:11:01,刺网
4301,29.91547222222223,122.33644444444445,0.0,0.0,2018-04-18 23:20:01,刺网
4301,29.91547222222223,122.33644444444445,0.0,0.0,2018-04-18 23:30:01,刺网
4301,29.915527777777786,122.33647222222223,0.0,0.0,2018-04-18 23:40:01,刺网
4301,29.9155,122.33647222222223,0.0,0.0,2018-04-18 23:50:01,刺网
4301,29.91547222222223,122.33644444444445,0.0,0.0,2018-04-19 00:00:01,刺网
4301,29.91544444444445,122.33638888888888,0.0,0.0,2018-04-19 00:10:01,刺网
4301,29.91547222222223,122.33638888888888,0.1,0.0,2018-04-19 00:20:01,刺网
4301,29.915388888888888,122.3365,0.0,0.0,2018-04-19 00:30:01,刺网
4301,29.91536111111111,122.33638888888888,0.1,0.0,2018-04-19 00:40:01,刺网
4301,29.91544444444445,122.33636111111107,0.0,0.0,2018-04-19 00:50:01,刺网
4301,29.91547222222223,122.33658333333334,0.0,0.0,2018-04-19 01:00:01,刺网
4301,29.9155,122.33644444444445,0.1,0.0,2018-04-19 01:10:01,刺网
4301,29.915527777777786,122.33633333333331,0.1,0.0,2018-04-19 01:20:01,刺网
4301,29.91536111111111,122.33633333333331,0.3,0.0,2018-04-19 01:30:01,刺网
4301,29.91547222222223,122.33647222222223,0.2,0.0,2018-04-19 01:40:01,刺网
4301,29.91547222222223,122.33644444444445,0.3,0.0,2018-04-19 01:50:01,刺网
4301,29.91547222222223,122.33638888888888,0.0,0.0,2018-04-19 02:01:01,刺网
4301,29.915416666666665,122.33644444444445,0.0,0.0,2018-04-19 02:10:01,刺网
4301,29.91547222222223,122.33644444444445,0.0,0.0,2018-04-19 02:20:01,刺网
4301,29.91544444444445,122.33638888888888,0.0,0.0,2018-04-19 02:30:01,刺网
4301,29.9155,122.33644444444445,0.0,0.0,2018-04-19 02:40:01,刺网
4301,29.915555555555553,122.33647222222223,0.0,0.0,2018-04-19 02:50:01,刺网
4301,29.91536111111111,122.3365,0.0,0.0,2018-04-19 03:00:01,刺网
4301,29.9155,122.33641666666666,0.1,0.0,2018-04-19 03:10:01,刺网
4301,29.91536111111111,122.33652777777776,0.0,0.0,2018-04-19 03:20:01,刺网
4301,29.9155,122.33655555555555,0.0,0.0,2018-04-19 03:30:01,刺网
4301,29.91566666666667,122.33636111111107,0.1,0.0,2018-04-19 03:40:01,刺网
4301,29.915527777777786,122.33636111111107,0.0,0.0,2018-04-19 03:50:01,刺网
4301,29.915527777777786,122.33641666666666,0.0,0.0,2018-04-19 04:00:01,刺网
4301,29.9155,122.33638888888888,0.0,0.0,2018-04-19 04:10:01,刺网
4301,29.9155,122.33641666666666,0.0,0.0,2018-04-19 04:21:01,刺网
4301,29.915416666666665,122.33644444444445,0.0,0.0,2018-04-19 04:30:01,刺网
4301,29.91547222222223,122.33644444444445,0.0,0.0,2018-04-19 04:40:01,刺网
4301,29.9155,122.33644444444445,0.0,0.0,2018-04-19 04:50:01,刺网
4301,29.91544444444445,122.33641666666666,0.0,0.0,2018-04-19 05:00:01,刺网
4301,29.91547222222223,122.33644444444445,0.0,0.0,2018-04-19 05:10:01,刺网
4301,29.915527777777786,122.33641666666666,0.0,0.0,2018-04-19 05:20:01,刺网
4301,29.915388888888888,122.33636111111107,0.0,0.0,2018-04-19 05:30:01,刺网
4301,29.915527777777786,122.33641666666666,0.0,0.0,2018-04-19 05:40:01,刺网
4301,29.91544444444445,122.33647222222223,0.0,0.0,2018-04-19 05:50:01,刺网
4301,29.915527777777786,122.33641666666666,0.0,0.0,2018-04-19 06:00:01,刺网
4301,29.91547222222223,122.33638888888888,0.0,0.0,2018-04-19 06:10:01,刺网
4301,29.91547222222223,122.33641666666666,0.0,0.0,2018-04-19 06:20:01,刺网
4301,29.91547222222223,122.33641666666666,0.0,0.0,2018-04-19 06:30:01,刺网
4301,29.91547222222223,122.33638888888888,0.0,0.0,2018-04-19 06:40:01,刺网
4301,29.9155,122.33638888888888,0.0,0.0,2018-04-19 06:50:01,刺网
4301,29.915277777777767,122.33655555555555,0.1,0.0,2018-04-19 07:00:01,刺网
4301,29.91533333333333,122.3365,0.0,0.0,2018-04-19 07:10:01,刺网
4301,29.91536111111111,122.33666666666666,0.2,0.0,2018-04-19 07:30:01,刺网
4301,29.915388888888888,122.33652777777776,0.4,0.0,2018-04-19 07:40:01,刺网
4301,29.915027777777766,122.3375,0.5,64.0,2018-04-19 07:50:01,刺网
4301,29.91547222222223,122.33641666666666,0.0,0.0,2018-04-19 08:01:01,刺网
4301,29.91544444444445,122.33644444444445,0.0,0.0,2018-04-19 08:10:01,刺网
4301,29.91547222222223,122.33644444444445,0.0,0.0,2018-04-19 08:20:01,刺网
4301,29.91547222222223,122.33641666666666,0.0,0.0,2018-04-19 08:30:01,刺网
4301,29.91544444444445,122.33641666666666,0.0,0.0,2018-04-19 08:40:01,刺网
4301,29.915388888888888,122.33647222222223,0.0,0.0,2018-04-19 08:50:01,刺网
4301,29.915388888888888,122.33638888888888,0.0,0.0,2018-04-19 09:00:01,刺网
4301,29.915416666666665,122.33647222222223,0.0,0.0,2018-04-19 09:10:01,刺网
4301,29.91544444444445,122.33641666666666,0.0,0.0,2018-04-19 09:20:01,刺网
4301,29.915416666666665,122.33641666666666,0.0,0.0,2018-04-19 09:30:01,刺网
4301,29.9155,122.33644444444445,0.0,0.0,2018-04-19 09:40:01,刺网
4301,29.91547222222223,122.33647222222223,0.0,0.0,2018-04-19 09:50:01,刺网
4301,29.91547222222223,122.33647222222223,0.1,0.0,2018-04-19 10:00:01,刺网
4301,29.9155,122.3365,0.0,0.0,2018-04-19 10:10:01,刺网
4301,29.9155,122.33647222222223,0.1,0.0,2018-04-19 10:20:01,刺网
4301,29.91547222222223,122.33641666666666,0.2,0.0,2018-04-19 10:30:01,刺网
4301,29.91547222222223,122.33644444444445,0.2,0.0,2018-04-19 10:40:01,刺网
4301,29.91544444444445,122.3365,0.2,0.0,2018-04-19 10:50:01,刺网
4301,29.915527777777786,122.33638888888888,0.3,0.0,2018-04-19 11:00:01,刺网
4301,29.915527777777786,122.3365,0.2,0.0,2018-04-19 11:10:01,刺网
4301,29.9155,122.3365,0.1,0.0,2018-04-19 11:20:01,刺网
4301,29.9155,122.33641666666666,0.1,0.0,2018-04-19 11:30:01,刺网
4301,29.91547222222223,122.33641666666666,0.1,0.0,2018-04-19 11:40:01,刺网
4301,29.915416666666665,122.33652777777776,0.1,0.0,2018-04-19 11:50:01,刺网
4301,29.9155,122.33641666666666,0.0,0.0,2018-04-19 12:01:01,刺网
4301,29.915527777777786,122.33644444444445,0.0,0.0,2018-04-19 12:10:01,刺网
4301,29.9155,122.33644444444445,0.0,0.0,2018-04-19 12:20:01,刺网
4301,29.915527777777786,122.33638888888888,0.0,0.0,2018-04-19 12:30:01,刺网
4301,29.915527777777786,122.33647222222223,0.0,0.0,2018-04-19 12:40:01,刺网
4301,29.9155,122.33647222222223,0.0,0.0,2018-04-19 12:50:01,刺网
4301,29.915527777777786,122.33647222222223,0.0,0.0,2018-04-19 13:00:01,刺网
4301,29.9155,122.33647222222223,0.0,0.0,2018-04-19 13:10:01,刺网
4301,29.9155,122.33647222222223,0.0,0.0,2018-04-19 13:20:01,刺网
4301,29.915388888888888,122.33644444444445,0.0,0.0,2018-04-19 13:30:01,刺网
4301,29.91547222222223,122.33644444444445,0.0,0.0,2018-04-19 13:40:01,刺网
4301,29.915527777777786,122.33638888888888,0.0,0.0,2018-04-19 13:50:01,刺网
4301,29.915527777777786,122.33638888888888,0.0,0.0,2018-04-19 14:00:01,刺网
4301,29.91561111111111,122.33636111111107,0.0,0.0,2018-04-19 14:10:01,刺网
4301,29.9155,122.33641666666666,0.0,0.0,2018-04-19 14:20:01,刺网
4301,29.91544444444445,122.33647222222223,0.0,0.0,2018-04-19 14:30:01,刺网
4301,29.9155,122.33644444444445,0.0,0.0,2018-04-19 14:40:01,刺网
4301,29.91561111111111,122.33641666666666,0.1,0.0,2018-04-19 14:50:01,刺网
4301,29.915527777777786,122.33644444444445,0.1,0.0,2018-04-19 15:00:01,刺网
4301,29.91583333333333,122.33630555555555,0.2,0.0,2018-04-19 15:10:01,刺网
4301,29.91544444444445,122.3365,0.2,0.0,2018-04-19 15:20:01,刺网
4301,29.9155,122.33644444444445,0.3,0.0,2018-04-19 15:30:01,刺网
4301,29.915416666666665,122.33652777777776,0.1,0.0,2018-04-19 15:40:01,刺网
4301,29.915555555555553,122.33647222222223,0.1,0.0,2018-04-19 15:50:01,刺网
4301,29.915527777777786,122.33647222222223,0.0,0.0,2018-04-19 16:01:01,刺网
4301,29.9155,122.33641666666666,0.0,0.0,2018-04-19 16:10:01,刺网
4301,29.91547222222223,122.33641666666666,0.0,0.0,2018-04-19 16:20:01,刺网
4301,29.9155,122.3365,0.0,0.0,2018-04-19 16:30:01,刺网
4301,29.915527777777786,122.3365,0.0,0.0,2018-04-19 16:40:01,刺网
4301,29.91544444444445,122.33647222222223,0.1,0.0,2018-04-19 16:50:01,刺网
4301,29.91547222222223,122.33644444444445,0.0,0.0,2018-04-19 17:00:01,刺网
4301,29.91544444444445,122.33647222222223,0.0,0.0,2018-04-19 17:10:01,刺网
4301,29.915416666666665,122.3365,0.0,0.0,2018-04-19 17:20:01,刺网
4301,29.9155,122.33644444444445,0.0,0.0,2018-04-19 17:30:01,刺网
4301,29.915555555555553,122.33636111111107,0.0,0.0,2018-04-19 17:40:01,刺网
4301,29.9155,122.33641666666666,0.0,0.0,2018-04-19 17:50:01,刺网
4301,29.91547222222223,122.33644444444445,0.0,0.0,2018-04-19 18:00:01,刺网
4301,29.91544444444445,122.33644444444445,0.1,0.0,2018-04-19 18:10:01,刺网
4301,29.915416666666665,122.33644444444445,0.1,0.0,2018-04-19 18:20:01,刺网
4301,29.91547222222223,122.33641666666666,0.1,0.0,2018-04-19 18:30:01,刺网
4301,29.91544444444445,122.33652777777776,0.0,0.0,2018-04-19 18:40:01,刺网
4301,29.915388888888888,122.3365,0.0,0.0,2018-04-19 18:50:01,刺网
4301,29.91547222222223,122.33647222222223,0.2,0.0,2018-04-19 19:00:01,刺网
4301,29.91533333333333,122.33652777777776,0.0,0.0,2018-04-19 19:10:01,刺网
4301,29.915527777777786,122.33630555555555,0.1,0.0,2018-04-19 19:20:01,刺网
4301,29.91536111111111,122.33655555555555,0.2,0.0,2018-04-19 19:30:01,刺网
4301,29.9155,122.33638888888888,0.4,127.0,2018-04-19 19:40:01,刺网
4301,29.9155,122.33627777777778,0.5,109.0,2018-04-19 19:50:01,刺网
4301,29.9155,122.33644444444445,0.0,0.0,2018-04-19 20:01:01,刺网
4301,29.915416666666665,122.33641666666666,0.0,0.0,2018-04-19 20:10:01,刺网
4301,29.91544444444445,122.33638888888888,0.0,0.0,2018-04-19 20:20:01,刺网
4301,29.91547222222223,122.33644444444445,0.0,0.0,2018-04-19 20:30:01,刺网
4301,29.91547222222223,122.33644444444445,0.0,0.0,2018-04-19 20:40:01,刺网
4301,29.91547222222223,122.33644444444445,0.0,0.0,2018-04-19 20:50:01,刺网
4301,29.91544444444445,122.33638888888888,0.0,0.0,2018-04-19 21:00:01,刺网
4301,29.91547222222223,122.33644444444445,0.0,0.0,2018-04-19 21:10:01,刺网
4301,29.915416666666665,122.33636111111107,0.0,0.0,2018-04-19 21:20:01,刺网
4301,29.915416666666665,122.33644444444445,0.0,0.0,2018-04-19 21:30:01,刺网
4301,29.915416666666665,122.33644444444445,0.0,0.0,2018-04-19 21:40:01,刺网
4301,29.9155,122.33641666666666,0.0,0.0,2018-04-19 21:50:01,刺网
4301,29.91558333333333,122.3365,0.1,0.0,2018-04-19 22:00:01,刺网
4301,29.91561111111111,122.33638888888888,0.1,0.0,2018-04-19 22:10:01,刺网
4301,29.915527777777786,122.33647222222223,0.1,0.0,2018-04-19 22:20:01,刺网
4301,29.915555555555553,122.33638888888888,0.1,0.0,2018-04-19 22:30:01,刺网
4301,29.91558333333333,122.33655555555555,0.1,0.0,2018-04-19 22:40:01,刺网
4301,29.91536111111111,122.33644444444445,0.1,0.0,2018-04-19 22:50:01,刺网
4301,29.91544444444445,122.33652777777776,0.1,0.0,2018-04-19 23:00:01,刺网
4301,29.91547222222223,122.33652777777776,0.1,0.0,2018-04-19 23:10:01,刺网
4301,29.915277777777767,122.33633333333331,4.8,23.0,2018-04-19 23:20:01,刺网
4301,29.915555555555553,122.33647222222223,0.0,0.0,2018-04-19 23:30:01,刺网
4301,29.915388888888888,122.33636111111107,0.1,0.0,2018-04-19 23:40:01,刺网
4301,29.91544444444445,122.33633333333331,0.4,0.0,2018-04-19 23:50:01,刺网
4301,29.915416666666665,122.33644444444445,0.0,0.0,2018-04-20 00:01:01,刺网
4301,29.91544444444445,122.33644444444445,0.0,0.0,2018-04-20 00:10:01,刺网
4301,29.91547222222223,122.33644444444445,0.0,0.0,2018-04-20 00:20:01,刺网
4301,29.91547222222223,122.33641666666666,0.0,0.0,2018-04-20 00:30:01,刺网
4301,29.91547222222223,122.33647222222223,0.0,0.0,2018-04-20 00:40:01,刺网
4301,29.91547222222223,122.33641666666666,0.0,0.0,2018-04-20 00:50:01,刺网
4301,29.91544444444445,122.33644444444445,0.0,0.0,2018-04-20 01:00:01,刺网
4301,29.91547222222223,122.33644444444445,0.0,0.0,2018-04-20 01:10:01,刺网
4301,29.91544444444445,122.33638888888888,0.0,0.0,2018-04-20 01:20:01,刺网
4301,29.91547222222223,122.33647222222223,0.0,0.0,2018-04-20 01:30:01,刺网
4301,29.91547222222223,122.33641666666666,0.0,0.0,2018-04-20 01:40:01,刺网
4301,29.91547222222223,122.33641666666666,0.0,0.0,2018-04-20 01:50:01,刺网
4301,29.91547222222223,122.33638888888888,0.0,0.0,2018-04-20 02:00:01,刺网
4301,29.91566666666667,122.33633333333331,0.0,0.0,2018-04-20 02:10:01,刺网
4301,29.915388888888888,122.33641666666666,0.0,0.0,2018-04-20 02:20:01,刺网
4301,29.915527777777786,122.33638888888888,0.0,0.0,2018-04-20 02:30:01,刺网
4301,29.91547222222223,122.33638888888888,0.0,0.0,2018-04-20 02:40:01,刺网
4301,29.91544444444445,122.33647222222223,0.0,0.0,2018-04-20 02:50:01,刺网
4301,29.915416666666665,122.33647222222223,0.1,0.0,2018-04-20 03:00:01,刺网
4301,29.915194444444445,122.33688888888888,0.0,0.0,2018-04-20 03:10:01,刺网
4301,29.91547222222223,122.33644444444445,0.1,0.0,2018-04-20 03:20:01,刺网
4301,29.915388888888888,122.33644444444445,0.1,0.0,2018-04-20 03:30:01,刺网
4301,29.91544444444445,122.33636111111107,0.1,0.0,2018-04-20 03:40:01,刺网
4301,29.91547222222223,122.33641666666666,0.0,0.0,2018-04-20 03:50:01,刺网
4301,29.91544444444445,122.33644444444445,0.0,0.0,2018-04-20 04:01:01,刺网
4301,29.9155,122.33647222222223,0.0,0.0,2018-04-20 04:10:01,刺网
4301,29.915527777777786,122.33644444444445,0.0,0.0,2018-04-20 04:20:01,刺网
4301,29.915388888888888,122.33638888888888,0.0,0.0,2018-04-20 04:30:01,刺网
4301,29.91544444444445,122.33644444444445,0.0,0.0,2018-04-20 04:40:01,刺网
4301,29.91544444444445,122.33641666666666,0.0,0.0,2018-04-20 04:50:01,刺网
4301,29.91547222222223,122.33641666666666,0.2,0.0,2018-04-20 05:00:01,刺网
4301,29.91533333333333,122.3365,0.1,0.0,2018-04-20 05:10:01,刺网
4301,29.91558333333333,122.33630555555555,0.1,0.0,2018-04-20 05:20:01,刺网
4301,29.91558333333333,122.33636111111107,0.1,0.0,2018-04-20 05:30:01,刺网
4301,29.9155,122.33641666666666,0.0,0.0,2018-04-20 05:40:01,刺网
4301,29.915388888888888,122.33647222222223,0.2,0.0,2018-04-20 05:50:01,刺网
4301,29.915555555555553,122.33633333333331,0.0,0.0,2018-04-20 06:00:01,刺网
4301,29.91544444444445,122.33638888888888,0.1,0.0,2018-04-20 06:10:01,刺网
4301,29.9155,122.33636111111107,0.0,0.0,2018-04-20 06:20:01,刺网
4301,29.915555555555553,122.33638888888888,0.0,0.0,2018-04-20 06:30:01,刺网
4301,29.91558333333333,122.33630555555555,0.1,0.0,2018-04-20 06:40:01,刺网
4301,29.91544444444445,122.33647222222223,0.0,0.0,2018-04-20 06:50:01,刺网
4301,29.915388888888888,122.33652777777776,0.0,0.0,2018-04-20 07:00:01,刺网
4301,29.91566666666667,122.33627777777778,0.3,0.0,2018-04-20 07:10:01,刺网
4301,29.915416666666665,122.33641666666666,0.0,0.0,2018-04-20 07:21:01,刺网
4301,29.91547222222223,122.33641666666666,0.0,0.0,2018-04-20 07:30:01,刺网
4301,29.91547222222223,122.33644444444445,0.0,0.0,2018-04-20 07:40:01,刺网
4301,29.91547222222223,122.33638888888888,0.0,0.0,2018-04-20 07:50:01,刺网
4301,29.91544444444445,122.33644444444445,0.0,0.0,2018-04-20 08:00:01,刺网
4301,29.915416666666665,122.33638888888888,0.0,0.0,2018-04-20 08:10:01,刺网
4301,29.915416666666665,122.33647222222223,0.0,0.0,2018-04-20 08:20:01,刺网
4301,29.915416666666665,122.33641666666666,0.0,0.0,2018-04-20 08:30:01,刺网
4301,29.915416666666665,122.33641666666666,0.0,0.0,2018-04-20 08:40:01,刺网
4301,29.91544444444445,122.33638888888888,0.0,0.0,2018-04-20 08:50:01,刺网
4301,29.915527777777786,122.33638888888888,0.0,0.0,2018-04-20 09:00:01,刺网
4301,29.915416666666665,122.33638888888888,0.0,0.0,2018-04-20 09:10:01,刺网
4301,29.9155,122.33647222222223,0.0,0.0,2018-04-20 09:20:01,刺网
4301,29.9155,122.33638888888888,0.1,0.0,2018-04-20 09:30:01,刺网
4301,29.9155,122.33652777777776,0.0,0.0,2018-04-20 09:40:01,刺网
4301,29.915527777777786,122.33647222222223,0.0,0.0,2018-04-20 09:50:01,刺网
4301,29.915416666666665,122.33647222222223,0.0,0.0,2018-04-20 10:01:01,刺网
4301,29.91547222222223,122.33644444444445,0.0,0.0,2018-04-20 10:10:01,刺网
4301,29.91547222222223,122.33647222222223,0.0,0.0,2018-04-20 10:20:01,刺网
4301,29.91544444444445,122.33647222222223,0.0,0.0,2018-04-20 10:30:01,刺网
4301,29.91547222222223,122.33644444444445,0.0,0.0,2018-04-20 10:40:01,刺网
4301,29.915416666666665,122.33647222222223,0.0,0.0,2018-04-20 10:50:01,刺网
4301,29.9155,122.33644444444445,0.0,0.0,2018-04-20 11:00:01,刺网
4301,29.91547222222223,122.33641666666666,0.0,0.0,2018-04-20 11:10:01,刺网
4301,29.9155,122.33638888888888,0.1,0.0,2018-04-20 11:20:01,刺网
4301,29.91547222222223,122.3365,0.0,0.0,2018-04-20 11:30:01,刺网
4301,29.91547222222223,122.33644444444445,0.0,0.0,2018-04-20 11:40:01,刺网
4301,29.915527777777786,122.33636111111107,0.1,0.0,2018-04-20 11:50:01,刺网
4301,29.9155,122.33647222222223,0.1,0.0,2018-04-20 12:00:01,刺网
4301,29.91536111111111,122.3365,0.1,0.0,2018-04-20 12:10:01,刺网
4301,29.91558333333333,122.33647222222223,0.0,0.0,2018-04-20 12:20:01,刺网
4301,29.915527777777786,122.3365,0.2,0.0,2018-04-20 12:30:01,刺网
4301,29.91561111111111,122.33647222222223,0.0,0.0,2018-04-20 12:40:01,刺网
4301,29.91544444444445,122.33633333333331,0.3,0.0,2018-04-20 12:50:01,刺网
4301,29.91563888888889,122.33641666666666,0.1,0.0,2018-04-20 13:00:01,刺网
4301,29.915527777777786,122.33644444444445,0.0,0.0,2018-04-20 13:11:01,刺网
4301,29.915527777777786,122.33644444444445,0.0,0.0,2018-04-20 13:20:01,刺网
4301,29.9155,122.33644444444445,0.0,0.0,2018-04-20 13:30:01,刺网
4301,29.91558333333333,122.33641666666666,0.0,0.0,2018-04-20 13:40:01,刺网
4301,29.915527777777786,122.33638888888888,0.0,0.0,2018-04-20 13:50:01,刺网
4301,29.915527777777786,122.33641666666666,0.0,0.0,2018-04-20 14:00:01,刺网
4301,29.9155,122.33644444444445,0.0,0.0,2018-04-20 14:10:01,刺网
4301,29.9155,122.33644444444445,0.0,0.0,2018-04-20 14:20:01,刺网
4301,29.915555555555553,122.33638888888888,0.0,0.0,2018-04-20 14:30:01,刺网
4301,29.9155,122.33644444444445,0.0,0.0,2018-04-20 14:40:01,刺网
4301,29.91547222222223,122.33647222222223,0.0,0.0,2018-04-20 14:50:01,刺网
4301,29.9155,122.33641666666666,0.0,0.0,2018-04-20 15:00:01,刺网
4301,29.91547222222223,122.33641666666666,0.0,0.0,2018-04-20 15:10:01,刺网
4301,29.91544444444445,122.33652777777776,0.0,0.0,2018-04-20 15:20:01,刺网
4301,29.91547222222223,122.33655555555555,0.0,0.0,2018-04-20 15:30:01,刺网
4301,29.91547222222223,122.3365,0.0,0.0,2018-04-20 15:40:01,刺网
4301,29.91544444444445,122.33655555555555,0.0,0.0,2018-04-20 15:51:01,刺网
4301,29.915527777777786,122.33644444444445,0.0,0.0,2018-04-20 16:01:01,刺网
4301,29.9155,122.3365,0.0,0.0,2018-04-20 16:10:01,刺网
4301,29.915416666666665,122.3365,0.0,0.0,2018-04-20 16:20:01,刺网
4301,29.915416666666665,122.33641666666666,0.1,0.0,2018-04-20 16:30:01,刺网
4301,29.91544444444445,122.33638888888888,0.0,0.0,2018-04-20 16:40:01,刺网
4301,29.91544444444445,122.33644444444445,0.0,0.0,2018-04-20 16:50:01,刺网
4301,29.91544444444445,122.33644444444445,0.0,0.0,2018-04-20 17:00:01,刺网
4301,29.915416666666665,122.3365,0.0,0.0,2018-04-20 17:10:01,刺网
4301,29.91547222222223,122.33641666666666,0.0,0.0,2018-04-20 17:20:01,刺网
4301,29.91547222222223,122.33641666666666,0.0,0.0,2018-04-20 17:30:01,刺网
4301,29.9155,122.33644444444445,0.0,0.0,2018-04-20 17:40:01,刺网
4301,29.9155,122.33644444444445,0.0,0.0,2018-04-20 17:50:01,刺网
4301,29.91544444444445,122.33647222222223,0.0,0.0,2018-04-20 18:00:01,刺网
4301,29.915388888888888,122.33652777777776,0.0,0.0,2018-04-20 18:10:01,刺网
4301,29.915416666666665,122.33647222222223,0.0,0.0,2018-04-20 18:20:01,刺网
4301,29.915527777777786,122.33638888888888,0.0,0.0,2018-04-20 18:30:01,刺网
4301,29.91547222222223,122.33644444444445,0.1,0.0,2018-04-20 18:40:01,刺网
4301,29.91558333333333,122.33633333333331,0.3,0.0,2018-04-20 18:50:01,刺网
4301,29.915527777777786,122.33638888888888,0.1,0.0,2018-04-20 19:00:01,刺网
4301,29.915555555555553,122.33636111111107,0.2,0.0,2018-04-20 19:10:01,刺网
4301,29.915555555555553,122.33630555555555,0.6,128.0,2018-04-20 19:20:01,刺网
4301,29.91561111111111,122.33622222222222,0.6,125.0,2018-04-20 19:30:01,刺网
4301,29.9155,122.33638888888888,0.3,0.0,2018-04-20 19:40:01,刺网
4301,29.91525,122.33738888888894,0.3,0.0,2018-04-20 19:50:01,刺网
4301,29.915527777777786,122.33647222222223,0.0,0.0,2018-04-20 20:01:01,刺网
4301,29.91547222222223,122.33647222222223,0.0,0.0,2018-04-20 20:10:01,刺网
4301,29.91536111111111,122.3365,0.0,0.0,2018-04-20 20:20:01,刺网
4301,29.91533333333333,122.33644444444445,0.0,0.0,2018-04-20 20:30:01,刺网
4301,29.91547222222223,122.33647222222223,0.0,0.0,2018-04-20 20:40:01,刺网
4301,29.915527777777786,122.33644444444445,0.0,0.0,2018-04-20 20:50:01,刺网
4301,29.915416666666665,122.33644444444445,0.0,0.0,2018-04-20 21:00:01,刺网
4301,29.91547222222223,122.33647222222223,0.0,0.0,2018-04-20 21:10:01,刺网
4301,29.91547222222223,122.33644444444445,0.0,0.0,2018-04-20 21:20:01,刺网
4301,29.915416666666665,122.33641666666666,0.1,0.0,2018-04-20 21:30:01,刺网
4301,29.915416666666665,122.33647222222223,0.0,0.0,2018-04-20 21:40:01,刺网
4301,29.915416666666665,122.33641666666666,0.1,0.0,2018-04-20 21:50:01,刺网
4301,29.915527777777786,122.33647222222223,0.1,0.0,2018-04-20 22:00:01,刺网
4301,29.915527777777786,122.33644444444445,0.0,0.0,2018-04-20 22:10:01,刺网
4301,29.91558333333333,122.33619444444444,0.0,0.0,2018-04-20 22:20:01,刺网
4301,29.9155,122.3365,0.0,0.0,2018-04-20 22:30:01,刺网
4301,29.915416666666665,122.33641666666666,0.0,0.0,2018-04-20 22:40:01,刺网
4301,29.91547222222223,122.33638888888888,0.0,0.0,2018-04-20 22:50:01,刺网
4301,29.91547222222223,122.33644444444445,0.1,0.0,2018-04-20 23:00:01,刺网
4301,29.91544444444445,122.33644444444445,0.0,0.0,2018-04-20 23:10:01,刺网
4301,29.9155,122.3365,0.1,0.0,2018-04-20 23:20:01,刺网
4301,29.91547222222223,122.33641666666666,0.2,0.0,2018-04-20 23:30:01,刺网
4301,29.915416666666665,122.33666666666666,0.3,0.0,2018-04-20 23:40:01,刺网
4301,29.91544444444445,122.33638888888888,0.2,0.0,2018-04-20 23:50:01,刺网
4301,29.915527777777786,122.33641666666666,0.1,0.0,2018-04-21 00:01:01,刺网
4301,29.91544444444445,122.33644444444445,0.0,0.0,2018-04-21 00:11:01,刺网
4301,29.91547222222223,122.33638888888888,0.0,0.0,2018-04-21 00:20:01,刺网
4301,29.91544444444445,122.33641666666666,0.0,0.0,2018-04-21 00:30:01,刺网
4301,29.91547222222223,122.33644444444445,0.0,0.0,2018-04-21 00:40:01,刺网
4301,29.91544444444445,122.33644444444445,0.0,0.0,2018-04-21 00:50:01,刺网
4301,29.91547222222223,122.33641666666666,0.0,0.0,2018-04-21 01:00:01,刺网
4301,29.91544444444445,122.33644444444445,0.0,0.0,2018-04-21 01:10:01,刺网
4301,29.91544444444445,122.33644444444445,0.0,0.0,2018-04-21 01:20:01,刺网
4301,29.91547222222223,122.33647222222223,0.0,0.0,2018-04-21 01:30:01,刺网
4301,29.91544444444445,122.33644444444445,0.0,0.0,2018-04-21 01:40:01,刺网
4301,29.91547222222223,122.33644444444445,0.0,0.0,2018-04-21 01:50:01,刺网
4301,29.91547222222223,122.33644444444445,0.0,0.0,2018-04-21 02:00:01,刺网
4301,29.91544444444445,122.33644444444445,0.0,0.0,2018-04-21 02:10:01,刺网
4301,29.91547222222223,122.33647222222223,0.0,0.0,2018-04-21 02:20:01,刺网
4301,29.91544444444445,122.33638888888888,0.0,0.0,2018-04-21 02:30:01,刺网
4301,29.91533333333333,122.33652777777776,0.0,0.0,2018-04-21 02:40:01,刺网
4301,29.91561111111111,122.33630555555555,0.0,0.0,2018-04-21 02:50:01,刺网
4301,29.915388888888888,122.3365,0.2,0.0,2018-04-21 03:00:01,刺网
4301,29.915527777777786,122.33647222222223,0.2,0.0,2018-04-21 03:10:01,刺网
4301,29.91536111111111,122.33647222222223,0.3,0.0,2018-04-21 03:20:01,刺网
4301,29.9155,122.33644444444445,0.1,0.0,2018-04-21 03:30:01,刺网
4301,29.91566666666667,122.33630555555555,0.1,0.0,2018-04-21 03:40:01,刺网
4301,29.91547222222223,122.33638888888888,0.0,0.0,2018-04-21 03:50:01,刺网
4301,29.91544444444445,122.33644444444445,0.0,0.0,2018-04-21 04:01:01,刺网
4301,29.915416666666665,122.33638888888888,0.1,0.0,2018-04-21 04:10:01,刺网
4301,29.915416666666665,122.33638888888888,0.0,0.0,2018-04-21 04:20:01,刺网
4301,29.91547222222223,122.33641666666666,0.0,0.0,2018-04-21 04:30:01,刺网
4301,29.91547222222223,122.33647222222223,0.0,0.0,2018-04-21 04:40:01,刺网
4301,29.915388888888888,122.33647222222223,0.0,0.0,2018-04-21 04:50:01,刺网
4301,29.915555555555553,122.33638888888888,0.0,0.0,2018-04-21 05:01:01,刺网
4301,29.91547222222223,122.33641666666666,0.0,0.0,2018-04-21 05:10:01,刺网
4301,29.91544444444445,122.33644444444445,0.0,0.0,2018-04-21 05:20:01,刺网
4301,29.91547222222223,122.33641666666666,0.0,0.0,2018-04-21 05:30:01,刺网
4301,29.91547222222223,122.33641666666666,0.0,0.0,2018-04-21 05:40:01,刺网
4301,29.9155,122.33647222222223,0.0,0.0,2018-04-21 05:50:01,刺网
4301,29.9155,122.33644444444445,0.0,0.0,2018-04-21 06:00:01,刺网
4301,29.91547222222223,122.33641666666666,0.0,0.0,2018-04-21 06:10:01,刺网
4301,29.91544444444445,122.33644444444445,0.0,0.0,2018-04-21 06:20:01,刺网
4301,29.91544444444445,122.33641666666666,0.0,0.0,2018-04-21 06:30:01,刺网
4301,29.915527777777786,122.33644444444445,0.0,0.0,2018-04-21 06:40:01,刺网
4301,29.91547222222223,122.33644444444445,0.0,0.0,2018-04-21 06:50:01,刺网
4301,29.9155,122.3365,0.0,0.0,2018-04-21 07:00:01,刺网
4301,29.91547222222223,122.33644444444445,0.0,0.0,2018-04-21 07:10:01,刺网
4301,29.9155,122.33638888888888,0.0,0.0,2018-04-21 07:20:01,刺网
4301,29.91547222222223,122.3365,0.0,0.0,2018-04-21 07:30:01,刺网
4301,29.91547222222223,122.33644444444445,0.1,0.0,2018-04-21 07:40:01,刺网
4301,29.915555555555553,122.33638888888888,0.1,0.0,2018-04-21 07:50:01,刺网
4301,29.9155,122.33641666666666,0.0,0.0,2018-04-21 08:01:01,刺网
4301,29.91547222222223,122.33641666666666,0.0,0.0,2018-04-21 08:10:01,刺网
4301,29.915527777777786,122.33647222222223,0.0,0.0,2018-04-21 08:20:01,刺网
4301,29.91544444444445,122.33638888888888,0.0,0.0,2018-04-21 08:30:01,刺网
4301,29.915416666666665,122.33644444444445,0.0,0.0,2018-04-21 08:40:01,刺网
4301,29.91544444444445,122.33644444444445,0.0,0.0,2018-04-21 08:50:01,刺网
4301,29.91544444444445,122.33641666666666,0.0,0.0,2018-04-21 09:00:01,刺网
4301,29.91547222222223,122.33647222222223,0.0,0.0,2018-04-21 09:10:01,刺网
4301,29.91547222222223,122.33644444444445,0.0,0.0,2018-04-21 09:20:01,刺网
4301,29.91544444444445,122.33644444444445,0.0,0.0,2018-04-21 09:30:01,刺网
4301,29.915416666666665,122.33647222222223,0.0,0.0,2018-04-21 09:40:01,刺网
4301,29.91547222222223,122.33647222222223,0.0,0.0,2018-04-21 09:50:01,刺网
4301,29.9155,122.33647222222223,0.0,0.0,2018-04-21 10:00:01,刺网
4301,29.91544444444445,122.33647222222223,0.0,0.0,2018-04-21 10:10:01,刺网
4301,29.9155,122.33647222222223,0.0,0.0,2018-04-21 10:20:01,刺网
4301,29.91544444444445,122.3365,0.0,0.0,2018-04-21 10:30:01,刺网
4301,29.91558333333333,122.33641666666666,0.0,0.0,2018-04-21 10:40:01,刺网
4301,29.91547222222223,122.33638888888888,0.0,0.0,2018-04-21 10:50:01,刺网
4301,29.915555555555553,122.33647222222223,0.0,0.0,2018-04-21 11:00:01,刺网
4301,29.915416666666665,122.33658333333334,1.0,102.0,2018-04-21 11:10:01,刺网
4301,29.9155,122.33658333333334,0.0,0.0,2018-04-21 11:20:01,刺网
4301,29.91533333333333,122.33666666666666,2.0,104.0,2018-04-21 11:30:01,刺网
4301,29.91530555555555,122.33666666666666,0.0,0.0,2018-04-21 11:40:01,刺网
4301,29.915416666666665,122.33641666666666,1.5,105.0,2018-04-21 11:50:01,刺网
4301,29.91544444444445,122.33647222222223,0.0,0.0,2018-04-21 12:01:01,刺网
4301,29.91544444444445,122.33647222222223,0.0,0.0,2018-04-21 12:10:01,刺网
4301,29.91547222222223,122.33641666666666,0.0,0.0,2018-04-21 12:30:01,刺网
4301,29.915555555555553,122.3365,0.1,0.0,2018-04-21 12:40:01,刺网
4301,29.915527777777786,122.33638888888888,0.0,0.0,2018-04-21 12:50:01,刺网
4301,29.915527777777786,122.33644444444445,0.0,0.0,2018-04-21 13:10:01,刺网
4301,29.9155,122.33644444444445,0.0,0.0,2018-04-21 13:20:01,刺网
4301,29.9155,122.33641666666666,0.0,0.0,2018-04-21 13:30:01,刺网
4301,29.915416666666665,122.33644444444445,0.0,0.0,2018-04-21 13:40:01,刺网
4301,29.915416666666665,122.33652777777776,0.0,0.0,2018-04-21 13:50:01,刺网
4301,29.91536111111111,122.33658333333334,0.1,0.0,2018-04-21 14:00:01,刺网
4301,29.915416666666665,122.33644444444445,0.2,0.0,2018-04-21 14:10:01,刺网
4301,29.91533333333333,122.33652777777776,0.5,140.0,2018-04-21 14:20:01,刺网
4301,29.915055555555554,122.33688888888888,0.0,0.0,2018-04-21 14:30:01,刺网
4301,29.91547222222223,122.33644444444445,0.2,0.0,2018-04-21 14:40:01,刺网
4301,29.91533333333333,122.33652777777776,0.1,0.0,2018-04-21 15:00:01,刺网
4301,29.9155,122.3365,0.3,0.0,2018-04-21 15:10:01,刺网
4301,29.915527777777786,122.33647222222223,0.1,0.0,2018-04-21 15:20:01,刺网
4301,29.91536111111111,122.33661111111113,0.2,0.0,2018-04-21 15:30:01,刺网
4301,29.91547222222223,122.33647222222223,0.0,0.0,2018-04-21 15:40:01,刺网
4301,29.91547222222223,122.33636111111107,0.0,0.0,2018-04-21 15:50:01,刺网
4301,29.91547222222223,122.33644444444445,0.0,0.0,2018-04-21 16:00:01,刺网
4301,29.915527777777786,122.33638888888888,0.0,0.0,2018-04-21 16:10:01,刺网
4301,29.91544444444445,122.33647222222223,0.0,0.0,2018-04-21 16:20:01,刺网
4301,29.915555555555553,122.33647222222223,0.0,0.0,2018-04-21 16:30:01,刺网
4301,29.91547222222223,122.33647222222223,0.0,0.0,2018-04-21 16:40:01,刺网
4301,29.915416666666665,122.3365,0.0,0.0,2018-04-21 16:50:01,刺网
4301,29.9155,122.33641666666666,0.0,0.0,2018-04-21 17:00:01,刺网
4301,29.915416666666665,122.33641666666666,0.0,0.0,2018-04-21 17:10:01,刺网
4301,29.91544444444445,122.33644444444445,0.0,0.0,2018-04-21 17:20:01,刺网
4301,29.915416666666665,122.33647222222223,0.0,0.0,2018-04-21 17:30:01,刺网
4301,29.915527777777786,122.33636111111107,0.1,0.0,2018-04-21 17:40:01,刺网
4301,29.915416666666665,122.33644444444445,0.1,0.0,2018-04-21 17:50:01,刺网
4301,29.91547222222223,122.33644444444445,0.3,138.0,2018-04-21 18:00:01,刺网
4301,29.915527777777786,122.33633333333331,0.3,0.0,2018-04-21 18:10:01,刺网
4301,29.91569444444444,122.33627777777778,0.2,0.0,2018-04-21 18:20:01,刺网
4301,29.915416666666665,122.3365,0.2,0.0,2018-04-21 18:30:01,刺网
4301,29.91525,122.33669444444445,0.1,0.0,2018-04-21 18:40:01,刺网
4301,29.915111111111113,122.33677777777777,0.1,0.0,2018-04-21 18:50:01,刺网
4301,29.915416666666665,122.33652777777776,0.1,0.0,2018-04-21 19:00:01,刺网
4301,29.91544444444445,122.3365,0.2,0.0,2018-04-21 19:10:01,刺网
4301,29.91547222222223,122.33647222222223,0.0,0.0,2018-04-21 19:20:01,刺网
4301,29.9155,122.33641666666666,0.0,0.0,2018-04-21 19:30:01,刺网
4301,29.915527777777786,122.33644444444445,0.1,0.0,2018-04-21 19:40:01,刺网
4301,29.91547222222223,122.3365,0.0,0.0,2018-04-21 19:50:01,刺网
4301,29.915416666666665,122.33644444444445,0.0,0.0,2018-04-21 20:00:01,刺网
4301,29.91547222222223,122.33647222222223,0.1,0.0,2018-04-21 20:10:01,刺网
4301,29.91533333333333,122.3365,0.0,0.0,2018-04-21 20:20:01,刺网
4301,29.91544444444445,122.3365,0.1,0.0,2018-04-21 20:30:01,刺网
4301,29.91547222222223,122.33647222222223,0.0,0.0,2018-04-21 20:40:01,刺网
4301,29.91547222222223,122.33647222222223,0.0,0.0,2018-04-21 20:50:01,刺网
4301,29.91547222222223,122.33647222222223,0.0,0.0,2018-04-21 21:00:01,刺网
4301,29.91544444444445,122.33644444444445,0.0,0.0,2018-04-21 21:10:01,刺网
4301,29.91547222222223,122.33644444444445,0.0,0.0,2018-04-21 21:20:01,刺网
4301,29.9155,122.33641666666666,0.0,0.0,2018-04-21 21:30:01,刺网
4301,29.91547222222223,122.33644444444445,0.0,0.0,2018-04-21 21:40:01,刺网
4301,29.915555555555553,122.33647222222223,0.0,0.0,2018-04-21 21:50:01,刺网
4301,29.915527777777786,122.33644444444445,0.0,0.0,2018-04-21 22:00:01,刺网
4301,29.915388888888888,122.33638888888888,0.0,0.0,2018-04-21 22:10:01,刺网
4301,29.915416666666665,122.33638888888888,0.0,0.0,2018-04-21 22:30:01,刺网
4301,29.91544444444445,122.33641666666666,0.0,0.0,2018-04-21 22:40:01,刺网
4301,29.91544444444445,122.33641666666666,0.0,0.0,2018-04-21 22:50:01,刺网
4301,29.91544444444445,122.33644444444445,0.0,0.0,2018-04-21 23:00:01,刺网
4301,29.91544444444445,122.33641666666666,0.0,0.0,2018-04-21 23:10:01,刺网
4301,29.9155,122.33638888888888,0.0,0.0,2018-04-21 23:20:01,刺网
4301,29.91544444444445,122.33638888888888,0.0,0.0,2018-04-21 23:30:01,刺网
4301,29.91544444444445,122.33627777777778,0.2,0.0,2018-04-21 23:40:01,刺网
4301,29.91544444444445,122.33644444444445,0.0,0.0,2018-04-21 23:50:01,刺网
4301,29.91547222222223,122.33644444444445,0.0,0.0,2018-04-22 00:10:01,刺网
4301,29.91544444444445,122.33641666666666,0.0,0.0,2018-04-22 00:20:01,刺网
4301,29.91547222222223,122.33644444444445,0.0,0.0,2018-04-22 00:30:01,刺网
4301,29.91547222222223,122.33644444444445,0.0,0.0,2018-04-22 00:40:01,刺网
4301,29.91547222222223,122.33644444444445,0.0,0.0,2018-04-22 00:50:01,刺网
4301,29.915416666666665,122.33644444444445,0.0,0.0,2018-04-22 01:00:01,刺网
4301,29.91547222222223,122.33647222222223,0.0,0.0,2018-04-22 01:10:01,刺网
4301,29.915416666666665,122.3365,0.0,0.0,2018-04-22 01:20:01,刺网
4301,29.91544444444445,122.33644444444445,0.0,0.0,2018-04-22 01:30:01,刺网
4301,29.91544444444445,122.33644444444445,0.0,0.0,2018-04-22 01:40:01,刺网
4301,29.91547222222223,122.33644444444445,0.0,0.0,2018-04-22 01:50:01,刺网
4301,29.915416666666665,122.33647222222223,0.0,0.0,2018-04-22 02:00:01,刺网
4301,29.91547222222223,122.33641666666666,0.0,0.0,2018-04-22 02:10:01,刺网
4301,29.915416666666665,122.33641666666666,0.0,0.0,2018-04-22 02:20:01,刺网
4301,29.915388888888888,122.3365,0.0,0.0,2018-04-22 02:30:01,刺网
4301,29.915416666666665,122.33641666666666,0.0,0.0,2018-04-22 02:40:01,刺网
4301,29.91544444444445,122.33647222222223,0.0,0.0,2018-04-22 02:50:01,刺网
4301,29.91536111111111,122.33655555555555,0.1,0.0,2018-04-22 03:00:01,刺网
4301,29.915388888888888,122.33655555555555,0.0,0.0,2018-04-22 03:10:01,刺网
4301,29.915388888888888,122.33644444444445,0.1,0.0,2018-04-22 03:20:01,刺网
4301,29.91547222222223,122.33644444444445,0.0,0.0,2018-04-22 03:30:01,刺网
4301,29.91544444444445,122.33630555555555,0.0,0.0,2018-04-22 03:40:01,刺网
4301,29.91544444444445,122.33647222222223,0.0,0.0,2018-04-22 03:50:01,刺网
4301,29.915527777777786,122.3365,0.0,0.0,2018-04-22 04:00:01,刺网
4301,29.91547222222223,122.33647222222223,0.0,0.0,2018-04-22 04:10:01,刺网
4301,29.915416666666665,122.33638888888888,0.1,0.0,2018-04-22 04:20:01,刺网
4301,29.91544444444445,122.33647222222223,0.0,0.0,2018-04-22 04:30:01,刺网
4301,29.91547222222223,122.33644444444445,0.0,0.0,2018-04-22 04:40:01,刺网
4301,29.91558333333333,122.33636111111107,0.1,0.0,2018-04-22 04:50:01,刺网
4301,29.915777777777766,122.33622222222222,0.1,0.0,2018-04-22 05:00:01,刺网
4301,29.915527777777786,122.33638888888888,0.1,0.0,2018-04-22 05:10:01,刺网
4301,29.91544444444445,122.33644444444445,0.1,0.0,2018-04-22 05:20:01,刺网
4301,29.9155,122.33641666666666,0.0,0.0,2018-04-22 05:30:01,刺网
4301,29.91547222222223,122.33644444444445,0.0,0.0,2018-04-22 05:40:01,刺网
4301,29.9155,122.33644444444445,0.0,0.0,2018-04-22 05:50:01,刺网
4301,29.9155,122.33647222222223,0.0,0.0,2018-04-22 06:00:01,刺网
4301,29.9155,122.3365,0.0,0.0,2018-04-22 06:10:01,刺网
4301,29.91547222222223,122.33647222222223,0.0,0.0,2018-04-22 06:20:01,刺网
4301,29.9155,122.33644444444445,0.0,0.0,2018-04-22 09:20:01,刺网
4301,29.91547222222223,122.33644444444445,0.1,0.0,2018-04-22 09:30:01,刺网
4301,29.91547222222223,122.33641666666666,0.0,0.0,2018-04-22 09:40:01,刺网
4301,29.9155,122.33641666666666,0.0,0.0,2018-04-22 09:50:01,刺网
4301,29.9155,122.33644444444445,0.0,0.0,2018-04-22 10:00:01,刺网
4301,29.915555555555553,122.33638888888888,0.0,0.0,2018-04-22 10:10:01,刺网
4301,29.9155,122.33644444444445,0.0,0.0,2018-04-22 10:20:01,刺网
4301,29.915416666666665,122.33647222222223,0.0,0.0,2018-04-22 10:30:01,刺网
4301,29.91544444444445,122.33644444444445,0.0,0.0,2018-04-22 10:40:01,刺网
4301,29.9155,122.33644444444445,0.0,0.0,2018-04-22 10:50:01,刺网
4301,29.9155,122.33647222222223,0.0,0.0,2018-04-22 11:00:01,刺网
4301,29.91547222222223,122.33658333333334,0.0,0.0,2018-04-22 11:10:01,刺网
4301,29.91547222222223,122.33647222222223,0.1,0.0,2018-04-22 11:20:01,刺网
4301,29.9155,122.3365,0.2,0.0,2018-04-22 11:30:01,刺网
4301,29.91547222222223,122.3365,0.2,0.0,2018-04-22 11:40:01,刺网
4301,29.9155,122.33638888888888,0.0,0.0,2018-04-22 11:50:01,刺网
4301,29.9155,122.33647222222223,0.0,0.0,2018-04-22 12:10:01,刺网
4301,29.915527777777786,122.33641666666666,0.0,0.0,2018-04-22 12:20:01,刺网
4301,29.91547222222223,122.33658333333334,0.0,0.0,2018-04-22 12:30:01,刺网
4301,29.915527777777786,122.33644444444445,0.0,0.0,2018-04-22 12:40:01,刺网
4301,29.915527777777786,122.33647222222223,0.0,0.0,2018-04-22 12:50:01,刺网
4301,29.9155,122.33647222222223,0.0,0.0,2018-04-22 13:00:01,刺网
4301,29.91544444444445,122.33644444444445,0.0,0.0,2018-04-22 13:10:01,刺网
4301,29.915527777777786,122.33641666666666,0.0,0.0,2018-04-22 13:20:01,刺网
4301,29.91547222222223,122.33644444444445,0.0,0.0,2018-04-22 13:30:01,刺网
4301,29.91547222222223,122.33644444444445,0.0,0.0,2018-04-22 13:40:01,刺网
4301,29.915555555555553,122.33644444444445,0.0,0.0,2018-04-22 13:50:01,刺网
4301,29.9155,122.33641666666666,0.0,0.0,2018-04-22 14:00:01,刺网
4301,29.915555555555553,122.33644444444445,0.0,0.0,2018-04-22 14:10:01,刺网
4301,29.91547222222223,122.33644444444445,0.1,0.0,2018-04-22 14:20:01,刺网
4301,29.9155,122.33644444444445,0.1,0.0,2018-04-22 14:30:01,刺网
4301,29.91547222222223,122.33644444444445,0.0,0.0,2018-04-22 14:40:01,刺网
4301,29.915555555555553,122.33638888888888,0.1,0.0,2018-04-22 15:00:01,刺网
4301,29.915722222222207,122.33622222222222,0.1,0.0,2018-04-22 15:10:01,刺网
4301,29.915555555555553,122.33633333333331,0.1,0.0,2018-04-22 15:20:01,刺网
4301,29.9155,122.33647222222223,0.0,0.0,2018-04-22 15:30:01,刺网
4301,29.915527777777786,122.33644444444445,0.0,0.0,2018-04-22 15:40:01,刺网
4301,29.91544444444445,122.33641666666666,0.0,0.0,2018-04-22 15:50:01,刺网
4301,29.91547222222223,122.33644444444445,0.0,0.0,2018-04-22 16:00:01,刺网
4301,29.9155,122.33644444444445,0.0,0.0,2018-04-22 16:10:01,刺网
4301,29.91547222222223,122.33641666666666,0.0,0.0,2018-04-22 16:20:01,刺网
4301,29.91547222222223,122.33638888888888,0.0,0.0,2018-04-22 16:30:01,刺网
4301,29.91547222222223,122.33641666666666,0.0,0.0,2018-04-22 16:40:01,刺网
4301,29.91544444444445,122.33644444444445,0.0,0.0,2018-04-22 16:50:01,刺网
4301,29.91544444444445,122.33644444444445,0.0,0.0,2018-04-22 17:00:01,刺网
4301,29.915416666666665,122.33641666666666,0.0,0.0,2018-04-22 17:10:01,刺网
4301,29.91544444444445,122.33644444444445,0.0,0.0,2018-04-22 17:20:01,刺网
4301,29.91544444444445,122.3365,0.0,0.0,2018-04-22 17:30:01,刺网
4301,29.9155,122.33638888888888,0.0,0.0,2018-04-22 17:40:01,刺网
4301,29.91547222222223,122.33638888888888,0.1,0.0,2018-04-22 17:50:01,刺网
4301,29.91544444444445,122.33644444444445,0.0,0.0,2018-04-22 18:10:01,刺网
4301,29.91544444444445,122.33644444444445,0.0,0.0,2018-04-22 18:20:01,刺网
4301,29.9155,122.33644444444445,0.0,0.0,2018-04-22 18:30:01,刺网
4301,29.91547222222223,122.33644444444445,0.0,0.0,2018-04-22 18:40:01,刺网
4301,29.915527777777786,122.33641666666666,0.0,0.0,2018-04-22 18:50:01,刺网
4301,29.9155,122.33644444444445,0.0,0.0,2018-04-22 19:00:01,刺网
4301,29.91547222222223,122.33647222222223,0.0,0.0,2018-04-22 19:10:01,刺网
4301,29.915416666666665,122.33647222222223,0.0,0.0,2018-04-22 19:20:01,刺网
4301,29.91547222222223,122.3365,0.0,0.0,2018-04-22 19:30:01,刺网
4301,29.91547222222223,122.33644444444445,0.1,0.0,2018-04-22 19:40:01,刺网
4301,29.9155,122.33647222222223,0.1,0.0,2018-04-22 19:50:01,刺网
4301,29.91544444444445,122.33655555555555,0.2,0.0,2018-04-22 20:00:01,刺网
4301,29.915527777777786,122.33641666666666,0.2,0.0,2018-04-22 20:10:01,刺网
4301,29.915527777777786,122.33644444444445,0.2,0.0,2018-04-22 20:20:01,刺网
4301,29.9155,122.33622222222222,0.3,0.0,2018-04-22 20:30:01,刺网
4301,29.915527777777786,122.33613888888887,0.4,0.0,2018-04-22 20:40:01,刺网
4301,29.91544444444445,122.3365,0.2,0.0,2018-04-22 20:50:01,刺网
4301,29.915388888888888,122.33644444444445,0.2,0.0,2018-04-22 21:00:01,刺网
4301,29.91544444444445,122.33644444444445,0.0,0.0,2018-04-22 21:10:01,刺网
4301,29.91547222222223,122.33641666666666,0.0,0.0,2018-04-22 21:20:01,刺网
4301,29.9155,122.33644444444445,0.0,0.0,2018-04-22 21:30:01,刺网
4301,29.91547222222223,122.33647222222223,0.0,0.0,2018-04-22 21:40:01,刺网
4301,29.91544444444445,122.33644444444445,0.1,0.0,2018-04-22 21:50:01,刺网
4301,29.91544444444445,122.33647222222223,0.1,0.0,2018-04-22 22:00:01,刺网
4301,29.91547222222223,122.33647222222223,0.0,0.0,2018-04-22 22:10:01,刺网
4301,29.91544444444445,122.33644444444445,0.0,0.0,2018-04-22 22:20:01,刺网
4301,29.91544444444445,122.33641666666666,0.0,0.0,2018-04-22 22:30:01,刺网
4301,29.9155,122.33641666666666,0.0,0.0,2018-04-22 22:40:01,刺网
4301,29.91544444444445,122.33644444444445,0.0,0.0,2018-04-22 22:50:01,刺网
4301,29.915555555555553,122.33655555555555,0.2,0.0,2018-04-22 23:00:01,刺网
4301,29.9155,122.33641666666666,0.0,0.0,2018-04-22 23:10:01,刺网
4301,29.91544444444445,122.33647222222223,0.0,0.0,2018-04-22 23:20:01,刺网
4301,29.9155,122.33644444444445,0.0,0.0,2018-04-22 23:30:01,刺网
4301,29.915527777777786,122.33647222222223,0.0,0.0,2018-04-22 23:40:01,刺网
4301,29.91544444444445,122.33641666666666,0.0,0.0,2018-04-22 23:50:01,刺网
4301,29.91544444444445,122.33644444444445,0.0,0.0,2018-04-23 00:10:01,刺网
4301,29.9155,122.33644444444445,0.0,0.0,2018-04-23 00:20:01,刺网
4301,29.91544444444445,122.3365,0.0,0.0,2018-04-23 00:30:01,刺网
4301,29.9155,122.33644444444445,0.0,0.0,2018-04-23 00:40:01,刺网
4301,29.91544444444445,122.33647222222223,0.0,0.0,2018-04-23 00:50:01,刺网
4301,29.9155,122.33644444444445,0.0,0.0,2018-04-23 01:00:01,刺网
4301,29.91547222222223,122.33644444444445,0.0,0.0,2018-04-23 01:10:01,刺网
4301,29.915416666666665,122.33644444444445,0.0,0.0,2018-04-23 01:20:01,刺网
4301,29.91544444444445,122.33644444444445,0.0,0.0,2018-04-23 01:30:01,刺网
4301,29.91547222222223,122.33644444444445,0.0,0.0,2018-04-23 01:40:01,刺网
4301,29.91547222222223,122.33644444444445,0.0,0.0,2018-04-23 01:50:01,刺网
4301,29.915527777777786,122.33641666666666,0.0,0.0,2018-04-23 02:00:01,刺网
4301,29.91544444444445,122.33647222222223,0.0,0.0,2018-04-23 02:10:01,刺网
4301,29.91544444444445,122.33647222222223,0.0,0.0,2018-04-23 02:20:01,刺网
4301,29.91547222222223,122.33641666666666,0.0,0.0,2018-04-23 02:30:01,刺网
4301,29.91544444444445,122.33644444444445,0.0,0.0,2018-04-23 02:40:01,刺网
4301,29.9155,122.33641666666666,0.1,0.0,2018-04-23 02:50:01,刺网
4301,29.9155,122.33641666666666,0.1,0.0,2018-04-23 03:00:01,刺网
4301,29.9155,122.33644444444445,0.1,0.0,2018-04-23 03:10:01,刺网
4301,29.91569444444444,122.33638888888888,0.0,0.0,2018-04-23 03:20:01,刺网
4301,29.915388888888888,122.33647222222223,0.2,0.0,2018-04-23 03:30:01,刺网
4301,29.91558333333333,122.33638888888888,0.1,0.0,2018-04-23 03:40:01,刺网
4301,29.91544444444445,122.33647222222223,0.1,0.0,2018-04-23 03:50:01,刺网
4301,29.91544444444445,122.33644444444445,0.0,0.0,2018-04-23 04:00:01,刺网
4301,29.91544444444445,122.33644444444445,0.0,0.0,2018-04-23 04:10:01,刺网
4301,29.91547222222223,122.33647222222223,0.0,0.0,2018-04-23 04:20:01,刺网
4301,29.915416666666665,122.33641666666666,0.0,0.0,2018-04-23 04:30:01,刺网
4301,29.91547222222223,122.33644444444445,0.0,0.0,2018-04-23 04:40:01,刺网
4301,29.915416666666665,122.33644444444445,0.0,0.0,2018-04-23 04:50:01,刺网
4301,29.91544444444445,122.33641666666666,0.0,0.0,2018-04-23 05:00:01,刺网
4301,29.91544444444445,122.33644444444445,0.0,0.0,2018-04-23 05:10:01,刺网
4301,29.9155,122.33644444444445,0.0,0.0,2018-04-23 05:20:01,刺网
4301,29.91544444444445,122.33644444444445,0.0,0.0,2018-04-23 05:30:01,刺网
4301,29.91547222222223,122.33644444444445,0.0,0.0,2018-04-23 05:40:01,刺网
4301,29.91547222222223,122.33644444444445,0.0,0.0,2018-04-23 05:50:01,刺网
4301,29.91547222222223,122.33647222222223,0.0,0.0,2018-04-23 06:00:01,刺网
4301,29.915527777777786,122.33638888888888,0.0,0.0,2018-04-23 06:10:01,刺网
4301,29.91547222222223,122.33638888888888,0.0,0.0,2018-04-23 06:20:01,刺网
4301,29.91547222222223,122.33638888888888,0.0,0.0,2018-04-23 06:30:01,刺网
4301,29.91547222222223,122.33647222222223,0.0,0.0,2018-04-23 06:40:01,刺网
4301,29.915388888888888,122.33647222222223,0.0,0.0,2018-04-23 06:50:01,刺网
4301,29.91544444444445,122.33644444444445,0.1,0.0,2018-04-23 07:00:01,刺网
4301,29.915388888888888,122.33672222222219,0.3,0.0,2018-04-23 07:10:01,刺网
4301,29.91544444444445,122.33638888888888,0.2,0.0,2018-04-23 07:20:01,刺网
4301,29.91547222222223,122.33630555555555,0.3,0.0,2018-04-23 07:30:01,刺网
4301,29.915527777777786,122.33627777777778,0.8,113.0,2018-04-23 07:40:01,刺网
4301,29.915416666666665,122.33652777777776,0.4,110.0,2018-04-23 07:50:01,刺网
4301,29.91544444444445,122.33644444444445,0.0,0.0,2018-04-23 08:10:01,刺网
4301,29.91544444444445,122.33647222222223,0.0,0.0,2018-04-23 08:20:01,刺网
4301,29.915416666666665,122.33644444444445,0.0,0.0,2018-04-23 08:30:01,刺网
4301,29.915416666666665,122.33644444444445,0.0,0.0,2018-04-23 08:40:01,刺网
4301,29.91547222222223,122.33641666666666,0.0,0.0,2018-04-23 08:50:01,刺网
4301,29.915416666666665,122.33647222222223,0.0,0.0,2018-04-23 09:10:01,刺网
4301,29.91544444444445,122.33636111111107,0.0,0.0,2018-04-23 09:20:01,刺网
4301,29.91547222222223,122.33641666666666,0.0,0.0,2018-04-23 09:30:01,刺网
4301,29.91544444444445,122.33644444444445,0.0,0.0,2018-04-23 09:50:01,刺网
4301,29.91544444444445,122.33644444444445,0.0,0.0,2018-04-23 10:00:01,刺网
4301,29.9155,122.33641666666666,0.0,0.0,2018-04-23 10:10:01,刺网
4301,29.91530555555555,122.33652777777776,0.1,0.0,2018-04-23 10:20:01,刺网
4301,29.9155,122.33644444444445,0.0,0.0,2018-04-23 10:30:01,刺网
4301,29.91544444444445,122.33644444444445,0.0,0.0,2018-04-23 10:40:01,刺网
4301,29.91544444444445,122.33644444444445,0.0,0.0,2018-04-23 10:50:01,刺网
4301,29.91547222222223,122.3365,0.0,0.0,2018-04-23 11:00:01,刺网
4301,29.91547222222223,122.33652777777776,0.0,0.0,2018-04-23 11:10:01,刺网
4301,29.91544444444445,122.33647222222223,0.0,0.0,2018-04-23 11:20:01,刺网
4301,29.91530555555555,122.33644444444445,0.0,0.0,2018-04-23 11:30:01,刺网
4301,29.915388888888888,122.33641666666666,0.0,0.0,2018-04-23 11:40:01,刺网
4301,29.91547222222223,122.33641666666666,0.0,0.0,2018-04-23 11:50:01,刺网
4301,29.91544444444445,122.33644444444445,0.0,0.0,2018-04-23 12:00:01,刺网
4301,29.91547222222223,122.33641666666666,0.0,0.0,2018-04-23 12:10:01,刺网
4301,29.91547222222223,122.33647222222223,0.0,0.0,2018-04-23 12:20:01,刺网
4301,29.91547222222223,122.33641666666666,0.0,0.0,2018-04-23 12:30:01,刺网
4301,29.91544444444445,122.33641666666666,0.0,0.0,2018-04-23 12:40:01,刺网
4301,29.915527777777786,122.33641666666666,0.0,0.0,2018-04-23 12:50:01,刺网
4301,29.91547222222223,122.33641666666666,0.0,0.0,2018-04-23 13:00:01,刺网
4301,29.91547222222223,122.33641666666666,0.0,0.0,2018-04-23 13:10:01,刺网
4301,29.91547222222223,122.33644444444445,0.0,0.0,2018-04-23 13:20:01,刺网
4301,29.91544444444445,122.33644444444445,0.0,0.0,2018-04-23 13:40:01,刺网
4301,29.91544444444445,122.33647222222223,0.0,0.0,2018-04-23 13:50:01,刺网
4301,29.915416666666665,122.33647222222223,0.0,0.0,2018-04-23 14:00:01,刺网
4301,29.915416666666665,122.33647222222223,0.0,0.0,2018-04-23 14:10:01,刺网
4301,29.91536111111111,122.3365,0.1,0.0,2018-04-23 14:20:01,刺网
4301,29.915388888888888,122.33647222222223,0.0,0.0,2018-04-23 14:30:01,刺网
4301,29.91544444444445,122.33647222222223,0.1,0.0,2018-04-23 14:40:01,刺网
4301,29.91544444444445,122.33641666666666,0.1,0.0,2018-04-23 14:50:01,刺网
4301,29.9155,122.33641666666666,0.0,0.0,2018-04-23 15:00:01,刺网
4301,29.915388888888888,122.33652777777776,0.1,0.0,2018-04-23 15:10:01,刺网
4301,29.9155,122.33644444444445,0.1,0.0,2018-04-23 15:20:01,刺网
4301,29.91544444444445,122.33647222222223,0.1,0.0,2018-04-23 15:30:01,刺网
4301,29.9155,122.33641666666666,0.1,0.0,2018-04-23 15:40:01,刺网
4301,29.91544444444445,122.3365,0.1,0.0,2018-04-23 15:50:01,刺网
4301,29.91547222222223,122.33641666666666,0.0,0.0,2018-04-23 16:00:01,刺网
4301,29.91547222222223,122.33644444444445,0.0,0.0,2018-04-23 16:10:01,刺网
4301,29.915527777777786,122.33638888888888,0.0,0.0,2018-04-23 16:20:01,刺网
4301,29.9155,122.33644444444445,0.0,0.0,2018-04-23 16:30:01,刺网
4301,29.91547222222223,122.33644444444445,0.0,0.0,2018-04-23 16:40:01,刺网
4301,29.91547222222223,122.33641666666666,0.0,0.0,2018-04-23 16:50:01,刺网
4301,29.91544444444445,122.33641666666666,0.0,0.0,2018-04-23 17:00:01,刺网
4301,29.91547222222223,122.33641666666666,0.0,0.0,2018-04-23 17:10:01,刺网
4301,29.91547222222223,122.33644444444445,0.0,0.0,2018-04-23 17:20:01,刺网
4301,29.915527777777786,122.33636111111107,0.0,0.0,2018-04-23 17:30:01,刺网
4301,29.91544444444445,122.33641666666666,0.0,0.0,2018-04-23 17:40:01,刺网
4301,29.91547222222223,122.33644444444445,0.0,0.0,2018-04-23 17:50:01,刺网
4301,29.91547222222223,122.33644444444445,0.0,0.0,2018-04-23 18:00:01,刺网
4301,29.91547222222223,122.33644444444445,0.0,0.0,2018-04-23 18:10:01,刺网
4301,29.91544444444445,122.33641666666666,0.0,0.0,2018-04-23 18:20:01,刺网
4301,29.915388888888888,122.3365,0.0,0.0,2018-04-23 18:30:01,刺网
4301,29.915416666666665,122.3365,0.0,0.0,2018-04-23 18:40:01,刺网
4301,29.91547222222223,122.33636111111107,0.2,0.0,2018-04-23 18:50:01,刺网
4301,29.91536111111111,122.33644444444445,0.1,0.0,2018-04-23 19:00:01,刺网
4301,29.915388888888888,122.33652777777776,0.3,0.0,2018-04-23 19:10:01,刺网
4301,29.91544444444445,122.33658333333334,0.3,0.0,2018-04-23 19:20:01,刺网
4301,29.915388888888888,122.33652777777776,0.3,0.0,2018-04-23 19:30:01,刺网
4301,29.915416666666665,122.33644444444445,0.6,0.0,2018-04-23 19:40:01,刺网
4301,29.915388888888888,122.33719444444445,0.6,0.0,2018-04-23 19:50:01,刺网
4301,29.91544444444445,122.3365,0.0,0.0,2018-04-23 20:00:01,刺网
4301,29.91544444444445,122.33644444444445,0.0,0.0,2018-04-23 20:10:01,刺网
4301,29.91544444444445,122.33644444444445,0.0,0.0,2018-04-23 20:20:01,刺网
4301,29.91544444444445,122.33647222222223,0.0,0.0,2018-04-23 20:40:01,刺网
4301,29.9155,122.33647222222223,0.0,0.0,2018-04-23 20:50:01,刺网
4301,29.91544444444445,122.33641666666666,0.0,0.0,2018-04-23 21:00:01,刺网
4301,29.91547222222223,122.33641666666666,0.0,0.0,2018-04-23 21:10:01,刺网
4301,29.91547222222223,122.33641666666666,0.0,0.0,2018-04-23 21:20:01,刺网
4301,29.9155,122.33641666666666,0.0,0.0,2018-04-23 21:30:01,刺网
4301,29.915416666666665,122.33644444444445,0.0,0.0,2018-04-23 21:40:01,刺网
4301,29.915388888888888,122.33638888888888,0.0,0.0,2018-04-23 21:50:01,刺网
4301,29.91544444444445,122.33652777777776,0.1,0.0,2018-04-23 22:00:01,刺网
4301,29.915388888888888,122.33636111111107,0.0,0.0,2018-04-23 22:10:01,刺网
4301,29.9155,122.33647222222223,0.0,0.0,2018-04-23 22:20:01,刺网
4301,29.9155,122.33644444444445,0.0,0.0,2018-04-23 22:30:01,刺网
4301,29.91547222222223,122.3365,0.0,0.0,2018-04-23 22:40:01,刺网
4301,29.91544444444445,122.33644444444445,0.0,0.0,2018-04-23 22:50:01,刺网
4301,29.91547222222223,122.33647222222223,0.1,0.0,2018-04-23 23:00:01,刺网
4301,29.91547222222223,122.3365,0.0,0.0,2018-04-23 23:10:01,刺网
4301,29.915416666666665,122.33655555555555,0.1,0.0,2018-04-23 23:20:01,刺网
4301,29.91544444444445,122.33636111111107,0.1,0.0,2018-04-23 23:30:01,刺网
4301,29.915416666666665,122.33641666666666,0.2,0.0,2018-04-23 23:40:01,刺网
4301,29.91547222222223,122.33641666666666,0.2,0.0,2018-04-23 23:50:01,刺网
4301,29.91547222222223,122.33638888888888,0.0,0.0,2018-04-24 00:00:01,刺网
4301,29.915416666666665,122.33644444444445,0.0,0.0,2018-04-24 00:10:01,刺网
4301,29.91547222222223,122.33644444444445,0.0,0.0,2018-04-24 00:20:01,刺网
4301,29.91547222222223,122.33647222222223,0.0,0.0,2018-04-24 00:30:01,刺网
4301,29.9155,122.33644444444445,0.0,0.0,2018-04-24 00:40:01,刺网
4301,29.915416666666665,122.33641666666666,0.0,0.0,2018-04-24 00:50:01,刺网
4301,29.915388888888888,122.33644444444445,0.0,0.0,2018-04-24 01:00:01,刺网
4301,29.91547222222223,122.33644444444445,0.0,0.0,2018-04-24 01:10:01,刺网
4301,29.915416666666665,122.33641666666666,0.0,0.0,2018-04-24 01:20:01,刺网
4301,29.91544444444445,122.33641666666666,0.0,0.0,2018-04-24 01:30:01,刺网
4301,29.91547222222223,122.33644444444445,0.0,0.0,2018-04-24 01:40:01,刺网
4301,29.91547222222223,122.33644444444445,0.0,0.0,2018-04-24 01:50:01,刺网
4301,29.91544444444445,122.33641666666666,0.0,0.0,2018-04-24 02:00:01,刺网
4301,29.91544444444445,122.33644444444445,0.0,0.0,2018-04-24 02:10:01,刺网
4301,29.91544444444445,122.33647222222223,0.0,0.0,2018-04-24 02:20:01,刺网
4301,29.915416666666665,122.33647222222223,0.0,0.0,2018-04-24 02:30:01,刺网
4301,29.91544444444445,122.33647222222223,0.0,0.0,2018-04-24 02:40:01,刺网
4301,29.915527777777786,122.33644444444445,0.0,0.0,2018-04-24 02:50:01,刺网
4301,29.9155,122.33641666666666,0.1,0.0,2018-04-24 03:00:01,刺网
4301,29.915722222222207,122.33641666666666,0.1,0.0,2018-04-24 03:10:01,刺网
4301,29.91547222222223,122.33644444444445,0.1,0.0,2018-04-24 03:20:01,刺网
4301,29.9155,122.33641666666666,0.0,0.0,2018-04-24 03:30:01,刺网
4301,29.91569444444444,122.33625,0.0,0.0,2018-04-24 03:40:01,刺网
4301,29.91547222222223,122.33636111111107,0.2,0.0,2018-04-24 03:50:01,刺网
4301,29.915416666666665,122.33644444444445,0.0,0.0,2018-04-24 04:00:01,刺网
4301,29.915416666666665,122.33647222222223,0.1,0.0,2018-04-24 04:10:01,刺网
4301,29.91547222222223,122.33647222222223,0.0,0.0,2018-04-24 04:20:01,刺网
4301,29.91547222222223,122.33644444444445,0.0,0.0,2018-04-24 04:30:01,刺网
4301,29.91544444444445,122.33641666666666,0.1,0.0,2018-04-24 04:40:01,刺网
4301,29.91547222222223,122.33644444444445,0.0,0.0,2018-04-24 04:50:01,刺网
4301,29.91547222222223,122.33644444444445,0.0,0.0,2018-04-24 05:00:01,刺网
4301,29.91547222222223,122.3365,0.0,0.0,2018-04-24 05:10:01,刺网
4301,29.91547222222223,122.33644444444445,0.0,0.0,2018-04-24 05:20:01,刺网
4301,29.91547222222223,122.33644444444445,0.0,0.0,2018-04-24 05:30:01,刺网
4301,29.91544444444445,122.33647222222223,0.0,0.0,2018-04-24 05:40:01,刺网
4301,29.9155,122.33647222222223,0.0,0.0,2018-04-24 05:50:01,刺网
4301,29.9155,122.33644444444445,0.0,0.0,2018-04-24 06:00:01,刺网
4301,29.9155,122.33638888888888,0.0,0.0,2018-04-24 06:10:01,刺网
4301,29.91547222222223,122.33641666666666,0.1,0.0,2018-04-24 06:20:01,刺网
4301,29.91547222222223,122.33644444444445,0.0,0.0,2018-04-24 06:30:01,刺网
4301,29.91544444444445,122.33647222222223,0.0,0.0,2018-04-24 06:40:01,刺网
4301,29.91547222222223,122.33641666666666,0.1,0.0,2018-04-24 06:50:01,刺网
4301,29.9155,122.33638888888888,0.1,0.0,2018-04-24 07:00:01,刺网
4301,29.91547222222223,122.33644444444445,0.2,0.0,2018-04-24 07:10:01,刺网
4301,29.915527777777786,122.33636111111107,0.4,115.0,2018-04-24 07:20:01,刺网
4301,29.9155,122.33630555555555,0.2,0.0,2018-04-24 07:30:01,刺网
4301,29.91544444444445,122.33636111111107,0.3,0.0,2018-04-24 07:40:01,刺网
4301,29.915527777777786,122.33647222222223,0.3,0.0,2018-04-24 07:50:01,刺网
4301,29.91544444444445,122.33644444444445,0.0,0.0,2018-04-24 08:00:01,刺网
4301,29.915416666666665,122.33647222222223,0.0,0.0,2018-04-24 08:10:01,刺网
4301,29.91547222222223,122.33644444444445,0.0,0.0,2018-04-24 08:20:01,刺网
4301,29.91544444444445,122.33641666666666,0.0,0.0,2018-04-24 08:30:01,刺网
4301,29.91544444444445,122.33638888888888,0.0,0.0,2018-04-24 08:40:01,刺网
4301,29.91547222222223,122.33644444444445,0.0,0.0,2018-04-24 08:50:01,刺网
4301,29.91547222222223,122.33638888888888,0.0,0.0,2018-04-24 09:00:01,刺网
4301,29.915416666666665,122.33641666666666,0.0,0.0,2018-04-24 09:10:01,刺网
4301,29.91544444444445,122.33644444444445,0.0,0.0,2018-04-24 09:20:01,刺网
4301,29.91547222222223,122.33641666666666,0.0,0.0,2018-04-24 09:30:01,刺网
4301,29.91547222222223,122.3365,0.0,0.0,2018-04-24 09:40:01,刺网
4301,29.9155,122.33647222222223,0.0,0.0,2018-04-24 09:50:01,刺网
4301,29.915388888888888,122.33647222222223,0.0,0.0,2018-04-24 10:00:01,刺网
4301,29.91544444444445,122.33644444444445,0.0,0.0,2018-04-24 10:20:01,刺网
4301,29.9155,122.33644444444445,0.0,0.0,2018-04-24 10:30:01,刺网
4301,29.915416666666665,122.33647222222223,0.0,0.0,2018-04-24 10:40:01,刺网
4301,29.91547222222223,122.33647222222223,0.0,0.0,2018-04-24 10:50:01,刺网
4301,29.91547222222223,122.3365,0.0,0.0,2018-04-24 11:00:01,刺网
4301,29.91547222222223,122.33647222222223,0.0,0.0,2018-04-24 11:10:01,刺网
4301,29.91544444444445,122.33641666666666,0.0,0.0,2018-04-24 11:20:01,刺网
4301,29.91547222222223,122.33647222222223,0.0,0.0,2018-04-24 11:30:01,刺网
4301,29.91547222222223,122.33638888888888,0.0,0.0,2018-04-24 11:40:01,刺网
4301,29.915194444444445,122.33622222222222,0.1,0.0,2018-04-24 11:50:01,刺网
4301,29.91544444444445,122.33638888888888,0.0,0.0,2018-04-24 12:00:01,刺网
4301,29.91547222222223,122.33641666666666,0.0,0.0,2018-04-24 12:20:01,刺网
4301,29.91547222222223,122.33641666666666,0.0,0.0,2018-04-24 12:30:01,刺网
4301,29.91544444444445,122.33644444444445,0.0,0.0,2018-04-24 12:40:01,刺网
4301,29.91544444444445,122.33644444444445,0.0,0.0,2018-04-24 12:50:01,刺网
4301,29.915416666666665,122.33641666666666,0.0,0.0,2018-04-24 13:00:01,刺网
4301,29.9155,122.33644444444445,0.0,0.0,2018-04-24 13:10:01,刺网
4301,29.915416666666665,122.33647222222223,0.0,0.0,2018-04-24 13:20:01,刺网
4301,29.9155,122.33644444444445,0.0,0.0,2018-04-24 13:30:01,刺网
4301,29.91547222222223,122.33647222222223,0.0,0.0,2018-04-24 13:40:01,刺网
4301,29.91547222222223,122.33647222222223,0.0,0.0,2018-04-24 13:50:01,刺网
4301,29.91544444444445,122.33641666666666,0.2,0.0,2018-04-24 14:00:01,刺网
4301,29.9155,122.33641666666666,0.0,0.0,2018-04-24 14:10:01,刺网
4301,29.9155,122.33644444444445,0.0,0.0,2018-04-24 14:20:01,刺网
4301,29.915416666666665,122.33644444444445,0.0,0.0,2018-04-24 14:30:01,刺网
4301,29.9155,122.33644444444445,0.0,0.0,2018-04-24 14:40:01,刺网
4301,29.91547222222223,122.33647222222223,0.1,0.0,2018-04-24 14:50:01,刺网
4301,29.9155,122.33644444444445,0.1,0.0,2018-04-24 15:00:01,刺网
4301,29.9155,122.33641666666666,0.2,0.0,2018-04-24 15:10:01,刺网
4301,29.915527777777786,122.33641666666666,0.1,0.0,2018-04-24 15:20:01,刺网
4301,29.915416666666665,122.33644444444445,0.0,0.0,2018-04-24 15:30:01,刺网
4301,29.91547222222223,122.33647222222223,0.1,0.0,2018-04-24 15:40:01,刺网
4301,29.91547222222223,122.33644444444445,0.0,0.0,2018-04-24 15:50:01,刺网
4301,29.91547222222223,122.3365,0.0,0.0,2018-04-24 16:00:01,刺网
4301,29.91547222222223,122.33647222222223,0.0,0.0,2018-04-24 16:10:01,刺网
4301,29.91547222222223,122.33644444444445,0.0,0.0,2018-04-24 16:20:01,刺网
4301,29.91547222222223,122.33647222222223,0.0,0.0,2018-04-24 16:30:01,刺网
4301,29.9155,122.33647222222223,0.0,0.0,2018-04-24 16:40:01,刺网
4301,29.91547222222223,122.33641666666666,0.0,0.0,2018-04-24 16:50:01,刺网
4301,29.91544444444445,122.33644444444445,0.0,0.0,2018-04-24 17:00:01,刺网
4301,29.91547222222223,122.33641666666666,0.0,0.0,2018-04-24 17:10:01,刺网
4301,29.91544444444445,122.33641666666666,0.0,0.0,2018-04-24 17:20:01,刺网
4301,29.9155,122.33638888888888,0.0,0.0,2018-04-24 17:30:01,刺网
4301,29.91547222222223,122.33644444444445,0.0,0.0,2018-04-24 17:40:01,刺网
4301,29.91547222222223,122.33644444444445,0.0,0.0,2018-04-24 17:50:01,刺网
4301,29.9155,122.33644444444445,0.0,0.0,2018-04-24 18:00:01,刺网
4301,29.9155,122.33644444444445,0.0,0.0,2018-04-24 18:10:01,刺网
4301,29.915388888888888,122.33644444444445,0.0,0.0,2018-04-24 18:20:01,刺网
4301,29.91547222222223,122.33644444444445,0.0,0.0,2018-04-24 18:30:01,刺网
4301,29.91544444444445,122.3365,0.0,0.0,2018-04-24 18:40:01,刺网
4301,29.91536111111111,122.3365,0.0,0.0,2018-04-24 18:50:01,刺网
4301,29.91547222222223,122.33641666666666,0.0,0.0,2018-04-24 19:00:01,刺网
4301,29.91544444444445,122.33647222222223,0.0,0.0,2018-04-24 19:10:01,刺网
4301,29.9155,122.33638888888888,0.0,0.0,2018-04-24 19:20:01,刺网
4301,29.91547222222223,122.33638888888888,0.1,0.0,2018-04-24 19:30:01,刺网
4301,29.91547222222223,122.33638888888888,0.3,0.0,2018-04-24 19:40:01,刺网
4301,29.91536111111111,122.33652777777776,0.1,0.0,2018-04-24 19:50:01,刺网
4301,29.91544444444445,122.33644444444445,0.0,0.0,2018-04-24 20:10:01,刺网
4301,29.91544444444445,122.33644444444445,0.0,0.0,2018-04-24 20:20:01,刺网
4301,29.91547222222223,122.33647222222223,0.0,0.0,2018-04-24 20:30:01,刺网
4301,29.91547222222223,122.33644444444445,0.0,0.0,2018-04-24 20:40:01,刺网
4301,29.91544444444445,122.33644444444445,0.0,0.0,2018-04-24 20:50:01,刺网
4301,29.915416666666665,122.33638888888888,0.0,0.0,2018-04-24 21:00:01,刺网
4301,29.915416666666665,122.33644444444445,0.0,0.0,2018-04-24 21:10:01,刺网
4301,29.91547222222223,122.33644444444445,0.0,0.0,2018-04-24 21:20:01,刺网
4301,29.91544444444445,122.33644444444445,0.0,0.0,2018-04-24 21:30:01,刺网
4301,29.915527777777786,122.33644444444445,0.0,0.0,2018-04-24 21:40:01,刺网
4301,29.91533333333333,122.33641666666666,0.0,0.0,2018-04-24 21:50:01,刺网
4301,29.9155,122.33647222222223,0.0,0.0,2018-04-24 22:00:01,刺网
4301,29.91547222222223,122.33647222222223,0.0,0.0,2018-04-24 22:10:01,刺网
4301,29.915555555555553,122.33644444444445,0.0,0.0,2018-04-24 22:20:01,刺网
4301,29.91544444444445,122.33647222222223,0.0,0.0,2018-04-24 22:30:01,刺网
4301,29.91547222222223,122.33647222222223,0.0,0.0,2018-04-24 22:40:01,刺网
4301,29.91544444444445,122.3365,0.0,0.0,2018-04-24 22:50:01,刺网
4301,29.91544444444445,122.33647222222223,0.2,0.0,2018-04-24 23:00:01,刺网
4301,29.91547222222223,122.3365,0.1,0.0,2018-04-24 23:10:01,刺网
4301,29.915527777777786,122.33647222222223,0.1,0.0,2018-04-24 23:20:01,刺网
4301,29.91547222222223,122.33630555555555,0.2,0.0,2018-04-24 23:30:01,刺网
4301,29.915416666666665,122.33652777777776,0.2,0.0,2018-04-24 23:40:01,刺网
4301,29.91544444444445,122.33636111111107,0.1,0.0,2018-04-24 23:50:01,刺网
4301,29.91544444444445,122.33641666666666,0.0,0.0,2018-04-25 00:00:01,刺网
4301,29.91547222222223,122.33644444444445,0.0,0.0,2018-04-25 00:10:01,刺网
4301,29.91544444444445,122.33647222222223,0.0,0.0,2018-04-25 00:20:01,刺网
4301,29.9155,122.33644444444445,0.0,0.0,2018-04-25 00:30:01,刺网
4301,29.915416666666665,122.33647222222223,0.0,0.0,2018-04-25 00:40:01,刺网
4301,29.915416666666665,122.33647222222223,0.0,0.0,2018-04-25 00:50:01,刺网
4301,29.915416666666665,122.33644444444445,0.0,0.0,2018-04-25 01:00:01,刺网
4301,29.91544444444445,122.33644444444445,0.0,0.0,2018-04-25 01:10:01,刺网
4301,29.91544444444445,122.33644444444445,0.0,0.0,2018-04-25 01:20:01,刺网
4301,29.91544444444445,122.33644444444445,0.0,0.0,2018-04-25 01:30:01,刺网
4301,29.91544444444445,122.33641666666666,0.0,0.0,2018-04-25 01:40:01,刺网
4301,29.91563888888889,122.33638888888888,0.0,0.0,2018-04-25 01:50:01,刺网
4301,29.915388888888888,122.33644444444445,0.0,0.0,2018-04-25 02:00:01,刺网
4301,29.91547222222223,122.33638888888888,0.0,0.0,2018-04-25 02:10:01,刺网
4301,29.915527777777786,122.33638888888888,0.1,0.0,2018-04-25 02:20:01,刺网
4301,29.91544444444445,122.3365,0.0,0.0,2018-04-25 02:30:01,刺网
4301,29.91544444444445,122.33644444444445,0.0,0.0,2018-04-25 02:40:01,刺网
4301,29.9155,122.33638888888888,0.1,0.0,2018-04-25 02:50:01,刺网
4301,29.91533333333333,122.33652777777776,0.0,0.0,2018-04-25 03:00:01,刺网
4301,29.91544444444445,122.33647222222223,0.0,0.0,2018-04-25 03:10:01,刺网
4301,29.915388888888888,122.33658333333334,0.2,0.0,2018-04-25 03:20:01,刺网
4301,29.91536111111111,122.33636111111107,0.1,0.0,2018-04-25 03:30:01,刺网
4301,29.91566666666667,122.33641666666666,0.1,0.0,2018-04-25 03:40:01,刺网
4301,29.91536111111111,122.33641666666666,0.1,0.0,2018-04-25 03:50:01,刺网
4301,29.91544444444445,122.33641666666666,0.0,0.0,2018-04-25 04:00:01,刺网
4301,29.915388888888888,122.3365,0.0,0.0,2018-04-25 04:10:01,刺网
4301,29.9155,122.33641666666666,0.0,0.0,2018-04-25 04:20:01,刺网
4301,29.915388888888888,122.33647222222223,0.0,0.0,2018-04-25 04:30:01,刺网
4301,29.915555555555553,122.33630555555555,0.1,0.0,2018-04-25 04:40:01,刺网
4301,29.91544444444445,122.33644444444445,0.0,0.0,2018-04-25 04:50:01,刺网
4301,29.91547222222223,122.33647222222223,0.0,0.0,2018-04-25 05:00:01,刺网
4301,29.915888888888887,122.33613888888887,0.0,0.0,2018-04-25 05:10:01,刺网
4301,29.9155,122.33647222222223,0.0,0.0,2018-04-25 05:20:01,刺网
4301,29.915555555555553,122.33638888888888,0.0,0.0,2018-04-25 05:30:01,刺网
4301,29.91547222222223,122.33644444444445,0.0,0.0,2018-04-25 05:40:01,刺网
4301,29.9155,122.33641666666666,0.0,0.0,2018-04-25 05:50:01,刺网
4301,29.91544444444445,122.33647222222223,0.0,0.0,2018-04-25 06:00:01,刺网
4301,29.91547222222223,122.33641666666666,0.0,0.0,2018-04-25 06:10:01,刺网
4301,29.91547222222223,122.3365,0.1,0.0,2018-04-25 06:20:01,刺网
4301,29.91558333333333,122.33641666666666,0.1,0.0,2018-04-25 06:30:01,刺网
4301,29.915527777777786,122.33636111111107,0.2,0.0,2018-04-25 06:40:01,刺网
4301,29.91547222222223,122.33644444444445,0.2,0.0,2018-04-25 06:50:01,刺网
4301,29.91544444444445,122.33633333333331,0.4,0.0,2018-04-25 07:00:01,刺网
4301,29.915388888888888,122.33658333333334,0.2,0.0,2018-04-25 07:10:01,刺网
4301,29.91544444444445,122.33641666666666,0.0,0.0,2018-04-25 07:20:01,刺网
4301,29.9155,122.33647222222223,0.0,0.0,2018-04-25 07:30:01,刺网
4301,29.91544444444445,122.33644444444445,0.0,0.0,2018-04-25 07:40:01,刺网
4301,29.91547222222223,122.33647222222223,0.0,0.0,2018-04-25 07:50:01,刺网
4301,29.91544444444445,122.33644444444445,0.0,0.0,2018-04-25 08:00:01,刺网
4301,29.91544444444445,122.33644444444445,0.0,0.0,2018-04-25 08:10:01,刺网
4301,29.915416666666665,122.3365,0.0,0.0,2018-04-25 08:20:01,刺网
4301,29.915416666666665,122.33647222222223,0.0,0.0,2018-04-25 08:30:01,刺网
4301,29.91547222222223,122.33641666666666,0.0,0.0,2018-04-25 08:40:01,刺网
4301,29.91547222222223,122.33641666666666,0.0,0.0,2018-04-25 08:50:01,刺网
4301,29.91547222222223,122.33638888888888,0.0,0.0,2018-04-25 09:00:01,刺网
4301,29.91547222222223,122.33636111111107,0.0,0.0,2018-04-25 09:10:01,刺网
4301,29.91547222222223,122.33647222222223,0.0,0.0,2018-04-25 09:30:01,刺网
4301,29.91547222222223,122.33647222222223,0.0,0.0,2018-04-25 09:40:01,刺网
4301,29.91547222222223,122.33641666666666,0.0,0.0,2018-04-25 09:50:01,刺网
4301,29.91547222222223,122.33644444444445,0.0,0.0,2018-04-25 10:00:01,刺网
4301,29.91547222222223,122.33641666666666,0.0,0.0,2018-04-25 10:10:01,刺网
4301,29.91544444444445,122.33641666666666,0.0,0.0,2018-04-25 10:20:01,刺网
4301,29.91547222222223,122.33644444444445,0.0,0.0,2018-04-25 10:30:01,刺网
4301,29.91547222222223,122.33647222222223,0.0,0.0,2018-04-25 10:50:01,刺网
4301,29.91547222222223,122.33644444444445,0.0,0.0,2018-04-25 11:00:01,刺网
4301,29.91547222222223,122.33644444444445,0.0,0.0,2018-04-25 11:10:01,刺网
4301,29.91547222222223,122.33641666666666,0.0,0.0,2018-04-25 11:20:01,刺网
4301,29.91547222222223,122.33641666666666,0.0,0.0,2018-04-25 11:30:01,刺网
4301,29.9155,122.33641666666666,0.0,0.0,2018-04-25 11:50:01,刺网
4301,29.91547222222223,122.33641666666666,0.0,0.0,2018-04-25 12:00:01,刺网
4301,29.91547222222223,122.33638888888888,0.0,0.0,2018-04-25 12:10:01,刺网
4301,29.91547222222223,122.33644444444445,0.0,0.0,2018-04-25 12:20:01,刺网
4301,29.91547222222223,122.33647222222223,0.0,0.0,2018-04-25 12:30:01,刺网
4301,29.91547222222223,122.3365,0.0,0.0,2018-04-25 12:40:01,刺网
4301,29.91544444444445,122.33641666666666,0.0,0.0,2018-04-25 12:50:01,刺网
4301,29.91544444444445,122.33638888888888,0.0,0.0,2018-04-25 13:00:01,刺网
4301,29.9155,122.33641666666666,0.1,0.0,2018-04-25 13:10:01,刺网
4301,29.91547222222223,122.33644444444445,0.1,0.0,2018-04-25 13:20:01,刺网
4301,29.9155,122.33633333333331,0.2,0.0,2018-04-25 13:30:01,刺网
4301,29.91547222222223,122.33641666666666,0.2,0.0,2018-04-25 13:40:01,刺网
4301,29.91569444444444,122.33627777777778,0.3,0.0,2018-04-25 13:50:01,刺网
4301,29.915527777777786,122.33644444444445,0.0,0.0,2018-04-25 14:00:01,刺网
4301,29.91547222222223,122.33647222222223,0.0,0.0,2018-04-25 14:10:01,刺网
4301,29.91544444444445,122.33644444444445,0.0,0.0,2018-04-25 14:20:01,刺网
4301,29.91547222222223,122.33644444444445,0.0,0.0,2018-04-25 14:30:01,刺网
4301,29.9155,122.33644444444445,0.0,0.0,2018-04-25 14:40:01,刺网
4301,29.91547222222223,122.3365,0.0,0.0,2018-04-25 14:50:01,刺网
4301,29.91544444444445,122.33644444444445,0.0,0.0,2018-04-25 15:00:01,刺网
4301,29.91547222222223,122.33647222222223,0.0,0.0,2018-04-25 15:10:01,刺网
4301,29.91547222222223,122.33644444444445,0.0,0.0,2018-04-25 15:20:01,刺网
4301,29.91547222222223,122.33647222222223,0.0,0.0,2018-04-25 15:30:01,刺网
4301,29.91547222222223,122.33641666666666,0.0,0.0,2018-04-25 15:40:01,刺网
4301,29.9155,122.33644444444445,0.0,0.0,2018-04-25 15:50:01,刺网
4301,29.915416666666665,122.3365,0.0,0.0,2018-04-25 16:00:01,刺网
4301,29.9155,122.3365,0.1,0.0,2018-04-25 16:10:01,刺网
4301,29.915416666666665,122.33647222222223,0.0,0.0,2018-04-25 16:20:01,刺网
4301,29.91544444444445,122.33644444444445,0.0,0.0,2018-04-25 16:30:01,刺网
4301,29.915388888888888,122.33647222222223,0.0,0.0,2018-04-25 16:40:01,刺网
4301,29.9155,122.33638888888888,0.0,0.0,2018-04-25 16:50:01,刺网
4301,29.91544444444445,122.33647222222223,0.0,0.0,2018-04-25 17:00:01,刺网
4301,29.91547222222223,122.33638888888888,0.0,0.0,2018-04-25 17:10:01,刺网
4301,29.91547222222223,122.33641666666666,0.1,0.0,2018-04-25 17:20:01,刺网
4301,29.91547222222223,122.33641666666666,0.2,0.0,2018-04-25 17:30:01,刺网
4301,29.915416666666665,122.33647222222223,0.3,0.0,2018-04-25 17:40:01,刺网
4301,29.915527777777786,122.33638888888888,0.3,136.0,2018-04-25 17:50:01,刺网
4301,29.91547222222223,122.33644444444445,0.0,0.0,2018-04-25 18:00:01,刺网
4301,29.91544444444445,122.33644444444445,0.0,0.0,2018-04-25 18:10:01,刺网
4301,29.9155,122.33641666666666,0.0,0.0,2018-04-25 18:20:01,刺网
4301,29.91547222222223,122.33641666666666,0.0,0.0,2018-04-25 18:30:01,刺网
4301,29.91544444444445,122.33644444444445,0.0,0.0,2018-04-25 18:40:01,刺网
4301,29.91544444444445,122.33641666666666,0.0,0.0,2018-04-25 18:50:01,刺网
4301,29.915416666666665,122.33644444444445,0.0,0.0,2018-04-25 19:00:01,刺网
4301,29.91544444444445,122.33644444444445,0.0,0.0,2018-04-25 19:10:01,刺网
4301,29.91547222222223,122.33644444444445,0.0,0.0,2018-04-25 19:20:01,刺网
4301,29.91544444444445,122.33644444444445,0.0,0.0,2018-04-25 19:30:01,刺网
4301,29.91547222222223,122.33644444444445,0.0,0.0,2018-04-25 19:40:01,刺网
4301,29.91544444444445,122.33647222222223,0.0,0.0,2018-04-25 19:50:01,刺网
4301,29.9155,122.33636111111107,0.0,0.0,2018-04-25 20:00:01,刺网
4301,29.91544444444445,122.33638888888888,0.0,0.0,2018-04-25 20:10:01,刺网
4301,29.91544444444445,122.33641666666666,0.0,0.0,2018-04-25 20:20:01,刺网
4301,29.91547222222223,122.33644444444445,0.0,0.0,2018-04-25 20:30:01,刺网
4301,29.9155,122.33627777777778,0.0,0.0,2018-04-25 20:40:01,刺网
4301,29.91544444444445,122.33638888888888,0.0,0.0,2018-04-25 20:50:01,刺网
4301,29.915416666666665,122.33641666666666,1.8,232.0,2018-04-25 21:00:01,刺网
4301,29.91544444444445,122.3365,0.0,0.0,2018-04-25 21:10:01,刺网
4301,29.91525,122.33611111111112,0.2,0.0,2018-04-25 21:20:01,刺网
4301,29.91544444444445,122.33638888888888,0.2,0.0,2018-04-25 21:30:01,刺网
4301,29.91544444444445,122.33641666666666,0.0,0.0,2018-04-25 21:40:01,刺网
4301,29.91547222222223,122.3365,0.0,0.0,2018-04-25 21:50:01,刺网
4301,29.9155,122.33644444444445,0.0,0.0,2018-04-25 22:00:01,刺网
4301,29.91547222222223,122.33641666666666,0.0,0.0,2018-04-25 22:10:01,刺网
4301,29.91547222222223,122.33641666666666,0.0,0.0,2018-04-25 22:20:01,刺网
4301,29.91547222222223,122.33641666666666,0.0,0.0,2018-04-25 22:30:01,刺网
4301,29.91544444444445,122.33641666666666,0.0,0.0,2018-04-25 22:40:01,刺网
4301,29.915416666666665,122.33644444444445,0.0,0.0,2018-04-25 22:50:01,刺网
4301,29.915416666666665,122.33638888888888,0.0,0.0,2018-04-25 23:00:01,刺网
4301,29.915555555555553,122.33641666666666,0.0,0.0,2018-04-25 23:10:01,刺网
4301,29.91536111111111,122.33647222222223,0.0,0.0,2018-04-25 23:20:01,刺网
4301,29.915416666666665,122.33641666666666,0.0,0.0,2018-04-25 23:30:01,刺网
4301,29.915416666666665,122.33636111111107,0.0,0.0,2018-04-25 23:40:01,刺网
4301,29.915722222222207,122.33652777777776,0.3,0.0,2018-04-25 23:50:01,刺网
4301,29.91544444444445,122.33644444444445,0.0,0.0,2018-04-26 00:00:01,刺网
4301,29.9155,122.33647222222223,0.0,0.0,2018-04-26 00:10:01,刺网
4301,29.91544444444445,122.33647222222223,0.0,0.0,2018-04-26 00:20:01,刺网
4301,29.91547222222223,122.33641666666666,0.0,0.0,2018-04-26 00:30:01,刺网
4301,29.91544444444445,122.33644444444445,0.0,0.0,2018-04-26 00:40:01,刺网
4301,29.91544444444445,122.33644444444445,0.0,0.0,2018-04-26 00:50:01,刺网
4301,29.91544444444445,122.33644444444445,0.0,0.0,2018-04-26 01:00:01,刺网
4301,29.91547222222223,122.33644444444445,0.0,0.0,2018-04-26 01:10:01,刺网
4301,29.91547222222223,122.33638888888888,0.0,0.0,2018-04-26 01:20:01,刺网
4301,29.9155,122.33641666666666,0.0,0.0,2018-04-26 01:30:01,刺网
4301,29.915416666666665,122.33641666666666,0.0,0.0,2018-04-26 01:40:01,刺网
4301,29.91544444444445,122.33641666666666,0.0,0.0,2018-04-26 01:50:01,刺网
4301,29.91536111111111,122.3365,0.0,0.0,2018-04-26 02:00:01,刺网
4301,29.91547222222223,122.33644444444445,0.0,0.0,2018-04-26 02:10:01,刺网
4301,29.91563888888889,122.33633333333331,0.0,0.0,2018-04-26 02:20:01,刺网
4301,29.9155,122.33647222222223,0.0,0.0,2018-04-26 02:30:01,刺网
4301,29.9155,122.33641666666666,0.0,0.0,2018-04-26 02:40:01,刺网
4301,29.915527777777786,122.33638888888888,0.0,0.0,2018-04-26 02:50:01,刺网
4301,29.91561111111111,122.33641666666666,0.1,0.0,2018-04-26 03:00:01,刺网
4301,29.91558333333333,122.33641666666666,0.0,0.0,2018-04-26 03:10:01,刺网
4301,29.91558333333333,122.33636111111107,0.0,0.0,2018-04-26 03:20:01,刺网
4301,29.9155,122.33641666666666,0.1,0.0,2018-04-26 03:30:01,刺网
4301,29.915388888888888,122.33638888888888,0.1,0.0,2018-04-26 03:40:01,刺网
4301,29.91544444444445,122.33641666666666,0.0,0.0,2018-04-26 03:50:01,刺网
4301,29.91547222222223,122.33644444444445,0.0,0.0,2018-04-26 04:00:01,刺网
4301,29.91544444444445,122.33644444444445,0.0,0.0,2018-04-26 04:10:01,刺网
4301,29.91547222222223,122.33647222222223,0.0,0.0,2018-04-26 04:20:01,刺网
4301,29.91547222222223,122.33638888888888,0.0,0.0,2018-04-26 04:30:01,刺网
4301,29.915416666666665,122.3365,0.0,0.0,2018-04-26 04:40:01,刺网
4301,29.9155,122.33641666666666,0.0,0.0,2018-04-26 04:50:01,刺网
4301,29.91547222222223,122.33641666666666,0.0,0.0,2018-04-26 05:00:01,刺网
4301,29.91547222222223,122.33641666666666,0.0,0.0,2018-04-26 05:10:01,刺网
4301,29.9155,122.33644444444445,0.0,0.0,2018-04-26 05:20:01,刺网
4301,29.9155,122.33644444444445,0.0,0.0,2018-04-26 05:30:01,刺网
4301,29.91544444444445,122.33644444444445,0.0,0.0,2018-04-26 05:40:01,刺网
4301,29.91544444444445,122.33641666666666,0.0,0.0,2018-04-26 05:50:01,刺网
4301,29.91547222222223,122.33644444444445,0.0,0.0,2018-04-26 06:00:01,刺网
4301,29.91547222222223,122.33641666666666,0.0,0.0,2018-04-26 06:10:01,刺网
4301,29.91547222222223,122.33641666666666,0.0,0.0,2018-04-26 06:30:01,刺网
4301,29.91544444444445,122.33644444444445,0.0,0.0,2018-04-26 06:40:01,刺网
4301,29.91544444444445,122.33644444444445,0.0,0.0,2018-04-26 06:50:01,刺网
4301,29.915416666666665,122.33647222222223,0.0,0.0,2018-04-26 07:00:01,刺网
4301,29.91544444444445,122.33641666666666,0.0,0.0,2018-04-26 07:10:01,刺网
4301,29.9155,122.33641666666666,0.0,0.0,2018-04-26 07:20:01,刺网
4301,29.91544444444445,122.33644444444445,0.0,0.0,2018-04-26 07:30:01,刺网
4301,29.91547222222223,122.33641666666666,0.0,0.0,2018-04-26 07:40:01,刺网
4301,29.915416666666665,122.33644444444445,0.0,0.0,2018-04-26 07:50:01,刺网
4301,29.91547222222223,122.33641666666666,0.0,0.0,2018-04-26 08:00:01,刺网
4301,29.91544444444445,122.33647222222223,0.0,0.0,2018-04-26 08:10:01,刺网
4301,29.91544444444445,122.33644444444445,0.0,0.0,2018-04-26 08:20:01,刺网
4301,29.915416666666665,122.3365,0.0,0.0,2018-04-26 08:30:01,刺网
4301,29.915416666666665,122.33636111111107,0.0,0.0,2018-04-26 08:40:01,刺网
4301,29.91544444444445,122.33641666666666,0.0,0.0,2018-04-26 08:50:01,刺网
4301,29.91544444444445,122.33655555555555,0.1,0.0,2018-04-26 09:00:01,刺网
4301,29.91544444444445,122.33633333333331,0.0,0.0,2018-04-26 09:10:01,刺网
4301,29.91544444444445,122.33636111111107,0.0,0.0,2018-04-26 09:20:01,刺网
4301,29.915416666666665,122.33633333333331,2.0,59.0,2018-04-26 09:30:01,刺网
4301,29.91544444444445,122.33644444444445,0.0,0.0,2018-04-26 09:40:01,刺网
4301,29.915416666666665,122.33641666666666,0.0,0.0,2018-04-26 09:50:01,刺网
4301,29.915416666666665,122.33641666666666,0.0,0.0,2018-04-26 10:00:01,刺网
4301,29.91544444444445,122.33636111111107,0.0,0.0,2018-04-26 10:10:01,刺网
4301,29.91544444444445,122.33641666666666,0.0,0.0,2018-04-26 10:30:01,刺网
4301,29.91547222222223,122.33638888888888,0.0,0.0,2018-04-26 10:40:01,刺网
4301,29.91544444444445,122.33638888888888,0.0,0.0,2018-04-26 10:50:01,刺网
4301,29.91547222222223,122.33636111111107,0.0,0.0,2018-04-26 11:00:01,刺网
4301,29.91544444444445,122.33644444444445,0.0,0.0,2018-04-26 11:10:01,刺网
4301,29.915527777777786,122.33641666666666,0.0,0.0,2018-04-26 11:20:01,刺网
4301,29.91547222222223,122.33641666666666,0.0,0.0,2018-04-26 11:30:01,刺网
4301,29.915416666666665,122.33636111111107,0.1,0.0,2018-04-26 11:40:01,刺网
4301,29.915388888888888,122.33647222222223,0.2,0.0,2018-04-26 11:50:01,刺网
4301,29.9155,122.33636111111107,0.0,0.0,2018-04-26 12:00:01,刺网
4301,29.9155,122.33636111111107,0.0,0.0,2018-04-26 12:10:01,刺网
4301,29.91547222222223,122.33638888888888,0.0,0.0,2018-04-26 12:20:01,刺网
4301,29.91547222222223,122.33638888888888,0.0,0.0,2018-04-26 12:30:01,刺网
4301,29.91547222222223,122.33638888888888,0.0,0.0,2018-04-26 12:40:01,刺网
4301,29.91547222222223,122.33641666666666,0.0,0.0,2018-04-26 12:50:01,刺网
4301,29.915388888888888,122.33641666666666,0.0,0.0,2018-04-26 13:00:01,刺网
4301,29.91547222222223,122.33638888888888,0.0,0.0,2018-04-26 13:10:01,刺网
4301,29.915388888888888,122.33641666666666,0.0,0.0,2018-04-26 13:20:01,刺网
4301,29.915527777777786,122.33636111111107,0.1,0.0,2018-04-26 13:30:01,刺网
4301,29.91547222222223,122.33636111111107,0.0,0.0,2018-04-26 13:40:01,刺网
4301,29.91530555555555,122.33647222222223,0.0,0.0,2018-04-26 13:50:01,刺网
4301,29.9155,122.33633333333331,0.4,0.0,2018-04-26 14:00:01,刺网
4301,29.9155,122.33636111111107,0.1,0.0,2018-04-26 14:10:01,刺网
4301,29.915416666666665,122.33638888888888,0.0,0.0,2018-04-26 14:20:01,刺网
4301,29.915388888888888,122.33638888888888,0.1,0.0,2018-04-26 14:30:01,刺网
4301,29.915555555555553,122.33633333333331,0.1,0.0,2018-04-26 14:40:01,刺网
4301,29.915416666666665,122.33647222222223,0.2,0.0,2018-04-26 14:50:01,刺网
4301,29.915388888888888,122.33641666666666,0.1,0.0,2018-04-26 15:00:01,刺网
4301,29.91547222222223,122.33641666666666,0.1,0.0,2018-04-26 15:10:01,刺网
4301,29.91547222222223,122.33638888888888,0.2,0.0,2018-04-26 15:20:01,刺网
4301,29.915805555555554,122.33636111111107,0.2,0.0,2018-04-26 15:30:01,刺网
4301,29.915555555555553,122.33638888888888,0.1,0.0,2018-04-26 15:40:01,刺网
4301,29.915388888888888,122.33683333333332,0.2,0.0,2018-04-26 15:50:01,刺网
4301,29.9155,122.33641666666666,0.0,0.0,2018-04-26 16:00:01,刺网
4301,29.915527777777786,122.33638888888888,0.0,0.0,2018-04-26 16:10:01,刺网
4301,29.91544444444445,122.33638888888888,0.0,0.0,2018-04-26 16:20:01,刺网
4301,29.91547222222223,122.33633333333331,0.0,0.0,2018-04-26 16:30:01,刺网
4301,29.91544444444445,122.33641666666666,0.0,0.0,2018-04-26 16:40:01,刺网
4301,29.91547222222223,122.33636111111107,0.0,0.0,2018-04-26 16:50:01,刺网
4301,29.91547222222223,122.33633333333331,0.0,0.0,2018-04-26 17:00:01,刺网
4301,29.91547222222223,122.33633333333331,0.0,0.0,2018-04-26 17:10:01,刺网
4301,29.9155,122.33636111111107,0.0,0.0,2018-04-26 17:20:01,刺网
4301,29.9155,122.33633333333331,0.0,0.0,2018-04-26 17:30:01,刺网
4301,29.9155,122.33638888888888,0.0,0.0,2018-04-26 17:40:01,刺网
4301,29.9155,122.33636111111107,0.0,0.0,2018-04-26 17:50:01,刺网
4301,29.91544444444445,122.33638888888888,0.0,0.0,2018-04-26 18:00:01,刺网
4301,29.91544444444445,122.33638888888888,0.0,0.0,2018-04-26 18:10:01,刺网
4301,29.91544444444445,122.33638888888888,0.0,0.0,2018-04-26 18:20:01,刺网
4301,29.91547222222223,122.33638888888888,0.0,0.0,2018-04-26 18:30:01,刺网
4301,29.915416666666665,122.33644444444445,0.0,0.0,2018-04-26 18:40:01,刺网
4301,29.91547222222223,122.33636111111107,0.0,0.0,2018-04-26 18:50:01,刺网
4301,29.91547222222223,122.33638888888888,0.0,0.0,2018-04-26 19:00:01,刺网
4301,29.91547222222223,122.33647222222223,0.0,0.0,2018-04-26 19:10:01,刺网
4301,29.915388888888888,122.33652777777776,0.1,0.0,2018-04-26 19:20:01,刺网
4301,29.91544444444445,122.3365,0.1,0.0,2018-04-26 19:30:01,刺网
4301,29.915416666666665,122.33644444444445,0.1,0.0,2018-04-26 19:40:01,刺网
4301,29.915388888888888,122.33661111111113,0.4,0.0,2018-04-26 19:50:01,刺网
4301,29.91544444444445,122.33641666666666,0.0,0.0,2018-04-26 20:00:01,刺网
4301,29.915416666666665,122.33638888888888,0.0,0.0,2018-04-26 20:10:01,刺网
4301,29.91547222222223,122.33638888888888,0.0,0.0,2018-04-26 20:20:01,刺网
4301,29.91544444444445,122.33644444444445,0.0,0.0,2018-04-26 20:30:01,刺网
4301,29.915416666666665,122.33638888888888,0.0,0.0,2018-04-26 20:40:01,刺网
4301,29.915416666666665,122.33638888888888,0.0,0.0,2018-04-26 20:50:01,刺网
4301,29.91544444444445,122.33641666666666,0.0,0.0,2018-04-26 21:00:01,刺网
4301,29.91547222222223,122.33641666666666,0.0,0.0,2018-04-26 21:10:01,刺网
4301,29.915416666666665,122.33641666666666,0.0,0.0,2018-04-26 21:20:01,刺网
4301,29.9155,122.33638888888888,0.0,0.0,2018-04-26 21:30:01,刺网
4301,29.91536111111111,122.33633333333331,0.0,0.0,2018-04-26 21:40:01,刺网
4301,29.91544444444445,122.33633333333331,0.0,0.0,2018-04-26 21:50:01,刺网
4301,29.91533333333333,122.3365,0.1,0.0,2018-04-26 22:00:01,刺网
4301,29.915388888888888,122.33622222222222,0.0,0.0,2018-04-26 22:10:01,刺网
4301,29.91544444444445,122.33636111111107,0.0,0.0,2018-04-26 22:20:01,刺网
4301,29.91544444444445,122.33636111111107,0.0,0.0,2018-04-26 22:30:01,刺网
4301,29.91561111111111,122.3365,0.1,0.0,2018-04-26 22:40:01,刺网
4301,29.915527777777786,122.33630555555555,0.0,0.0,2018-04-26 22:50:01,刺网
4301,29.91544444444445,122.3365,0.1,0.0,2018-04-26 23:00:01,刺网
4301,29.9155,122.33644444444445,0.1,0.0,2018-04-26 23:10:01,刺网
4301,29.9155,122.33633333333331,0.1,0.0,2018-04-26 23:20:01,刺网
4301,29.915527777777786,122.33633333333331,0.2,0.0,2018-04-26 23:30:01,刺网
4301,29.915277777777767,122.33627777777778,0.3,0.0,2018-04-26 23:40:01,刺网
4301,29.91544444444445,122.33636111111107,0.0,0.0,2018-04-26 23:50:01,刺网
4301,29.91544444444445,122.33641666666666,0.0,0.0,2018-04-27 00:10:01,刺网
4301,29.91544444444445,122.33638888888888,0.0,0.0,2018-04-27 00:20:01,刺网
4301,29.91544444444445,122.33633333333331,0.0,0.0,2018-04-27 00:30:01,刺网
4301,29.915416666666665,122.33638888888888,0.0,0.0,2018-04-27 00:40:01,刺网
4301,29.91547222222223,122.33636111111107,0.0,0.0,2018-04-27 00:50:01,刺网
4301,29.91544444444445,122.33633333333331,0.0,0.0,2018-04-27 01:00:01,刺网
4301,29.91547222222223,122.33644444444445,0.0,0.0,2018-04-27 01:10:01,刺网
4301,29.9155,122.33636111111107,0.0,0.0,2018-04-27 01:20:01,刺网
4301,29.91547222222223,122.33644444444445,0.0,0.0,2018-04-27 01:30:01,刺网
4301,29.91544444444445,122.33644444444445,0.0,0.0,2018-04-27 01:40:01,刺网
4301,29.91558333333333,122.33630555555555,0.0,0.0,2018-04-27 01:50:01,刺网
4301,29.9155,122.33636111111107,0.0,0.0,2018-04-27 02:20:01,刺网
4301,29.915527777777786,122.33641666666666,0.0,0.0,2018-04-27 02:40:01,刺网
4301,29.91544444444445,122.33638888888888,0.0,0.0,2018-04-27 02:50:01,刺网
4301,29.915416666666665,122.33641666666666,0.0,0.0,2018-04-27 03:00:01,刺网
4301,29.91544444444445,122.33641666666666,0.0,0.0,2018-04-27 03:10:01,刺网
4301,29.915416666666665,122.33630555555555,0.0,0.0,2018-04-27 03:20:01,刺网
4301,29.91544444444445,122.33641666666666,0.0,0.0,2018-04-27 03:30:01,刺网
4301,29.91547222222223,122.33641666666666,0.0,0.0,2018-04-27 03:40:01,刺网
4301,29.9155,122.33641666666666,0.0,0.0,2018-04-27 03:50:01,刺网
4301,29.915527777777786,122.33622222222222,0.0,0.0,2018-04-27 04:00:01,刺网
4301,29.915416666666665,122.33641666666666,0.0,0.0,2018-04-27 04:10:01,刺网
4301,29.915388888888888,122.33647222222223,0.0,0.0,2018-04-27 04:20:01,刺网
4301,29.91558333333333,122.33633333333331,0.4,0.0,2018-04-27 04:30:01,刺网
4301,29.915805555555554,122.33608333333332,0.2,0.0,2018-04-27 04:40:01,刺网
4301,29.91544444444445,122.33638888888888,0.0,0.0,2018-04-27 04:50:01,刺网
4301,29.91544444444445,122.33644444444445,0.0,0.0,2018-04-27 05:00:01,刺网
4301,29.91544444444445,122.33636111111107,0.0,0.0,2018-04-27 05:10:01,刺网
4301,29.91544444444445,122.33641666666666,0.0,0.0,2018-04-27 05:20:01,刺网
4301,29.91544444444445,122.33641666666666,0.0,0.0,2018-04-27 05:30:01,刺网
4301,29.91547222222223,122.33636111111107,0.0,0.0,2018-04-27 05:40:01,刺网
4301,29.91547222222223,122.33636111111107,0.0,0.0,2018-04-27 05:50:01,刺网
4301,29.915388888888888,122.33644444444445,0.0,0.0,2018-04-27 08:11:16,刺网
4301,29.915416666666665,122.33644444444445,0.0,0.0,2018-04-27 08:21:16,刺网
4301,29.91544444444445,122.33641666666666,0.0,0.0,2018-04-27 08:31:16,刺网
4301,29.915416666666665,122.33644444444445,0.0,0.0,2018-04-27 08:41:17,刺网
4301,29.91544444444445,122.33644444444445,0.0,0.0,2018-04-27 08:51:17,刺网
4301,29.91544444444445,122.33644444444445,0.0,0.0,2018-04-27 09:01:16,刺网
4301,29.915388888888888,122.33644444444445,0.0,0.0,2018-04-27 09:11:17,刺网
4301,29.91547222222223,122.33644444444445,0.0,0.0,2018-04-27 09:21:17,刺网
4301,29.91547222222223,122.33647222222223,0.1,0.0,2018-04-27 09:31:16,刺网
4301,29.9155,122.33641666666666,0.0,0.0,2018-04-27 09:41:16,刺网
4301,29.915416666666665,122.33641666666666,0.2,0.0,2018-04-27 09:51:15,刺网
4301,29.91547222222223,122.33647222222223,0.1,0.0,2018-04-27 10:01:16,刺网
4301,29.91547222222223,122.33644444444445,0.2,0.0,2018-04-27 10:11:16,刺网
4301,29.9155,122.33652777777776,0.2,0.0,2018-04-27 10:21:16,刺网
4301,29.91547222222223,122.33636111111107,0.2,0.0,2018-04-27 10:31:16,刺网
4301,29.91547222222223,122.3365,0.3,0.0,2018-04-27 10:41:16,刺网
4301,29.915527777777786,122.3365,0.2,0.0,2018-04-27 10:51:41,刺网
4301,29.91547222222223,122.3365,0.1,0.0,2018-04-27 11:01:16,刺网
4301,29.91544444444445,122.33647222222223,0.0,0.0,2018-04-27 11:11:16,刺网
4301,29.915416666666665,122.33661111111113,0.3,0.0,2018-04-27 11:21:16,刺网
4301,29.91547222222223,122.33638888888888,0.2,0.0,2018-04-27 11:31:16,刺网
4301,29.9155,122.33641666666666,0.0,0.0,2018-04-27 11:41:29,刺网
4301,29.91547222222223,122.33638888888888,0.0,0.0,2018-04-27 11:51:15,刺网
4301,29.91547222222223,122.33638888888888,0.0,0.0,2018-04-27 12:01:29,刺网
4301,29.91547222222223,122.33638888888888,0.1,0.0,2018-04-27 12:11:15,刺网
4301,29.9155,122.33638888888888,0.1,0.0,2018-04-27 12:21:15,刺网
4301,29.91547222222223,122.33638888888888,0.1,0.0,2018-04-27 12:31:15,刺网
4301,29.915527777777786,122.33636111111107,0.0,0.0,2018-04-27 12:41:15,刺网
4301,29.91547222222223,122.33625,0.1,0.0,2018-04-27 12:51:15,刺网
4301,29.915527777777786,122.33638888888888,0.0,0.0,2018-04-27 13:01:15,刺网
4301,29.91547222222223,122.33630555555555,0.1,0.0,2018-04-27 13:11:15,刺网
4301,29.915555555555553,122.33636111111107,0.1,0.0,2018-04-27 13:21:15,刺网
4301,29.91561111111111,122.33630555555555,0.1,0.0,2018-04-27 13:31:15,刺网
4301,29.916027777777767,122.33591666666666,1.2,142.0,2018-04-27 13:41:15,刺网
4301,29.9155,122.33636111111107,0.3,142.0,2018-04-27 13:51:15,刺网
4301,29.915527777777786,122.33641666666666,0.0,0.0,2018-04-27 14:01:29,刺网
4301,29.915527777777786,122.33644444444445,0.0,0.0,2018-04-27 14:11:15,刺网
4301,29.91547222222223,122.33641666666666,0.0,0.0,2018-04-27 14:21:15,刺网
4301,29.9155,122.33644444444445,0.0,0.0,2018-04-27 14:31:15,刺网
4301,29.91547222222223,122.33644444444445,0.0,0.0,2018-04-27 14:41:15,刺网
4301,29.91547222222223,122.33647222222223,0.0,0.0,2018-04-27 14:51:16,刺网
4301,29.91547222222223,122.33652777777776,0.0,0.0,2018-04-27 15:01:16,刺网
4301,29.91544444444445,122.3365,0.0,0.0,2018-04-27 15:11:16,刺网
4301,29.91544444444445,122.33644444444445,0.0,0.0,2018-04-27 15:21:15,刺网
4301,29.91547222222223,122.33641666666666,0.0,0.0,2018-04-27 15:31:15,刺网
4301,29.91547222222223,122.33644444444445,0.0,0.0,2018-04-27 15:41:16,刺网
4301,29.91547222222223,122.33638888888888,0.0,0.0,2018-04-27 15:51:15,刺网
4301,29.91547222222223,122.33641666666666,0.0,0.0,2018-04-27 16:01:15,刺网
4301,29.91561111111111,122.33627777777778,0.2,0.0,2018-04-27 16:11:16,刺网
4301,29.91561111111111,122.33625,0.0,0.0,2018-04-27 16:21:16,刺网
4301,29.915555555555553,122.33625,0.3,0.0,2018-04-27 16:31:16,刺网
4301,29.91525,122.33672222222219,0.0,0.0,2018-04-27 16:41:20,刺网
4301,29.91547222222223,122.33638888888888,0.0,0.0,2018-04-27 16:51:25,刺网
4301,29.9155,122.33638888888888,0.0,0.0,2018-04-27 17:01:15,刺网
4301,29.91547222222223,122.33641666666666,0.0,0.0,2018-04-27 17:11:14,刺网
4301,29.91547222222223,122.33638888888888,0.0,0.0,2018-04-27 17:21:14,刺网
4301,29.9155,122.33641666666666,0.0,0.0,2018-04-27 17:31:14,刺网
4301,29.91547222222223,122.33644444444445,0.0,0.0,2018-04-27 17:41:14,刺网
4301,29.9155,122.33644444444445,0.0,0.0,2018-04-27 17:51:14,刺网
4301,29.9155,122.33638888888888,0.0,0.0,2018-04-27 18:01:14,刺网
4301,29.915527777777786,122.33641666666666,0.0,0.0,2018-04-27 18:11:14,刺网
4301,29.915527777777786,122.33627777777778,0.0,0.0,2018-04-27 18:21:14,刺网
4301,29.9155,122.33633333333331,0.0,0.0,2018-04-27 18:31:17,刺网
4301,29.91530555555555,122.33633333333331,0.0,0.0,2018-04-27 18:41:14,刺网
4301,29.91536111111111,122.33619444444444,0.0,0.0,2018-04-27 18:51:15,刺网
4301,29.915111111111113,122.33613888888887,0.0,0.0,2018-04-27 19:01:26,刺网
4301,29.91544444444445,122.33644444444445,0.0,0.0,2018-04-27 19:11:47,刺网
4301,29.91544444444445,122.33641666666666,0.0,0.0,2018-04-27 19:21:14,刺网
4301,29.91544444444445,122.33644444444445,0.0,0.0,2018-04-27 19:31:14,刺网
4301,29.91544444444445,122.3365,0.0,0.0,2018-04-27 19:41:14,刺网
4301,29.91544444444445,122.33644444444445,0.0,0.0,2018-04-27 19:51:14,刺网
4301,29.91544444444445,122.33644444444445,0.0,0.0,2018-04-27 20:01:14,刺网
4301,29.915388888888888,122.33644444444445,0.0,0.0,2018-04-27 20:11:14,刺网
4301,29.91547222222223,122.33647222222223,0.0,0.0,2018-04-27 20:21:14,刺网
4301,29.91547222222223,122.33644444444445,0.0,0.0,2018-04-27 20:31:14,刺网
4301,29.91547222222223,122.33644444444445,0.0,0.0,2018-04-27 20:41:14,刺网
4301,29.915416666666665,122.33638888888888,0.0,0.0,2018-04-27 20:51:14,刺网
4301,29.91547222222223,122.33644444444445,0.0,0.0,2018-04-27 21:01:14,刺网
4301,29.91547222222223,122.33644444444445,0.0,0.0,2018-04-27 21:11:14,刺网
4301,29.91547222222223,122.33641666666666,0.0,0.0,2018-04-27 21:21:14,刺网
4301,29.9155,122.33636111111107,0.1,0.0,2018-04-27 21:31:13,刺网
4301,29.9155,122.33641666666666,0.1,0.0,2018-04-27 21:41:13,刺网
4301,29.9155,122.3365,0.0,0.0,2018-04-27 21:51:13,刺网
4301,29.91544444444445,122.33636111111107,0.0,0.0,2018-04-27 22:01:28,刺网
4301,29.91547222222223,122.33641666666666,0.0,0.0,2018-04-27 22:11:13,刺网
4301,29.91547222222223,122.33638888888888,0.0,0.0,2018-04-27 22:21:13,刺网
4301,29.91544444444445,122.33638888888888,0.0,0.0,2018-04-27 22:31:13,刺网
4301,29.91544444444445,122.33633333333331,0.0,0.0,2018-04-27 22:41:13,刺网
4301,29.915388888888888,122.33638888888888,0.0,0.0,2018-04-27 22:51:13,刺网
4301,29.91536111111111,122.33652777777776,0.1,0.0,2018-04-27 23:01:13,刺网
4301,29.915416666666665,122.33641666666666,0.0,0.0,2018-04-27 23:11:13,刺网
4301,29.915416666666665,122.33638888888888,0.1,0.0,2018-04-27 23:21:13,刺网
4301,29.915388888888888,122.33644444444445,0.0,0.0,2018-04-27 23:31:13,刺网
4301,29.915388888888888,122.33636111111107,0.0,0.0,2018-04-27 23:41:13,刺网
4301,29.91477777777777,122.33602777777777,0.2,0.0,2018-04-27 23:51:17,刺网
4301,29.915277777777767,122.33633333333331,0.2,0.0,2018-04-28 00:01:13,刺网
4301,29.91547222222223,122.33644444444445,0.0,0.0,2018-04-28 00:11:29,刺网
4301,29.91547222222223,122.33647222222223,0.0,0.0,2018-04-28 00:21:13,刺网
4301,29.91547222222223,122.33644444444445,0.1,0.0,2018-04-28 00:31:13,刺网
4301,29.91547222222223,122.33641666666666,0.0,0.0,2018-04-28 00:41:13,刺网
4301,29.915416666666665,122.33638888888888,0.0,0.0,2018-04-28 00:51:13,刺网
4301,29.91547222222223,122.33641666666666,0.0,0.0,2018-04-28 01:01:13,刺网
4301,29.91544444444445,122.33641666666666,0.0,0.0,2018-04-28 01:11:13,刺网
4301,29.91544444444445,122.33641666666666,0.0,0.0,2018-04-28 01:21:13,刺网
4301,29.915555555555553,122.33641666666666,0.0,0.0,2018-04-28 01:31:13,刺网
4301,29.9155,122.33641666666666,0.0,0.0,2018-04-28 01:41:13,刺网
4301,29.91547222222223,122.33641666666666,0.0,0.0,2018-04-28 01:51:13,刺网
4301,29.91544444444445,122.33647222222223,0.0,0.0,2018-04-28 02:01:13,刺网
4301,29.9155,122.33647222222223,0.0,0.0,2018-04-28 02:11:12,刺网
4301,29.91547222222223,122.33641666666666,0.0,0.0,2018-04-28 02:21:12,刺网
4301,29.91536111111111,122.33641666666666,0.0,0.0,2018-04-28 02:31:14,刺网
4301,29.915527777777786,122.33638888888888,0.0,0.0,2018-04-28 02:41:29,刺网
4301,29.91547222222223,122.33644444444445,0.4,186.0,2018-04-28 02:51:12,刺网
4301,29.9155,122.33638888888888,0.0,0.0,2018-04-28 03:01:12,刺网
4301,29.91544444444445,122.33644444444445,0.0,0.0,2018-04-28 03:11:12,刺网
4301,29.9155,122.33638888888888,0.0,0.0,2018-04-28 03:21:12,刺网
4301,29.9155,122.33641666666666,0.0,0.0,2018-04-28 03:31:12,刺网
4301,29.91547222222223,122.33636111111107,0.1,0.0,2018-04-28 03:41:12,刺网
4301,29.91547222222223,122.33630555555555,0.0,0.0,2018-04-28 03:51:12,刺网
4301,29.9155,122.33638888888888,0.0,0.0,2018-04-28 04:01:12,刺网
4301,29.91547222222223,122.33641666666666,0.0,0.0,2018-04-28 04:11:28,刺网
4301,29.91558333333333,122.33636111111107,0.0,0.0,2018-04-28 04:21:12,刺网
4301,29.915388888888888,122.33644444444445,0.0,0.0,2018-04-28 04:31:12,刺网
4301,29.91544444444445,122.33641666666666,0.0,0.0,2018-04-28 04:41:12,刺网
4301,29.9155,122.33636111111107,0.1,0.0,2018-04-28 04:51:12,刺网
4301,29.91547222222223,122.33644444444445,0.0,0.0,2018-04-28 05:01:29,刺网
4301,29.915416666666665,122.33647222222223,0.0,0.0,2018-04-28 05:11:12,刺网
4301,29.91547222222223,122.33644444444445,0.0,0.0,2018-04-28 05:21:12,刺网
4301,29.91547222222223,122.33638888888888,0.0,0.0,2018-04-28 05:31:12,刺网
4301,29.915416666666665,122.33644444444445,0.0,0.0,2018-04-28 05:41:12,刺网
4301,29.91544444444445,122.33652777777776,0.0,0.0,2018-04-28 05:51:12,刺网
4301,29.9155,122.33638888888888,0.0,0.0,2018-04-28 06:01:12,刺网
4301,29.91547222222223,122.33647222222223,0.0,0.0,2018-04-28 06:11:12,刺网
4301,29.91547222222223,122.33638888888888,0.0,0.0,2018-04-28 06:21:12,刺网
4301,29.915416666666665,122.33652777777776,0.0,0.0,2018-04-28 06:31:12,刺网
4301,29.91547222222223,122.33641666666666,0.0,0.0,2018-04-28 06:41:12,刺网
4301,29.91558333333333,122.33638888888888,0.1,0.0,2018-04-28 06:51:13,刺网
4301,29.91563888888889,122.33630555555555,0.6,0.0,2018-04-28 07:01:12,刺网
4301,29.91544444444445,122.33641666666666,0.0,0.0,2018-04-28 07:11:29,刺网
4301,29.91544444444445,122.33647222222223,0.0,0.0,2018-04-28 07:21:11,刺网
4301,29.91544444444445,122.33647222222223,0.0,0.0,2018-04-28 07:31:11,刺网
4301,29.9155,122.33644444444445,0.0,0.0,2018-04-28 07:41:11,刺网
4301,29.91544444444445,122.33641666666666,0.0,0.0,2018-04-28 07:51:11,刺网
4301,29.91547222222223,122.33644444444445,0.0,0.0,2018-04-28 08:01:12,刺网
4301,29.91544444444445,122.33647222222223,0.0,0.0,2018-04-28 08:11:12,刺网
4301,29.91547222222223,122.33644444444445,0.0,0.0,2018-04-28 08:21:11,刺网
4301,29.91544444444445,122.33644444444445,0.1,0.0,2018-04-28 08:31:11,刺网
4301,29.91544444444445,122.3365,0.0,0.0,2018-04-28 08:41:11,刺网
4301,29.91547222222223,122.33641666666666,0.0,0.0,2018-04-28 08:51:12,刺网
4301,29.91544444444445,122.33641666666666,0.1,0.0,2018-04-28 09:01:12,刺网
4301,29.91547222222223,122.33647222222223,0.0,0.0,2018-04-28 09:11:12,刺网
4301,29.9155,122.33647222222223,0.0,0.0,2018-04-28 09:21:12,刺网
4301,29.9155,122.33641666666666,0.1,0.0,2018-04-28 09:31:12,刺网
4301,29.91547222222223,122.33641666666666,0.1,0.0,2018-04-28 09:41:12,刺网
4301,29.915416666666665,122.33647222222223,0.2,0.0,2018-04-28 09:51:13,刺网
4301,29.91561111111111,122.33663888888887,0.4,0.0,2018-04-28 10:01:15,刺网
4301,29.91547222222223,122.33644444444445,0.0,0.0,2018-04-28 10:11:29,刺网
4301,29.91530555555555,122.3365,0.3,334.0,2018-04-28 10:21:11,刺网
4301,29.91547222222223,122.33644444444445,0.0,0.0,2018-04-28 10:31:12,刺网
4301,29.91547222222223,122.33647222222223,0.0,0.0,2018-04-28 10:41:11,刺网
4301,29.91547222222223,122.33638888888888,0.0,0.0,2018-04-28 10:51:12,刺网
4301,29.91544444444445,122.33641666666666,0.0,0.0,2018-04-28 11:01:12,刺网
4301,29.91547222222223,122.3365,0.0,0.0,2018-04-28 11:11:12,刺网
4301,29.91544444444445,122.33630555555555,0.0,0.0,2018-04-28 11:21:11,刺网
4301,29.915555555555553,122.33641666666666,0.0,0.0,2018-04-28 11:41:10,刺网
4301,29.9155,122.33641666666666,0.0,0.0,2018-04-28 11:51:10,刺网
4301,29.91547222222223,122.33641666666666,0.0,0.0,2018-04-28 12:01:29,刺网
4301,29.915555555555553,122.33638888888888,0.0,0.0,2018-04-28 12:11:11,刺网
4301,29.9155,122.33644444444445,0.0,0.0,2018-04-28 12:21:10,刺网
4301,29.9155,122.33647222222223,0.0,0.0,2018-04-28 12:31:11,刺网
4301,29.91547222222223,122.33644444444445,0.0,0.0,2018-04-28 12:41:11,刺网
4301,29.91544444444445,122.33644444444445,0.0,0.0,2018-04-28 12:51:10,刺网
4301,29.91547222222223,122.33641666666666,0.0,0.0,2018-04-28 13:01:10,刺网
4301,29.915555555555553,122.33638888888888,0.0,0.0,2018-04-28 13:11:10,刺网
4301,29.915527777777786,122.33641666666666,0.0,0.0,2018-04-28 13:21:10,刺网
4301,29.91558333333333,122.33636111111107,0.0,0.0,2018-04-28 13:31:10,刺网
4301,29.915416666666665,122.33644444444445,0.0,0.0,2018-04-28 13:41:09,刺网
4301,29.91544444444445,122.33644444444445,0.1,0.0,2018-04-28 13:51:10,刺网
4301,29.915388888888888,122.33644444444445,0.1,0.0,2018-04-28 14:01:10,刺网
4301,29.915527777777786,122.33647222222223,0.2,0.0,2018-04-28 14:11:11,刺网
4301,29.9155,122.33644444444445,0.1,0.0,2018-04-28 14:21:10,刺网
4301,29.915555555555553,122.33641666666666,0.1,0.0,2018-04-28 14:31:11,刺网
4301,29.915388888888888,122.33652777777776,0.1,0.0,2018-04-28 14:41:10,刺网
4301,29.915527777777786,122.33647222222223,0.1,0.0,2018-04-28 14:51:10,刺网
4301,29.91536111111111,122.33652777777776,0.1,0.0,2018-04-28 15:01:10,刺网
4301,29.91558333333333,122.33647222222223,0.1,0.0,2018-04-28 15:11:11,刺网
4301,29.9155,122.33644444444445,0.1,0.0,2018-04-28 15:21:10,刺网
4301,29.91533333333333,122.33652777777776,0.2,0.0,2018-04-28 15:31:10,刺网
4301,29.91544444444445,122.33652777777776,0.0,0.0,2018-04-28 15:51:10,刺网
4301,29.9155,122.33644444444445,0.0,0.0,2018-04-28 16:01:10,刺网
4301,29.91544444444445,122.33647222222223,0.0,0.0,2018-04-28 16:11:11,刺网
4301,29.9155,122.33638888888888,0.0,0.0,2018-04-28 16:21:10,刺网
4301,29.91547222222223,122.33652777777776,0.0,0.0,2018-04-28 16:31:10,刺网
4301,29.915416666666665,122.33644444444445,0.0,0.0,2018-04-28 16:41:09,刺网
4301,29.9155,122.33638888888888,0.0,0.0,2018-04-28 16:51:09,刺网
4301,29.915527777777786,122.33636111111107,0.1,0.0,2018-04-28 17:01:10,刺网
4301,29.91547222222223,122.33638888888888,0.1,0.0,2018-04-28 17:11:10,刺网
4301,29.91547222222223,122.33644444444445,0.0,0.0,2018-04-28 17:21:09,刺网
4301,29.91544444444445,122.33644444444445,0.2,140.0,2018-04-28 17:31:09,刺网
4301,29.91547222222223,122.33644444444445,0.0,0.0,2018-04-28 17:41:09,刺网
4301,29.91544444444445,122.33644444444445,0.1,0.0,2018-04-28 17:51:09,刺网
4301,29.91547222222223,122.33644444444445,0.0,0.0,2018-04-28 18:01:10,刺网
4301,29.91544444444445,122.33644444444445,0.0,0.0,2018-04-28 18:11:29,刺网
4301,29.91547222222223,122.33647222222223,0.0,0.0,2018-04-28 18:21:09,刺网
4301,29.91547222222223,122.33644444444445,0.0,0.0,2018-04-28 18:31:09,刺网
4301,29.91544444444445,122.33644444444445,0.0,0.0,2018-04-28 18:41:09,刺网
4301,29.9155,122.33644444444445,0.0,0.0,2018-04-28 18:51:09,刺网
4301,29.915527777777786,122.33641666666666,0.0,0.0,2018-04-28 19:01:09,刺网
4301,29.915527777777786,122.33644444444445,0.0,0.0,2018-04-28 19:11:09,刺网
4301,29.91544444444445,122.3365,0.0,0.0,2018-04-28 19:21:09,刺网
4301,29.91544444444445,122.3365,0.0,0.0,2018-04-28 19:31:09,刺网
4301,29.91547222222223,122.33647222222223,0.0,0.0,2018-04-28 19:41:09,刺网
4301,29.91544444444445,122.3365,0.0,0.0,2018-04-28 19:51:09,刺网
4301,29.91547222222223,122.33644444444445,0.0,0.0,2018-04-28 20:01:09,刺网
4301,29.91544444444445,122.33655555555555,0.0,0.0,2018-04-28 20:11:09,刺网
4301,29.915416666666665,122.33644444444445,0.0,0.0,2018-04-28 20:21:09,刺网
4301,29.91544444444445,122.33644444444445,0.0,0.0,2018-04-28 20:31:09,刺网
4301,29.91544444444445,122.33647222222223,0.0,0.0,2018-04-28 20:41:09,刺网
4301,29.91544444444445,122.33661111111113,0.0,0.0,2018-04-28 20:51:09,刺网
4301,29.91544444444445,122.33644444444445,0.0,0.0,2018-04-28 21:01:08,刺网
4301,29.915527777777786,122.33655555555555,0.1,0.0,2018-04-28 21:11:08,刺网
4301,29.91544444444445,122.3365,0.1,0.0,2018-04-28 21:21:08,刺网
4301,29.9155,122.33647222222223,0.0,0.0,2018-04-28 21:31:29,刺网
4301,29.91547222222223,122.33638888888888,0.0,0.0,2018-04-28 21:41:08,刺网
4301,29.9155,122.33636111111107,0.0,0.0,2018-04-28 21:51:08,刺网
4301,29.91544444444445,122.33644444444445,0.0,0.0,2018-04-28 22:01:08,刺网
4301,29.91544444444445,122.33644444444445,0.0,0.0,2018-04-28 22:11:08,刺网
4301,29.91544444444445,122.33644444444445,0.0,0.0,2018-04-28 22:21:08,刺网
4301,29.915416666666665,122.33652777777776,0.1,0.0,2018-04-28 22:31:08,刺网
4301,29.91547222222223,122.33641666666666,0.0,0.0,2018-04-28 22:41:08,刺网
4301,29.915388888888888,122.33641666666666,0.0,0.0,2018-04-28 22:51:08,刺网
4301,29.91547222222223,122.33630555555555,0.1,0.0,2018-04-28 23:01:08,刺网
4301,29.91547222222223,122.33641666666666,0.1,0.0,2018-04-28 23:11:08,刺网
4301,29.91544444444445,122.33644444444445,0.2,0.0,2018-04-28 23:21:08,刺网
4301,29.91544444444445,122.33638888888888,0.3,0.0,2018-04-28 23:31:08,刺网
4301,29.9155,122.33644444444445,0.4,0.0,2018-04-28 23:41:08,刺网
4301,29.915416666666665,122.33636111111107,0.1,0.0,2018-04-28 23:51:10,刺网
4301,29.915527777777786,122.33641666666666,0.1,0.0,2018-04-29 00:01:08,刺网
4301,29.9155,122.33638888888888,0.0,0.0,2018-04-29 00:21:08,刺网
4301,29.915416666666665,122.33638888888888,0.0,0.0,2018-04-29 00:31:08,刺网
4301,29.9155,122.33641666666666,0.0,0.0,2018-04-29 00:41:08,刺网
4301,29.915416666666665,122.33638888888888,0.0,0.0,2018-04-29 00:51:08,刺网
4301,29.9155,122.33644444444445,0.0,0.0,2018-04-29 01:01:08,刺网
4301,29.91547222222223,122.33641666666666,0.0,0.0,2018-04-29 01:11:08,刺网
4301,29.91547222222223,122.33641666666666,0.0,0.0,2018-04-29 01:21:08,刺网
4301,29.91544444444445,122.33638888888888,0.0,0.0,2018-04-29 01:31:08,刺网
4301,29.915527777777786,122.33644444444445,0.0,0.0,2018-04-29 01:41:07,刺网
4301,29.915527777777786,122.33638888888888,0.0,0.0,2018-04-29 01:51:07,刺网
4301,29.91544444444445,122.33638888888888,0.0,0.0,2018-04-29 02:01:07,刺网
4301,29.915555555555553,122.33641666666666,0.0,0.0,2018-04-29 02:11:07,刺网
4301,29.91558333333333,122.33633333333331,0.0,0.0,2018-04-29 02:21:07,刺网
4301,29.915416666666665,122.33647222222223,0.0,0.0,2018-04-29 02:31:07,刺网
4301,29.91544444444445,122.33647222222223,0.1,0.0,2018-04-29 02:41:07,刺网
4301,29.91536111111111,122.33644444444445,0.0,0.0,2018-04-29 02:51:07,刺网
4301,29.91547222222223,122.33641666666666,0.1,0.0,2018-04-29 03:01:07,刺网
4301,29.91533333333333,122.33647222222223,0.1,0.0,2018-04-29 03:11:07,刺网
4301,29.91561111111111,122.33633333333331,0.1,0.0,2018-04-29 03:21:07,刺网
4301,29.915527777777786,122.33625,0.1,0.0,2018-04-29 03:31:07,刺网
4301,29.91547222222223,122.33644444444445,0.0,0.0,2018-04-29 03:41:28,刺网
4301,29.91547222222223,122.33647222222223,0.0,0.0,2018-04-29 03:51:07,刺网
4301,29.9155,122.33644444444445,0.0,0.0,2018-04-29 04:01:07,刺网
4301,29.91547222222223,122.33636111111107,0.0,0.0,2018-04-29 04:11:07,刺网
4301,29.915527777777786,122.33638888888888,0.0,0.0,2018-04-29 04:21:07,刺网
4301,29.9155,122.33636111111107,0.0,0.0,2018-04-29 04:31:07,刺网
4301,29.91547222222223,122.33638888888888,0.0,0.0,2018-04-29 04:41:07,刺网
4301,29.91533333333333,122.33652777777776,0.1,0.0,2018-04-29 04:51:07,刺网
4301,29.91544444444445,122.33638888888888,0.0,0.0,2018-04-29 05:01:07,刺网
4301,29.91544444444445,122.33647222222223,0.0,0.0,2018-04-29 05:11:07,刺网
4301,29.9155,122.33633333333331,0.1,0.0,2018-04-29 05:21:07,刺网
4301,29.91544444444445,122.33638888888888,0.0,0.0,2018-04-29 05:31:07,刺网
4301,29.915527777777786,122.33627777777778,0.1,0.0,2018-04-29 05:41:07,刺网
4301,29.915416666666665,122.33647222222223,0.0,0.0,2018-04-29 05:51:07,刺网
4301,29.91544444444445,122.3365,0.0,0.0,2018-04-29 06:01:07,刺网
4301,29.915527777777786,122.33641666666666,0.0,0.0,2018-04-29 06:11:28,刺网
4301,29.91544444444445,122.33644444444445,0.0,0.0,2018-04-29 06:21:06,刺网
4301,29.91547222222223,122.33641666666666,0.0,0.0,2018-04-29 06:31:06,刺网
4301,29.915416666666665,122.33641666666666,0.0,0.0,2018-04-29 06:41:06,刺网
4301,29.91547222222223,122.33641666666666,0.0,0.0,2018-04-29 06:51:06,刺网
4301,29.91544444444445,122.33641666666666,0.0,0.0,2018-04-29 07:01:06,刺网
4301,29.9155,122.33641666666666,0.0,0.0,2018-04-29 07:11:06,刺网
4301,29.915416666666665,122.33641666666666,0.0,0.0,2018-04-29 07:21:06,刺网
4301,29.91547222222223,122.3365,0.0,0.0,2018-04-29 07:31:06,刺网
4301,29.9155,122.3365,0.0,0.0,2018-04-29 07:41:06,刺网
4301,29.9155,122.33644444444445,0.0,0.0,2018-04-29 07:51:06,刺网
4301,29.91544444444445,122.33638888888888,0.0,0.0,2018-04-29 08:01:06,刺网
4301,29.91544444444445,122.33647222222223,0.0,0.0,2018-04-29 08:11:06,刺网
4301,29.91544444444445,122.33647222222223,0.0,0.0,2018-04-29 08:21:09,刺网
4301,29.915388888888888,122.33652777777776,0.0,0.0,2018-04-29 08:31:07,刺网
4301,29.91547222222223,122.33647222222223,0.0,0.0,2018-04-29 08:41:30,刺网
4301,29.91547222222223,122.33647222222223,0.0,0.0,2018-04-29 09:01:07,刺网
4301,29.91547222222223,122.33644444444445,0.0,0.0,2018-04-29 09:11:07,刺网
4301,29.91547222222223,122.33644444444445,0.0,0.0,2018-04-29 09:21:07,刺网
4301,29.91547222222223,122.33647222222223,0.0,0.0,2018-04-29 09:31:06,刺网
4301,29.91544444444445,122.33647222222223,0.0,0.0,2018-04-29 09:41:07,刺网
4301,29.915555555555553,122.33644444444445,0.0,0.0,2018-04-29 09:51:08,刺网
4301,29.91547222222223,122.33644444444445,0.0,0.0,2018-04-29 10:01:06,刺网
4301,29.915527777777786,122.33644444444445,0.0,0.0,2018-04-29 10:11:06,刺网
4301,29.9155,122.33644444444445,0.0,0.0,2018-04-29 10:21:06,刺网
4301,29.915527777777786,122.33644444444445,0.0,0.0,2018-04-29 10:31:06,刺网
4301,29.91547222222223,122.33647222222223,0.0,0.0,2018-04-29 10:41:06,刺网
4301,29.91544444444445,122.33652777777776,0.1,0.0,2018-04-29 10:51:05,刺网
4301,29.91544444444445,122.33644444444445,0.0,0.0,2018-04-29 11:01:05,刺网
4301,29.91547222222223,122.33652777777776,0.0,0.0,2018-04-29 11:11:05,刺网
4301,29.91544444444445,122.33647222222223,0.1,0.0,2018-04-29 11:21:05,刺网
4301,29.91544444444445,122.3365,0.1,0.0,2018-04-29 11:31:05,刺网
4301,29.9155,122.33655555555555,0.2,0.0,2018-04-29 11:41:05,刺网
4301,29.915277777777767,122.33658333333334,0.0,0.0,2018-04-29 11:51:08,刺网
4301,29.91530555555555,122.33638888888888,0.0,0.0,2018-04-29 12:01:05,刺网
4301,29.915555555555553,122.33636111111107,0.0,0.0,2018-04-29 12:11:51,刺网
4301,29.9155,122.33647222222223,0.0,0.0,2018-04-29 12:21:05,刺网
4301,29.91547222222223,122.3365,0.0,0.0,2018-04-29 12:31:06,刺网
4301,29.91544444444445,122.33644444444445,0.0,0.0,2018-04-29 12:41:05,刺网
4301,29.9155,122.33638888888888,0.1,0.0,2018-04-29 12:51:05,刺网
4301,29.915527777777786,122.33636111111107,0.0,0.0,2018-04-29 13:01:05,刺网
4301,29.915527777777786,122.33644444444445,0.1,0.0,2018-04-29 13:11:05,刺网
4301,29.915416666666665,122.33644444444445,0.1,0.0,2018-04-29 13:21:05,刺网
4301,29.91544444444445,122.33647222222223,0.1,0.0,2018-04-29 13:31:05,刺网
4301,29.91536111111111,122.33655555555555,0.1,0.0,2018-04-29 13:41:05,刺网
4301,29.915166666666664,122.33669444444445,0.2,0.0,2018-04-29 13:51:16,刺网
4301,29.91525,122.33666666666666,0.2,0.0,2018-04-29 14:01:06,刺网
4301,29.91566666666667,122.33638888888888,0.2,0.0,2018-04-29 14:11:05,刺网
4301,29.91533333333333,122.33661111111113,0.0,0.0,2018-04-29 14:21:06,刺网
4301,29.91547222222223,122.33647222222223,0.1,0.0,2018-04-29 14:31:05,刺网
4301,29.91561111111111,122.33638888888888,2.1,78.0,2018-04-29 14:41:05,刺网
4301,29.91547222222223,122.3365,0.2,0.0,2018-04-29 14:51:05,刺网
4301,29.91547222222223,122.33641666666666,0.0,0.0,2018-04-29 15:01:29,刺网
4301,29.91544444444445,122.33644444444445,0.0,0.0,2018-04-29 15:11:05,刺网
4301,29.9155,122.33641666666666,0.0,0.0,2018-04-29 15:21:06,刺网
4301,29.915527777777786,122.33638888888888,0.0,0.0,2018-04-29 15:31:04,刺网
4301,29.91547222222223,122.3365,0.0,0.0,2018-04-29 15:41:04,刺网
4301,29.915527777777786,122.33644444444445,0.0,0.0,2018-04-29 15:51:04,刺网
4301,29.91547222222223,122.33647222222223,0.0,0.0,2018-04-29 16:01:04,刺网
4301,29.91558333333333,122.33647222222223,0.0,0.0,2018-04-29 16:11:05,刺网
4301,29.915527777777786,122.33636111111107,0.0,0.0,2018-04-29 16:21:04,刺网
4301,29.9155,122.33644444444445,0.0,0.0,2018-04-29 16:31:05,刺网
4301,29.91547222222223,122.33647222222223,0.0,0.0,2018-04-29 16:41:05,刺网
4301,29.9155,122.33644444444445,0.0,0.0,2018-04-29 16:51:04,刺网
4301,29.91561111111111,122.33627777777778,0.1,0.0,2018-04-29 17:01:05,刺网
4301,29.91563888888889,122.33627777777778,0.1,0.0,2018-04-29 17:11:05,刺网
4301,29.915388888888888,122.3365,0.1,0.0,2018-04-29 17:21:05,刺网
4301,29.915388888888888,122.33652777777776,0.1,0.0,2018-04-29 17:31:04,刺网
4301,29.915527777777786,122.33636111111107,0.1,0.0,2018-04-29 17:41:05,刺网
4301,29.915527777777786,122.33638888888888,0.0,0.0,2018-04-29 17:51:04,刺网
4301,29.91547222222223,122.33647222222223,0.1,0.0,2018-04-29 18:01:05,刺网
4301,29.91547222222223,122.33644444444445,0.0,0.0,2018-04-29 18:21:05,刺网
4301,29.91547222222223,122.33641666666666,0.0,0.0,2018-04-29 18:31:05,刺网
4301,29.91547222222223,122.33641666666666,0.0,0.0,2018-04-29 18:41:05,刺网
4301,29.915416666666665,122.33644444444445,0.0,0.0,2018-04-29 18:51:04,刺网
4301,29.91544444444445,122.33641666666666,0.0,0.0,2018-04-29 19:01:05,刺网
4301,29.91544444444445,122.33644444444445,0.0,0.0,2018-04-29 19:11:05,刺网
4301,29.91547222222223,122.33644444444445,0.0,0.0,2018-04-29 19:21:04,刺网
4301,29.915416666666665,122.33644444444445,0.0,0.0,2018-04-29 19:31:05,刺网
4301,29.91547222222223,122.33638888888888,0.0,0.0,2018-04-29 19:41:05,刺网
4301,29.915416666666665,122.33644444444445,0.0,0.0,2018-04-29 19:51:04,刺网
4301,29.91544444444445,122.33641666666666,0.0,0.0,2018-04-29 20:01:04,刺网
4301,29.91547222222223,122.33652777777776,0.0,0.0,2018-04-29 20:11:04,刺网
4301,29.915416666666665,122.33638888888888,0.0,0.0,2018-04-29 20:21:03,刺网
4301,29.91544444444445,122.33641666666666,0.0,0.0,2018-04-29 20:31:04,刺网
4301,29.915388888888888,122.33636111111107,0.0,0.0,2018-04-29 20:41:04,刺网
4301,29.91547222222223,122.33641666666666,0.0,0.0,2018-04-29 20:51:03,刺网
4301,29.91563888888889,122.33663888888887,0.9,235.0,2018-04-29 21:01:04,刺网
4301,29.91569444444444,122.3370277777778,0.4,0.0,2018-04-29 21:11:03,刺网
4301,29.91544444444445,122.33641666666666,0.0,0.0,2018-04-29 21:21:30,刺网
4301,29.91547222222223,122.33638888888888,0.0,0.0,2018-04-29 21:31:03,刺网
4301,29.91544444444445,122.33644444444445,0.1,0.0,2018-04-29 21:41:04,刺网
4301,29.91547222222223,122.33644444444445,0.0,0.0,2018-04-29 21:51:03,刺网
4301,29.9155,122.33638888888888,0.0,0.0,2018-04-29 22:01:03,刺网
4301,29.91547222222223,122.33647222222223,0.0,0.0,2018-04-29 22:11:03,刺网
4301,29.9155,122.33647222222223,0.0,0.0,2018-04-29 22:21:03,刺网
4301,29.91544444444445,122.33644444444445,0.0,0.0,2018-04-29 22:31:03,刺网
4301,29.915416666666665,122.33641666666666,0.0,0.0,2018-04-29 22:41:03,刺网
4301,29.91547222222223,122.33644444444445,0.0,0.0,2018-04-29 22:51:03,刺网
4301,29.91544444444445,122.33644444444445,0.0,0.0,2018-04-29 23:01:04,刺网
4301,29.91544444444445,122.3365,0.0,0.0,2018-04-29 23:11:04,刺网
4301,29.915416666666665,122.33641666666666,0.0,0.0,2018-04-29 23:21:03,刺网
4301,29.91544444444445,122.33636111111107,0.0,0.0,2018-04-29 23:31:03,刺网
4301,29.91547222222223,122.3365,0.0,0.0,2018-04-29 23:41:04,刺网
4301,29.915416666666665,122.33644444444445,0.0,0.0,2018-04-29 23:51:03,刺网
4301,29.91533333333333,122.33625,0.1,0.0,2018-04-30 00:01:04,刺网
4301,29.9155,122.33644444444445,0.0,0.0,2018-04-30 00:11:29,刺网
4301,29.91547222222223,122.33641666666666,0.0,0.0,2018-04-30 00:21:04,刺网
4301,29.9155,122.33644444444445,0.0,0.0,2018-04-30 00:31:03,刺网
4301,29.915388888888888,122.33644444444445,0.0,0.0,2018-04-30 00:41:02,刺网
4301,29.91547222222223,122.33641666666666,0.0,0.0,2018-04-30 00:51:02,刺网
4301,29.9155,122.33644444444445,0.0,0.0,2018-04-30 01:01:02,刺网
4301,29.91544444444445,122.33641666666666,0.0,0.0,2018-04-30 01:11:02,刺网
4301,29.915388888888888,122.33647222222223,0.1,0.0,2018-04-30 01:21:02,刺网
4301,29.91563888888889,122.33633333333331,0.0,0.0,2018-04-30 01:31:02,刺网
4301,29.915416666666665,122.33641666666666,0.0,0.0,2018-04-30 01:41:02,刺网
4301,29.915527777777786,122.33641666666666,0.1,0.0,2018-04-30 01:51:02,刺网
4301,29.91544444444445,122.33647222222223,0.0,0.0,2018-04-30 02:01:03,刺网
4301,29.91547222222223,122.33652777777776,0.0,0.0,2018-04-30 02:11:02,刺网
4301,29.915416666666665,122.33644444444445,0.0,0.0,2018-04-30 02:21:02,刺网
4301,29.91547222222223,122.33644444444445,0.1,0.0,2018-04-30 02:31:02,刺网
4301,29.91547222222223,122.33641666666666,0.1,0.0,2018-04-30 02:41:02,刺网
4301,29.9155,122.33638888888888,0.1,0.0,2018-04-30 02:51:02,刺网
4301,29.91544444444445,122.3365,0.2,0.0,2018-04-30 03:01:03,刺网
4301,29.91597222222222,122.33627777777778,3.4,171.0,2018-04-30 03:11:05,刺网
4301,29.915388888888888,122.33644444444445,0.1,0.0,2018-04-30 03:21:02,刺网
4301,29.915388888888888,122.3365,0.1,0.0,2018-04-30 03:31:03,刺网
4301,29.915888888888887,122.33497222222219,0.2,0.0,2018-04-30 03:41:03,刺网
4301,29.915527777777786,122.33608333333332,0.3,0.0,2018-04-30 03:51:03,刺网
4301,29.915388888888888,122.33677777777777,0.5,0.0,2018-04-30 04:01:02,刺网
4301,29.91547222222223,122.33644444444445,0.0,0.0,2018-04-30 04:11:29,刺网
4301,29.91547222222223,122.33641666666666,0.0,0.0,2018-04-30 04:21:03,刺网
4301,29.91544444444445,122.33647222222223,0.0,0.0,2018-04-30 04:31:03,刺网
4301,29.9155,122.33647222222223,0.0,0.0,2018-04-30 04:41:03,刺网
4301,29.91544444444445,122.33647222222223,0.0,0.0,2018-04-30 04:51:02,刺网
4301,29.915416666666665,122.33641666666666,0.0,0.0,2018-04-30 05:01:02,刺网
4301,29.9155,122.33641666666666,0.0,0.0,2018-04-30 05:11:03,刺网
4301,29.91547222222223,122.33644444444445,0.0,0.0,2018-04-30 05:21:01,刺网
4301,29.9155,122.33641666666666,0.0,0.0,2018-04-30 05:31:02,刺网
4301,29.915555555555553,122.33641666666666,0.0,0.0,2018-04-30 05:41:02,刺网
4301,29.91547222222223,122.33644444444445,0.0,0.0,2018-04-30 05:51:02,刺网
4301,29.91544444444445,122.33641666666666,0.0,0.0,2018-04-30 06:01:02,刺网
4301,29.91547222222223,122.33644444444445,0.0,0.0,2018-04-30 06:11:02,刺网
4301,29.91547222222223,122.33644444444445,0.0,0.0,2018-04-30 06:21:01,刺网
4301,29.91547222222223,122.33627777777778,0.2,0.0,2018-04-30 06:31:02,刺网
4301,29.91536111111111,122.3365,0.6,126.0,2018-04-30 06:41:01,刺网
4301,29.915416666666665,122.33666666666666,0.3,79.0,2018-04-30 06:51:02,刺网
4301,29.915555555555553,122.33644444444445,0.6,115.0,2018-04-30 07:01:03,刺网
4301,29.91544444444445,122.33663888888887,0.3,0.0,2018-04-30 07:11:14,刺网
4301,29.91547222222223,122.33641666666666,0.0,0.0,2018-04-30 07:31:30,刺网
4301,29.915416666666665,122.3365,0.0,0.0,2018-04-30 07:41:02,刺网
4301,29.91544444444445,122.33647222222223,0.0,0.0,2018-04-30 07:51:02,刺网
4301,29.915416666666665,122.33644444444445,0.0,0.0,2018-04-30 08:01:02,刺网
4301,29.915416666666665,122.33652777777776,0.0,0.0,2018-04-30 08:11:02,刺网
4301,29.91547222222223,122.33644444444445,0.0,0.0,2018-04-30 08:21:02,刺网
4301,29.9155,122.33636111111107,0.0,0.0,2018-04-30 08:31:03,刺网
4301,29.91547222222223,122.33638888888888,0.0,0.0,2018-04-30 08:41:02,刺网
4301,29.91547222222223,122.33636111111107,0.0,0.0,2018-04-30 08:51:02,刺网
4301,29.91547222222223,122.33647222222223,0.0,0.0,2018-04-30 09:01:03,刺网
4301,29.91547222222223,122.33641666666666,0.0,0.0,2018-04-30 09:11:03,刺网
4301,29.91544444444445,122.33652777777776,0.0,0.0,2018-04-30 09:21:03,刺网
4301,29.91547222222223,122.33641666666666,0.1,0.0,2018-04-30 09:31:03,刺网
4301,29.9155,122.33647222222223,0.1,0.0,2018-04-30 09:41:03,刺网
4301,29.915555555555553,122.33641666666666,0.1,0.0,2018-04-30 09:51:01,刺网
4301,29.9155,122.33647222222223,0.1,0.0,2018-04-30 10:01:01,刺网
4301,29.91547222222223,122.33641666666666,0.0,0.0,2018-04-30 10:11:29,刺网
4301,29.9155,122.33638888888888,0.0,0.0,2018-04-30 10:21:01,刺网
4301,29.91547222222223,122.33644444444445,0.0,0.0,2018-04-30 10:31:01,刺网
4301,29.91547222222223,122.33644444444445,0.0,0.0,2018-04-30 10:41:00,刺网
4301,29.91547222222223,122.33644444444445,0.0,0.0,2018-04-30 10:51:01,刺网
4301,29.91544444444445,122.33644444444445,0.0,0.0,2018-04-30 11:01:00,刺网
4301,29.9155,122.33647222222223,0.0,0.0,2018-04-30 11:11:00,刺网
4301,29.91544444444445,122.33638888888888,0.0,0.0,2018-04-30 11:21:00,刺网
4301,29.91544444444445,122.33636111111107,0.0,0.0,2018-04-30 11:31:02,刺网
4301,29.9155,122.33633333333331,0.0,0.0,2018-04-30 11:41:01,刺网
4301,29.91547222222223,122.33644444444445,0.0,0.0,2018-04-30 11:51:01,刺网
4301,29.91544444444445,122.33647222222223,0.0,0.0,2018-04-30 12:01:01,刺网
4301,29.9155,122.33638888888888,0.0,0.0,2018-04-30 12:11:00,刺网
4301,29.9155,122.33647222222223,0.0,0.0,2018-04-30 12:21:03,刺网
4301,29.9155,122.33647222222223,0.0,0.0,2018-04-30 12:31:01,刺网
4301,29.91547222222223,122.33633333333331,0.1,0.0,2018-04-30 12:41:01,刺网
4301,29.91544444444445,122.33644444444445,0.0,0.0,2018-04-30 12:51:01,刺网
4301,29.91536111111111,122.33647222222223,0.0,0.0,2018-04-30 13:01:02,刺网
4301,29.91563888888889,122.33633333333331,0.0,0.0,2018-04-30 13:11:01,刺网
4301,29.916,122.33605555555555,0.2,0.0,2018-04-30 13:31:03,刺网
4301,29.91547222222223,122.33647222222223,0.0,0.0,2018-04-30 13:41:30,刺网
4301,29.9155,122.33641666666666,0.0,0.0,2018-04-30 13:51:00,刺网
4301,29.9155,122.33644444444445,0.0,0.0,2018-04-30 14:01:00,刺网
4301,29.9155,122.33641666666666,0.0,0.0,2018-04-30 14:11:00,刺网
4301,29.9155,122.33636111111107,0.0,0.0,2018-04-30 14:21:01,刺网
4301,29.91547222222223,122.33644444444445,0.0,0.0,2018-04-30 14:30:59,刺网
4301,29.91547222222223,122.33638888888888,0.0,0.0,2018-04-30 14:41:00,刺网
4301,29.91547222222223,122.33644444444445,0.0,0.0,2018-04-30 14:51:01,刺网
4301,29.9155,122.33647222222223,0.0,0.0,2018-04-30 15:01:00,刺网
4301,29.9155,122.33647222222223,0.0,0.0,2018-04-30 15:11:00,刺网
4301,29.915555555555553,122.33647222222223,0.0,0.0,2018-04-30 15:21:00,刺网
4301,29.9155,122.33644444444445,0.0,0.0,2018-04-30 15:31:00,刺网
4301,29.9155,122.3365,0.0,0.0,2018-04-30 15:40:59,刺网
4301,29.915555555555553,122.33644444444445,0.0,0.0,2018-04-30 15:51:00,刺网
4301,29.9155,122.33641666666666,0.0,0.0,2018-04-30 16:01:01,刺网
4301,29.9155,122.33638888888888,0.0,0.0,2018-04-30 16:11:29,刺网
4301,29.9155,122.33641666666666,0.0,0.0,2018-04-30 16:21:00,刺网
4301,29.91547222222223,122.33641666666666,0.0,0.0,2018-04-30 16:31:00,刺网
4301,29.915527777777786,122.33647222222223,0.0,0.0,2018-04-30 16:41:00,刺网
4301,29.91544444444445,122.33644444444445,0.0,0.0,2018-04-30 16:51:00,刺网
4301,29.9155,122.33638888888888,0.0,0.0,2018-04-30 17:01:01,刺网
4301,29.91544444444445,122.33644444444445,0.0,0.0,2018-04-30 17:11:00,刺网
4301,29.9155,122.33641666666666,0.0,0.0,2018-04-30 17:21:01,刺网
4301,29.91547222222223,122.33641666666666,0.0,0.0,2018-04-30 17:31:00,刺网
4301,29.91547222222223,122.33644444444445,0.0,0.0,2018-04-30 17:41:00,刺网
4301,29.91547222222223,122.33641666666666,0.0,0.0,2018-04-30 17:51:00,刺网
4301,29.9155,122.33644444444445,0.0,0.0,2018-04-30 18:11:00,刺网
4301,29.91536111111111,122.33644444444445,0.0,0.0,2018-04-30 18:21:00,刺网
4301,29.91547222222223,122.33641666666666,0.0,0.0,2018-04-30 18:31:00,刺网
4301,29.91544444444445,122.3365,0.0,0.0,2018-04-30 18:41:00,刺网
4301,29.915527777777786,122.33633333333331,0.1,0.0,2018-04-30 18:50:59,刺网
4301,29.91544444444445,122.33644444444445,0.0,0.0,2018-04-30 19:01:00,刺网
4301,29.915388888888888,122.33644444444445,0.1,0.0,2018-04-30 19:10:59,刺网
4301,29.91544444444445,122.3365,0.1,0.0,2018-04-30 19:20:59,刺网
4301,29.91547222222223,122.33644444444445,0.3,0.0,2018-04-30 19:30:59,刺网
4301,29.91536111111111,122.33655555555555,0.3,0.0,2018-04-30 19:40:59,刺网
4301,29.91547222222223,122.33636111111107,0.7,103.0,2018-04-30 19:50:59,刺网
4301,29.91544444444445,122.33644444444445,0.0,0.0,2018-04-30 20:01:29,刺网
4301,29.91547222222223,122.33644444444445,0.0,0.0,2018-04-30 20:10:59,刺网
4301,29.91547222222223,122.33647222222223,0.0,0.0,2018-04-30 20:20:59,刺网
4301,29.91547222222223,122.33647222222223,0.0,0.0,2018-04-30 20:30:59,刺网
4301,29.9155,122.33644444444445,0.0,0.0,2018-04-30 20:41:00,刺网
4301,29.91547222222223,122.33647222222223,0.0,0.0,2018-04-30 20:50:59,刺网
4301,29.91547222222223,122.33647222222223,0.0,0.0,2018-04-30 21:01:00,刺网
4301,29.9155,122.33644444444445,0.0,0.0,2018-04-30 21:10:59,刺网
4301,29.91544444444445,122.33633333333331,0.0,0.0,2018-04-30 21:20:59,刺网
4301,29.9155,122.33641666666666,0.0,0.0,2018-04-30 21:30:59,刺网
4301,29.91547222222223,122.33644444444445,0.0,0.0,2018-04-30 21:40:59,刺网
4301,29.91547222222223,122.33641666666666,0.0,0.0,2018-04-30 21:50:59,刺网
4301,29.91547222222223,122.33644444444445,0.0,0.0,2018-04-30 22:00:59,刺网
4301,29.91544444444445,122.33644444444445,0.0,0.0,2018-04-30 22:10:59,刺网
4301,29.915527777777786,122.3365,0.0,0.0,2018-04-30 22:20:59,刺网
4301,29.915416666666665,122.33644444444445,0.0,0.0,2018-04-30 22:30:59,刺网
4301,29.9155,122.33641666666666,0.1,0.0,2018-04-30 22:40:59,刺网
4301,29.91547222222223,122.33647222222223,0.0,0.0,2018-04-30 22:50:59,刺网
4301,29.91547222222223,122.33644444444445,0.0,0.0,2018-04-30 23:00:59,刺网
4301,29.9155,122.33641666666666,0.0,0.0,2018-04-30 23:10:59,刺网
4301,29.915416666666665,122.33638888888888,0.0,0.0,2018-04-30 23:20:59,刺网
4301,29.91544444444445,122.33641666666666,0.0,0.0,2018-04-30 23:30:59,刺网
4301,29.91530555555555,122.33630555555555,0.0,0.0,2018-04-30 23:40:59,刺网
4301,29.91547222222223,122.33641666666666,0.0,0.0,2018-04-30 23:51:30,刺网
4301,29.9155,122.33641666666666,0.0,0.0,2018-05-01 00:00:58,刺网
4301,29.9155,122.33644444444445,0.0,0.0,2018-05-01 00:10:58,刺网
4301,29.91547222222223,122.33638888888888,0.0,0.0,2018-05-01 00:20:58,刺网
4301,29.91544444444445,122.33641666666666,0.0,0.0,2018-05-01 00:30:58,刺网
4301,29.91544444444445,122.33641666666666,0.0,0.0,2018-05-01 00:40:58,刺网
4301,29.915416666666665,122.33641666666666,0.0,0.0,2018-05-01 00:50:58,刺网
4301,29.91544444444445,122.33641666666666,0.0,0.0,2018-05-01 01:00:58,刺网
4301,29.91544444444445,122.33641666666666,0.0,0.0,2018-05-01 01:10:58,刺网
4301,29.915416666666665,122.33644444444445,0.0,0.0,2018-05-01 01:20:58,刺网
4301,29.9155,122.3365,0.0,0.0,2018-05-01 01:30:58,刺网
4301,29.915416666666665,122.33644444444445,0.0,0.0,2018-05-01 01:40:58,刺网
4301,29.915416666666665,122.33644444444445,0.0,0.0,2018-05-01 01:50:58,刺网
4301,29.915527777777786,122.33641666666666,0.1,0.0,2018-05-01 02:00:58,刺网
4301,29.91547222222223,122.33647222222223,0.0,0.0,2018-05-01 02:20:58,刺网
4301,29.91547222222223,122.33641666666666,0.0,0.0,2018-05-01 02:30:58,刺网
4301,29.915388888888888,122.3365,0.0,0.0,2018-05-01 02:40:58,刺网
4301,29.915388888888888,122.33647222222223,0.0,0.0,2018-05-01 02:50:58,刺网
4301,29.915416666666665,122.33647222222223,0.0,0.0,2018-05-01 03:00:58,刺网
4301,29.91544444444445,122.33644444444445,0.0,0.0,2018-05-01 03:10:58,刺网
4301,29.915388888888888,122.33644444444445,0.0,0.0,2018-05-01 03:20:58,刺网
4301,29.91544444444445,122.33644444444445,0.0,0.0,2018-05-01 03:30:58,刺网
4301,29.91533333333333,122.33652777777776,0.1,0.0,2018-05-01 03:40:58,刺网
4301,29.91544444444445,122.33644444444445,0.0,0.0,2018-05-01 03:50:58,刺网
4301,29.915416666666665,122.33638888888888,0.0,0.0,2018-05-01 04:00:58,刺网
4301,29.91536111111111,122.33644444444445,0.0,0.0,2018-05-01 04:10:57,刺网
4301,29.915277777777767,122.33661111111113,0.3,0.0,2018-05-01 04:20:57,刺网
4301,29.91583333333333,122.33619444444444,0.3,0.0,2018-05-01 04:30:57,刺网
4301,29.91544444444445,122.33638888888888,0.3,0.0,2018-05-01 04:40:57,刺网
4301,29.915722222222207,122.33625,0.2,0.0,2018-05-01 04:50:57,刺网
4301,29.91544444444445,122.33647222222223,0.2,0.0,2018-05-01 05:00:57,刺网
4301,29.91547222222223,122.33638888888888,0.0,0.0,2018-05-01 05:10:57,刺网
4301,29.91544444444445,122.33641666666666,0.0,0.0,2018-05-01 05:20:57,刺网
4301,29.915527777777786,122.33633333333331,0.0,0.0,2018-05-01 05:30:57,刺网
4301,29.91547222222223,122.33647222222223,0.0,0.0,2018-05-01 05:40:57,刺网
4301,29.915416666666665,122.33641666666666,0.0,0.0,2018-05-01 05:50:57,刺网
4301,29.91561111111111,122.33630555555555,0.2,0.0,2018-05-01 06:00:57,刺网
4301,29.91547222222223,122.33641666666666,0.0,0.0,2018-05-01 06:11:29,刺网
4301,29.91547222222223,122.33641666666666,0.0,0.0,2018-05-01 06:20:57,刺网
4301,29.915416666666665,122.33641666666666,0.0,0.0,2018-05-01 06:30:57,刺网
4301,29.915416666666665,122.33638888888888,0.0,0.0,2018-05-01 06:40:57,刺网
4301,29.91547222222223,122.33641666666666,0.0,0.0,2018-05-01 06:50:57,刺网
4301,29.9155,122.33644444444445,0.0,0.0,2018-05-01 07:00:58,刺网
4301,29.91547222222223,122.33638888888888,0.0,0.0,2018-05-01 07:10:57,刺网
4301,29.91544444444445,122.33641666666666,0.0,0.0,2018-05-01 07:20:57,刺网
4301,29.91544444444445,122.33641666666666,0.0,0.0,2018-05-01 07:30:57,刺网
4301,29.91544444444445,122.33644444444445,0.0,0.0,2018-05-01 07:40:57,刺网
4301,29.915527777777786,122.33641666666666,0.0,0.0,2018-05-01 07:50:57,刺网
4301,29.91544444444445,122.33644444444445,0.0,0.0,2018-05-01 08:00:57,刺网
4301,29.915388888888888,122.3365,0.0,0.0,2018-05-01 08:10:57,刺网
4301,29.9155,122.33638888888888,0.0,0.0,2018-05-01 08:20:57,刺网
4301,29.915527777777786,122.3365,0.0,0.0,2018-05-01 08:30:57,刺网
4301,29.91547222222223,122.33647222222223,0.0,0.0,2018-05-01 08:40:57,刺网
4301,29.91544444444445,122.33641666666666,0.0,0.0,2018-05-01 08:50:57,刺网
4301,29.91544444444445,122.33644444444445,0.1,0.0,2018-05-01 09:00:57,刺网
4301,29.9155,122.33652777777776,0.0,0.0,2018-05-01 09:10:57,刺网
4301,29.915527777777786,122.33627777777778,0.1,0.0,2018-05-01 09:20:56,刺网
4301,29.91547222222223,122.3365,0.0,0.0,2018-05-01 09:40:57,刺网
4301,29.91544444444445,122.33644444444445,0.0,0.0,2018-05-01 09:50:57,刺网
4301,29.9155,122.33647222222223,0.1,0.0,2018-05-01 10:00:57,刺网
4301,29.9155,122.3365,0.0,0.0,2018-05-01 10:10:56,刺网
4301,29.91544444444445,122.33647222222223,0.0,0.0,2018-05-01 10:20:56,刺网
4301,29.91544444444445,122.33647222222223,0.0,0.0,2018-05-01 10:30:56,刺网
4301,29.91547222222223,122.33647222222223,0.0,0.0,2018-05-01 10:40:57,刺网
4301,29.91544444444445,122.3365,0.2,0.0,2018-05-01 10:50:56,刺网
4301,29.91547222222223,122.33647222222223,0.2,0.0,2018-05-01 11:10:56,刺网
4301,29.9155,122.33636111111107,0.0,0.0,2018-05-01 11:20:56,刺网
4301,29.91530555555555,122.33627777777778,0.2,0.0,2018-05-01 11:30:58,刺网
4301,29.915555555555553,122.33652777777776,0.6,0.0,2018-05-01 11:41:01,刺网
4301,29.91547222222223,122.33641666666666,0.0,0.0,2018-05-01 11:51:30,刺网
4301,29.9155,122.33638888888888,0.0,0.0,2018-05-01 12:00:56,刺网
4301,29.915416666666665,122.3365,0.0,0.0,2018-05-01 12:10:56,刺网
4301,29.91547222222223,122.33641666666666,0.0,0.0,2018-05-01 12:20:56,刺网
4301,29.91561111111111,122.33630555555555,0.0,0.0,2018-05-01 12:30:56,刺网
4301,29.91544444444445,122.3365,0.0,0.0,2018-05-01 12:40:56,刺网
4301,29.9155,122.33638888888888,0.0,0.0,2018-05-01 12:50:56,刺网
4301,29.915555555555553,122.33630555555555,0.0,0.0,2018-05-01 13:10:56,刺网
4301,29.9155,122.33641666666666,0.1,0.0,2018-05-01 13:30:55,刺网
4301,29.915555555555553,122.33641666666666,0.3,119.0,2018-05-01 13:40:55,刺网
4301,29.915722222222207,122.33622222222222,0.4,0.0,2018-05-01 13:50:56,刺网
4301,29.91561111111111,122.33638888888888,0.4,139.0,2018-05-01 14:00:55,刺网
4301,29.91544444444445,122.3365,0.0,0.0,2018-05-01 14:11:28,刺网
4301,29.91544444444445,122.33644444444445,0.0,0.0,2018-05-01 14:20:56,刺网
4301,29.91547222222223,122.33641666666666,0.0,0.0,2018-05-01 14:30:55,刺网
4301,29.915527777777786,122.33641666666666,0.0,0.0,2018-05-01 14:40:55,刺网
4301,29.91547222222223,122.33641666666666,0.0,0.0,2018-05-01 14:50:55,刺网
4301,29.91547222222223,122.33647222222223,0.0,0.0,2018-05-01 15:00:55,刺网
4301,29.915416666666665,122.33647222222223,0.0,0.0,2018-05-01 15:10:55,刺网
4301,29.91544444444445,122.33644444444445,0.0,0.0,2018-05-01 15:20:55,刺网
4301,29.91547222222223,122.33647222222223,0.0,0.0,2018-05-01 15:30:55,刺网
4301,29.9155,122.33638888888888,0.0,0.0,2018-05-01 15:40:56,刺网
4301,29.9155,122.33641666666666,0.0,0.0,2018-05-01 15:50:54,刺网
4301,29.9155,122.33641666666666,0.0,0.0,2018-05-01 16:00:55,刺网
4301,29.91547222222223,122.33647222222223,0.0,0.0,2018-05-01 16:10:55,刺网
4301,29.91547222222223,122.33636111111107,0.0,0.0,2018-05-01 16:20:55,刺网
4301,29.91547222222223,122.33644444444445,0.1,0.0,2018-05-01 16:30:55,刺网
4301,29.91558333333333,122.33636111111107,0.0,0.0,2018-05-01 16:40:55,刺网
4301,29.9155,122.33644444444445,0.0,0.0,2018-05-01 16:50:55,刺网
4301,29.915555555555553,122.33638888888888,0.1,0.0,2018-05-01 17:00:55,刺网
4301,29.91544444444445,122.33644444444445,0.2,0.0,2018-05-01 17:10:55,刺网
4301,29.91558333333333,122.33633333333331,0.1,0.0,2018-05-01 17:20:55,刺网
4301,29.915388888888888,122.33655555555555,0.2,136.0,2018-05-01 17:30:55,刺网
4301,29.915416666666665,122.33647222222223,0.1,0.0,2018-05-01 17:40:55,刺网
4301,29.915416666666665,122.33647222222223,0.1,0.0,2018-05-01 17:50:55,刺网
4301,29.91547222222223,122.33652777777776,0.2,0.0,2018-05-01 18:00:55,刺网
4301,29.91544444444445,122.33644444444445,0.0,0.0,2018-05-01 18:11:22,刺网
4301,29.91544444444445,122.33644444444445,0.0,0.0,2018-05-01 18:20:54,刺网
4301,29.91547222222223,122.33641666666666,0.0,0.0,2018-05-01 18:30:54,刺网
4301,29.91544444444445,122.33641666666666,0.1,0.0,2018-05-01 18:40:54,刺网
4301,29.91544444444445,122.33644444444445,0.0,0.0,2018-05-01 18:50:54,刺网
4301,29.91547222222223,122.33641666666666,0.0,0.0,2018-05-01 19:00:54,刺网
4301,29.915416666666665,122.33644444444445,0.0,0.0,2018-05-01 19:20:54,刺网
4301,29.9155,122.33638888888888,0.1,0.0,2018-05-01 19:30:54,刺网
4301,29.91547222222223,122.33638888888888,0.0,0.0,2018-05-01 19:40:54,刺网
4301,29.91544444444445,122.33647222222223,0.0,0.0,2018-05-01 19:50:54,刺网
4301,29.91547222222223,122.3365,0.1,0.0,2018-05-01 20:00:55,刺网
4301,29.91544444444445,122.33644444444445,0.0,0.0,2018-05-01 20:11:24,刺网
4301,29.91544444444445,122.33644444444445,0.0,0.0,2018-05-01 20:20:54,刺网
4301,29.91544444444445,122.33644444444445,0.0,0.0,2018-05-01 20:30:54,刺网
4301,29.91544444444445,122.33644444444445,0.0,0.0,2018-05-01 20:40:54,刺网
4301,29.91547222222223,122.33644444444445,0.0,0.0,2018-05-01 20:50:54,刺网
4301,29.91547222222223,122.33641666666666,0.0,0.0,2018-05-01 21:00:54,刺网
4301,29.91547222222223,122.33644444444445,0.0,0.0,2018-05-01 21:10:54,刺网
4301,29.91547222222223,122.33641666666666,0.0,0.0,2018-05-01 21:20:54,刺网
4301,29.91544444444445,122.33641666666666,0.0,0.0,2018-05-01 21:30:54,刺网
4301,29.91544444444445,122.33644444444445,0.0,0.0,2018-05-01 21:40:54,刺网
4301,29.915416666666665,122.3365,0.0,0.0,2018-05-01 21:50:54,刺网
4301,29.9155,122.33644444444445,0.0,0.0,2018-05-01 22:00:54,刺网
4301,29.915388888888888,122.3365,0.0,0.0,2018-05-01 22:10:54,刺网
4301,29.915555555555553,122.33641666666666,0.0,0.0,2018-05-01 22:20:54,刺网
4301,29.91547222222223,122.33644444444445,0.0,0.0,2018-05-01 22:40:54,刺网
4301,29.91547222222223,122.33644444444445,0.0,0.0,2018-05-01 22:50:53,刺网
4301,29.9155,122.33644444444445,0.0,0.0,2018-05-01 23:00:53,刺网
4301,29.91547222222223,122.33647222222223,0.0,0.0,2018-05-01 23:10:53,刺网
4301,29.915388888888888,122.33644444444445,0.0,0.0,2018-05-01 23:20:53,刺网
4301,29.915416666666665,122.3365,0.0,0.0,2018-05-01 23:40:53,刺网
4301,29.915527777777786,122.33652777777776,0.2,0.0,2018-05-01 23:50:54,刺网
4301,29.915527777777786,122.33641666666666,0.1,0.0,2018-05-02 00:00:53,刺网
4301,29.91544444444445,122.33644444444445,0.0,0.0,2018-05-02 00:11:22,刺网
4301,29.91547222222223,122.33638888888888,0.0,0.0,2018-05-02 00:20:53,刺网
4301,29.91544444444445,122.33641666666666,0.0,0.0,2018-05-02 00:30:53,刺网
4301,29.91544444444445,122.33647222222223,0.0,0.0,2018-05-02 00:40:53,刺网
4301,29.9155,122.3365,0.0,0.0,2018-05-02 00:50:53,刺网
4301,29.91547222222223,122.33644444444445,0.0,0.0,2018-05-02 01:00:53,刺网
4301,29.915555555555553,122.33638888888888,0.0,0.0,2018-05-02 01:10:53,刺网
4301,29.91544444444445,122.33644444444445,0.0,0.0,2018-05-02 01:20:53,刺网
4301,29.9155,122.33644444444445,0.0,0.0,2018-05-02 01:30:53,刺网
4301,29.91547222222223,122.33644444444445,0.0,0.0,2018-05-02 01:40:53,刺网
4301,29.9155,122.33644444444445,0.1,0.0,2018-05-02 01:50:53,刺网
4301,29.9155,122.33638888888888,0.0,0.0,2018-05-02 02:00:53,刺网
4301,29.91547222222223,122.33638888888888,0.0,0.0,2018-05-02 02:10:53,刺网
4301,29.9155,122.33644444444445,0.2,0.0,2018-05-02 02:20:53,刺网
4301,29.915527777777786,122.33641666666666,0.2,0.0,2018-05-02 02:30:53,刺网
4301,29.9155,122.33641666666666,0.1,0.0,2018-05-02 02:40:53,刺网
4301,29.91525,122.33655555555555,0.1,0.0,2018-05-02 02:50:53,刺网
4301,29.915416666666665,122.33644444444445,0.1,0.0,2018-05-02 03:00:53,刺网
4301,29.91544444444445,122.33636111111107,0.1,0.0,2018-05-02 03:10:53,刺网
4301,29.915416666666665,122.33644444444445,0.1,0.0,2018-05-02 03:20:52,刺网
4301,29.91547222222223,122.33638888888888,0.0,0.0,2018-05-02 03:31:23,刺网
4301,29.91544444444445,122.33641666666666,0.0,0.0,2018-05-02 03:40:52,刺网
4301,29.91547222222223,122.33647222222223,0.0,0.0,2018-05-02 03:50:52,刺网
4301,29.91547222222223,122.33641666666666,0.0,0.0,2018-05-02 04:00:52,刺网
4301,29.91544444444445,122.33644444444445,0.0,0.0,2018-05-02 04:10:52,刺网
4301,29.91547222222223,122.33641666666666,0.0,0.0,2018-05-02 04:20:52,刺网
4301,29.9155,122.33641666666666,0.0,0.0,2018-05-02 04:30:52,刺网
4301,29.91544444444445,122.33644444444445,0.0,0.0,2018-05-02 04:40:52,刺网
4301,29.91547222222223,122.33644444444445,0.0,0.0,2018-05-02 04:50:52,刺网
4301,29.91547222222223,122.3365,0.0,0.0,2018-05-02 05:00:52,刺网
4301,29.915416666666665,122.33644444444445,0.0,0.0,2018-05-02 05:10:52,刺网
4301,29.9155,122.33644444444445,0.0,0.0,2018-05-02 05:20:52,刺网
4301,29.915527777777786,122.33641666666666,0.0,0.0,2018-05-02 05:30:52,刺网
4301,29.91547222222223,122.33644444444445,0.0,0.0,2018-05-02 05:40:52,刺网
4301,29.91547222222223,122.33638888888888,0.1,0.0,2018-05-02 05:50:52,刺网
4301,29.915416666666665,122.33644444444445,0.0,0.0,2018-05-02 06:00:52,刺网
4301,29.91544444444445,122.33641666666666,0.0,0.0,2018-05-02 06:11:22,刺网
4301,29.91547222222223,122.33641666666666,0.0,0.0,2018-05-02 06:20:52,刺网
4301,29.91544444444445,122.33641666666666,0.0,0.0,2018-05-02 06:30:52,刺网
4301,29.91547222222223,122.33644444444445,0.0,0.0,2018-05-02 06:40:52,刺网
4301,29.9155,122.3365,0.0,0.0,2018-05-02 06:50:52,刺网
4301,29.9155,122.33641666666666,0.0,0.0,2018-05-02 07:00:52,刺网
4301,29.91544444444445,122.33641666666666,0.0,0.0,2018-05-02 07:10:52,刺网
4301,29.91547222222223,122.33641666666666,0.0,0.0,2018-05-02 07:20:52,刺网
4301,29.9155,122.33644444444445,0.0,0.0,2018-05-02 07:30:52,刺网
4301,29.91544444444445,122.33638888888888,0.0,0.0,2018-05-02 07:40:52,刺网
4301,29.91544444444445,122.3365,0.0,0.0,2018-05-02 07:50:52,刺网
4301,29.915416666666665,122.3365,0.0,0.0,2018-05-02 08:00:51,刺网
4301,29.915388888888888,122.3365,0.0,0.0,2018-05-02 08:10:51,刺网
4301,29.915416666666665,122.33644444444445,0.0,0.0,2018-05-02 08:20:51,刺网
4301,29.91558333333333,122.33633333333331,0.1,0.0,2018-05-02 08:30:51,刺网
4301,29.915416666666665,122.33633333333331,0.0,0.0,2018-05-02 08:40:51,刺网
4301,29.915416666666665,122.33647222222223,0.0,0.0,2018-05-02 08:50:51,刺网
4301,29.9155,122.3365,0.0,0.0,2018-05-02 09:00:51,刺网
4301,29.915416666666665,122.33638888888888,0.2,0.0,2018-05-02 09:10:52,刺网
4301,29.91547222222223,122.33633333333331,0.1,0.0,2018-05-02 09:20:53,刺网
4301,29.91547222222223,122.33644444444445,0.0,0.0,2018-05-02 09:31:24,刺网
4301,29.915416666666665,122.3365,0.0,0.0,2018-05-02 09:40:52,刺网
4301,29.91547222222223,122.33641666666666,0.0,0.0,2018-05-02 09:50:51,刺网
4301,29.9155,122.33647222222223,0.0,0.0,2018-05-02 10:00:51,刺网
4301,29.915527777777786,122.33644444444445,0.0,0.0,2018-05-02 10:10:51,刺网
4301,29.91544444444445,122.33641666666666,0.0,0.0,2018-05-02 10:20:51,刺网
4301,29.91544444444445,122.33641666666666,0.0,0.0,2018-05-02 10:30:51,刺网
4301,29.9155,122.33647222222223,0.0,0.0,2018-05-02 10:40:51,刺网
4301,29.91544444444445,122.33644444444445,0.0,0.0,2018-05-02 10:50:51,刺网
4301,29.91544444444445,122.3365,0.0,0.0,2018-05-02 11:00:51,刺网
4301,29.91547222222223,122.33644444444445,0.0,0.0,2018-05-02 11:10:51,刺网
4301,29.91547222222223,122.33644444444445,0.1,0.0,2018-05-02 11:30:53,刺网
4301,29.916,122.33616666666668,0.2,0.0,2018-05-02 11:40:51,刺网
4301,29.9155,122.33655555555555,0.1,0.0,2018-05-02 11:50:51,刺网
4301,29.915555555555553,122.33625,0.1,0.0,2018-05-02 12:00:51,刺网
4301,29.91544444444445,122.33647222222223,0.0,0.0,2018-05-02 12:11:22,刺网
4301,29.9155,122.33647222222223,0.0,0.0,2018-05-02 12:20:51,刺网
4301,29.91547222222223,122.33641666666666,0.0,0.0,2018-05-02 12:30:50,刺网
4301,29.915527777777786,122.33638888888888,0.0,0.0,2018-05-02 12:40:50,刺网
4301,29.91547222222223,122.33638888888888,0.0,0.0,2018-05-02 12:50:50,刺网
4301,29.91544444444445,122.33644444444445,0.0,0.0,2018-05-02 13:00:50,刺网
4301,29.91547222222223,122.33647222222223,0.0,0.0,2018-05-02 13:10:50,刺网
4301,29.9155,122.33641666666666,0.0,0.0,2018-05-02 13:20:50,刺网
4301,29.91544444444445,122.33647222222223,0.0,0.0,2018-05-02 13:30:50,刺网
4301,29.91544444444445,122.33638888888888,0.1,0.0,2018-05-02 13:40:50,刺网
4301,29.91547222222223,122.33644444444445,0.1,0.0,2018-05-02 13:50:50,刺网
4301,29.91547222222223,122.33647222222223,0.0,0.0,2018-05-02 14:00:50,刺网
4301,29.91547222222223,122.33641666666666,0.1,0.0,2018-05-02 14:10:50,刺网
4301,29.91547222222223,122.33647222222223,0.1,0.0,2018-05-02 14:20:50,刺网
4301,29.915527777777786,122.33647222222223,0.2,0.0,2018-05-02 14:30:50,刺网
4301,29.91525,122.33655555555555,0.2,0.0,2018-05-02 14:40:50,刺网
4301,29.91547222222223,122.33652777777776,0.1,0.0,2018-05-02 14:50:50,刺网
4301,29.91558333333333,122.33636111111107,0.0,0.0,2018-05-02 15:00:50,刺网
4301,29.91544444444445,122.33652777777776,0.1,0.0,2018-05-02 15:10:50,刺网
4301,29.91558333333333,122.33644444444445,0.1,0.0,2018-05-02 15:20:50,刺网
4301,29.9155,122.33644444444445,0.0,0.0,2018-05-02 15:40:50,刺网
4301,29.91547222222223,122.33641666666666,0.0,0.0,2018-05-02 15:50:50,刺网
4301,29.91544444444445,122.33644444444445,0.0,0.0,2018-05-02 16:00:50,刺网
4301,29.91547222222223,122.33644444444445,0.0,0.0,2018-05-02 16:10:50,刺网
4301,29.91544444444445,122.33641666666666,0.0,0.0,2018-05-02 16:20:50,刺网
4301,29.91547222222223,122.33641666666666,0.0,0.0,2018-05-02 16:30:50,刺网
4301,29.91544444444445,122.33638888888888,0.0,0.0,2018-05-02 16:40:50,刺网
4301,29.91547222222223,122.33644444444445,0.0,0.0,2018-05-02 16:50:50,刺网
4301,29.91544444444445,122.33644444444445,0.0,0.0,2018-05-02 17:00:50,刺网
4301,29.9155,122.33644444444445,0.0,0.0,2018-05-02 17:10:49,刺网
4301,29.915416666666665,122.33641666666666,0.0,0.0,2018-05-02 17:20:49,刺网
4301,29.915416666666665,122.33644444444445,0.0,0.0,2018-05-02 17:30:49,刺网
4301,29.9155,122.33641666666666,0.0,0.0,2018-05-02 17:40:49,刺网
4301,29.915527777777786,122.33644444444445,0.0,0.0,2018-05-02 17:50:49,刺网
4301,29.91547222222223,122.33647222222223,0.0,0.0,2018-05-02 18:00:49,刺网
4301,29.91544444444445,122.33644444444445,0.0,0.0,2018-05-02 18:11:23,刺网
4301,29.91544444444445,122.33644444444445,0.0,0.0,2018-05-02 18:20:49,刺网
4301,29.91544444444445,122.33644444444445,0.0,0.0,2018-05-02 18:30:49,刺网
4301,29.915416666666665,122.33652777777776,0.0,0.0,2018-05-02 18:40:49,刺网
4301,29.915388888888888,122.33638888888888,0.0,0.0,2018-05-02 18:50:49,刺网
4301,29.91547222222223,122.33638888888888,0.0,0.0,2018-05-02 19:00:49,刺网
4301,29.915527777777786,122.33647222222223,0.0,0.0,2018-05-02 19:10:49,刺网
4301,29.915416666666665,122.33647222222223,0.0,0.0,2018-05-02 19:20:49,刺网
4301,29.91536111111111,122.33644444444445,0.0,0.0,2018-05-02 19:30:49,刺网
4301,29.915416666666665,122.33647222222223,0.0,0.0,2018-05-02 19:40:49,刺网
4301,29.91544444444445,122.33641666666666,0.0,0.0,2018-05-02 19:51:17,刺网
4301,29.91544444444445,122.33644444444445,0.0,0.0,2018-05-02 20:00:49,刺网
4301,29.91544444444445,122.33644444444445,0.0,0.0,2018-05-02 20:10:49,刺网
4301,29.915388888888888,122.33641666666666,0.0,0.0,2018-05-02 20:20:49,刺网
4301,29.91544444444445,122.33644444444445,0.0,0.0,2018-05-02 20:30:49,刺网
4301,29.91547222222223,122.33644444444445,0.0,0.0,2018-05-02 20:40:49,刺网
4301,29.91544444444445,122.33644444444445,0.0,0.0,2018-05-02 20:50:49,刺网
4301,29.915416666666665,122.33641666666666,0.0,0.0,2018-05-02 21:00:49,刺网
4301,29.9155,122.33644444444445,0.0,0.0,2018-05-02 21:10:49,刺网
4301,29.91547222222223,122.3365,0.0,0.0,2018-05-02 21:20:49,刺网
4301,29.91544444444445,122.33641666666666,0.0,0.0,2018-05-02 21:30:49,刺网
4301,29.91547222222223,122.33644444444445,0.0,0.0,2018-05-02 21:40:49,刺网
4301,29.915416666666665,122.3365,0.0,0.0,2018-05-02 21:50:48,刺网
4301,29.91544444444445,122.33647222222223,0.0,0.0,2018-05-02 22:00:48,刺网
4301,29.91544444444445,122.33644444444445,0.0,0.0,2018-05-02 22:11:16,刺网
4301,29.915416666666665,122.33641666666666,0.0,0.0,2018-05-02 22:20:48,刺网
4301,29.91536111111111,122.33641666666666,0.0,0.0,2018-05-02 22:30:48,刺网
4301,29.915555555555553,122.33638888888888,0.0,0.0,2018-05-02 22:40:48,刺网
4301,29.91547222222223,122.33641666666666,0.0,0.0,2018-05-02 22:50:48,刺网
4301,29.915416666666665,122.33647222222223,0.0,0.0,2018-05-02 23:00:48,刺网
4301,29.91536111111111,122.33647222222223,0.0,0.0,2018-05-02 23:10:48,刺网
4301,29.91544444444445,122.33641666666666,0.0,0.0,2018-05-02 23:20:48,刺网
4301,29.91530555555555,122.33633333333331,0.4,208.0,2018-05-02 23:30:48,刺网
4301,29.915555555555553,122.33647222222223,0.2,0.0,2018-05-02 23:40:48,刺网
4301,29.91563888888889,122.33658333333334,0.1,0.0,2018-05-02 23:50:49,刺网
4301,29.915388888888888,122.33633333333331,0.0,0.0,2018-05-03 00:00:48,刺网
4301,29.91544444444445,122.33641666666666,0.0,0.0,2018-05-03 00:11:17,刺网
4301,29.91547222222223,122.33644444444445,0.0,0.0,2018-05-03 00:20:48,刺网
4301,29.91544444444445,122.33644444444445,0.0,0.0,2018-05-03 00:30:48,刺网
4301,29.9155,122.33641666666666,0.0,0.0,2018-05-03 00:40:48,刺网
4301,29.91547222222223,122.33644444444445,0.0,0.0,2018-05-03 00:50:48,刺网
4301,29.91547222222223,122.33644444444445,0.0,0.0,2018-05-03 01:00:48,刺网
4301,29.91544444444445,122.33644444444445,0.0,0.0,2018-05-03 01:10:48,刺网
4301,29.915527777777786,122.33638888888888,0.1,0.0,2018-05-03 01:20:48,刺网
4301,29.915416666666665,122.33644444444445,0.0,0.0,2018-05-03 01:30:48,刺网
4301,29.91536111111111,122.33644444444445,0.0,0.0,2018-05-03 01:40:48,刺网
4301,29.915416666666665,122.33644444444445,0.0,0.0,2018-05-03 01:50:48,刺网
4301,29.91547222222223,122.33644444444445,0.0,0.0,2018-05-03 02:00:48,刺网
4301,29.915416666666665,122.33647222222223,0.0,0.0,2018-05-03 02:10:48,刺网
4301,29.915388888888888,122.33644444444445,0.2,0.0,2018-05-03 02:20:48,刺网
4301,29.9155,122.33647222222223,0.1,0.0,2018-05-03 02:30:47,刺网
4301,29.91566666666667,122.33636111111107,0.1,0.0,2018-05-03 02:40:47,刺网
4301,29.91547222222223,122.33636111111107,0.1,0.0,2018-05-03 02:50:47,刺网
4301,29.9155,122.33633333333331,0.1,0.0,2018-05-03 03:00:47,刺网
4301,29.91547222222223,122.33638888888888,0.0,0.0,2018-05-03 03:10:47,刺网
4301,29.915388888888888,122.33641666666666,0.1,0.0,2018-05-03 03:20:47,刺网
4301,29.91547222222223,122.33644444444445,0.0,0.0,2018-05-03 03:31:17,刺网
4301,29.9155,122.33647222222223,0.0,0.0,2018-05-03 03:40:47,刺网
4301,29.91544444444445,122.33644444444445,0.0,0.0,2018-05-03 04:00:47,刺网
4301,29.9155,122.33647222222223,0.0,0.0,2018-05-03 04:10:47,刺网
4301,29.91544444444445,122.33644444444445,0.0,0.0,2018-05-03 04:20:48,刺网
4301,29.91544444444445,122.33647222222223,0.0,0.0,2018-05-03 04:40:47,刺网
4301,29.91547222222223,122.33647222222223,0.0,0.0,2018-05-03 04:50:47,刺网
4301,29.91547222222223,122.33641666666666,0.0,0.0,2018-05-03 05:00:47,刺网
4301,29.91547222222223,122.33644444444445,0.0,0.0,2018-05-03 05:10:47,刺网
4301,29.91547222222223,122.33641666666666,0.0,0.0,2018-05-03 05:20:47,刺网
4301,29.915416666666665,122.33644444444445,0.0,0.0,2018-05-03 05:30:47,刺网
4301,29.91547222222223,122.33644444444445,0.0,0.0,2018-05-03 05:40:47,刺网
4301,29.91547222222223,122.33644444444445,0.0,0.0,2018-05-03 05:50:47,刺网
4301,29.9155,122.33644444444445,0.0,0.0,2018-05-03 06:00:47,刺网
4301,29.91544444444445,122.33641666666666,0.0,0.0,2018-05-03 06:10:59,刺网
4301,29.9155,122.33636111111107,0.1,0.0,2018-05-03 06:20:47,刺网
4301,29.91544444444445,122.33644444444445,0.0,0.0,2018-05-03 06:30:47,刺网
4301,29.915527777777786,122.33641666666666,0.0,0.0,2018-05-03 06:40:47,刺网
4301,29.91544444444445,122.33638888888888,0.0,0.0,2018-05-03 06:50:59,刺网
4301,29.91544444444445,122.33644444444445,0.0,0.0,2018-05-03 07:00:47,刺网
4301,29.915527777777786,122.33638888888888,0.0,0.0,2018-05-03 07:10:47,刺网
4301,29.915527777777786,122.33638888888888,0.0,0.0,2018-05-03 07:20:46,刺网
4301,29.91547222222223,122.33644444444445,0.0,0.0,2018-05-03 07:30:46,刺网
4301,29.91547222222223,122.33641666666666,0.0,0.0,2018-05-03 07:40:46,刺网
4301,29.91544444444445,122.33636111111107,0.0,0.0,2018-05-03 07:50:46,刺网
4301,29.91544444444445,122.33633333333331,0.0,0.0,2018-05-03 08:00:46,刺网
4301,29.91544444444445,122.33638888888888,0.0,0.0,2018-05-03 08:10:47,刺网
4301,29.91547222222223,122.33627777777778,0.0,0.0,2018-05-03 08:20:46,刺网
4301,29.91544444444445,122.33633333333331,0.0,0.0,2018-05-03 08:30:46,刺网
4301,29.9155,122.33636111111107,0.7,317.0,2018-05-03 08:40:46,刺网
4301,29.91547222222223,122.33638888888888,0.0,0.0,2018-05-03 08:50:46,刺网
4301,29.91547222222223,122.33633333333331,0.0,0.0,2018-05-03 09:00:46,刺网
4301,29.91547222222223,122.33644444444445,0.2,0.0,2018-05-03 09:10:48,刺网
4301,29.91547222222223,122.33644444444445,0.0,0.0,2018-05-03 09:21:00,刺网
4301,29.9155,122.33644444444445,0.0,0.0,2018-05-03 09:30:48,刺网
4301,29.91547222222223,122.33647222222223,0.0,0.0,2018-05-03 09:40:47,刺网
4301,29.915555555555553,122.33647222222223,0.0,0.0,2018-05-03 09:50:47,刺网
4301,29.9155,122.3365,0.0,0.0,2018-05-03 10:00:47,刺网
4301,29.9155,122.33655555555555,0.0,0.0,2018-05-03 10:10:46,刺网
4301,29.9155,122.33652777777776,0.0,0.0,2018-05-03 10:20:46,刺网
4301,29.91547222222223,122.3365,0.0,0.0,2018-05-03 10:30:46,刺网
4301,29.91547222222223,122.33652777777776,0.0,0.0,2018-05-03 10:40:46,刺网
4301,29.9155,122.33652777777776,0.1,0.0,2018-05-03 10:50:46,刺网
4301,29.91544444444445,122.33655555555555,0.0,0.0,2018-05-03 11:00:47,刺网
4301,29.91544444444445,122.3365,0.0,0.0,2018-05-03 11:10:46,刺网
4301,29.915527777777786,122.33658333333334,0.1,0.0,2018-05-03 11:20:46,刺网
4301,29.915555555555553,122.33658333333334,0.1,0.0,2018-05-03 11:30:46,刺网
4301,29.91547222222223,122.33644444444445,0.0,0.0,2018-05-03 11:40:58,刺网
4301,29.915527777777786,122.33638888888888,0.0,0.0,2018-05-03 11:50:45,刺网
4301,29.91547222222223,122.33647222222223,0.0,0.0,2018-05-03 12:00:45,刺网
4301,29.9155,122.33644444444445,0.0,0.0,2018-05-03 12:10:45,刺网
4301,29.9155,122.33641666666666,0.0,0.0,2018-05-03 12:20:45,刺网
4301,29.9155,122.33641666666666,0.0,0.0,2018-05-03 12:30:45,刺网
4301,29.91547222222223,122.33644444444445,0.0,0.0,2018-05-03 12:40:45,刺网
4301,29.91547222222223,122.33641666666666,0.0,0.0,2018-05-03 12:50:45,刺网
4301,29.91547222222223,122.33644444444445,0.0,0.0,2018-05-03 13:00:45,刺网
4301,29.9155,122.33644444444445,0.0,0.0,2018-05-03 13:10:45,刺网
4301,29.915388888888888,122.33644444444445,0.0,0.0,2018-05-03 13:20:46,刺网
4301,29.915555555555553,122.33638888888888,0.2,0.0,2018-05-03 13:30:45,刺网
4301,29.91566666666667,122.33644444444445,0.2,0.0,2018-05-03 13:40:45,刺网
4301,29.915527777777786,122.33641666666666,0.1,0.0,2018-05-03 13:50:45,刺网
4301,29.91558333333333,122.33641666666666,0.1,0.0,2018-05-03 14:00:45,刺网
4301,29.9155,122.3365,0.0,0.0,2018-05-03 14:10:59,刺网
4301,29.91547222222223,122.33644444444445,0.0,0.0,2018-05-03 14:20:44,刺网
4301,29.91547222222223,122.33641666666666,0.0,0.0,2018-05-03 14:30:45,刺网
4301,29.91547222222223,122.33641666666666,0.0,0.0,2018-05-03 14:40:45,刺网
4301,29.91547222222223,122.33647222222223,0.0,0.0,2018-05-03 14:50:45,刺网
4301,29.91547222222223,122.33644444444445,0.0,0.0,2018-05-03 15:00:45,刺网
4301,29.915416666666665,122.3365,0.0,0.0,2018-05-03 15:20:45,刺网
4301,29.91544444444445,122.33638888888888,0.0,0.0,2018-05-03 15:30:45,刺网
4301,29.91558333333333,122.33636111111107,0.1,0.0,2018-05-03 15:40:45,刺网
4301,29.915527777777786,122.33644444444445,0.0,0.0,2018-05-03 15:50:45,刺网
4301,29.91544444444445,122.33641666666666,0.0,0.0,2018-05-03 16:00:45,刺网
4301,29.91547222222223,122.33644444444445,0.0,0.0,2018-05-03 16:10:45,刺网
4301,29.91544444444445,122.33644444444445,0.0,0.0,2018-05-03 16:20:45,刺网
4301,29.915555555555553,122.33641666666666,0.0,0.0,2018-05-03 16:30:44,刺网
4301,29.915527777777786,122.33641666666666,0.0,0.0,2018-05-03 16:40:44,刺网
4301,29.91544444444445,122.33641666666666,0.1,0.0,2018-05-03 16:50:44,刺网
4301,29.915527777777786,122.33633333333331,0.2,0.0,2018-05-03 17:00:45,刺网
4301,29.91530555555555,122.33661111111113,0.3,139.0,2018-05-03 17:10:45,刺网
4301,29.915555555555553,122.33633333333331,0.2,0.0,2018-05-03 17:30:45,刺网
4301,29.91547222222223,122.33644444444445,0.2,0.0,2018-05-03 17:40:45,刺网
4301,29.91566666666667,122.33630555555555,0.2,0.0,2018-05-03 17:50:45,刺网
4301,29.915388888888888,122.3365,0.1,0.0,2018-05-03 18:00:45,刺网
4301,29.9155,122.33647222222223,0.0,0.0,2018-05-03 18:10:59,刺网
4301,29.91547222222223,122.33644444444445,0.0,0.0,2018-05-03 18:20:44,刺网
4301,29.91544444444445,122.33644444444445,0.0,0.0,2018-05-03 18:30:44,刺网
4301,29.91530555555555,122.33655555555555,0.0,0.0,2018-05-03 18:40:44,刺网
4301,29.915416666666665,122.33644444444445,0.0,0.0,2018-05-03 18:50:44,刺网
4301,29.91533333333333,122.3365,0.0,0.0,2018-05-03 19:00:44,刺网
4301,29.915416666666665,122.33644444444445,0.0,0.0,2018-05-03 19:10:45,刺网
4301,29.915277777777767,122.33658333333334,0.0,0.0,2018-05-03 19:20:44,刺网
4301,29.915416666666665,122.33636111111107,0.0,0.0,2018-05-03 19:30:45,刺网
4301,29.915388888888888,122.33652777777776,0.0,0.0,2018-05-03 19:40:44,刺网
4301,29.91544444444445,122.33638888888888,0.0,0.0,2018-05-03 19:50:59,刺网
4301,29.91544444444445,122.33644444444445,0.0,0.0,2018-05-03 20:00:45,刺网
4301,29.915416666666665,122.33644444444445,0.0,0.0,2018-05-03 20:10:44,刺网
4301,29.91547222222223,122.33641666666666,0.0,0.0,2018-05-03 20:20:44,刺网
4301,29.915416666666665,122.33641666666666,0.0,0.0,2018-05-03 20:30:45,刺网
4301,29.915416666666665,122.33641666666666,0.0,0.0,2018-05-03 20:40:44,刺网
4301,29.9155,122.3365,0.0,0.0,2018-05-03 20:50:44,刺网
4301,29.91547222222223,122.33647222222223,0.0,0.0,2018-05-03 21:00:44,刺网
4301,29.91536111111111,122.33644444444445,0.0,0.0,2018-05-03 21:10:44,刺网
4301,29.9155,122.33641666666666,0.0,0.0,2018-05-03 21:20:44,刺网
4301,29.91536111111111,122.33644444444445,0.0,0.0,2018-05-03 21:30:44,刺网
4301,29.915416666666665,122.33633333333331,0.0,0.0,2018-05-03 21:40:44,刺网
4301,29.915388888888888,122.33633333333331,0.0,0.0,2018-05-03 21:50:44,刺网
4301,29.91544444444445,122.33644444444445,0.0,0.0,2018-05-03 22:10:59,刺网
4301,29.915416666666665,122.33644444444445,0.0,0.0,2018-05-03 22:30:44,刺网
4301,29.91544444444445,122.33644444444445,0.0,0.0,2018-05-03 22:40:44,刺网
4301,29.9155,122.33644444444445,0.0,0.0,2018-05-03 23:00:43,刺网
4301,29.915388888888888,122.33644444444445,0.0,0.0,2018-05-03 23:10:44,刺网
4301,29.915277777777767,122.33647222222223,0.0,0.0,2018-05-03 23:20:44,刺网
4301,29.91547222222223,122.33644444444445,0.0,0.0,2018-05-03 23:30:44,刺网
4301,29.91563888888889,122.33669444444445,0.3,0.0,2018-05-03 23:50:44,刺网
4301,29.91536111111111,122.33641666666666,0.4,0.0,2018-05-04 00:00:44,刺网
4301,29.91544444444445,122.33661111111113,0.4,0.0,2018-05-04 00:10:44,刺网
4301,29.91561111111111,122.33713888888887,0.5,0.0,2018-05-04 00:30:45,刺网
4301,29.915527777777786,122.33686111111106,0.7,90.0,2018-05-04 00:40:45,刺网
4301,29.9155,122.33647222222223,0.0,0.0,2018-05-04 00:51:00,刺网
4301,29.915388888888888,122.33644444444445,0.0,0.0,2018-05-04 01:10:43,刺网
4301,29.91544444444445,122.33644444444445,0.0,0.0,2018-05-04 01:20:43,刺网
4301,29.915388888888888,122.33647222222223,0.0,0.0,2018-05-04 01:30:43,刺网
4301,29.915416666666665,122.33644444444445,0.0,0.0,2018-05-04 01:40:43,刺网
4301,29.915416666666665,122.33647222222223,0.0,0.0,2018-05-04 01:50:43,刺网
4301,29.91544444444445,122.33641666666666,0.0,0.0,2018-05-04 02:00:43,刺网
4301,29.91547222222223,122.33644444444445,0.0,0.0,2018-05-04 02:10:43,刺网
4301,29.915527777777786,122.33641666666666,0.0,0.0,2018-05-04 02:20:43,刺网
4301,29.91544444444445,122.3365,0.0,0.0,2018-05-04 02:30:43,刺网
4301,29.915388888888888,122.33647222222223,0.0,0.0,2018-05-04 02:40:42,刺网
4301,29.91566666666667,122.33633333333331,0.0,0.0,2018-05-04 02:50:43,刺网
4301,29.9155,122.33644444444445,0.0,0.0,2018-05-04 03:00:43,刺网
4301,29.915416666666665,122.3365,0.0,0.0,2018-05-04 03:10:43,刺网
4301,29.915527777777786,122.33647222222223,0.0,0.0,2018-05-04 03:21:00,刺网
4301,29.91544444444445,122.3365,0.0,0.0,2018-05-04 03:30:43,刺网
4301,29.91544444444445,122.33647222222223,0.0,0.0,2018-05-04 03:40:43,刺网
4301,29.91547222222223,122.33641666666666,0.0,0.0,2018-05-04 03:50:43,刺网
4301,29.915416666666665,122.33641666666666,0.0,0.0,2018-05-04 04:00:43,刺网
4301,29.915416666666665,122.33644444444445,0.0,0.0,2018-05-04 04:10:43,刺网
4301,29.9155,122.33641666666666,0.0,0.0,2018-05-04 04:20:43,刺网
4301,29.9155,122.33647222222223,0.0,0.0,2018-05-04 04:30:43,刺网
4301,29.9155,122.33647222222223,0.0,0.0,2018-05-04 04:40:43,刺网
4301,29.91533333333333,122.33652777777776,0.0,0.0,2018-05-04 04:50:43,刺网
4301,29.91536111111111,122.33652777777776,0.0,0.0,2018-05-04 05:10:43,刺网
4301,29.91547222222223,122.33644444444445,0.0,0.0,2018-05-04 05:20:43,刺网
4301,29.91544444444445,122.33644444444445,0.0,0.0,2018-05-04 05:30:43,刺网
4301,29.91544444444445,122.33638888888888,0.1,0.0,2018-05-04 05:40:43,刺网
4301,29.91547222222223,122.3365,0.0,0.0,2018-05-04 05:50:43,刺网
4301,29.91547222222223,122.33638888888888,0.0,0.0,2018-05-04 06:00:43,刺网
4301,29.91544444444445,122.33641666666666,0.0,0.0,2018-05-04 06:10:59,刺网
4301,29.91544444444445,122.33641666666666,0.0,0.0,2018-05-04 06:20:43,刺网
4301,29.91547222222223,122.33644444444445,0.0,0.0,2018-05-04 06:30:43,刺网
4301,29.91547222222223,122.3365,0.0,0.0,2018-05-04 06:40:42,刺网
4301,29.91547222222223,122.33647222222223,0.0,0.0,2018-05-04 06:50:42,刺网
4301,29.9155,122.33636111111107,0.0,0.0,2018-05-04 07:00:42,刺网
4301,29.9155,122.33636111111107,0.0,0.0,2018-05-04 07:10:42,刺网
4301,29.9155,122.33641666666666,0.0,0.0,2018-05-04 07:20:42,刺网
4301,29.9155,122.33641666666666,0.0,0.0,2018-05-04 07:30:42,刺网
4301,29.91547222222223,122.33636111111107,0.0,0.0,2018-05-04 07:40:42,刺网
4301,29.9155,122.33647222222223,0.0,0.0,2018-05-04 07:50:43,刺网
4301,29.915388888888888,122.33641666666666,0.0,0.0,2018-05-04 08:00:42,刺网
4301,29.91547222222223,122.33638888888888,0.0,0.0,2018-05-04 08:10:42,刺网
4301,29.9155,122.33636111111107,0.0,0.0,2018-05-04 08:20:42,刺网
4301,29.9155,122.33633333333331,0.0,0.0,2018-05-04 08:30:42,刺网
4301,29.915527777777786,122.33641666666666,0.0,0.0,2018-05-04 08:40:42,刺网
4301,29.91547222222223,122.33641666666666,0.0,0.0,2018-05-04 08:50:42,刺网
4301,29.915527777777786,122.33638888888888,0.0,0.0,2018-05-04 09:00:42,刺网
4301,29.91544444444445,122.33638888888888,0.1,0.0,2018-05-04 09:10:43,刺网
4301,29.91544444444445,122.3365,0.0,0.0,2018-05-04 09:21:00,刺网
4301,29.91547222222223,122.33638888888888,0.0,0.0,2018-05-04 09:30:43,刺网
4301,29.91547222222223,122.33644444444445,0.0,0.0,2018-05-04 09:40:42,刺网
4301,29.91544444444445,122.33647222222223,0.0,0.0,2018-05-04 09:50:43,刺网
4301,29.91547222222223,122.33644444444445,0.0,0.0,2018-05-04 10:00:43,刺网
4301,29.91547222222223,122.33644444444445,0.0,0.0,2018-05-04 10:10:42,刺网
4301,29.915527777777786,122.33644444444445,0.0,0.0,2018-05-04 10:30:42,刺网
4301,29.915555555555553,122.33647222222223,0.0,0.0,2018-05-04 10:40:42,刺网
4301,29.915527777777786,122.33644444444445,0.0,0.0,2018-05-04 10:50:42,刺网
4301,29.915416666666665,122.33636111111107,0.0,0.0,2018-05-04 11:00:42,刺网
4301,29.915527777777786,122.33641666666666,0.2,0.0,2018-05-04 11:10:42,刺网
4301,29.915527777777786,122.33647222222223,0.1,0.0,2018-05-04 11:20:41,刺网
4301,29.91547222222223,122.33638888888888,0.0,0.0,2018-05-04 11:30:41,刺网
4301,29.91558333333333,122.33636111111107,0.0,0.0,2018-05-04 11:40:43,刺网
4301,29.91575,122.33636111111107,0.0,0.0,2018-05-04 11:50:43,刺网
4301,29.915527777777786,122.33641666666666,0.1,0.0,2018-05-04 12:00:41,刺网
4301,29.9155,122.33644444444445,0.0,0.0,2018-05-04 12:10:59,刺网
4301,29.91547222222223,122.33644444444445,0.0,0.0,2018-05-04 12:20:41,刺网
4301,29.91544444444445,122.33647222222223,0.0,0.0,2018-05-04 12:30:41,刺网
4301,29.9155,122.33641666666666,0.0,0.0,2018-05-04 12:40:41,刺网
4301,29.915555555555553,122.33647222222223,0.0,0.0,2018-05-04 12:50:41,刺网
4301,29.915555555555553,122.33641666666666,0.0,0.0,2018-05-04 13:00:41,刺网
4301,29.9155,122.33644444444445,0.0,0.0,2018-05-04 13:10:41,刺网
4301,29.915416666666665,122.33644444444445,0.0,0.0,2018-05-04 13:20:41,刺网
4301,29.91558333333333,122.33641666666666,0.0,0.0,2018-05-04 13:30:41,刺网
4301,29.9155,122.33644444444445,0.1,0.0,2018-05-04 13:40:41,刺网
4301,29.915527777777786,122.33641666666666,0.0,0.0,2018-05-04 13:50:41,刺网
4301,29.91561111111111,122.33638888888888,0.1,0.0,2018-05-04 14:00:41,刺网
4301,29.915555555555553,122.33641666666666,0.1,0.0,2018-05-04 14:10:41,刺网
4301,29.91563888888889,122.33636111111107,0.1,0.0,2018-05-04 14:20:41,刺网
4301,29.915555555555553,122.33644444444445,0.1,0.0,2018-05-04 14:30:41,刺网
4301,29.91544444444445,122.33644444444445,0.1,0.0,2018-05-04 14:40:41,刺网
4301,29.91544444444445,122.33647222222223,0.0,0.0,2018-05-04 14:50:41,刺网
4301,29.915527777777786,122.33647222222223,0.0,0.0,2018-05-04 15:00:42,刺网
4301,29.915555555555553,122.33641666666666,0.1,0.0,2018-05-04 15:10:41,刺网
4301,29.915527777777786,122.33641666666666,0.0,0.0,2018-05-04 15:21:00,刺网
4301,29.915555555555553,122.33641666666666,0.0,0.0,2018-05-04 15:30:41,刺网
4301,29.9155,122.33638888888888,0.0,0.0,2018-05-04 15:40:41,刺网
4301,29.915527777777786,122.33641666666666,0.0,0.0,2018-05-04 15:50:41,刺网
4301,29.9155,122.33647222222223,0.0,0.0,2018-05-04 16:00:40,刺网
4301,29.91544444444445,122.33647222222223,0.0,0.0,2018-05-04 16:10:41,刺网
4301,29.9155,122.33638888888888,0.0,0.0,2018-05-04 16:20:40,刺网
4301,29.91544444444445,122.33644444444445,0.0,0.0,2018-05-04 16:37:02,刺网
4301,29.915527777777786,122.33641666666666,0.0,0.0,2018-05-04 16:50:40,刺网
4301,29.91547222222223,122.33638888888888,0.0,0.0,2018-05-04 17:00:40,刺网
4301,29.9155,122.33641666666666,0.0,0.0,2018-05-04 17:10:40,刺网
4301,29.91547222222223,122.33641666666666,0.0,0.0,2018-05-04 17:20:40,刺网
4301,29.9155,122.33638888888888,0.0,0.0,2018-05-04 17:30:40,刺网
4301,29.91547222222223,122.33644444444445,0.0,0.0,2018-05-04 17:40:40,刺网
4301,29.91547222222223,122.33644444444445,0.0,0.0,2018-05-04 17:50:40,刺网
4301,29.91547222222223,122.33644444444445,0.0,0.0,2018-05-04 18:00:40,刺网
4301,29.91547222222223,122.33641666666666,0.0,0.0,2018-05-04 18:10:59,刺网
4301,29.91544444444445,122.33647222222223,0.0,0.0,2018-05-04 18:20:39,刺网
4301,29.91544444444445,122.33647222222223,0.0,0.0,2018-05-04 18:30:40,刺网
4301,29.9155,122.33641666666666,0.0,0.0,2018-05-04 18:40:40,刺网
4301,29.91544444444445,122.33647222222223,0.0,0.0,2018-05-04 18:50:40,刺网
4301,29.915416666666665,122.33644444444445,0.0,0.0,2018-05-04 19:00:40,刺网
4301,29.91547222222223,122.33638888888888,0.0,0.0,2018-05-04 19:10:40,刺网
4301,29.91547222222223,122.33641666666666,0.1,0.0,2018-05-04 19:20:40,刺网
4301,29.915527777777786,122.33622222222222,0.1,0.0,2018-05-04 19:30:40,刺网
4301,29.91547222222223,122.33638888888888,0.0,0.0,2018-05-04 19:40:40,刺网
4301,29.91547222222223,122.3365,0.0,0.0,2018-05-04 19:50:40,刺网
4301,29.91544444444445,122.33638888888888,0.0,0.0,2018-05-04 20:00:40,刺网
4301,29.9155,122.3365,0.0,0.0,2018-05-04 20:10:40,刺网
4301,29.915388888888888,122.33644444444445,0.0,0.0,2018-05-04 20:20:40,刺网
4301,29.91544444444445,122.33638888888888,0.0,0.0,2018-05-04 20:31:00,刺网
4301,29.91547222222223,122.33641666666666,0.0,0.0,2018-05-04 20:40:39,刺网
4301,29.91544444444445,122.33644444444445,0.0,0.0,2018-05-04 20:50:39,刺网
4301,29.9155,122.33644444444445,0.0,0.0,2018-05-04 21:00:39,刺网
4301,29.915388888888888,122.33636111111107,0.0,0.0,2018-05-04 21:10:39,刺网
4301,29.91544444444445,122.33652777777776,0.0,0.0,2018-05-04 21:20:39,刺网
4301,29.91547222222223,122.33641666666666,0.0,0.0,2018-05-04 21:30:39,刺网
4301,29.91547222222223,122.33644444444445,0.0,0.0,2018-05-04 21:40:39,刺网
4301,29.91547222222223,122.33644444444445,0.0,0.0,2018-05-04 21:50:39,刺网
4301,29.9155,122.33647222222223,0.0,0.0,2018-05-04 22:00:39,刺网
4301,29.91547222222223,122.33641666666666,0.0,0.0,2018-05-04 22:10:39,刺网
4301,29.91547222222223,122.33641666666666,0.1,0.0,2018-05-04 22:20:39,刺网
4301,29.91544444444445,122.33641666666666,0.0,0.0,2018-05-04 22:30:39,刺网
4301,29.915555555555553,122.33647222222223,0.1,0.0,2018-05-04 22:40:39,刺网
4301,29.91561111111111,122.33638888888888,0.1,0.0,2018-05-04 22:50:39,刺网
4301,29.915416666666665,122.33641666666666,0.2,0.0,2018-05-04 23:00:39,刺网
4301,29.9155,122.33641666666666,0.2,0.0,2018-05-04 23:10:39,刺网
4301,29.91547222222223,122.33647222222223,0.0,0.0,2018-05-04 23:21:00,刺网
4301,29.9155,122.33641666666666,0.0,0.0,2018-05-04 23:30:39,刺网
4301,29.9155,122.33644444444445,0.0,0.0,2018-05-04 23:50:39,刺网
4301,29.91547222222223,122.33644444444445,0.0,0.0,2018-05-05 00:00:39,刺网
4301,29.91544444444445,122.33638888888888,0.0,0.0,2018-05-05 00:10:39,刺网
4301,29.91544444444445,122.33641666666666,0.0,0.0,2018-05-05 00:20:39,刺网
4301,29.91547222222223,122.3365,0.0,0.0,2018-05-05 00:30:39,刺网
4301,29.91547222222223,122.33647222222223,0.0,0.0,2018-05-05 00:40:39,刺网
4301,29.9155,122.33641666666666,0.0,0.0,2018-05-05 00:50:39,刺网
4301,29.9155,122.33638888888888,0.0,0.0,2018-05-05 01:10:39,刺网
4301,29.91547222222223,122.33641666666666,0.0,0.0,2018-05-05 01:20:38,刺网
4301,29.91547222222223,122.33638888888888,0.0,0.0,2018-05-05 01:30:38,刺网
4301,29.91558333333333,122.33638888888888,0.0,0.0,2018-05-05 01:40:38,刺网
4301,29.915388888888888,122.33655555555555,0.0,0.0,2018-05-05 01:50:39,刺网
4301,29.91544444444445,122.33644444444445,0.0,0.0,2018-05-05 02:00:38,刺网
4301,29.91547222222223,122.3365,0.0,0.0,2018-05-05 02:20:38,刺网
4301,29.91544444444445,122.3365,0.0,0.0,2018-05-05 02:30:38,刺网
4301,29.91547222222223,122.33647222222223,0.0,0.0,2018-05-05 02:40:38,刺网
4301,29.91544444444445,122.33641666666666,0.0,0.0,2018-05-05 02:50:38,刺网
4301,29.91544444444445,122.33644444444445,0.0,0.0,2018-05-05 03:00:38,刺网
4301,29.91547222222223,122.33644444444445,0.0,0.0,2018-05-05 03:10:38,刺网
4301,29.91544444444445,122.33644444444445,0.1,0.0,2018-05-05 03:20:38,刺网
4301,29.915388888888888,122.33638888888888,0.1,0.0,2018-05-05 03:30:38,刺网
4301,29.91547222222223,122.33644444444445,0.1,0.0,2018-05-05 03:40:38,刺网
4301,29.9155,122.33633333333331,0.0,0.0,2018-05-05 03:50:38,刺网
4301,29.915416666666665,122.33641666666666,0.1,0.0,2018-05-05 04:00:38,刺网
4301,29.914805555555553,122.33688888888888,0.1,0.0,2018-05-05 04:10:38,刺网
4301,29.91561111111111,122.33636111111107,0.7,145.0,2018-05-05 04:20:38,刺网
4301,29.91536111111111,122.33647222222223,0.3,0.0,2018-05-05 04:30:38,刺网
4301,29.91533333333333,122.33652777777776,0.1,0.0,2018-05-05 04:40:38,刺网
4301,29.915416666666665,122.33652777777776,0.1,0.0,2018-05-05 04:50:38,刺网
4301,29.9155,122.33641666666666,0.1,0.0,2018-05-05 05:00:38,刺网
4301,29.915555555555553,122.33636111111107,0.1,0.0,2018-05-05 05:10:38,刺网
4301,29.91547222222223,122.33644444444445,0.1,0.0,2018-05-05 05:20:38,刺网
4301,29.91544444444445,122.3365,0.1,0.0,2018-05-05 05:30:38,刺网
4301,29.91566666666667,122.33630555555555,0.4,0.0,2018-05-05 05:40:38,刺网
4301,29.91544444444445,122.33644444444445,0.1,0.0,2018-05-05 05:50:37,刺网
4301,29.9155,122.33625,0.2,0.0,2018-05-05 06:00:37,刺网
4301,29.91544444444445,122.33638888888888,0.0,0.0,2018-05-05 06:20:37,刺网
4301,29.91544444444445,122.33641666666666,0.0,0.0,2018-05-05 06:30:37,刺网
4301,29.91544444444445,122.3365,0.0,0.0,2018-05-05 06:40:37,刺网
4301,29.915527777777786,122.33641666666666,0.0,0.0,2018-05-05 06:50:37,刺网
4301,29.91544444444445,122.33644444444445,0.0,0.0,2018-05-05 07:00:37,刺网
4301,29.915416666666665,122.33641666666666,0.0,0.0,2018-05-05 07:10:37,刺网
4301,29.915527777777786,122.33638888888888,0.0,0.0,2018-05-05 07:20:37,刺网
4301,29.9155,122.33638888888888,0.0,0.0,2018-05-05 07:30:37,刺网
4301,29.915388888888888,122.33641666666666,0.0,0.0,2018-05-05 07:40:37,刺网
4301,29.91544444444445,122.33647222222223,0.0,0.0,2018-05-05 07:50:37,刺网
4301,29.91533333333333,122.33638888888888,0.1,0.0,2018-05-05 08:00:37,刺网
4301,29.9155,122.33647222222223,0.0,0.0,2018-05-05 08:10:37,刺网
4301,29.91544444444445,122.33641666666666,0.0,0.0,2018-05-05 08:20:37,刺网
4301,29.915527777777786,122.33652777777776,0.0,0.0,2018-05-05 08:30:37,刺网
4301,29.91547222222223,122.33627777777778,0.0,0.0,2018-05-05 08:40:37,刺网
4301,29.9155,122.33644444444445,0.0,0.0,2018-05-05 08:50:37,刺网
4301,29.91544444444445,122.33644444444445,0.1,0.0,2018-05-05 09:00:37,刺网
4301,29.91544444444445,122.33633333333331,0.1,0.0,2018-05-05 09:10:37,刺网
4301,29.915527777777786,122.33644444444445,0.0,0.0,2018-05-05 09:21:00,刺网
4301,29.915416666666665,122.3365,0.0,0.0,2018-05-05 09:30:38,刺网
4301,29.91544444444445,122.33641666666666,0.0,0.0,2018-05-05 09:40:37,刺网
4301,29.9155,122.33644444444445,0.0,0.0,2018-05-05 09:50:37,刺网
4301,29.91547222222223,122.33644444444445,0.0,0.0,2018-05-05 10:00:37,刺网
4301,29.91544444444445,122.33647222222223,0.0,0.0,2018-05-05 10:10:37,刺网
4301,29.91544444444445,122.33641666666666,0.0,0.0,2018-05-05 10:20:37,刺网
4301,29.915416666666665,122.33647222222223,0.0,0.0,2018-05-05 10:30:36,刺网
4301,29.91547222222223,122.33644444444445,0.0,0.0,2018-05-05 10:40:36,刺网
4301,29.91544444444445,122.33641666666666,0.0,0.0,2018-05-05 10:50:36,刺网
4301,29.9155,122.33647222222223,0.0,0.0,2018-05-05 11:00:36,刺网
4301,29.91547222222223,122.33641666666666,0.1,0.0,2018-05-05 11:10:36,刺网
4301,29.9155,122.33644444444445,0.0,0.0,2018-05-05 11:20:36,刺网
4301,29.91583333333333,122.3359722222222,0.1,0.0,2018-05-05 11:30:37,刺网
4301,29.915527777777786,122.3365,0.0,0.0,2018-05-05 11:40:38,刺网
4301,29.915416666666665,122.33655555555555,0.1,0.0,2018-05-05 11:50:37,刺网
4301,29.91558333333333,122.33647222222223,0.2,0.0,2018-05-05 12:00:36,刺网
4301,29.9155,122.33641666666666,0.0,0.0,2018-05-05 12:20:36,刺网
4301,29.91544444444445,122.33647222222223,0.0,0.0,2018-05-05 12:30:35,刺网
4301,29.9155,122.33644444444445,0.0,0.0,2018-05-05 12:40:36,刺网
4301,29.915527777777786,122.33644444444445,0.0,0.0,2018-05-05 12:50:36,刺网
4301,29.915555555555553,122.33641666666666,0.0,0.0,2018-05-05 13:00:36,刺网
4301,29.91544444444445,122.33644444444445,0.0,0.0,2018-05-05 13:10:36,刺网
4301,29.915388888888888,122.3365,0.0,0.0,2018-05-05 13:20:36,刺网
4301,29.9155,122.33644444444445,0.1,0.0,2018-05-05 13:30:36,刺网
4301,29.91558333333333,122.33641666666666,0.0,0.0,2018-05-05 13:40:36,刺网
4301,29.915416666666665,122.3365,0.0,0.0,2018-05-05 13:50:36,刺网
4301,29.91566666666667,122.33636111111107,0.0,0.0,2018-05-05 14:00:36,刺网
4301,29.91558333333333,122.33638888888888,0.0,0.0,2018-05-05 14:10:36,刺网
4301,29.915527777777786,122.33647222222223,0.0,0.0,2018-05-05 14:20:36,刺网
4301,29.91547222222223,122.33644444444445,0.0,0.0,2018-05-05 14:30:36,刺网
4301,29.91536111111111,122.33644444444445,0.1,0.0,2018-05-05 14:40:36,刺网
4301,29.915416666666665,122.33655555555555,0.0,0.0,2018-05-05 14:50:36,刺网
4301,29.915527777777786,122.33644444444445,0.0,0.0,2018-05-05 15:00:40,刺网
4301,29.91558333333333,122.33644444444445,0.0,0.0,2018-05-05 15:10:38,刺网
4301,29.915527777777786,122.33644444444445,0.0,0.0,2018-05-05 15:21:00,刺网
4301,29.9155,122.33644444444445,0.0,0.0,2018-05-05 15:30:35,刺网
4301,29.91547222222223,122.33638888888888,0.0,0.0,2018-05-05 15:40:35,刺网
4301,29.9155,122.33641666666666,0.0,0.0,2018-05-05 15:50:36,刺网
4301,29.9155,122.33644444444445,0.0,0.0,2018-05-05 16:00:35,刺网
4301,29.91547222222223,122.33638888888888,0.0,0.0,2018-05-05 16:20:35,刺网
4301,29.91547222222223,122.33641666666666,0.0,0.0,2018-05-05 16:30:36,刺网
4301,29.91547222222223,122.33644444444445,0.0,0.0,2018-05-05 16:40:35,刺网
4301,29.9155,122.33636111111107,0.0,0.0,2018-05-05 16:50:35,刺网
4301,29.9155,122.33641666666666,0.0,0.0,2018-05-05 17:00:35,刺网
4301,29.91547222222223,122.33644444444445,0.0,0.0,2018-05-05 17:10:35,刺网
4301,29.9155,122.33641666666666,0.0,0.0,2018-05-05 17:20:35,刺网
4301,29.91547222222223,122.33641666666666,0.0,0.0,2018-05-05 17:30:35,刺网
4301,29.9155,122.33647222222223,0.0,0.0,2018-05-05 17:40:35,刺网
4301,29.91547222222223,122.33641666666666,0.0,0.0,2018-05-05 17:50:35,刺网
4301,29.91544444444445,122.33647222222223,0.0,0.0,2018-05-05 18:00:35,刺网
4301,29.9155,122.33644444444445,0.0,0.0,2018-05-05 18:11:00,刺网
4301,29.91547222222223,122.33641666666666,0.0,0.0,2018-05-05 18:20:35,刺网
4301,29.915416666666665,122.33647222222223,0.1,0.0,2018-05-05 18:30:35,刺网
4301,29.91547222222223,122.33641666666666,0.0,0.0,2018-05-05 18:40:35,刺网
4301,29.915416666666665,122.33636111111107,0.0,0.0,2018-05-05 18:50:35,刺网
4301,29.91544444444445,122.33647222222223,0.0,0.0,2018-05-05 19:00:35,刺网
4301,29.915416666666665,122.33647222222223,0.0,0.0,2018-05-05 19:10:35,刺网
4301,29.91547222222223,122.33647222222223,0.0,0.0,2018-05-05 19:20:35,刺网
4301,29.91547222222223,122.33644444444445,0.0,0.0,2018-05-05 19:30:35,刺网
4301,29.9155,122.33636111111107,0.0,0.0,2018-05-05 19:40:34,刺网
4301,29.915416666666665,122.33630555555555,0.0,0.0,2018-05-05 19:50:34,刺网
4301,29.91547222222223,122.33636111111107,0.0,0.0,2018-05-05 20:00:34,刺网
4301,29.915416666666665,122.3365,0.0,0.0,2018-05-05 20:10:34,刺网
4301,29.91544444444445,122.33625,0.0,0.0,2018-05-05 20:20:34,刺网
4301,29.91544444444445,122.33652777777776,0.0,0.0,2018-05-05 20:30:34,刺网
4301,29.915527777777786,122.33644444444445,0.5,0.0,2018-05-05 20:40:34,刺网
4301,29.915222222222226,122.33577777777776,0.5,0.0,2018-05-05 20:50:34,刺网
4301,29.91544444444445,122.33641666666666,0.0,0.0,2018-05-05 21:01:00,刺网
4301,29.915527777777786,122.33647222222223,0.2,0.0,2018-05-05 21:10:34,刺网
4301,29.9155,122.33638888888888,0.0,0.0,2018-05-05 21:20:34,刺网
4301,29.91544444444445,122.33638888888888,0.0,0.0,2018-05-05 21:30:34,刺网
4301,29.91547222222223,122.33644444444445,0.0,0.0,2018-05-05 21:40:34,刺网
4301,29.9155,122.33641666666666,0.0,0.0,2018-05-05 21:50:34,刺网
4301,29.91544444444445,122.33641666666666,0.0,0.0,2018-05-05 22:00:34,刺网
4301,29.91544444444445,122.33644444444445,0.0,0.0,2018-05-05 22:10:34,刺网
4301,29.91547222222223,122.33644444444445,0.0,0.0,2018-05-05 22:20:34,刺网
4301,29.91547222222223,122.33644444444445,0.0,0.0,2018-05-05 22:30:34,刺网
4301,29.91547222222223,122.33641666666666,0.0,0.0,2018-05-05 22:40:34,刺网
4301,29.91544444444445,122.33644444444445,0.0,0.0,2018-05-05 22:50:34,刺网
4301,29.915416666666665,122.33641666666666,0.0,0.0,2018-05-05 23:00:34,刺网
4301,29.91530555555555,122.33638888888888,0.4,0.0,2018-05-05 23:10:34,刺网
4301,29.915388888888888,122.33638888888888,0.0,0.0,2018-05-05 23:20:34,刺网
4301,29.91547222222223,122.3365,0.2,0.0,2018-05-05 23:30:34,刺网
4301,29.91533333333333,122.33630555555555,0.1,0.0,2018-05-05 23:40:34,刺网
4301,29.91547222222223,122.33647222222223,0.0,0.0,2018-05-05 23:51:00,刺网
4301,29.91544444444445,122.33644444444445,0.0,0.0,2018-05-06 00:00:34,刺网
4301,29.9155,122.33644444444445,0.0,0.0,2018-05-06 00:10:33,刺网
4301,29.915416666666665,122.33644444444445,0.0,0.0,2018-05-06 00:20:33,刺网
4301,29.91544444444445,122.33647222222223,0.0,0.0,2018-05-06 00:30:33,刺网
4301,29.915416666666665,122.33644444444445,0.0,0.0,2018-05-06 00:40:33,刺网
4301,29.91544444444445,122.33647222222223,0.0,0.0,2018-05-06 01:00:33,刺网
4301,29.9155,122.33644444444445,0.0,0.0,2018-05-06 01:10:33,刺网
4301,29.91530555555555,122.33652777777776,0.0,0.0,2018-05-06 01:20:33,刺网
4301,29.915416666666665,122.33647222222223,0.0,0.0,2018-05-06 01:30:33,刺网
4301,29.915555555555553,122.33647222222223,0.1,0.0,2018-05-06 01:40:33,刺网
4301,29.9155,122.33636111111107,0.1,0.0,2018-05-06 01:50:33,刺网
4301,29.91544444444445,122.33647222222223,0.2,0.0,2018-05-06 02:00:33,刺网
4301,29.91544444444445,122.33644444444445,0.0,0.0,2018-05-06 02:20:33,刺网
4301,29.91547222222223,122.33647222222223,0.0,0.0,2018-05-06 02:30:33,刺网
4301,29.91544444444445,122.33638888888888,0.0,0.0,2018-05-06 02:40:33,刺网
4301,29.91544444444445,122.33647222222223,0.0,0.0,2018-05-06 02:50:33,刺网
4301,29.915416666666665,122.33647222222223,0.0,0.0,2018-05-06 03:00:33,刺网
4301,29.915527777777786,122.33644444444445,0.0,0.0,2018-05-06 03:10:33,刺网
4301,29.9155,122.33644444444445,0.0,0.0,2018-05-06 03:20:33,刺网
4301,29.91547222222223,122.33641666666666,0.0,0.0,2018-05-06 03:30:33,刺网
4301,29.91547222222223,122.33641666666666,0.0,0.0,2018-05-06 03:40:33,刺网
4301,29.91544444444445,122.33644444444445,0.0,0.0,2018-05-06 03:50:33,刺网
4301,29.91536111111111,122.33647222222223,0.2,0.0,2018-05-06 04:00:33,刺网
4301,29.915166666666664,122.33672222222219,0.1,0.0,2018-05-06 04:10:34,刺网
4301,29.915722222222207,122.33630555555555,0.3,145.0,2018-05-06 04:20:33,刺网
4301,29.91583333333333,122.33622222222222,0.2,0.0,2018-05-06 04:30:33,刺网
4301,29.91558333333333,122.33638888888888,0.3,0.0,2018-05-06 04:40:33,刺网
4301,29.915527777777786,122.33638888888888,0.1,0.0,2018-05-06 04:50:32,刺网
4301,29.91547222222223,122.33641666666666,0.0,0.0,2018-05-06 05:00:32,刺网
4301,29.91547222222223,122.33647222222223,0.0,0.0,2018-05-06 05:10:32,刺网
4301,29.91547222222223,122.33644444444445,0.0,0.0,2018-05-06 05:20:32,刺网
4301,29.9155,122.33633333333331,0.3,0.0,2018-05-06 05:30:33,刺网
4301,29.9155,122.33638888888888,0.1,0.0,2018-05-06 05:40:32,刺网
4301,29.915388888888888,122.33655555555555,0.2,0.0,2018-05-06 05:50:32,刺网
4301,29.91544444444445,122.33644444444445,0.2,0.0,2018-05-06 06:00:32,刺网
4301,29.9155,122.33647222222223,0.0,0.0,2018-05-06 06:11:00,刺网
4301,29.9155,122.3365,0.0,0.0,2018-05-06 06:20:32,刺网
4301,29.91547222222223,122.33647222222223,0.0,0.0,2018-05-06 06:30:32,刺网
4301,29.91547222222223,122.33644444444445,0.0,0.0,2018-05-06 06:40:32,刺网
4301,29.91547222222223,122.33644444444445,0.0,0.0,2018-05-06 06:50:31,刺网
4301,29.91544444444445,122.33641666666666,0.0,0.0,2018-05-06 07:00:32,刺网
4301,29.915527777777786,122.33638888888888,0.0,0.0,2018-05-06 07:10:31,刺网
4301,29.91547222222223,122.3365,0.0,0.0,2018-05-06 07:20:32,刺网
4301,29.91547222222223,122.33641666666666,0.0,0.0,2018-05-06 07:30:32,刺网
4301,29.915416666666665,122.33644444444445,0.0,0.0,2018-05-06 07:40:32,刺网
4301,29.915416666666665,122.33652777777776,0.0,0.0,2018-05-06 07:50:32,刺网
4301,29.91544444444445,122.33636111111107,0.0,0.0,2018-05-06 08:00:32,刺网
4301,29.9155,122.33641666666666,0.0,0.0,2018-05-06 08:10:32,刺网
4301,29.91544444444445,122.33644444444445,0.0,0.0,2018-05-06 08:20:32,刺网
4301,29.915527777777786,122.33655555555555,0.0,0.0,2018-05-06 08:30:32,刺网
4301,29.91547222222223,122.33638888888888,0.0,0.0,2018-05-06 08:40:32,刺网
4301,29.9155,122.3365,1.2,63.0,2018-05-06 08:50:32,刺网
4301,29.91544444444445,122.33636111111107,0.0,0.0,2018-05-06 09:00:32,刺网
4301,29.91547222222223,122.33644444444445,0.0,0.0,2018-05-06 09:11:01,刺网
4301,29.915527777777786,122.33647222222223,0.0,0.0,2018-05-06 09:20:33,刺网
4301,29.91544444444445,122.33647222222223,0.0,0.0,2018-05-06 09:30:33,刺网
4301,29.9155,122.33644444444445,0.0,0.0,2018-05-06 09:40:31,刺网
4301,29.9155,122.33641666666666,0.0,0.0,2018-05-06 09:50:31,刺网
4301,29.91544444444445,122.3365,0.0,0.0,2018-05-06 10:00:31,刺网
4301,29.9155,122.33641666666666,0.0,0.0,2018-05-06 10:10:31,刺网
4301,29.91547222222223,122.33647222222223,0.0,0.0,2018-05-06 10:20:31,刺网
4301,29.9155,122.33647222222223,0.0,0.0,2018-05-06 10:30:31,刺网
4301,29.91544444444445,122.3365,0.0,0.0,2018-05-06 10:40:31,刺网
4301,29.9155,122.33644444444445,0.0,0.0,2018-05-06 10:50:31,刺网
4301,29.9155,122.33644444444445,0.0,0.0,2018-05-06 11:00:31,刺网
4301,29.915388888888888,122.3365,0.3,0.0,2018-05-06 11:10:31,刺网
4301,29.9155,122.33630555555555,0.1,0.0,2018-05-06 11:20:31,刺网
4301,29.91558333333333,122.33638888888888,0.1,0.0,2018-05-06 11:30:31,刺网
4301,29.915416666666665,122.3365,0.1,0.0,2018-05-06 11:40:31,刺网
4301,29.91544444444445,122.33644444444445,0.2,0.0,2018-05-06 11:50:31,刺网
4301,29.91547222222223,122.33647222222223,0.0,0.0,2018-05-06 12:01:00,刺网
4301,29.91547222222223,122.3365,0.0,0.0,2018-05-06 12:10:31,刺网
4301,29.915416666666665,122.33644444444445,0.0,0.0,2018-05-06 12:20:31,刺网
4301,29.91547222222223,122.33647222222223,0.0,0.0,2018-05-06 12:30:31,刺网
4301,29.915527777777786,122.33638888888888,0.0,0.0,2018-05-06 12:40:31,刺网
4301,29.91547222222223,122.33647222222223,0.0,0.0,2018-05-06 12:50:31,刺网
4301,29.91544444444445,122.3365,0.0,0.0,2018-05-06 13:00:31,刺网
4301,29.9155,122.33647222222223,0.1,0.0,2018-05-06 13:10:31,刺网
4301,29.91544444444445,122.33641666666666,0.0,0.0,2018-05-06 13:20:31,刺网
4301,29.91558333333333,122.33641666666666,0.0,0.0,2018-05-06 13:30:31,刺网
4301,29.91547222222223,122.3365,0.0,0.0,2018-05-06 13:40:31,刺网
4301,29.915555555555553,122.33641666666666,0.1,0.0,2018-05-06 13:50:30,刺网
4301,29.91561111111111,122.33636111111107,0.1,0.0,2018-05-06 14:00:30,刺网
4301,29.9155,122.33647222222223,0.0,0.0,2018-05-06 14:11:00,刺网
4301,29.91547222222223,122.33644444444445,0.0,0.0,2018-05-06 14:20:30,刺网
4301,29.91547222222223,122.33641666666666,0.0,0.0,2018-05-06 14:30:30,刺网
4301,29.9155,122.33647222222223,0.0,0.0,2018-05-06 14:40:30,刺网
4301,29.915555555555553,122.33647222222223,0.0,0.0,2018-05-06 14:50:30,刺网
4301,29.9155,122.33641666666666,0.0,0.0,2018-05-06 15:00:30,刺网
4301,29.91544444444445,122.33641666666666,0.0,0.0,2018-05-06 15:10:30,刺网
4301,29.9155,122.33641666666666,0.0,0.0,2018-05-06 15:20:30,刺网
4301,29.9155,122.33641666666666,0.0,0.0,2018-05-06 15:30:30,刺网
4301,29.91544444444445,122.3365,0.0,0.0,2018-05-06 15:40:30,刺网
4301,29.915527777777786,122.33641666666666,0.0,0.0,2018-05-06 15:50:30,刺网
4301,29.9155,122.33647222222223,0.0,0.0,2018-05-06 16:00:31,刺网
4301,29.91544444444445,122.33644444444445,0.0,0.0,2018-05-06 16:10:32,刺网
4301,29.91544444444445,122.33647222222223,0.0,0.0,2018-05-06 16:20:30,刺网
4301,29.915416666666665,122.33647222222223,0.0,0.0,2018-05-06 16:30:30,刺网
4301,29.91544444444445,122.3365,0.0,0.0,2018-05-06 16:40:30,刺网
4301,29.91544444444445,122.33644444444445,0.0,0.0,2018-05-06 16:50:30,刺网
4301,29.91544444444445,122.3365,0.2,0.0,2018-05-06 17:00:30,刺网
4301,29.91547222222223,122.33644444444445,0.1,0.0,2018-05-06 17:10:30,刺网
4301,29.91547222222223,122.33644444444445,0.2,0.0,2018-05-06 17:20:30,刺网
4301,29.91547222222223,122.33644444444445,0.1,0.0,2018-05-06 17:30:30,刺网
4301,29.9155,122.33644444444445,0.0,0.0,2018-05-06 17:40:30,刺网
4301,29.91544444444445,122.33652777777776,0.0,0.0,2018-05-06 17:50:30,刺网
4301,29.91547222222223,122.33644444444445,0.0,0.0,2018-05-06 18:00:30,刺网
4301,29.9155,122.33638888888888,0.0,0.0,2018-05-06 18:11:00,刺网
4301,29.91547222222223,122.33647222222223,0.0,0.0,2018-05-06 18:20:30,刺网
4301,29.915527777777786,122.33641666666666,0.0,0.0,2018-05-06 18:30:29,刺网
4301,29.91547222222223,122.33647222222223,0.0,0.0,2018-05-06 18:40:29,刺网
4301,29.91547222222223,122.33644444444445,0.0,0.0,2018-05-06 18:50:29,刺网
4301,29.9155,122.33641666666666,0.0,0.0,2018-05-06 19:00:29,刺网
4301,29.91547222222223,122.33652777777776,0.0,0.0,2018-05-06 19:10:30,刺网
4301,29.91547222222223,122.33644444444445,0.0,0.0,2018-05-06 19:20:29,刺网
4301,29.91547222222223,122.33652777777776,0.0,0.0,2018-05-06 19:30:29,刺网
4301,29.91533333333333,122.33644444444445,0.0,0.0,2018-05-06 19:40:29,刺网
4301,29.91544444444445,122.33636111111107,0.0,0.0,2018-05-06 19:50:29,刺网
4301,29.915388888888888,122.33638888888888,0.0,0.0,2018-05-06 20:00:29,刺网
4301,29.91547222222223,122.3365,0.0,0.0,2018-05-06 20:10:29,刺网
4301,29.91547222222223,122.3365,0.0,0.0,2018-05-06 20:20:30,刺网
4301,29.915416666666665,122.33641666666666,0.0,0.0,2018-05-06 20:30:29,刺网
4301,29.915111111111113,122.33566666666664,0.1,0.0,2018-05-06 20:40:29,刺网
4301,29.91558333333333,122.33661111111113,0.4,0.0,2018-05-06 20:50:29,刺网
4301,29.91547222222223,122.33644444444445,0.0,0.0,2018-05-06 21:01:01,刺网
4301,29.9155,122.33641666666666,0.0,0.0,2018-05-06 21:10:29,刺网
4301,29.91547222222223,122.33644444444445,0.0,0.0,2018-05-06 21:20:30,刺网
4301,29.91547222222223,122.33644444444445,0.0,0.0,2018-05-06 21:30:29,刺网
4301,29.91547222222223,122.33647222222223,0.0,0.0,2018-05-06 21:40:29,刺网
4301,29.91547222222223,122.33647222222223,0.0,0.0,2018-05-06 21:50:29,刺网
4301,29.91544444444445,122.33641666666666,0.0,0.0,2018-05-06 22:00:29,刺网
4301,29.915555555555553,122.33647222222223,0.0,0.0,2018-05-06 22:20:30,刺网
4301,29.91547222222223,122.33647222222223,0.0,0.0,2018-05-06 22:30:30,刺网
4301,29.91547222222223,122.33641666666666,0.0,0.0,2018-05-06 22:40:29,刺网
4301,29.9155,122.33641666666666,0.1,0.0,2018-05-06 22:50:28,刺网
4301,29.91563888888889,122.3365,0.2,0.0,2018-05-06 23:00:29,刺网
4301,29.91544444444445,122.33644444444445,0.0,0.0,2018-05-06 23:10:28,刺网
4301,29.91544444444445,122.33641666666666,0.0,0.0,2018-05-06 23:20:28,刺网
4301,29.9155,122.33652777777776,0.1,0.0,2018-05-06 23:30:29,刺网
4301,29.91544444444445,122.33638888888888,0.0,0.0,2018-05-06 23:40:28,刺网
4301,29.91547222222223,122.33641666666666,0.0,0.0,2018-05-06 23:51:01,刺网
4301,29.9155,122.33647222222223,0.0,0.0,2018-05-07 00:00:28,刺网
4301,29.9155,122.33647222222223,0.0,0.0,2018-05-07 00:10:28,刺网
4301,29.915416666666665,122.33647222222223,0.0,0.0,2018-05-07 00:20:28,刺网
4301,29.91547222222223,122.33644444444445,0.0,0.0,2018-05-07 00:30:28,刺网
4301,29.91544444444445,122.33638888888888,0.0,0.0,2018-05-07 00:40:28,刺网
4301,29.9155,122.33644444444445,0.0,0.0,2018-05-07 00:50:28,刺网
4301,29.91547222222223,122.33644444444445,0.0,0.0,2018-05-07 01:00:28,刺网
4301,29.91544444444445,122.33644444444445,0.0,0.0,2018-05-07 01:10:28,刺网
4301,29.9155,122.3365,0.0,0.0,2018-05-07 01:20:29,刺网
4301,29.91544444444445,122.33644444444445,0.0,0.0,2018-05-07 01:30:28,刺网
4301,29.91547222222223,122.33644444444445,0.0,0.0,2018-05-07 01:40:28,刺网
4301,29.9155,122.33644444444445,0.1,0.0,2018-05-07 01:50:28,刺网
4301,29.915527777777786,122.33647222222223,0.1,0.0,2018-05-07 02:00:29,刺网
4301,29.91544444444445,122.33647222222223,0.0,0.0,2018-05-07 02:11:00,刺网
4301,29.91547222222223,122.33647222222223,0.0,0.0,2018-05-07 02:20:29,刺网
4301,29.91547222222223,122.33644444444445,0.0,0.0,2018-05-07 02:30:29,刺网
4301,29.91544444444445,122.33644444444445,0.0,0.0,2018-05-07 02:40:28,刺网
4301,29.9155,122.33641666666666,0.0,0.0,2018-05-07 02:50:29,刺网
4301,29.91547222222223,122.33641666666666,0.0,0.0,2018-05-07 03:00:28,刺网
4301,29.9155,122.33647222222223,0.0,0.0,2018-05-07 03:10:28,刺网
4301,29.91544444444445,122.33647222222223,0.0,0.0,2018-05-07 03:20:28,刺网
4301,29.91547222222223,122.3365,0.0,0.0,2018-05-07 03:30:28,刺网
4301,29.915416666666665,122.3365,0.0,0.0,2018-05-07 03:40:28,刺网
4301,29.9155,122.33641666666666,0.1,0.0,2018-05-07 03:50:28,刺网
4301,29.9155,122.33636111111107,0.1,0.0,2018-05-07 04:00:28,刺网
4301,29.915805555555554,122.33613888888887,0.6,145.0,2018-05-07 04:10:28,刺网
4301,29.915555555555553,122.33638888888888,0.6,133.0,2018-05-07 04:20:27,刺网
4301,29.91561111111111,122.33633333333331,0.2,0.0,2018-05-07 04:30:28,刺网
4301,29.91547222222223,122.33644444444445,0.1,0.0,2018-05-07 04:40:27,刺网
4301,29.915527777777786,122.33633333333331,0.1,0.0,2018-05-07 04:50:27,刺网
4301,29.91547222222223,122.33638888888888,0.2,0.0,2018-05-07 05:00:27,刺网
4301,29.9155,122.33644444444445,0.2,0.0,2018-05-07 05:10:27,刺网
4301,29.91558333333333,122.33641666666666,0.2,0.0,2018-05-07 05:20:27,刺网
4301,29.91547222222223,122.33644444444445,0.2,0.0,2018-05-07 05:30:28,刺网
4301,29.91547222222223,122.33644444444445,0.2,0.0,2018-05-07 05:40:28,刺网
4301,29.9155,122.33644444444445,0.3,0.0,2018-05-07 05:50:28,刺网
4301,29.9155,122.33644444444445,0.3,0.0,2018-05-07 06:00:29,刺网
4301,29.915388888888888,122.33633333333331,0.0,0.0,2018-05-07 06:10:54,刺网
4301,29.91547222222223,122.33641666666666,0.4,0.0,2018-05-07 06:20:28,刺网
4301,29.91533333333333,122.33625,0.0,0.0,2018-05-07 06:30:29,刺网
4301,29.915388888888888,122.33625,0.0,0.0,2018-05-07 06:40:28,刺网
4301,29.91547222222223,122.33633333333331,0.0,0.0,2018-05-07 06:50:28,刺网
4301,29.915527777777786,122.33661111111113,0.1,0.0,2018-05-07 07:00:28,刺网
4301,29.9155,122.33655555555555,0.0,0.0,2018-05-07 07:10:28,刺网
4301,29.91544444444445,122.33644444444445,0.0,0.0,2018-05-07 07:21:01,刺网
4301,29.91547222222223,122.33644444444445,0.0,0.0,2018-05-07 07:30:28,刺网
4301,29.915388888888888,122.33641666666666,0.0,0.0,2018-05-07 07:40:28,刺网
4301,29.91544444444445,122.33638888888888,0.0,0.0,2018-05-07 07:50:27,刺网
4301,29.91544444444445,122.33644444444445,0.0,0.0,2018-05-07 08:00:27,刺网
4301,29.91547222222223,122.33641666666666,0.0,0.0,2018-05-07 08:10:27,刺网
4301,29.9155,122.33641666666666,0.0,0.0,2018-05-07 08:20:27,刺网
4301,29.9155,122.33641666666666,0.0,0.0,2018-05-07 08:30:27,刺网
4301,29.91544444444445,122.33644444444445,0.0,0.0,2018-05-07 08:40:26,刺网
4301,29.9155,122.33647222222223,0.0,0.0,2018-05-07 08:50:27,刺网
4301,29.91547222222223,122.33644444444445,0.0,0.0,2018-05-07 09:00:28,刺网
4301,29.91544444444445,122.33644444444445,0.0,0.0,2018-05-07 09:10:27,刺网
4301,29.91547222222223,122.33647222222223,0.0,0.0,2018-05-07 09:20:27,刺网
4301,29.91547222222223,122.33647222222223,0.0,0.0,2018-05-07 09:30:28,刺网
4301,29.91544444444445,122.33644444444445,0.0,0.0,2018-05-07 09:40:28,刺网
4301,29.91544444444445,122.33644444444445,0.2,0.0,2018-05-07 09:50:27,刺网
4301,29.9155,122.33636111111107,0.0,0.0,2018-05-07 10:00:27,刺网
4301,29.9155,122.33644444444445,0.0,0.0,2018-05-07 10:11:00,刺网
4301,29.91547222222223,122.33644444444445,0.0,0.0,2018-05-07 10:20:27,刺网
4301,29.91547222222223,122.33644444444445,0.0,0.0,2018-05-07 10:30:27,刺网
4301,29.91544444444445,122.33644444444445,0.0,0.0,2018-05-07 10:40:26,刺网
4301,29.91547222222223,122.33647222222223,0.0,0.0,2018-05-07 10:50:27,刺网
4301,29.91547222222223,122.33647222222223,0.0,0.0,2018-05-07 11:09:01,刺网
4301,29.91547222222223,122.33638888888888,0.0,0.0,2018-05-07 11:19:01,刺网
4301,29.915527777777786,122.33638888888888,0.0,0.0,2018-05-07 11:29:01,刺网
4301,29.9155,122.33638888888888,0.0,0.0,2018-05-07 11:39:01,刺网
4301,29.91547222222223,122.33641666666666,0.0,0.0,2018-05-07 11:49:01,刺网
4301,29.91547222222223,122.33644444444445,0.0,0.0,2018-05-07 11:59:01,刺网
4301,29.915527777777786,122.33633333333331,0.0,0.0,2018-05-07 12:09:01,刺网
4301,29.91547222222223,122.33636111111107,0.0,0.0,2018-05-07 12:19:01,刺网
4301,29.91544444444445,122.3365,0.1,0.0,2018-05-07 12:29:01,刺网
4301,29.915527777777786,122.33641666666666,0.0,0.0,2018-05-07 12:39:01,刺网
4301,29.915555555555553,122.33638888888888,0.1,0.0,2018-05-07 12:49:01,刺网
4301,29.9155,122.33641666666666,0.1,0.0,2018-05-07 12:59:01,刺网
4301,29.91544444444445,122.33644444444445,0.0,0.0,2018-05-07 13:09:01,刺网
4301,29.91547222222223,122.33647222222223,0.0,0.0,2018-05-07 13:19:01,刺网
4301,29.91544444444445,122.33647222222223,0.0,0.0,2018-05-07 13:29:01,刺网
4301,29.91547222222223,122.33644444444445,0.0,0.0,2018-05-07 13:39:01,刺网
4301,29.91544444444445,122.33644444444445,0.0,0.0,2018-05-07 13:49:01,刺网
4301,29.9155,122.33644444444445,0.0,0.0,2018-05-07 13:59:01,刺网
4301,29.9155,122.33641666666666,0.0,0.0,2018-05-07 14:09:01,刺网
4301,29.91547222222223,122.33647222222223,0.0,0.0,2018-05-07 14:19:01,刺网
4301,29.9155,122.33644444444445,0.0,0.0,2018-05-07 14:29:01,刺网
4301,29.9155,122.33644444444445,0.0,0.0,2018-05-07 14:39:01,刺网
4301,29.9155,122.33641666666666,0.0,0.0,2018-05-07 14:49:01,刺网
4301,29.9155,122.3365,0.0,0.0,2018-05-07 14:59:01,刺网
4301,29.9155,122.33644444444445,0.0,0.0,2018-05-07 15:09:01,刺网
4301,29.915555555555553,122.33633333333331,0.1,0.0,2018-05-07 15:19:01,刺网
4301,29.915416666666665,122.33641666666666,0.1,0.0,2018-05-07 15:29:01,刺网
4301,29.915527777777786,122.33633333333331,0.0,0.0,2018-05-07 15:39:01,刺网
4301,29.9155,122.33641666666666,0.1,0.0,2018-05-07 15:49:01,刺网
4301,29.91558333333333,122.33625,0.1,0.0,2018-05-07 15:59:01,刺网
4301,29.9155,122.33641666666666,0.0,0.0,2018-05-07 16:09:01,刺网
4301,29.9155,122.33647222222223,0.0,0.0,2018-05-07 16:19:01,刺网
4301,29.9155,122.33641666666666,0.0,0.0,2018-05-07 16:29:01,刺网
4301,29.915527777777786,122.33636111111107,0.0,0.0,2018-05-07 16:39:01,刺网
4301,29.91547222222223,122.33644444444445,0.0,0.0,2018-05-07 16:49:01,刺网
4301,29.9155,122.33641666666666,0.0,0.0,2018-05-07 17:10:26,刺网
4301,29.9155,122.33644444444445,0.0,0.0,2018-05-07 17:20:25,刺网
4301,29.9155,122.33647222222223,0.0,0.0,2018-05-07 17:40:25,刺网
4301,29.91544444444445,122.33644444444445,0.0,0.0,2018-05-07 17:50:25,刺网
4301,29.9155,122.33638888888888,0.0,0.0,2018-05-07 18:00:25,刺网
4301,29.91547222222223,122.33641666666666,0.0,0.0,2018-05-07 18:10:25,刺网
4301,29.91533333333333,122.33636111111107,0.4,22.0,2018-05-07 18:20:25,刺网
4301,29.915527777777786,122.33647222222223,0.0,0.0,2018-05-07 18:30:25,刺网
4301,29.9155,122.33636111111107,0.1,0.0,2018-05-07 18:40:25,刺网
4301,29.91547222222223,122.33655555555555,0.1,0.0,2018-05-07 18:50:25,刺网
4301,29.915527777777786,122.33636111111107,0.2,0.0,2018-05-07 19:00:25,刺网
4301,29.91547222222223,122.33641666666666,0.2,0.0,2018-05-07 19:10:25,刺网
4301,29.91563888888889,122.33583333333333,0.4,0.0,2018-05-07 19:20:25,刺网
4301,29.91544444444445,122.33641666666666,0.0,0.0,2018-05-07 19:30:55,刺网
4301,29.91544444444445,122.33644444444445,0.0,0.0,2018-05-07 19:40:24,刺网
4301,29.91547222222223,122.33644444444445,0.0,0.0,2018-05-07 19:50:25,刺网
4301,29.91544444444445,122.33644444444445,0.0,0.0,2018-05-07 20:00:25,刺网
4301,29.91544444444445,122.33644444444445,0.0,0.0,2018-05-07 20:10:25,刺网
4301,29.9155,122.33644444444445,0.0,0.0,2018-05-07 20:20:25,刺网
4301,29.9155,122.33641666666666,0.0,0.0,2018-05-07 20:30:25,刺网
4301,29.91544444444445,122.33641666666666,0.0,0.0,2018-05-07 20:40:24,刺网
4301,29.91544444444445,122.33647222222223,0.0,0.0,2018-05-07 20:50:25,刺网
4301,29.9155,122.33644444444445,0.0,0.0,2018-05-07 21:00:25,刺网
4301,29.9155,122.33641666666666,0.0,0.0,2018-05-07 21:10:25,刺网
4301,29.9155,122.33638888888888,0.0,0.0,2018-05-07 21:20:25,刺网
4301,29.915416666666665,122.3365,0.0,0.0,2018-05-07 21:30:25,刺网
4301,29.91569444444444,122.33641666666666,0.0,0.0,2018-05-07 21:40:25,刺网
4301,29.91547222222223,122.33641666666666,0.0,0.0,2018-05-07 21:50:25,刺网
4301,29.9155,122.33644444444445,0.0,0.0,2018-05-07 22:00:24,刺网
4301,29.915527777777786,122.33644444444445,0.0,0.0,2018-05-07 22:10:54,刺网
4301,29.91544444444445,122.33644444444445,0.0,0.0,2018-05-07 22:20:24,刺网
4301,29.91547222222223,122.33644444444445,0.0,0.0,2018-05-07 22:40:24,刺网
4301,29.915416666666665,122.33641666666666,0.0,0.0,2018-05-07 22:50:24,刺网
4301,29.91547222222223,122.33641666666666,0.0,0.0,2018-05-07 23:00:24,刺网
4301,29.9155,122.33647222222223,0.1,0.0,2018-05-07 23:10:24,刺网
4301,29.915527777777786,122.33647222222223,0.0,0.0,2018-05-07 23:20:24,刺网
4301,29.91547222222223,122.3365,0.1,0.0,2018-05-07 23:30:24,刺网
4301,29.91547222222223,122.33638888888888,0.1,0.0,2018-05-07 23:40:24,刺网
4301,29.91547222222223,122.33644444444445,0.4,0.0,2018-05-07 23:50:24,刺网
4301,29.91547222222223,122.33625,0.7,79.0,2018-05-08 00:00:24,刺网
4301,29.91575,122.3372222222222,0.6,66.0,2018-05-08 00:10:28,刺网
4301,29.91544444444445,122.33641666666666,0.8,81.0,2018-05-08 00:20:24,刺网
4301,29.915416666666665,122.33586111111107,0.4,0.0,2018-05-08 00:30:29,刺网
4301,29.9155,122.33644444444445,0.0,0.0,2018-05-08 00:40:55,刺网
4301,29.91547222222223,122.33644444444445,0.0,0.0,2018-05-08 00:50:24,刺网
4301,29.9155,122.33644444444445,0.0,0.0,2018-05-08 01:01:11,刺网
4301,29.91544444444445,122.33638888888888,0.0,0.0,2018-05-08 01:10:24,刺网
4301,29.9155,122.33644444444445,0.0,0.0,2018-05-08 01:20:24,刺网
4301,29.91544444444445,122.33644444444445,0.0,0.0,2018-05-08 01:30:24,刺网
4301,29.91547222222223,122.33644444444445,0.0,0.0,2018-05-08 01:40:24,刺网
4301,29.91547222222223,122.33644444444445,0.0,0.0,2018-05-08 01:50:24,刺网
4301,29.91544444444445,122.33644444444445,0.0,0.0,2018-05-08 02:00:24,刺网
4301,29.91547222222223,122.33644444444445,0.0,0.0,2018-05-08 02:10:24,刺网
4301,29.91544444444445,122.33644444444445,0.0,0.0,2018-05-08 02:20:24,刺网
4301,29.91547222222223,122.33644444444445,0.0,0.0,2018-05-08 02:30:24,刺网
4301,29.91544444444445,122.33641666666666,0.0,0.0,2018-05-08 02:40:23,刺网
4301,29.915388888888888,122.33641666666666,0.0,0.0,2018-05-08 02:50:23,刺网
4301,29.91547222222223,122.33647222222223,0.0,0.0,2018-05-08 03:00:23,刺网
4301,29.9155,122.33647222222223,0.1,0.0,2018-05-08 03:10:23,刺网
4301,29.91547222222223,122.33641666666666,0.1,0.0,2018-05-08 03:20:23,刺网
4301,29.91544444444445,122.33644444444445,0.0,0.0,2018-05-08 03:30:23,刺网
4301,29.915416666666665,122.33641666666666,0.0,0.0,2018-05-08 03:40:23,刺网
4301,29.915222222222226,122.33661111111113,0.1,0.0,2018-05-08 03:50:23,刺网
4301,29.91530555555555,122.33661111111113,0.2,0.0,2018-05-08 04:00:23,刺网
4301,29.91547222222223,122.33644444444445,0.0,0.0,2018-05-08 04:10:54,刺网
4301,29.91547222222223,122.33644444444445,0.0,0.0,2018-05-08 04:20:23,刺网
4301,29.91544444444445,122.33647222222223,0.0,0.0,2018-05-08 04:30:23,刺网
4301,29.91544444444445,122.33647222222223,0.0,0.0,2018-05-08 04:40:23,刺网
4301,29.9155,122.33644444444445,0.0,0.0,2018-05-08 04:50:23,刺网
4301,29.91544444444445,122.33644444444445,0.0,0.0,2018-05-08 05:00:23,刺网
4301,29.91547222222223,122.33647222222223,0.0,0.0,2018-05-08 05:10:23,刺网
4301,29.91544444444445,122.33641666666666,0.0,0.0,2018-05-08 05:20:23,刺网
4301,29.91547222222223,122.33638888888888,0.0,0.0,2018-05-08 05:30:23,刺网
4301,29.9155,122.33641666666666,0.0,0.0,2018-05-08 05:40:23,刺网
4301,29.9155,122.33644444444445,0.0,0.0,2018-05-08 05:50:23,刺网
4301,29.91544444444445,122.33641666666666,0.0,0.0,2018-05-08 06:00:23,刺网
4301,29.91547222222223,122.33644444444445,0.0,0.0,2018-05-08 06:10:23,刺网
4301,29.91547222222223,122.33641666666666,0.0,0.0,2018-05-08 06:20:23,刺网
4301,29.9155,122.33638888888888,0.0,0.0,2018-05-08 06:30:23,刺网
4301,29.91544444444445,122.3365,0.0,0.0,2018-05-08 06:40:23,刺网
4301,29.9155,122.33644444444445,0.0,0.0,2018-05-08 06:50:23,刺网
4301,29.9155,122.33630555555555,0.0,0.0,2018-05-08 07:00:23,刺网
4301,29.915416666666665,122.33630555555555,0.0,0.0,2018-05-08 07:10:23,刺网
4301,29.915527777777786,122.33644444444445,0.1,0.0,2018-05-08 07:20:22,刺网
4301,29.91547222222223,122.33641666666666,0.4,116.0,2018-05-08 07:30:22,刺网
4301,29.9155,122.33625,1.0,115.0,2018-05-08 07:40:22,刺网
4301,29.91547222222223,122.33641666666666,0.0,0.0,2018-05-08 07:50:55,刺网
4301,29.915416666666665,122.33641666666666,0.0,0.0,2018-05-08 08:00:22,刺网
4301,29.915416666666665,122.33641666666666,0.0,0.0,2018-05-08 08:10:22,刺网
4301,29.91547222222223,122.33647222222223,0.1,0.0,2018-05-08 08:20:22,刺网
4301,29.91544444444445,122.33641666666666,0.0,0.0,2018-05-08 08:30:22,刺网
4301,29.91547222222223,122.33647222222223,0.0,0.0,2018-05-08 08:40:22,刺网
4301,29.91544444444445,122.33641666666666,0.0,0.0,2018-05-08 08:50:22,刺网
4301,29.915416666666665,122.33644444444445,0.0,0.0,2018-05-08 09:00:22,刺网
4301,29.91547222222223,122.33641666666666,0.0,0.0,2018-05-08 09:10:22,刺网
4301,29.91547222222223,122.33644444444445,0.0,0.0,2018-05-08 09:20:22,刺网
4301,29.915416666666665,122.33644444444445,0.0,0.0,2018-05-08 09:30:22,刺网
4301,29.915388888888888,122.3365,0.0,0.0,2018-05-08 09:40:22,刺网
4301,29.91547222222223,122.33644444444445,0.0,0.0,2018-05-08 09:50:22,刺网
4301,29.91544444444445,122.33647222222223,0.0,0.0,2018-05-08 10:00:22,刺网
4301,29.915388888888888,122.33641666666666,0.0,0.0,2018-05-08 10:10:54,刺网
4301,29.915416666666665,122.33644444444445,0.0,0.0,2018-05-08 10:20:22,刺网
4301,29.91544444444445,122.33638888888888,0.0,0.0,2018-05-08 10:30:22,刺网
4301,29.91544444444445,122.33625,0.0,0.0,2018-05-08 10:40:22,刺网
4301,29.91547222222223,122.3365,0.0,0.0,2018-05-08 10:50:22,刺网
4301,29.915416666666665,122.33633333333331,0.1,0.0,2018-05-08 11:00:22,刺网
4301,29.915416666666665,122.3365,0.1,0.0,2018-05-08 11:10:22,刺网
4301,29.91547222222223,122.33638888888888,0.1,0.0,2018-05-08 11:20:22,刺网
4301,29.91544444444445,122.33666666666666,0.1,0.0,2018-05-08 11:30:22,刺网
4301,29.915555555555553,122.33630555555555,0.1,0.0,2018-05-08 11:40:22,刺网
4301,29.91547222222223,122.33633333333331,0.1,0.0,2018-05-08 11:50:22,刺网
4301,29.9155,122.33627777777778,0.3,0.0,2018-05-08 12:00:23,刺网
4301,29.915527777777786,122.33633333333331,0.1,0.0,2018-05-08 12:10:24,刺网
4301,29.91547222222223,122.33630555555555,0.3,0.0,2018-05-08 12:20:23,刺网
4301,29.915527777777786,122.33641666666666,0.1,0.0,2018-05-08 12:30:24,刺网
4301,29.91544444444445,122.33663888888887,0.1,0.0,2018-05-08 12:40:28,刺网
4301,29.91547222222223,122.33644444444445,0.0,0.0,2018-05-08 12:50:55,刺网
4301,29.915527777777786,122.33641666666666,0.0,0.0,2018-05-08 13:00:21,刺网
4301,29.91544444444445,122.33644444444445,0.0,0.0,2018-05-08 13:10:21,刺网
4301,29.9155,122.33644444444445,0.0,0.0,2018-05-08 13:20:21,刺网
4301,29.91544444444445,122.33644444444445,0.0,0.0,2018-05-08 13:30:21,刺网
4301,29.915527777777786,122.33638888888888,0.0,0.0,2018-05-08 13:40:21,刺网
4301,29.91544444444445,122.33644444444445,0.0,0.0,2018-05-08 13:50:21,刺网
4301,29.91547222222223,122.3365,0.0,0.0,2018-05-08 14:00:21,刺网
4301,29.91544444444445,122.33641666666666,0.0,0.0,2018-05-08 14:10:21,刺网
4301,29.91547222222223,122.33641666666666,0.0,0.0,2018-05-08 14:20:21,刺网
4301,29.91547222222223,122.33647222222223,0.0,0.0,2018-05-08 14:30:21,刺网
4301,29.9155,122.33652777777776,0.0,0.0,2018-05-08 14:40:21,刺网
4301,29.9155,122.3365,0.0,0.0,2018-05-08 14:50:21,刺网
4301,29.91547222222223,122.33647222222223,0.1,0.0,2018-05-08 15:00:21,刺网
4301,29.9155,122.33638888888888,0.1,0.0,2018-05-08 15:10:21,刺网
4301,29.915527777777786,122.33633333333331,0.1,0.0,2018-05-08 15:20:21,刺网
4301,29.915388888888888,122.33655555555555,0.0,0.0,2018-05-08 15:30:21,刺网
4301,29.91544444444445,122.33647222222223,0.0,0.0,2018-05-08 15:40:21,刺网
4301,29.91544444444445,122.33647222222223,0.1,0.0,2018-05-08 15:50:21,刺网
4301,29.915722222222207,122.33605555555555,0.1,0.0,2018-05-08 16:00:21,刺网
4301,29.91544444444445,122.33641666666666,0.0,0.0,2018-05-08 16:10:48,刺网
4301,29.91547222222223,122.33638888888888,0.0,0.0,2018-05-08 16:20:21,刺网
4301,29.9155,122.33647222222223,0.0,0.0,2018-05-08 16:30:20,刺网
4301,29.9155,122.33641666666666,0.0,0.0,2018-05-08 16:40:20,刺网
4301,29.91544444444445,122.3365,0.0,0.0,2018-05-08 16:50:20,刺网
4301,29.91547222222223,122.33638888888888,0.0,0.0,2018-05-08 17:00:20,刺网
4301,29.91547222222223,122.33641666666666,0.0,0.0,2018-05-08 17:10:20,刺网
4301,29.91544444444445,122.33644444444445,0.0,0.0,2018-05-08 17:20:20,刺网
4301,29.915527777777786,122.33641666666666,0.0,0.0,2018-05-08 17:30:20,刺网
4301,29.915555555555553,122.33622222222222,0.1,0.0,2018-05-08 17:40:20,刺网
4301,29.915416666666665,122.33644444444445,0.0,0.0,2018-05-08 17:50:20,刺网
4301,29.915527777777786,122.33636111111107,0.0,0.0,2018-05-08 18:00:20,刺网
4301,29.91547222222223,122.33647222222223,0.0,0.0,2018-05-08 18:10:20,刺网
4301,29.91547222222223,122.33652777777776,0.0,0.0,2018-05-08 18:20:20,刺网
4301,29.91544444444445,122.33633333333331,0.0,0.0,2018-05-08 18:30:22,刺网
4301,29.91544444444445,122.33644444444445,0.0,0.0,2018-05-08 18:40:49,刺网
4301,29.91547222222223,122.33647222222223,0.0,0.0,2018-05-08 18:50:20,刺网
4301,29.91547222222223,122.33644444444445,0.0,0.0,2018-05-08 19:00:20,刺网
4301,29.91544444444445,122.33641666666666,0.0,0.0,2018-05-08 19:10:20,刺网
4301,29.91544444444445,122.33647222222223,0.0,0.0,2018-05-08 19:20:20,刺网
4301,29.91544444444445,122.33644444444445,0.0,0.0,2018-05-08 19:30:20,刺网
4301,29.91547222222223,122.33647222222223,0.0,0.0,2018-05-08 19:40:20,刺网
4301,29.9155,122.33638888888888,0.0,0.0,2018-05-08 19:50:20,刺网
4301,29.915555555555553,122.33630555555555,0.0,0.0,2018-05-08 20:00:20,刺网
4301,29.91544444444445,122.33647222222223,0.0,0.0,2018-05-08 20:10:20,刺网
4301,29.91547222222223,122.33641666666666,0.0,0.0,2018-05-08 20:20:20,刺网
4301,29.9155,122.33647222222223,0.1,0.0,2018-05-08 20:30:20,刺网
4301,29.91544444444445,122.33647222222223,0.0,0.0,2018-05-08 20:40:20,刺网
4301,29.915416666666665,122.33627777777778,0.0,0.0,2018-05-08 20:50:20,刺网
4301,29.915555555555553,122.33641666666666,0.2,0.0,2018-05-08 21:00:20,刺网
4301,29.915416666666665,122.33652777777776,0.3,0.0,2018-05-08 21:10:19,刺网
4301,29.915416666666665,122.33633333333331,0.0,0.0,2018-05-08 21:20:19,刺网
4301,29.91547222222223,122.33633333333331,0.5,96.0,2018-05-08 21:30:19,刺网
4301,29.9155,122.33641666666666,0.0,0.0,2018-05-08 21:40:46,刺网
4301,29.91544444444445,122.33641666666666,0.0,0.0,2018-05-08 21:50:19,刺网
4301,29.91547222222223,122.33644444444445,0.0,0.0,2018-05-08 22:00:19,刺网
4301,29.91547222222223,122.33641666666666,0.0,0.0,2018-05-08 22:10:19,刺网
4301,29.91547222222223,122.33644444444445,0.0,0.0,2018-05-08 22:20:19,刺网
4301,29.915388888888888,122.33641666666666,0.0,0.0,2018-05-08 22:30:19,刺网
4301,29.91544444444445,122.33641666666666,0.0,0.0,2018-05-08 22:40:19,刺网
4301,29.91544444444445,122.33644444444445,0.0,0.0,2018-05-08 22:50:19,刺网
4301,29.91544444444445,122.33644444444445,0.0,0.0,2018-05-08 23:00:19,刺网
4301,29.915416666666665,122.33644444444445,0.2,0.0,2018-05-08 23:10:19,刺网
4301,29.91575,122.33658333333334,0.2,0.0,2018-05-08 23:20:19,刺网
4301,29.915555555555553,122.33652777777776,0.1,0.0,2018-05-08 23:30:19,刺网
4301,29.91544444444445,122.33644444444445,0.0,0.0,2018-05-08 23:40:49,刺网
4301,29.91544444444445,122.33641666666666,0.0,0.0,2018-05-08 23:50:19,刺网
4301,29.9155,122.33647222222223,0.0,0.0,2018-05-09 00:00:19,刺网
4301,29.9155,122.33641666666666,0.0,0.0,2018-05-09 00:10:19,刺网
4301,29.91547222222223,122.33644444444445,0.0,0.0,2018-05-09 00:20:19,刺网
4301,29.91544444444445,122.33647222222223,0.0,0.0,2018-05-09 00:30:19,刺网
4301,29.91547222222223,122.33641666666666,0.0,0.0,2018-05-09 00:40:19,刺网
4301,29.91544444444445,122.33647222222223,0.0,0.0,2018-05-09 00:50:19,刺网
4301,29.91544444444445,122.33644444444445,0.0,0.0,2018-05-09 01:00:19,刺网
4301,29.915527777777786,122.33636111111107,0.0,0.0,2018-05-09 01:10:19,刺网
4301,29.91547222222223,122.33641666666666,0.0,0.0,2018-05-09 01:20:19,刺网
4301,29.915416666666665,122.33644444444445,0.1,0.0,2018-05-09 01:30:19,刺网
4301,29.91547222222223,122.33647222222223,0.0,0.0,2018-05-09 01:40:19,刺网
4301,29.915527777777786,122.33636111111107,0.1,0.0,2018-05-09 01:50:19,刺网
4301,29.91544444444445,122.33647222222223,0.1,0.0,2018-05-09 02:00:18,刺网
4301,29.91544444444445,122.33644444444445,0.0,0.0,2018-05-09 02:10:48,刺网
4301,29.91544444444445,122.33647222222223,0.0,0.0,2018-05-09 02:20:18,刺网
4301,29.91544444444445,122.33641666666666,0.0,0.0,2018-05-09 02:30:18,刺网
4301,29.91544444444445,122.33641666666666,0.0,0.0,2018-05-09 02:40:18,刺网
4301,29.915388888888888,122.33641666666666,0.0,0.0,2018-05-09 02:50:18,刺网
4301,29.915527777777786,122.3365,0.0,0.0,2018-05-09 03:00:18,刺网
4301,29.915416666666665,122.33641666666666,0.1,0.0,2018-05-09 03:10:18,刺网
4301,29.91544444444445,122.33647222222223,0.0,0.0,2018-05-09 03:20:18,刺网
4301,29.9155,122.33647222222223,0.0,0.0,2018-05-09 03:30:18,刺网
4301,29.915416666666665,122.33644444444445,0.0,0.0,2018-05-09 03:40:18,刺网
4301,29.91536111111111,122.33647222222223,0.0,0.0,2018-05-09 03:50:18,刺网
4301,29.915111111111113,122.33672222222219,0.8,145.0,2018-05-09 04:00:19,刺网
4301,29.91563888888889,122.33633333333331,0.5,88.0,2018-05-09 04:10:18,刺网
4301,29.9155,122.33644444444445,0.2,0.0,2018-05-09 04:20:26,刺网
4301,29.9155,122.33641666666666,0.0,0.0,2018-05-09 04:30:18,刺网
4301,29.91544444444445,122.33638888888888,0.0,0.0,2018-05-09 04:40:18,刺网
4301,29.91547222222223,122.33644444444445,0.0,0.0,2018-05-09 04:50:18,刺网
4301,29.91547222222223,122.33644444444445,0.0,0.0,2018-05-09 05:00:18,刺网
4301,29.9155,122.33644444444445,0.0,0.0,2018-05-09 05:10:18,刺网
4301,29.91547222222223,122.33641666666666,0.1,0.0,2018-05-09 05:20:18,刺网
4301,29.9155,122.33644444444445,0.0,0.0,2018-05-09 05:30:18,刺网
4301,29.915416666666665,122.33652777777776,0.2,0.0,2018-05-09 05:40:18,刺网
4301,29.915527777777786,122.33638888888888,0.0,0.0,2018-05-09 05:50:20,刺网
4301,29.91544444444445,122.33652777777776,0.2,0.0,2018-05-09 06:00:18,刺网
4301,29.91544444444445,122.33641666666666,0.0,0.0,2018-05-09 06:10:31,刺网
4301,29.91547222222223,122.33638888888888,0.0,0.0,2018-05-09 06:20:18,刺网
4301,29.91547222222223,122.33641666666666,0.1,0.0,2018-05-09 06:30:18,刺网
4301,29.91547222222223,122.33638888888888,0.0,0.0,2018-05-09 06:40:17,刺网
4301,29.91547222222223,122.33638888888888,0.0,0.0,2018-05-09 06:50:17,刺网
4301,29.91547222222223,122.33633333333331,0.2,0.0,2018-05-09 07:00:17,刺网
4301,29.9155,122.33641666666666,0.0,0.0,2018-05-09 07:10:17,刺网
4301,29.915416666666665,122.33636111111107,0.0,0.0,2018-05-09 07:20:17,刺网
4301,29.91547222222223,122.33644444444445,0.0,0.0,2018-05-09 07:30:17,刺网
4301,29.91544444444445,122.33636111111107,0.0,0.0,2018-05-09 07:40:17,刺网
4301,29.915416666666665,122.33647222222223,0.1,0.0,2018-05-09 07:50:17,刺网
4301,29.915555555555553,122.33647222222223,0.1,0.0,2018-05-09 08:00:17,刺网
4301,29.91547222222223,122.33627777777778,0.1,0.0,2018-05-09 08:10:17,刺网
4301,29.9155,122.33636111111107,0.0,0.0,2018-05-09 08:20:17,刺网
4301,29.91547222222223,122.33625,0.1,0.0,2018-05-09 08:30:17,刺网
4301,29.9155,122.33625,0.0,0.0,2018-05-09 08:40:17,刺网
4301,29.915416666666665,122.33644444444445,0.1,0.0,2018-05-09 08:50:17,刺网
4301,29.91547222222223,122.33641666666666,0.0,0.0,2018-05-09 09:10:17,刺网
4301,29.91544444444445,122.33644444444445,0.0,0.0,2018-05-09 09:20:17,刺网
4301,29.9155,122.33644444444445,0.0,0.0,2018-05-09 09:30:17,刺网
4301,29.91547222222223,122.33644444444445,0.0,0.0,2018-05-09 09:40:17,刺网
4301,29.91547222222223,122.33647222222223,0.0,0.0,2018-05-09 09:50:17,刺网
4301,29.91547222222223,122.33641666666666,0.0,0.0,2018-05-09 10:00:17,刺网
4301,29.9155,122.33641666666666,0.0,0.0,2018-05-09 10:20:17,刺网
4301,29.915388888888888,122.33644444444445,0.1,0.0,2018-05-09 10:30:17,刺网
4301,29.9155,122.33644444444445,0.0,0.0,2018-05-09 10:40:17,刺网
4301,29.915527777777786,122.33647222222223,0.1,0.0,2018-05-09 10:50:17,刺网
4301,29.91544444444445,122.33641666666666,0.0,0.0,2018-05-09 11:00:17,刺网
4301,29.91547222222223,122.33633333333331,0.2,0.0,2018-05-09 11:10:17,刺网
4301,29.91544444444445,122.33647222222223,0.2,0.0,2018-05-09 11:20:16,刺网
4301,29.915416666666665,122.33633333333331,0.3,0.0,2018-05-09 11:30:16,刺网
4301,29.91547222222223,122.33652777777776,0.1,0.0,2018-05-09 11:40:16,刺网
4301,29.91544444444445,122.33644444444445,0.0,0.0,2018-05-09 11:50:30,刺网
4301,29.91544444444445,122.33641666666666,0.0,0.0,2018-05-09 12:00:16,刺网
4301,29.91544444444445,122.33644444444445,0.0,0.0,2018-05-09 12:10:16,刺网
4301,29.91547222222223,122.33638888888888,0.0,0.0,2018-05-09 12:20:16,刺网
4301,29.915416666666665,122.33644444444445,0.0,0.0,2018-05-09 12:30:16,刺网
4301,29.91547222222223,122.33638888888888,0.0,0.0,2018-05-09 12:40:16,刺网
4301,29.915416666666665,122.33644444444445,0.0,0.0,2018-05-09 12:50:16,刺网
4301,29.9155,122.33641666666666,0.1,0.0,2018-05-09 13:00:16,刺网
4301,29.915527777777786,122.33638888888888,0.2,0.0,2018-05-09 13:10:16,刺网
4301,29.91544444444445,122.33647222222223,0.0,0.0,2018-05-09 13:20:16,刺网
4301,29.91544444444445,122.33644444444445,0.1,0.0,2018-05-09 13:30:16,刺网
4301,29.91547222222223,122.33638888888888,0.2,0.0,2018-05-09 13:40:16,刺网
4301,29.915388888888888,122.33647222222223,0.1,0.0,2018-05-09 13:48:01,刺网
4301,29.915388888888888,122.33641666666666,0.3,0.0,2018-05-09 13:58:01,刺网
4301,29.91547222222223,122.33641666666666,0.0,0.0,2018-05-09 14:09:01,刺网
4301,29.91547222222223,122.33644444444445,0.0,0.0,2018-05-09 14:18:01,刺网
4301,29.9155,122.33641666666666,0.0,0.0,2018-05-09 14:28:01,刺网
4301,29.91544444444445,122.33641666666666,0.0,0.0,2018-05-09 14:38:01,刺网
4301,29.91547222222223,122.33641666666666,0.0,0.0,2018-05-09 14:48:01,刺网
4301,29.915527777777786,122.33638888888888,0.0,0.0,2018-05-09 14:58:01,刺网
4301,29.9155,122.33636111111107,0.0,0.0,2018-05-09 15:08:01,刺网
4301,29.9155,122.33638888888888,0.0,0.0,2018-05-09 15:18:01,刺网
4301,29.91544444444445,122.33630555555555,0.0,0.0,2018-05-09 15:38:01,刺网
4301,29.91547222222223,122.33644444444445,0.0,0.0,2018-05-09 15:48:01,刺网
4301,29.9155,122.33636111111107,0.0,0.0,2018-05-09 15:58:01,刺网
4301,29.91547222222223,122.33644444444445,0.0,0.0,2018-05-09 16:08:01,刺网
4301,29.91544444444445,122.33638888888888,0.0,0.0,2018-05-09 16:18:01,刺网
4301,29.9155,122.33641666666666,0.0,0.0,2018-05-09 16:28:01,刺网
4301,29.91575,122.33605555555555,0.0,0.0,2018-05-09 16:38:01,刺网
4301,29.915555555555553,122.33630555555555,0.1,0.0,2018-05-09 16:48:01,刺网
4301,29.915527777777786,122.33636111111107,0.0,0.0,2018-05-09 16:59:01,刺网
4301,29.91547222222223,122.33644444444445,0.0,0.0,2018-05-09 17:08:01,刺网
4301,29.915527777777786,122.33641666666666,0.0,0.0,2018-05-09 17:18:01,刺网
4301,29.915527777777786,122.33641666666666,0.0,0.0,2018-05-09 17:28:01,刺网
4301,29.915388888888888,122.33641666666666,0.0,0.0,2018-05-09 17:38:01,刺网
4301,29.91547222222223,122.33644444444445,0.0,0.0,2018-05-09 17:48:01,刺网
4301,29.91536111111111,122.3365,0.3,0.0,2018-05-09 17:58:01,刺网
4301,29.91558333333333,122.33641666666666,0.2,0.0,2018-05-09 18:08:01,刺网
4301,29.91547222222223,122.33641666666666,0.0,0.0,2018-05-09 18:18:01,刺网
4301,29.91547222222223,122.33641666666666,0.0,0.0,2018-05-09 18:28:01,刺网
4301,29.91547222222223,122.33647222222223,0.0,0.0,2018-05-09 18:38:01,刺网
4301,29.91547222222223,122.33644444444445,0.0,0.0,2018-05-09 18:48:01,刺网
4301,29.91536111111111,122.33652777777776,0.0,0.0,2018-05-09 18:58:01,刺网
4301,29.91544444444445,122.33655555555555,0.0,0.0,2018-05-09 19:08:01,刺网
4301,29.915416666666665,122.33655555555555,0.0,0.0,2018-05-09 19:18:01,刺网
4301,29.915416666666665,122.33644444444445,0.0,0.0,2018-05-09 19:29:01,刺网
4301,29.915416666666665,122.33644444444445,0.0,0.0,2018-05-09 19:38:01,刺网
4301,29.91547222222223,122.33641666666666,0.0,0.0,2018-05-09 19:48:01,刺网
4301,29.915416666666665,122.33638888888888,0.0,0.0,2018-05-09 19:58:01,刺网
4301,29.91544444444445,122.33641666666666,0.0,0.0,2018-05-09 20:08:01,刺网
4301,29.915555555555553,122.33641666666666,0.0,0.0,2018-05-09 20:18:01,刺网
4301,29.9155,122.33636111111107,0.0,0.0,2018-05-09 20:28:01,刺网
4301,29.915722222222207,122.33655555555555,0.2,0.0,2018-05-09 20:38:01,刺网
4301,29.915527777777786,122.33644444444445,0.2,0.0,2018-05-09 20:48:01,刺网
4301,29.915527777777786,122.33647222222223,0.1,0.0,2018-05-09 20:58:01,刺网
4301,29.91536111111111,122.33636111111107,0.1,0.0,2018-05-09 21:08:01,刺网
4301,29.915527777777786,122.3365,0.1,0.0,2018-05-09 21:18:01,刺网
4301,29.9155,122.33644444444445,0.0,0.0,2018-05-09 21:28:01,刺网
4301,29.9155,122.33655555555555,0.1,0.0,2018-05-09 21:38:01,刺网
4301,29.915416666666665,122.33658333333334,0.1,0.0,2018-05-09 21:48:01,刺网
4301,29.915527777777786,122.3365,0.0,0.0,2018-05-09 21:58:01,刺网
4301,29.91547222222223,122.33641666666666,0.0,0.0,2018-05-09 22:09:01,刺网
4301,29.91544444444445,122.33641666666666,0.0,0.0,2018-05-09 22:18:01,刺网
4301,29.91544444444445,122.3365,0.0,0.0,2018-05-09 22:28:01,刺网
4301,29.91547222222223,122.33641666666666,0.0,0.0,2018-05-09 22:38:01,刺网
4301,29.91547222222223,122.33641666666666,0.0,0.0,2018-05-09 22:48:01,刺网
4301,29.915527777777786,122.33638888888888,0.0,0.0,2018-05-09 22:58:01,刺网
4301,29.91547222222223,122.33644444444445,0.2,0.0,2018-05-09 23:18:01,刺网
4301,29.91561111111111,122.33652777777776,0.0,0.0,2018-05-09 23:28:01,刺网
4301,29.91547222222223,122.33636111111107,0.1,0.0,2018-05-09 23:38:01,刺网
4301,29.91544444444445,122.33633333333331,0.0,0.0,2018-05-09 23:48:01,刺网
4301,29.91547222222223,122.33641666666666,0.0,0.0,2018-05-09 23:58:01,刺网
4301,29.915527777777786,122.3365,0.0,0.0,2018-05-10 00:08:01,刺网
4301,29.91547222222223,122.33638888888888,0.0,0.0,2018-05-10 00:18:01,刺网
4301,29.91547222222223,122.33641666666666,0.0,0.0,2018-05-10 00:28:01,刺网
4301,29.9155,122.33644444444445,0.0,0.0,2018-05-10 00:39:01,刺网
4301,29.91547222222223,122.33641666666666,0.0,0.0,2018-05-10 00:48:01,刺网
4301,29.9155,122.33638888888888,0.0,0.0,2018-05-10 00:58:01,刺网
4301,29.91544444444445,122.33641666666666,0.0,0.0,2018-05-10 01:08:01,刺网
4301,29.9155,122.33641666666666,0.0,0.0,2018-05-10 01:18:01,刺网
4301,29.91547222222223,122.33641666666666,0.0,0.0,2018-05-10 01:28:01,刺网
4301,29.91547222222223,122.33641666666666,0.0,0.0,2018-05-10 01:38:01,刺网
4301,29.91544444444445,122.33636111111107,0.0,0.0,2018-05-10 01:48:01,刺网
4301,29.91544444444445,122.33641666666666,0.0,0.0,2018-05-10 01:58:01,刺网
4301,29.9155,122.33644444444445,0.0,0.0,2018-05-10 02:08:01,刺网
4301,29.9155,122.33641666666666,0.0,0.0,2018-05-10 02:18:01,刺网
4301,29.91544444444445,122.33636111111107,0.0,0.0,2018-05-10 02:28:01,刺网
4301,29.91544444444445,122.33641666666666,0.0,0.0,2018-05-10 02:38:01,刺网
4301,29.91544444444445,122.33641666666666,0.0,0.0,2018-05-10 02:48:01,刺网
4301,29.9155,122.33638888888888,0.1,0.0,2018-05-10 02:58:01,刺网
4301,29.9155,122.33647222222223,0.1,0.0,2018-05-10 03:08:01,刺网
4301,29.91544444444445,122.33641666666666,0.0,0.0,2018-05-10 03:18:01,刺网
4301,29.91547222222223,122.33641666666666,0.0,0.0,2018-05-10 03:28:01,刺网
4301,29.915527777777786,122.33636111111107,0.1,0.0,2018-05-10 03:38:01,刺网
4301,29.9155,122.33636111111107,0.1,0.0,2018-05-10 03:48:01,刺网
4301,29.91483333333333,122.33691666666664,0.1,0.0,2018-05-10 03:58:01,刺网
4301,29.91544444444445,122.33644444444445,0.0,0.0,2018-05-10 04:18:01,刺网
4301,29.9155,122.33647222222223,0.0,0.0,2018-05-10 04:28:01,刺网
4301,29.91544444444445,122.33641666666666,0.0,0.0,2018-05-10 04:38:01,刺网
4301,29.9155,122.33641666666666,0.0,0.0,2018-05-10 04:48:01,刺网
4301,29.91547222222223,122.33644444444445,0.0,0.0,2018-05-10 04:58:01,刺网
4301,29.91544444444445,122.33641666666666,0.0,0.0,2018-05-10 05:08:01,刺网
4301,29.91544444444445,122.33638888888888,0.0,0.0,2018-05-10 05:18:01,刺网
4301,29.91547222222223,122.33644444444445,0.0,0.0,2018-05-10 05:28:01,刺网
4301,29.91547222222223,122.3365,0.0,0.0,2018-05-10 05:38:01,刺网
4301,29.91547222222223,122.33641666666666,0.0,0.0,2018-05-10 05:48:01,刺网
4301,29.91544444444445,122.33641666666666,0.0,0.0,2018-05-10 05:58:01,刺网
4301,29.91544444444445,122.33641666666666,0.1,0.0,2018-05-10 06:08:01,刺网
4301,29.915388888888888,122.33652777777776,0.1,0.0,2018-05-10 06:18:01,刺网
4301,29.9155,122.33669444444445,0.0,0.0,2018-05-10 06:28:01,刺网
4301,29.915416666666665,122.33655555555555,0.2,0.0,2018-05-10 06:38:01,刺网
4301,29.91533333333333,122.33686111111106,0.3,0.0,2018-05-10 06:48:01,刺网
4301,29.91547222222223,122.33641666666666,0.0,0.0,2018-05-10 06:59:01,刺网
4301,29.91544444444445,122.33641666666666,0.0,0.0,2018-05-10 07:08:01,刺网
4301,29.915416666666665,122.33644444444445,0.0,0.0,2018-05-10 07:18:01,刺网
4301,29.91544444444445,122.33641666666666,0.0,0.0,2018-05-10 07:28:01,刺网
4301,29.91544444444445,122.3365,0.0,0.0,2018-05-10 07:38:01,刺网
4301,29.91544444444445,122.33644444444445,0.0,0.0,2018-05-10 07:48:01,刺网
4301,29.91544444444445,122.33644444444445,0.0,0.0,2018-05-10 07:59:01,刺网
4301,29.915416666666665,122.33644444444445,0.0,0.0,2018-05-10 08:08:01,刺网
4301,29.91544444444445,122.33644444444445,0.0,0.0,2018-05-10 08:18:01,刺网
4301,29.91547222222223,122.33641666666666,0.0,0.0,2018-05-10 08:28:01,刺网
4301,29.91544444444445,122.33647222222223,0.0,0.0,2018-05-10 08:38:01,刺网
4301,29.91547222222223,122.33641666666666,0.1,0.0,2018-05-10 08:48:01,刺网
4301,29.91544444444445,122.33641666666666,0.1,0.0,2018-05-10 08:58:01,刺网
4301,29.91544444444445,122.33636111111107,0.1,0.0,2018-05-10 09:08:01,刺网
4301,29.91544444444445,122.33633333333331,0.0,0.0,2018-05-10 09:18:01,刺网
4301,29.9155,122.3365,0.2,0.0,2018-05-10 09:28:01,刺网
4301,29.9155,122.33627777777778,0.4,101.0,2018-05-10 09:38:01,刺网
4301,29.91544444444445,122.33644444444445,0.2,0.0,2018-05-10 09:48:01,刺网
4301,29.915527777777786,122.33647222222223,0.1,0.0,2018-05-10 09:58:01,刺网
4301,29.91544444444445,122.33644444444445,0.0,0.0,2018-05-10 10:09:01,刺网
4301,29.91547222222223,122.33644444444445,0.0,0.0,2018-05-10 10:18:01,刺网
4301,29.915388888888888,122.33647222222223,0.0,0.0,2018-05-10 10:28:01,刺网
4301,29.915555555555553,122.33644444444445,0.0,0.0,2018-05-10 10:38:01,刺网
4301,29.91547222222223,122.33644444444445,0.0,0.0,2018-05-10 10:48:01,刺网
4301,29.9155,122.33644444444445,0.0,0.0,2018-05-10 10:58:01,刺网
4301,29.91547222222223,122.33641666666666,0.0,0.0,2018-05-10 11:08:01,刺网
4301,29.91544444444445,122.33655555555555,0.0,0.0,2018-05-10 11:18:01,刺网
4301,29.9155,122.33644444444445,0.0,0.0,2018-05-10 11:28:01,刺网
4301,29.91547222222223,122.33644444444445,0.0,0.0,2018-05-10 11:38:01,刺网
4301,29.91544444444445,122.33633333333331,0.8,87.0,2018-05-10 11:48:01,刺网
4301,29.915527777777786,122.33638888888888,0.0,0.0,2018-05-10 11:58:01,刺网
4301,29.91547222222223,122.33636111111107,0.1,0.0,2018-05-10 12:08:01,刺网
4301,29.91547222222223,122.33636111111107,0.1,0.0,2018-05-10 12:18:01,刺网
4301,29.9155,122.33644444444445,0.2,0.0,2018-05-10 12:28:01,刺网
4301,29.915416666666665,122.33647222222223,0.2,0.0,2018-05-10 12:38:01,刺网
4301,29.915555555555553,122.33636111111107,0.9,144.0,2018-05-10 12:48:01,刺网
4301,29.91547222222223,122.33641666666666,0.0,0.0,2018-05-10 12:59:01,刺网
4301,29.91547222222223,122.33641666666666,0.0,0.0,2018-05-10 13:08:01,刺网
4301,29.91547222222223,122.33641666666666,0.0,0.0,2018-05-10 13:18:01,刺网
4301,29.9155,122.33644444444445,0.0,0.0,2018-05-10 13:28:01,刺网
4301,29.91547222222223,122.33641666666666,0.0,0.0,2018-05-10 13:48:01,刺网
4301,29.91547222222223,122.33644444444445,0.0,0.0,2018-05-10 13:58:01,刺网
4301,29.91547222222223,122.33647222222223,0.0,0.0,2018-05-10 14:08:01,刺网
4301,29.91547222222223,122.33638888888888,0.0,0.0,2018-05-10 14:18:01,刺网
4301,29.9155,122.33641666666666,0.0,0.0,2018-05-10 14:28:01,刺网
4301,29.9155,122.33638888888888,0.0,0.0,2018-05-10 14:38:01,刺网
4301,29.91544444444445,122.33644444444445,0.0,0.0,2018-05-10 14:48:01,刺网
4301,29.91536111111111,122.33630555555555,0.0,0.0,2018-05-10 14:58:01,刺网
4301,29.9155,122.33641666666666,0.0,0.0,2018-05-10 15:08:01,刺网
4301,29.915527777777786,122.33644444444445,0.1,0.0,2018-05-10 15:18:01,刺网
4301,29.915416666666665,122.33641666666666,0.1,0.0,2018-05-10 15:28:01,刺网
4301,29.915527777777786,122.33636111111107,0.1,0.0,2018-05-10 15:38:01,刺网
4301,29.91547222222223,122.33638888888888,0.0,0.0,2018-05-10 15:48:01,刺网
4301,29.91544444444445,122.33641666666666,0.0,0.0,2018-05-10 15:58:01,刺网
4301,29.91558333333333,122.33636111111107,0.0,0.0,2018-05-10 16:18:01,刺网
4301,29.9155,122.33638888888888,0.1,0.0,2018-05-10 16:28:01,刺网
4301,29.9155,122.33638888888888,0.1,0.0,2018-05-10 16:38:01,刺网
4301,29.915527777777786,122.33636111111107,0.2,0.0,2018-05-10 16:48:01,刺网
4301,29.91536111111111,122.33658333333334,0.2,0.0,2018-05-10 16:58:01,刺网
4301,29.91544444444445,122.33647222222223,0.2,0.0,2018-05-10 17:08:01,刺网
4301,29.91536111111111,122.33652777777776,0.4,138.0,2018-05-10 17:18:01,刺网
4301,29.9155,122.33647222222223,0.2,0.0,2018-05-10 17:28:01,刺网
4301,29.915388888888888,122.33647222222223,0.2,0.0,2018-05-10 17:38:01,刺网
4301,29.915388888888888,122.33655555555555,0.2,0.0,2018-05-10 17:48:01,刺网
4301,29.91544444444445,122.33655555555555,0.3,0.0,2018-05-10 17:58:01,刺网
4301,29.91533333333333,122.33655555555555,0.3,0.0,2018-05-10 18:08:01,刺网
4301,29.9155,122.33658333333334,0.1,0.0,2018-05-10 18:18:01,刺网
4301,29.91544444444445,122.33641666666666,0.0,0.0,2018-05-10 18:29:01,刺网
4301,29.9155,122.33641666666666,0.0,0.0,2018-05-10 18:38:01,刺网
4301,29.915527777777786,122.33638888888888,0.0,0.0,2018-05-10 18:48:01,刺网
4301,29.91547222222223,122.33647222222223,0.0,0.0,2018-05-10 18:58:01,刺网
4301,29.9155,122.33630555555555,0.1,0.0,2018-05-10 19:08:01,刺网
4301,29.91544444444445,122.33638888888888,0.1,0.0,2018-05-10 19:18:01,刺网
4301,29.91544444444445,122.33647222222223,0.0,0.0,2018-05-10 19:28:01,刺网
4301,29.91536111111111,122.33638888888888,0.0,0.0,2018-05-10 19:38:01,刺网
4301,29.91530555555555,122.33636111111107,0.0,0.0,2018-05-10 19:48:01,刺网
4301,29.9155,122.33636111111107,0.0,0.0,2018-05-10 19:58:01,刺网
4301,29.91547222222223,122.33641666666666,0.0,0.0,2018-05-10 20:08:01,刺网
4301,29.9155,122.33619444444444,0.1,0.0,2018-05-10 20:18:01,刺网
4301,29.91563888888889,122.33630555555555,0.0,0.0,2018-05-10 20:28:01,刺网
4301,29.915527777777786,122.33638888888888,0.0,0.0,2018-05-10 20:39:01,刺网
4301,29.9155,122.33638888888888,0.0,0.0,2018-05-10 20:48:01,刺网
4301,29.91544444444445,122.33641666666666,0.0,0.0,2018-05-10 20:58:01,刺网
4301,29.91547222222223,122.33633333333331,0.0,0.0,2018-05-10 21:08:01,刺网
4301,29.9155,122.33638888888888,0.0,0.0,2018-05-10 21:18:01,刺网
4301,29.91544444444445,122.33641666666666,0.0,0.0,2018-05-10 21:28:01,刺网
4301,29.91547222222223,122.33641666666666,0.0,0.0,2018-05-10 21:38:01,刺网
4301,29.915416666666665,122.3365,0.0,0.0,2018-05-10 21:48:01,刺网
4301,29.91547222222223,122.33638888888888,0.0,0.0,2018-05-10 21:58:01,刺网
4301,29.915527777777786,122.33638888888888,0.0,0.0,2018-05-10 22:08:01,刺网
4301,29.91547222222223,122.33652777777776,0.0,0.0,2018-05-10 22:18:01,刺网
4301,29.91547222222223,122.33641666666666,0.0,0.0,2018-05-10 22:28:01,刺网
4301,29.915416666666665,122.33627777777778,0.4,0.0,2018-05-10 22:38:01,刺网
4301,29.91536111111111,122.33638888888888,0.1,0.0,2018-05-10 22:48:01,刺网
4301,29.91547222222223,122.33636111111107,0.0,0.0,2018-05-10 22:58:01,刺网
4301,29.91544444444445,122.33644444444445,0.0,0.0,2018-05-10 23:09:01,刺网
4301,29.91544444444445,122.33644444444445,0.0,0.0,2018-05-10 23:18:01,刺网
4301,29.91547222222223,122.33638888888888,0.0,0.0,2018-05-10 23:28:01,刺网
4301,29.915416666666665,122.33641666666666,0.0,0.0,2018-05-10 23:38:01,刺网
4301,29.91547222222223,122.33644444444445,0.0,0.0,2018-05-10 23:48:01,刺网
4301,29.915416666666665,122.33641666666666,0.0,0.0,2018-05-10 23:58:01,刺网
4301,29.91544444444445,122.33644444444445,0.0,0.0,2018-05-11 00:08:01,刺网
4301,29.91547222222223,122.33641666666666,0.0,0.0,2018-05-11 00:18:01,刺网
4301,29.91547222222223,122.33641666666666,0.0,0.0,2018-05-11 00:28:01,刺网
4301,29.915555555555553,122.33636111111107,0.0,0.0,2018-05-11 00:38:01,刺网
4301,29.91558333333333,122.33636111111107,0.0,0.0,2018-05-11 00:48:01,刺网
4301,29.91544444444445,122.33644444444445,0.0,0.0,2018-05-11 00:58:01,刺网
4301,29.915527777777786,122.33638888888888,0.1,0.0,2018-05-11 01:18:01,刺网
4301,29.91547222222223,122.33644444444445,0.0,0.0,2018-05-11 01:28:01,刺网
4301,29.91561111111111,122.33633333333331,0.1,0.0,2018-05-11 01:38:01,刺网
4301,29.915388888888888,122.33641666666666,0.1,0.0,2018-05-11 01:48:01,刺网
4301,29.915555555555553,122.33638888888888,0.0,0.0,2018-05-11 01:58:01,刺网
4301,29.91547222222223,122.33647222222223,0.0,0.0,2018-05-11 02:09:01,刺网
4301,29.9155,122.33638888888888,0.0,0.0,2018-05-11 02:18:01,刺网
4301,29.9155,122.33641666666666,0.0,0.0,2018-05-11 02:28:01,刺网
4301,29.91544444444445,122.33647222222223,0.0,0.0,2018-05-11 02:38:01,刺网
4301,29.91544444444445,122.33638888888888,0.0,0.0,2018-05-11 02:48:01,刺网
4301,29.91544444444445,122.33636111111107,0.1,0.0,2018-05-11 02:58:01,刺网
4301,29.9155,122.33636111111107,0.0,0.0,2018-05-11 03:08:01,刺网
4301,29.91544444444445,122.33647222222223,0.0,0.0,2018-05-11 03:18:01,刺网
4301,29.91544444444445,122.33644444444445,0.0,0.0,2018-05-11 03:28:01,刺网
4301,29.915555555555553,122.33630555555555,0.0,0.0,2018-05-11 03:38:01,刺网
4301,29.91477777777777,122.33694444444444,0.6,144.0,2018-05-11 03:48:01,刺网
4301,29.91494444444445,122.33683333333332,0.1,0.0,2018-05-11 03:58:01,刺网
4301,29.91563888888889,122.33633333333331,0.1,0.0,2018-05-11 04:08:01,刺网
4301,29.91547222222223,122.33644444444445,0.1,0.0,2018-05-11 04:18:01,刺网
4301,29.91525,122.33658333333334,0.1,0.0,2018-05-11 04:28:01,刺网
4301,29.91544444444445,122.33641666666666,0.1,0.0,2018-05-11 04:38:01,刺网
4301,29.915388888888888,122.33647222222223,0.1,0.0,2018-05-11 04:48:01,刺网
4301,29.915388888888888,122.3365,0.1,0.0,2018-05-11 04:58:01,刺网
4301,29.9155,122.33636111111107,0.2,0.0,2018-05-11 05:08:01,刺网
4301,29.91544444444445,122.33644444444445,0.2,0.0,2018-05-11 05:18:01,刺网
4301,29.91544444444445,122.33641666666666,0.2,0.0,2018-05-11 05:28:01,刺网
4301,29.91544444444445,122.33641666666666,0.3,0.0,2018-05-11 05:38:01,刺网
4301,29.91544444444445,122.33641666666666,0.2,0.0,2018-05-11 05:48:01,刺网
4301,29.91544444444445,122.33641666666666,0.0,0.0,2018-05-11 05:59:01,刺网
4301,29.91547222222223,122.33641666666666,0.0,0.0,2018-05-11 06:08:01,刺网
4301,29.9155,122.33638888888888,0.0,0.0,2018-05-11 06:18:01,刺网
4301,29.91544444444445,122.33644444444445,0.0,0.0,2018-05-11 06:28:01,刺网
4301,29.915527777777786,122.33636111111107,0.0,0.0,2018-05-11 06:38:01,刺网
4301,29.915416666666665,122.33641666666666,0.0,0.0,2018-05-11 06:48:01,刺网
4301,29.915416666666665,122.33644444444445,0.0,0.0,2018-05-11 06:58:01,刺网
4301,29.91544444444445,122.33644444444445,0.0,0.0,2018-05-11 07:08:01,刺网
4301,29.91544444444445,122.33641666666666,0.0,0.0,2018-05-11 07:18:01,刺网
4301,29.91536111111111,122.33641666666666,0.0,0.0,2018-05-11 07:28:01,刺网
4301,29.91558333333333,122.33644444444445,0.2,0.0,2018-05-11 07:38:01,刺网
4301,29.91544444444445,122.33638888888888,0.0,0.0,2018-05-11 07:48:01,刺网
4301,29.91544444444445,122.33652777777776,0.1,0.0,2018-05-11 07:58:01,刺网
4301,29.91547222222223,122.33647222222223,0.0,0.0,2018-05-11 08:09:01,刺网
4301,29.915416666666665,122.33644444444445,0.0,0.0,2018-05-11 08:18:01,刺网
4301,29.91547222222223,122.33641666666666,0.0,0.0,2018-05-11 08:28:01,刺网
4301,29.91544444444445,122.33644444444445,0.0,0.0,2018-05-11 08:38:01,刺网
4301,29.91544444444445,122.33638888888888,0.0,0.0,2018-05-11 08:48:01,刺网
4301,29.91547222222223,122.33644444444445,0.0,0.0,2018-05-11 08:58:01,刺网
4301,29.915527777777786,122.33638888888888,0.0,0.0,2018-05-11 09:08:01,刺网
4301,29.9155,122.33644444444445,0.0,0.0,2018-05-11 09:18:01,刺网
4301,29.915416666666665,122.33647222222223,0.0,0.0,2018-05-11 09:28:01,刺网
4301,29.91547222222223,122.33647222222223,0.0,0.0,2018-05-11 09:38:01,刺网
4301,29.9155,122.33647222222223,0.0,0.0,2018-05-11 09:48:01,刺网
4301,29.9155,122.33641666666666,0.0,0.0,2018-05-11 09:58:01,刺网
4301,29.915388888888888,122.33644444444445,0.1,0.0,2018-05-11 10:08:01,刺网
4301,29.9155,122.33647222222223,0.0,0.0,2018-05-11 10:18:01,刺网
4301,29.9155,122.33647222222223,0.1,0.0,2018-05-11 10:28:01,刺网
4301,29.91544444444445,122.33647222222223,0.0,0.0,2018-05-11 10:38:01,刺网
4301,29.915416666666665,122.33644444444445,0.1,0.0,2018-05-11 10:48:01,刺网
4301,29.915555555555553,122.33641666666666,0.0,0.0,2018-05-11 10:58:01,刺网
4301,29.91533333333333,122.33655555555555,0.0,0.0,2018-05-11 11:08:01,刺网
4301,29.91544444444445,122.33641666666666,0.1,0.0,2018-05-11 11:18:01,刺网
4301,29.915527777777786,122.33625,0.2,0.0,2018-05-11 11:28:01,刺网
4301,29.915416666666665,122.33644444444445,0.3,0.0,2018-05-11 11:38:01,刺网
4301,29.91547222222223,122.33644444444445,0.0,0.0,2018-05-11 11:49:01,刺网
4301,29.91547222222223,122.33638888888888,0.0,0.0,2018-05-11 11:58:01,刺网
4301,29.91547222222223,122.33641666666666,0.0,0.0,2018-05-11 12:08:01,刺网
4301,29.91547222222223,122.33647222222223,0.0,0.0,2018-05-11 12:18:01,刺网
4301,29.915527777777786,122.33636111111107,0.0,0.0,2018-05-11 12:28:01,刺网
4301,29.915416666666665,122.33641666666666,0.0,0.0,2018-05-11 12:38:01,刺网
4301,29.91544444444445,122.33641666666666,0.0,0.0,2018-05-11 12:48:01,刺网
4301,29.915416666666665,122.3365,0.0,0.0,2018-05-11 12:58:01,刺网
4301,29.91544444444445,122.33638888888888,0.0,0.0,2018-05-11 13:08:01,刺网
4301,29.91547222222223,122.33644444444445,0.0,0.0,2018-05-11 13:18:01,刺网
4301,29.91544444444445,122.33644444444445,0.0,0.0,2018-05-11 13:28:01,刺网
4301,29.9155,122.33638888888888,0.1,0.0,2018-05-11 13:38:01,刺网
4301,29.9155,122.33641666666666,0.0,0.0,2018-05-11 13:48:01,刺网
4301,29.915388888888888,122.33647222222223,0.0,0.0,2018-05-11 13:58:01,刺网
4301,29.9155,122.33647222222223,0.0,0.0,2018-05-11 14:18:01,刺网
4301,29.91547222222223,122.33641666666666,0.0,0.0,2018-05-11 14:28:01,刺网
4301,29.91547222222223,122.33641666666666,0.0,0.0,2018-05-11 14:38:01,刺网
4301,29.9155,122.33647222222223,0.0,0.0,2018-05-11 14:48:01,刺网
4301,29.91547222222223,122.33644444444445,0.0,0.0,2018-05-11 14:58:01,刺网
4301,29.9155,122.3365,0.0,0.0,2018-05-11 15:08:01,刺网
4301,29.915527777777786,122.33644444444445,0.0,0.0,2018-05-11 15:18:01,刺网
4301,29.9155,122.33638888888888,0.0,0.0,2018-05-11 15:28:01,刺网
4301,29.915527777777786,122.33641666666666,0.0,0.0,2018-05-11 15:38:01,刺网
4301,29.91547222222223,122.33638888888888,0.0,0.0,2018-05-11 15:48:01,刺网
4301,29.915555555555553,122.33636111111107,0.0,0.0,2018-05-11 15:58:01,刺网
4301,29.915527777777786,122.33641666666666,0.0,0.0,2018-05-11 16:08:01,刺网
4301,29.915555555555553,122.33633333333331,0.1,0.0,2018-05-11 16:18:01,刺网
4301,29.9155,122.33636111111107,0.2,0.0,2018-05-11 16:28:01,刺网
4301,29.915416666666665,122.33644444444445,0.2,0.0,2018-05-11 16:38:01,刺网
4301,29.9155,122.33638888888888,0.1,0.0,2018-05-11 16:48:01,刺网
4301,29.91558333333333,122.33638888888888,0.1,0.0,2018-05-11 16:58:01,刺网
4301,29.915527777777786,122.33644444444445,0.2,0.0,2018-05-11 17:08:01,刺网
4301,29.915388888888888,122.33641666666666,0.2,0.0,2018-05-11 17:18:01,刺网
4301,29.91547222222223,122.33641666666666,0.2,0.0,2018-05-11 17:28:01,刺网
4301,29.91533333333333,122.33655555555555,0.1,0.0,2018-05-11 17:38:01,刺网
4301,29.9155,122.33644444444445,0.2,0.0,2018-05-11 17:48:01,刺网
4301,29.91536111111111,122.33658333333334,0.5,148.0,2018-05-11 17:58:01,刺网
4301,29.915527777777786,122.33644444444445,0.0,0.0,2018-05-11 18:09:01,刺网
4301,29.91547222222223,122.33644444444445,0.0,0.0,2018-05-11 18:18:01,刺网
4301,29.9155,122.33644444444445,0.0,0.0,2018-05-11 18:28:01,刺网
4301,29.9155,122.33644444444445,0.0,0.0,2018-05-11 18:38:01,刺网
4301,29.91547222222223,122.33641666666666,0.0,0.0,2018-05-11 18:48:01,刺网
4301,29.91544444444445,122.33647222222223,0.0,0.0,2018-05-11 18:58:01,刺网
4301,29.91544444444445,122.33644444444445,0.0,0.0,2018-05-11 19:08:01,刺网
4301,29.9155,122.33647222222223,0.0,0.0,2018-05-11 19:18:01,刺网
4301,29.91544444444445,122.33647222222223,0.0,0.0,2018-05-11 19:28:01,刺网
4301,29.9155,122.33641666666666,0.0,0.0,2018-05-11 19:38:01,刺网
4301,29.91544444444445,122.33638888888888,0.0,0.0,2018-05-11 19:48:01,刺网
4301,29.9155,122.33641666666666,0.0,0.0,2018-05-11 19:58:01,刺网
4301,29.915527777777786,122.33636111111107,0.0,0.0,2018-05-11 20:08:01,刺网
4301,29.91544444444445,122.33638888888888,0.0,0.0,2018-05-11 20:18:01,刺网
4301,29.9155,122.33638888888888,0.0,0.0,2018-05-11 20:28:01,刺网
4301,29.91533333333333,122.33644444444445,0.2,0.0,2018-05-11 20:38:01,刺网
4301,29.91547222222223,122.33636111111107,0.0,0.0,2018-05-11 20:48:01,刺网
4301,29.915527777777786,122.33644444444445,0.0,0.0,2018-05-11 20:58:01,刺网
4301,29.915527777777786,122.33652777777776,0.0,0.0,2018-05-11 21:08:01,刺网
4301,29.91547222222223,122.33638888888888,0.1,0.0,2018-05-11 21:18:01,刺网
4301,29.9155,122.33638888888888,0.0,0.0,2018-05-11 21:28:01,刺网
4301,29.9155,122.33622222222222,0.3,0.0,2018-05-11 21:38:01,刺网
4301,29.91547222222223,122.33630555555555,0.1,0.0,2018-05-11 21:48:01,刺网
4301,29.915527777777786,122.33647222222223,0.0,0.0,2018-05-11 21:58:01,刺网
4301,29.91547222222223,122.33647222222223,0.0,0.0,2018-05-11 22:18:01,刺网
4301,29.91547222222223,122.33644444444445,0.0,0.0,2018-05-11 22:28:01,刺网
4301,29.91547222222223,122.33641666666666,0.0,0.0,2018-05-11 22:38:01,刺网
4301,29.91547222222223,122.33641666666666,0.0,0.0,2018-05-11 22:48:01,刺网
4301,29.9155,122.33636111111107,0.0,0.0,2018-05-11 22:58:01,刺网
4301,29.91544444444445,122.33638888888888,0.0,0.0,2018-05-11 23:18:01,刺网
4301,29.915388888888888,122.33647222222223,0.1,0.0,2018-05-11 23:28:01,刺网
4301,29.91544444444445,122.33641666666666,0.2,0.0,2018-05-11 23:38:01,刺网
4301,29.91547222222223,122.33655555555555,0.1,0.0,2018-05-11 23:48:01,刺网
4301,29.91547222222223,122.33636111111107,0.2,0.0,2018-05-11 23:58:01,刺网
4301,29.915527777777786,122.33638888888888,0.2,0.0,2018-05-12 00:08:01,刺网
4301,29.9155,122.33641666666666,0.2,0.0,2018-05-12 00:18:01,刺网
4301,29.9155,122.33652777777776,0.4,89.0,2018-05-12 00:28:01,刺网
4301,29.91547222222223,122.33633333333331,0.4,20.0,2018-05-12 00:38:01,刺网
4301,29.9155,122.3365,0.3,0.0,2018-05-12 00:48:01,刺网
4301,29.91544444444445,122.33619444444444,0.4,0.0,2018-05-12 00:58:01,刺网
4301,29.9155,122.33675,0.2,0.0,2018-05-12 01:08:01,刺网
4301,29.91547222222223,122.33633333333331,0.1,0.0,2018-05-12 01:18:01,刺网
4301,29.915416666666665,122.3365,0.1,0.0,2018-05-12 01:28:01,刺网
4301,29.91547222222223,122.33641666666666,0.0,0.0,2018-05-12 01:39:01,刺网
4301,29.915416666666665,122.33644444444445,0.0,0.0,2018-05-12 01:48:01,刺网
4301,29.9155,122.33644444444445,0.0,0.0,2018-05-12 01:58:01,刺网
4301,29.91544444444445,122.33644444444445,0.0,0.0,2018-05-12 02:08:01,刺网
4301,29.91544444444445,122.33644444444445,0.0,0.0,2018-05-12 02:18:01,刺网
4301,29.91544444444445,122.33647222222223,0.0,0.0,2018-05-12 02:28:01,刺网
4301,29.915416666666665,122.33641666666666,0.0,0.0,2018-05-12 02:38:01,刺网
4301,29.91547222222223,122.33641666666666,0.0,0.0,2018-05-12 02:48:01,刺网
4301,29.91547222222223,122.3365,0.0,0.0,2018-05-12 02:58:01,刺网
4301,29.915416666666665,122.3365,0.0,0.0,2018-05-12 03:08:01,刺网
4301,29.91544444444445,122.33644444444445,0.0,0.0,2018-05-12 03:18:01,刺网
4301,29.915555555555553,122.33641666666666,0.0,0.0,2018-05-12 03:28:01,刺网
4301,29.915722222222207,122.33625,0.0,0.0,2018-05-12 03:38:01,刺网
4301,29.91547222222223,122.33644444444445,0.0,0.0,2018-05-12 03:49:01,刺网
4301,29.9155,122.33644444444445,0.0,0.0,2018-05-12 03:58:01,刺网
4301,29.91544444444445,122.33644444444445,0.0,0.0,2018-05-12 04:08:01,刺网
4301,29.9155,122.33644444444445,0.0,0.0,2018-05-12 04:18:01,刺网
4301,29.91547222222223,122.33638888888888,0.0,0.0,2018-05-12 04:28:01,刺网
4301,29.9155,122.33638888888888,0.0,0.0,2018-05-12 04:38:01,刺网
4301,29.91547222222223,122.33638888888888,0.0,0.0,2018-05-12 04:48:01,刺网
4301,29.91547222222223,122.33641666666666,0.0,0.0,2018-05-12 04:58:01,刺网
4301,29.91544444444445,122.33638888888888,0.0,0.0,2018-05-12 05:08:01,刺网
4301,29.9155,122.33644444444445,0.0,0.0,2018-05-12 05:18:01,刺网
4301,29.91547222222223,122.33644444444445,0.0,0.0,2018-05-12 05:28:01,刺网
4301,29.91547222222223,122.33647222222223,0.0,0.0,2018-05-12 05:38:01,刺网
4301,29.915416666666665,122.33638888888888,0.0,0.0,2018-05-12 05:48:01,刺网
4301,29.91544444444445,122.33641666666666,0.0,0.0,2018-05-12 05:58:01,刺网
4301,29.91547222222223,122.33641666666666,0.0,0.0,2018-05-12 06:09:01,刺网
4301,29.91547222222223,122.33641666666666,0.0,0.0,2018-05-12 06:18:01,刺网
4301,29.91544444444445,122.33641666666666,0.0,0.0,2018-05-12 06:28:01,刺网
4301,29.91544444444445,122.33638888888888,0.0,0.0,2018-05-12 06:38:01,刺网
4301,29.91544444444445,122.33641666666666,0.0,0.0,2018-05-12 06:48:01,刺网
4301,29.91544444444445,122.33638888888888,0.0,0.0,2018-05-12 06:58:01,刺网
4301,29.915416666666665,122.33644444444445,0.0,0.0,2018-05-12 07:08:01,刺网
4301,29.91547222222223,122.3365,0.0,0.0,2018-05-12 07:18:01,刺网
4301,29.915527777777786,122.33644444444445,0.0,0.0,2018-05-12 07:28:01,刺网
