渔船ID,lat,lon,速度,方向,time,type
9408,29.86436111111113,122.2597222222222,0.0,0.0,2020-09-15 01:43:54,围网
9408,29.86436111111113,122.25966666666666,0.1,0.0,2020-09-15 01:53:54,围网
9408,29.86438888888889,122.2597222222222,0.1,0.0,2020-09-15 02:03:54,围网
9408,29.86441666666667,122.25977777777778,1.2,0.0,2020-09-15 02:13:56,围网
9408,29.86436111111113,122.2597222222222,0.3,0.0,2020-09-15 02:23:54,围网
9408,29.86438888888889,122.25969444444445,0.2,0.0,2020-09-15 02:33:55,围网
9408,29.86433333333333,122.25963888888887,0.5,0.0,2020-09-15 02:43:54,围网
9408,29.864305555555557,122.25966666666666,0.1,0.0,2020-09-15 02:53:54,围网
9408,29.86444444444445,122.25969444444445,0.0,0.0,2020-09-15 03:03:54,围网
9408,29.86433333333333,122.25963888888887,1.4,0.0,2020-09-15 03:13:59,围网
9408,29.86436111111113,122.25969444444445,0.2,0.0,2020-09-15 03:24:09,围网
9408,29.86436111111113,122.25969444444445,0.0,0.0,2020-09-15 03:33:54,围网
9408,29.86433333333333,122.25969444444445,0.4,0.0,2020-09-15 03:43:53,围网
9408,29.86436111111113,122.25966666666666,0.4,0.0,2020-09-15 03:53:53,围网
9408,29.86436111111113,122.25966666666666,0.0,0.0,2020-09-15 04:04:25,围网
9408,29.86433333333333,122.2597222222222,0.0,0.0,2020-09-15 04:13:53,围网
9408,29.86438888888889,122.25969444444445,0.0,0.0,2020-09-15 04:23:53,围网
9408,29.86433333333333,122.25969444444445,0.0,0.0,2020-09-15 04:33:53,围网
9408,29.86433333333333,122.25975,0.0,0.0,2020-09-15 04:43:53,围网
9408,29.86436111111113,122.25969444444445,0.0,0.0,2020-09-15 04:53:53,围网
9408,29.86436111111113,122.2597222222222,0.0,0.0,2020-09-15 05:03:53,围网
9408,29.86433333333333,122.2597222222222,0.0,0.0,2020-09-15 05:13:53,围网
9408,29.86433333333333,122.25969444444445,0.0,0.0,2020-09-15 05:23:53,围网
9408,29.86436111111113,122.2597222222222,0.0,0.0,2020-09-15 05:33:53,围网
9408,29.86433333333333,122.25969444444445,0.0,0.0,2020-09-15 05:43:53,围网
9408,29.86438888888889,122.2597222222222,0.1,0.0,2020-09-15 05:53:53,围网
9408,29.86436111111113,122.25969444444445,0.0,0.0,2020-09-15 06:03:53,围网
9408,29.86436111111113,122.25969444444445,0.0,0.0,2020-09-15 06:13:53,围网
9408,29.86433333333333,122.25969444444445,0.1,0.0,2020-09-15 06:23:53,围网
9408,29.86413888888889,122.25933333333334,4.6,152.0,2020-09-15 06:33:53,围网
9408,29.85586111111111,122.23119444444444,8.2,237.0,2020-09-15 06:43:53,围网
9408,29.83622222222222,122.21644444444445,9.4,165.0,2020-09-15 06:53:53,围网
9408,29.82033333333333,122.22872222222222,7.6,127.0,2020-09-15 07:03:53,围网
9408,29.80580555555556,122.23763888888887,6.0,143.0,2020-09-15 07:13:53,围网
9408,29.791611111111113,122.24908333333332,8.3,146.0,2020-09-15 07:23:53,围网
9408,29.77272222222221,122.26133333333333,8.1,158.0,2020-09-15 07:33:59,围网
9408,29.75288888888889,122.26436111111113,6.9,152.0,2020-09-15 07:44:09,围网
9408,29.74958333333333,122.26686111111113,0.1,0.0,2020-09-15 07:53:53,围网
9408,29.74963888888889,122.26686111111113,0.1,0.0,2020-09-15 08:04:01,围网
9408,29.74961111111111,122.26680555555555,0.0,0.0,2020-09-15 08:24:02,围网
9408,29.74966666666667,122.26691666666666,0.0,0.0,2020-09-15 08:34:09,围网
9408,29.749722222222232,122.26694444444445,1.2,41.0,2020-09-15 08:43:52,围网
9408,29.74966666666667,122.26694444444445,0.2,0.0,2020-09-15 08:53:52,围网
9408,29.74961111111111,122.267,0.1,0.0,2020-09-15 09:03:52,围网
9408,29.755277777777767,122.26486111111107,8.2,7.0,2020-09-15 09:13:52,围网
9408,29.77713888888889,122.26047222222222,8.6,348.0,2020-09-15 09:23:52,围网
9408,29.799722222222233,122.24836111111112,9.2,324.0,2020-09-15 09:33:52,围网
9408,29.820138888888888,122.22961111111113,9.8,326.0,2020-09-15 09:43:52,围网
9408,29.860166666666668,122.229,9.3,41.0,2020-09-15 10:03:56,围网
9408,29.87858333333333,122.24297222222219,7.9,37.0,2020-09-15 10:14:09,围网
9408,29.896166666666666,122.26027777777777,8.7,43.0,2020-09-15 10:23:52,围网
9408,29.91461111111111,122.2777222222222,8.5,45.0,2020-09-15 10:33:52,围网
9408,29.92822222222221,122.28594444444445,0.1,0.0,2020-09-15 10:43:52,围网
9408,29.92825,122.28594444444445,0.3,0.0,2020-09-15 10:53:52,围网
9408,29.92822222222221,122.28594444444445,0.2,0.0,2020-09-15 11:03:52,围网
9408,29.92825,122.28594444444445,0.0,0.0,2020-09-15 11:13:52,围网
9408,29.92825,122.2859722222222,0.3,0.0,2020-09-15 11:23:52,围网
9408,29.92825,122.2859722222222,0.0,0.0,2020-09-15 11:33:52,围网
9408,29.92822222222221,122.28594444444445,0.0,0.0,2020-09-15 11:43:52,围网
9408,29.92825,122.28588888888888,0.0,0.0,2020-09-15 11:53:52,围网
9408,29.92822222222221,122.28591666666668,0.4,0.0,2020-09-15 12:03:52,围网
9408,29.92813888888889,122.286,2.2,132.0,2020-09-15 12:13:52,围网
9408,29.908055555555553,122.28255555555555,8.1,187.0,2020-09-15 12:24:09,围网
9408,29.88783333333333,122.27636111111107,7.9,196.0,2020-09-15 12:33:51,围网
9408,29.864527777777766,122.27252777777777,9.2,205.0,2020-09-15 12:43:51,围网
9408,29.86436111111113,122.25969444444445,0.2,0.0,2020-09-15 12:53:51,围网
9408,29.86433333333333,122.25969444444445,0.0,0.0,2020-09-15 13:03:51,围网
9408,29.86438888888889,122.25969444444445,0.1,0.0,2020-09-15 13:13:51,围网
9408,29.86436111111113,122.25969444444445,0.0,0.0,2020-09-15 13:23:51,围网
9408,29.86438888888889,122.25969444444445,0.1,0.0,2020-09-15 13:33:51,围网
9408,29.86436111111113,122.2597222222222,0.0,0.0,2020-09-15 13:43:51,围网
9408,29.86438888888889,122.25969444444445,0.1,0.0,2020-09-15 13:53:51,围网
9408,29.86433333333333,122.2597222222222,0.0,0.0,2020-09-15 14:03:51,围网
9408,29.86433333333333,122.2597222222222,0.3,0.0,2020-09-15 14:13:51,围网
9408,29.864305555555557,122.2597222222222,0.2,0.0,2020-09-15 14:33:51,围网
9408,29.8645,122.25958333333332,0.1,0.0,2020-09-15 14:43:51,围网
9408,29.86433333333333,122.25969444444445,0.1,0.0,2020-09-15 14:53:51,围网
9408,29.86436111111113,122.2597222222222,0.2,0.0,2020-09-15 15:03:51,围网
9408,29.86438888888889,122.25969444444445,0.3,0.0,2020-09-15 15:13:51,围网
9408,29.86438888888889,122.25966666666666,0.2,0.0,2020-09-15 15:23:51,围网
9408,29.86441666666667,122.2597222222222,0.1,0.0,2020-09-15 15:33:51,围网
9408,29.864472222222233,122.2595277777778,4.9,316.0,2020-09-15 15:43:51,围网
9408,29.86438888888889,122.25977777777778,3.7,78.0,2020-09-15 15:53:54,围网
9408,29.86433333333333,122.25969444444445,0.0,0.0,2020-09-15 16:04:08,围网
9408,29.86422222222223,122.25977777777778,0.1,0.0,2020-09-15 16:13:51,围网
9408,29.86436111111113,122.2597222222222,0.2,0.0,2020-09-15 16:23:51,围网
9408,29.86436111111113,122.25975,0.1,0.0,2020-09-15 16:33:51,围网
9408,29.86436111111113,122.25975,0.0,0.0,2020-09-15 16:43:51,围网
9408,29.86436111111113,122.25969444444445,0.2,0.0,2020-09-15 16:53:50,围网
9408,29.864305555555557,122.25980555555556,0.1,0.0,2020-09-15 17:03:50,围网
9408,29.86438888888889,122.2597222222222,0.1,0.0,2020-09-15 17:13:50,围网
9408,29.86436111111113,122.2597222222222,0.0,0.0,2020-09-15 17:23:50,围网
9408,29.86436111111113,122.25983333333332,0.2,0.0,2020-09-15 17:33:50,围网
9408,29.86436111111113,122.25975,0.3,0.0,2020-09-15 17:43:50,围网
9408,29.86438888888889,122.25969444444445,0.0,0.0,2020-09-15 17:53:50,围网
9408,29.86441666666667,122.25963888888887,0.1,0.0,2020-09-15 18:03:50,围网
9408,29.86438888888889,122.25975,0.1,0.0,2020-09-15 18:13:50,围网
9408,29.86441666666667,122.25969444444445,0.1,0.0,2020-09-15 18:23:50,围网
9408,29.86438888888889,122.25977777777778,0.1,0.0,2020-09-15 18:33:50,围网
9408,29.86438888888889,122.2597222222222,0.1,0.0,2020-09-15 18:43:50,围网
9408,29.86436111111113,122.25983333333332,0.2,0.0,2020-09-15 18:53:50,围网
9408,29.86438888888889,122.2597222222222,0.0,0.0,2020-09-15 19:04:09,围网
9408,29.86436111111113,122.2597222222222,0.0,0.0,2020-09-15 19:13:50,围网
9408,29.86433333333333,122.25969444444445,0.2,0.0,2020-09-15 19:23:50,围网
9408,29.86438888888889,122.25969444444445,0.4,0.0,2020-09-15 19:33:50,围网
9408,29.86438888888889,122.2597222222222,0.2,0.0,2020-09-15 19:43:50,围网
9408,29.86436111111113,122.25977777777778,0.6,115.0,2020-09-15 19:53:50,围网
9408,29.86438888888889,122.25969444444445,0.0,0.0,2020-09-15 20:04:09,围网
9408,29.86438888888889,122.2597222222222,0.0,0.0,2020-09-15 20:13:50,围网
9408,29.86433333333333,122.25977777777778,0.0,0.0,2020-09-15 20:23:50,围网
9408,29.86436111111113,122.2597222222222,0.0,0.0,2020-09-15 20:33:50,围网
9408,29.86436111111113,122.25975,0.0,0.0,2020-09-15 20:43:50,围网
9408,29.86436111111113,122.2597222222222,0.0,0.0,2020-09-15 20:53:50,围网
9408,29.86436111111113,122.2597222222222,0.0,0.0,2020-09-15 21:03:50,围网
9408,29.86438888888889,122.25969444444445,0.0,0.0,2020-09-15 21:13:49,围网
9408,29.86436111111113,122.2597222222222,0.0,0.0,2020-09-15 21:23:49,围网
9408,29.86436111111113,122.25975,0.1,0.0,2020-09-15 21:33:49,围网
9408,29.86436111111113,122.2597222222222,0.1,0.0,2020-09-15 21:43:49,围网
9408,29.86436111111113,122.25977777777778,0.1,0.0,2020-09-15 21:53:49,围网
9408,29.86436111111113,122.25977777777778,0.2,0.0,2020-09-15 22:03:49,围网
9408,29.86436111111113,122.2597222222222,0.4,0.0,2020-09-15 22:13:51,围网
9408,29.86433333333333,122.25980555555556,0.2,0.0,2020-09-15 22:23:49,围网
9408,29.86438888888889,122.25977777777778,0.0,0.0,2020-09-15 22:34:39,围网
9408,29.86433333333333,122.25977777777778,0.2,0.0,2020-09-15 22:43:49,围网
9408,29.86436111111113,122.25975,0.0,0.0,2020-09-15 22:53:49,围网
9408,29.86436111111113,122.2597222222222,0.0,0.0,2020-09-15 23:03:49,围网
9408,29.86436111111113,122.25969444444445,0.1,0.0,2020-09-15 23:23:49,围网
9408,29.86436111111113,122.2597222222222,0.0,0.0,2020-09-15 23:33:49,围网
9408,29.86436111111113,122.25975,0.0,0.0,2020-09-15 23:43:49,围网
9408,29.86438888888889,122.25969444444445,0.1,0.0,2020-09-15 23:53:49,围网
9408,29.86438888888889,122.25969444444445,0.0,0.0,2020-09-16 00:03:49,围网
9408,29.86438888888889,122.2597222222222,0.0,0.0,2020-09-16 00:13:49,围网
9408,29.86436111111113,122.2597222222222,0.0,0.0,2020-09-16 00:23:49,围网
9408,29.86436111111113,122.25975,0.0,0.0,2020-09-16 00:33:49,围网
9408,29.86436111111113,122.2597222222222,0.0,0.0,2020-09-16 00:43:49,围网
9408,29.86433333333333,122.25969444444445,0.1,0.0,2020-09-16 00:53:49,围网
9408,29.86433333333333,122.25969444444445,0.0,0.0,2020-09-16 01:13:49,围网
9408,29.864305555555557,122.25975,0.1,0.0,2020-09-16 01:23:49,围网
9408,29.86433333333333,122.2597222222222,0.2,0.0,2020-09-16 01:33:48,围网
9408,29.86436111111113,122.25977777777778,0.3,0.0,2020-09-16 01:43:48,围网
9408,29.86427777777779,122.25977777777778,0.1,0.0,2020-09-16 01:53:48,围网
9408,29.86438888888889,122.25969444444445,0.0,0.0,2020-09-16 02:04:08,围网
9408,29.86436111111113,122.2597222222222,0.0,0.0,2020-09-16 02:13:48,围网
9408,29.86436111111113,122.25975,0.0,0.0,2020-09-16 02:23:48,围网
9408,29.86433333333333,122.25969444444445,0.0,0.0,2020-09-16 02:33:48,围网
9408,29.86436111111113,122.2597222222222,0.0,0.0,2020-09-16 02:43:48,围网
9408,29.86436111111113,122.25975,0.0,0.0,2020-09-16 02:53:48,围网
9408,29.86436111111113,122.25977777777778,0.0,0.0,2020-09-16 03:03:48,围网
9408,29.86433333333333,122.25975,0.0,0.0,2020-09-16 03:13:48,围网
9408,29.86433333333333,122.25977777777778,0.0,0.0,2020-09-16 03:23:48,围网
9408,29.86433333333333,122.25980555555556,0.0,0.0,2020-09-16 03:33:48,围网
9408,29.86436111111113,122.25977777777778,0.0,0.0,2020-09-16 03:43:48,围网
9408,29.86436111111113,122.25969444444445,0.0,0.0,2020-09-16 03:53:48,围网
9408,29.86433333333333,122.25958333333332,0.0,0.0,2020-09-16 04:03:51,围网
9408,29.86438888888889,122.25925,0.8,92.0,2020-09-16 04:13:50,围网
9408,29.86438888888889,122.25938888888888,3.8,92.0,2020-09-16 04:23:48,围网
9408,29.86436111111113,122.25961111111113,0.9,272.0,2020-09-16 04:33:49,围网
9408,29.86438888888889,122.25961111111113,1.1,93.0,2020-09-16 04:43:48,围网
9408,29.86441666666667,122.25963888888887,1.0,0.0,2020-09-16 04:53:56,围网
9408,29.86433333333333,122.25969444444445,0.3,0.0,2020-09-16 05:03:53,围网
9408,29.86436111111113,122.2594722222222,0.7,0.0,2020-09-16 05:13:49,围网
9408,29.864472222222233,122.25988888888894,0.9,0.0,2020-09-16 05:23:50,围网
9408,29.86433333333333,122.2597222222222,0.0,0.0,2020-09-16 05:34:09,围网
9408,29.86436111111113,122.25969444444445,0.0,0.0,2020-09-16 05:43:47,围网
9408,29.86436111111113,122.2597222222222,0.0,0.0,2020-09-16 05:53:47,围网
9408,29.86436111111113,122.2597222222222,0.0,0.0,2020-09-16 06:03:47,围网
9408,29.86436111111113,122.2597222222222,0.0,0.0,2020-09-16 06:13:47,围网
9408,29.86436111111113,122.2597222222222,0.0,0.0,2020-09-16 06:23:47,围网
9408,29.86436111111113,122.25975,0.0,0.0,2020-09-16 06:33:47,围网
9408,29.86433333333333,122.25977777777778,0.0,0.0,2020-09-16 06:43:47,围网
9408,29.86436111111113,122.2597222222222,0.3,0.0,2020-09-16 06:53:47,围网
9408,29.86441666666667,122.25977777777778,0.2,0.0,2020-09-16 07:03:47,围网
9408,29.86441666666667,122.25977777777778,0.8,0.0,2020-09-16 07:13:47,围网
9408,29.86436111111113,122.2597222222222,0.3,0.0,2020-09-16 07:23:47,围网
9408,29.86441666666667,122.2597222222222,0.1,0.0,2020-09-16 07:33:47,围网
9408,29.86441666666667,122.25986111111106,0.1,0.0,2020-09-16 07:43:48,围网
9408,29.86436111111113,122.25983333333332,0.6,0.0,2020-09-16 07:53:47,围网
9408,29.86438888888889,122.25977777777778,0.0,0.0,2020-09-16 08:04:08,围网
9408,29.86438888888889,122.25977777777778,0.2,0.0,2020-09-16 08:13:47,围网
9408,29.86438888888889,122.25975,0.1,0.0,2020-09-16 08:23:47,围网
9408,29.86436111111113,122.25977777777778,0.0,0.0,2020-09-16 08:33:47,围网
9408,29.86436111111113,122.25980555555556,0.0,0.0,2020-09-16 08:43:47,围网
9408,29.86438888888889,122.25980555555556,0.0,0.0,2020-09-16 08:54:09,围网
9408,29.86436111111113,122.25980555555556,0.0,0.0,2020-09-16 09:03:47,围网
9408,29.86436111111113,122.25980555555556,0.0,0.0,2020-09-16 09:13:47,围网
9408,29.86436111111113,122.25977777777778,0.4,0.0,2020-09-16 09:23:47,围网
9408,29.86438888888889,122.25980555555556,0.0,0.0,2020-09-16 09:33:47,围网
9408,29.86438888888889,122.25977777777778,0.0,0.0,2020-09-16 09:43:47,围网
9408,29.86438888888889,122.25977777777778,0.0,0.0,2020-09-16 09:53:47,围网
9408,29.86438888888889,122.25977777777778,0.0,0.0,2020-09-16 10:03:47,围网
9408,29.86436111111113,122.2597222222222,0.1,0.0,2020-09-16 10:13:46,围网
9408,29.86436111111113,122.25975,0.1,0.0,2020-09-16 10:23:46,围网
9408,29.86436111111113,122.25977777777778,0.2,0.0,2020-09-16 10:33:46,围网
9408,29.86436111111113,122.25980555555556,0.0,0.0,2020-09-16 10:43:46,围网
9408,29.86436111111113,122.25977777777778,0.1,0.0,2020-09-16 10:53:46,围网
9408,29.86436111111113,122.25983333333332,0.0,0.0,2020-09-16 11:03:47,围网
9408,29.86433333333333,122.25977777777778,0.2,0.0,2020-09-16 11:13:46,围网
9408,29.86438888888889,122.2597222222222,0.0,0.0,2020-09-16 11:23:46,围网
9408,29.86438888888889,122.2597222222222,0.3,0.0,2020-09-16 11:33:46,围网
9408,29.86438888888889,122.25969444444445,0.6,0.0,2020-09-16 11:43:46,围网
9408,29.86438888888889,122.2597222222222,0.2,0.0,2020-09-16 11:53:46,围网
9408,29.86438888888889,122.25969444444445,0.0,0.0,2020-09-16 12:05:03,围网
9408,29.86113888888889,122.26602777777778,8.0,128.0,2020-09-16 12:13:46,围网
9408,29.850055555555556,122.2937777777778,10.1,105.0,2020-09-16 12:23:46,围网
9408,29.842527777777768,122.32383333333333,11.6,107.0,2020-09-16 12:33:46,围网
9408,29.831944444444453,122.3485277777778,9.7,137.0,2020-09-16 12:43:46,围网
9408,29.82822222222222,122.37552777777776,8.6,83.0,2020-09-16 12:53:46,围网
9408,29.827305555555554,122.4044722222222,7.1,105.0,2020-09-16 13:03:48,围网
9408,29.826583333333332,122.42791666666666,7.9,90.0,2020-09-16 13:13:46,围网
9408,29.82641666666667,122.45297222222223,7.8,92.0,2020-09-16 13:23:46,围网
9408,29.82477777777777,122.4782777777778,8.0,93.0,2020-09-16 13:33:46,围网
9408,29.825222222222234,122.50405555555555,7.7,85.0,2020-09-16 13:44:09,围网
9408,29.825527777777786,122.52811111111113,7.9,92.0,2020-09-16 13:53:46,围网
9408,29.826166666666666,122.55280555555555,8.1,91.0,2020-09-16 14:03:46,围网
9408,29.82775,122.60402777777777,8.0,85.0,2020-09-16 14:23:46,围网
9408,29.833222222222233,122.62772222222222,7.7,80.0,2020-09-16 14:33:45,围网
9408,29.83597222222221,122.65244444444444,8.2,89.0,2020-09-16 14:43:45,围网
9408,29.83622222222222,122.67736111111113,7.4,87.0,2020-09-16 14:53:45,围网
9408,29.83805555555556,122.70161111111106,7.4,77.0,2020-09-16 15:03:45,围网
9408,29.840166666666665,122.72533333333334,7.3,78.0,2020-09-16 15:13:45,围网
9408,29.84161111111111,122.74902777777777,7.2,85.0,2020-09-16 15:23:45,围网
9408,29.84263888888889,122.77202777777778,7.1,80.0,2020-09-16 15:33:45,围网
9408,29.84433333333333,122.81830555555555,7.6,88.0,2020-09-16 15:53:45,围网
9408,29.84575,122.84183333333334,7.2,84.0,2020-09-16 16:04:08,围网
9408,29.846666666666664,122.8635,6.8,85.0,2020-09-16 16:13:45,围网
9408,29.84808333333333,122.88555555555556,7.1,87.0,2020-09-16 16:23:45,围网
9408,29.848722222222207,122.90772222222222,7.1,85.0,2020-09-16 16:33:45,围网
9408,29.84983333333333,122.92958333333333,6.7,85.0,2020-09-16 16:43:45,围网
9408,29.850472222222226,122.95180555555555,7.5,111.0,2020-09-16 16:53:45,围网
9408,29.8445,122.97155555555555,7.1,82.0,2020-09-16 17:03:45,围网
9408,29.845527777777786,122.99375,7.2,89.0,2020-09-16 17:13:45,围网
9408,29.85069444444445,123.03619444444445,6.4,72.0,2020-09-16 17:33:45,围网
9408,29.856805555555557,123.05611111111112,6.7,78.0,2020-09-16 17:43:45,围网
9408,29.862472222222234,123.07827777777777,7.1,72.0,2020-09-16 17:53:45,围网
9408,29.868055555555557,123.10077777777776,7.2,70.0,2020-09-16 18:03:45,围网
9408,29.87463888888889,123.12375,7.8,73.0,2020-09-16 18:13:45,围网
9408,29.87833333333333,123.14763888888888,8.0,65.0,2020-09-16 18:23:45,围网
9408,29.88241666666667,123.16805555555555,6.9,79.0,2020-09-16 18:33:45,围网
9408,29.886083333333332,123.18941666666666,7.5,81.0,2020-09-16 18:43:45,围网
9408,29.88875,123.21319444444444,8.5,89.0,2020-09-16 18:53:44,围网
9408,29.890666666666664,123.23916666666666,8.4,88.0,2020-09-16 19:03:44,围网
9408,29.892888888888887,123.26513888888887,7.1,81.0,2020-09-16 19:14:09,围网
9408,29.894805555555553,123.28805555555556,7.5,84.0,2020-09-16 19:23:44,围网
9408,29.89688888888889,123.31136111111107,7.3,85.0,2020-09-16 19:33:44,围网
9408,29.898611111111112,123.33336111111107,6.7,83.0,2020-09-16 19:43:44,围网
9408,29.90069444444444,123.35572222222223,7.5,79.0,2020-09-16 19:53:44,围网
9408,29.90297222222221,123.37822222222222,7.1,91.0,2020-09-16 20:03:44,围网
9408,29.904277777777768,123.4005,7.2,85.0,2020-09-16 20:13:44,围网
9408,29.90636111111111,123.44305555555556,7.2,86.0,2020-09-16 20:33:44,围网
9408,29.908166666666666,123.4650277777778,7.4,85.0,2020-09-16 20:43:44,围网
9408,29.90708333333333,123.48716666666668,8.0,91.0,2020-09-16 20:53:44,围网
9408,29.90913888888889,123.53186111111113,6.8,90.0,2020-09-16 21:13:44,围网
9408,29.9115,123.55313888888894,7.2,86.0,2020-09-16 21:23:44,围网
9408,29.91597222222222,123.59825,8.6,79.0,2020-09-16 21:43:44,围网
9408,29.91836111111111,123.62419444444444,7.5,84.0,2020-09-16 21:54:39,围网
9408,29.920777777777786,123.64605555555555,7.8,82.0,2020-09-16 22:03:44,围网
9408,29.92280555555556,123.67041666666668,7.7,85.0,2020-09-16 22:13:44,围网
9408,29.92444444444445,123.69502777777778,8.0,74.0,2020-09-16 22:23:44,围网
9408,29.92683333333333,123.72025,7.4,86.0,2020-09-16 22:33:44,围网
9408,29.92958333333333,123.74619444444444,8.5,83.0,2020-09-16 22:43:44,围网
9408,29.93080555555556,123.77311111111112,8.7,86.0,2020-09-16 22:53:44,围网
9408,29.933722222222233,123.80063888888887,8.0,89.0,2020-09-16 23:03:44,围网
9408,29.93575,123.82791666666664,8.6,86.0,2020-09-16 23:13:43,围网
9408,29.937722222222234,123.8545,8.4,80.0,2020-09-16 23:23:43,围网
9408,29.939972222222234,123.88169444444445,8.7,84.0,2020-09-16 23:33:43,围网
9408,29.941416666666665,123.90875,8.4,81.0,2020-09-16 23:43:43,围网
9408,29.9425,123.93555555555555,8.2,88.0,2020-09-16 23:53:43,围网
9408,29.943444444444445,123.96441666666666,8.7,87.0,2020-09-17 00:04:08,围网
9408,29.945027777777767,123.991,9.0,93.0,2020-09-17 00:13:43,围网
9408,29.94736111111111,124.01802777777776,8.6,84.0,2020-09-17 00:23:43,围网
9408,29.949638888888888,124.04575,8.9,90.0,2020-09-17 00:33:43,围网
9408,29.95061111111111,124.07322222222223,8.5,85.0,2020-09-17 00:43:43,围网
9408,29.950888888888887,124.10011111111106,8.6,93.0,2020-09-17 00:53:43,围网
9408,29.95294444444444,124.12722222222222,9.2,91.0,2020-09-17 01:03:43,围网
9408,29.95525,124.15413888888894,8.8,86.0,2020-09-17 01:13:43,围网
9408,29.957166666666666,124.18197222222223,9.1,93.0,2020-09-17 01:23:43,围网
9408,29.958444444444442,124.21061111111112,9.0,83.0,2020-09-17 01:33:43,围网
9408,29.96033333333333,124.23897222222223,9.0,92.0,2020-09-17 01:43:43,围网
9408,29.96169444444445,124.26680555555555,8.9,84.0,2020-09-17 01:53:43,围网
9408,29.963166666666666,124.29475,8.5,86.0,2020-09-17 02:03:43,围网
9408,29.964861111111112,124.32274999999998,8.8,85.0,2020-09-17 02:13:43,围网
9408,29.966777777777768,124.35,8.8,91.0,2020-09-17 02:23:43,围网
9408,29.966666666666665,124.37647222222222,8.5,88.0,2020-09-17 02:33:43,围网
9408,29.96380555555556,124.4027777777778,8.1,95.0,2020-09-17 02:43:43,围网
9408,29.960916666666666,124.42894444444444,8.9,83.0,2020-09-17 02:53:43,围网
9408,29.96169444444445,124.45522222222222,8.4,90.0,2020-09-17 03:03:43,围网
9408,29.96130555555556,124.482,8.5,89.0,2020-09-17 03:13:43,围网
9408,29.95930555555555,124.50883333333331,9.1,88.0,2020-09-17 03:23:44,围网
9408,29.95786111111111,124.5349722222222,8.9,89.0,2020-09-17 03:33:42,围网
9408,29.955916666666663,124.56147222222219,10.4,84.0,2020-09-17 03:43:45,围网
9408,29.955222222222233,124.58736111111112,9.5,90.0,2020-09-17 03:53:43,围网
9408,29.954638888888887,124.61469444444445,8.3,82.0,2020-09-17 04:04:08,围网
9408,29.953527777777786,124.63944444444445,8.0,92.0,2020-09-17 04:13:42,围网
9408,29.95397222222222,124.66494444444444,7.9,84.0,2020-09-17 04:23:42,围网
9408,29.954361111111112,124.69013888888887,7.9,82.0,2020-09-17 04:33:42,围网
9408,29.954694444444453,124.71486111111106,7.6,92.0,2020-09-17 04:43:42,围网
9408,29.953888888888887,124.7392222222222,7.4,94.0,2020-09-17 04:53:42,围网
9408,29.95136111111111,124.76291666666664,7.4,97.0,2020-09-17 05:03:42,围网
9408,29.946361111111113,124.78486111111107,7.2,78.0,2020-09-17 05:13:42,围网
9408,29.950916666666664,124.80669444444445,7.6,50.0,2020-09-17 05:23:42,围网
9408,29.9595,124.80972222222222,1.3,285.0,2020-09-17 05:33:42,围网
9408,29.96605555555556,124.80027777777778,3.4,312.0,2020-09-17 05:43:42,围网
9408,29.9705,124.79122222222222,3.3,294.0,2020-09-17 05:53:42,围网
9408,29.97425,124.78191666666666,3.0,292.0,2020-09-17 06:03:42,围网
9408,29.97783333333333,124.77263888888888,2.9,288.0,2020-09-17 06:13:42,围网
9408,29.9815,124.76336111111112,3.5,301.0,2020-09-17 06:23:42,围网
9408,29.98638888888889,124.75455555555556,3.3,310.0,2020-09-17 06:33:42,围网
9408,29.99147222222221,124.74608333333332,3.7,320.0,2020-09-17 06:43:42,围网
9408,29.99675,124.73794444444445,3.1,308.0,2020-09-17 06:53:42,围网
9408,30.00194444444445,124.72977777777778,2.9,290.0,2020-09-17 07:03:42,围网
9408,30.005722222222207,124.72069444444445,2.9,291.0,2020-09-17 07:13:43,围网
9408,30.008388888888888,124.71177777777778,2.4,270.0,2020-09-17 07:23:42,围网
9408,30.012722222222234,124.70269444444445,2.6,300.0,2020-09-17 07:33:44,围网
9408,30.018555555555555,124.69338888888893,3.0,307.0,2020-09-17 07:45:09,围网
9408,30.023055555555555,124.68661111111112,3.3,308.0,2020-09-17 07:53:41,围网
9408,30.029527777777766,124.6785277777778,3.1,333.0,2020-09-17 08:04:26,围网
9408,30.032916666666665,124.67805555555556,2.2,139.0,2020-09-17 08:13:41,围网
9408,30.035138888888888,124.67905555555555,7.6,122.0,2020-09-17 08:23:42,围网
9408,30.02408333333333,124.69883333333334,7.0,115.0,2020-09-17 08:33:41,围网
9408,30.02030555555556,124.72388888888894,8.0,99.0,2020-09-17 08:43:42,围网
9408,30.01822222222221,124.74988888888888,8.5,83.0,2020-09-17 08:53:42,围网
9408,30.01280555555556,124.7745,7.6,90.0,2020-09-17 09:03:42,围网
9408,30.005305555555548,124.79799999999999,8.2,94.0,2020-09-17 09:13:41,围网
9408,29.99825,124.82274999999998,7.2,142.0,2020-09-17 09:23:41,围网
9408,29.991861111111113,124.84736111111107,7.5,136.0,2020-09-17 09:33:42,围网
9408,29.981305555555554,124.87038888888887,9.0,100.0,2020-09-17 09:43:42,围网
9408,29.96975,124.88775,6.6,161.0,2020-09-17 09:53:41,围网
9408,29.9505,124.88336111111113,6.7,169.0,2020-09-17 10:04:08,围网
9408,29.93213888888889,124.88544444444445,6.5,192.0,2020-09-17 10:13:41,围网
9408,29.92244444444445,124.88819444444445,3.9,89.0,2020-09-17 10:23:41,围网
9408,29.92016666666667,124.898,3.7,97.0,2020-09-17 10:33:41,围网
9408,29.918416666666666,124.90833333333336,3.4,96.0,2020-09-17 10:43:41,围网
9408,29.917361111111113,124.91886111111113,3.6,90.0,2020-09-17 10:53:41,围网
9408,29.916638888888887,124.92941666666668,3.3,101.0,2020-09-17 11:03:41,围网
9408,29.910805555555555,124.94958333333334,3.7,107.0,2020-09-17 11:23:41,围网
9408,29.907277777777768,124.95963888888888,3.3,104.0,2020-09-17 11:33:41,围网
9408,29.90466666666667,124.97044444444445,3.3,110.0,2020-09-17 11:43:41,围网
9408,29.90258333333333,124.98116666666668,3.6,89.0,2020-09-17 11:53:41,围网
9408,29.90130555555556,124.99208333333333,3.5,98.0,2020-09-17 12:03:41,围网
9408,29.89994444444445,125.00297222222223,3.9,93.0,2020-09-17 12:13:41,围网
9408,29.89913888888889,125.014,3.2,90.0,2020-09-17 12:23:40,围网
9408,29.89913888888889,125.01886111111112,2.1,91.0,2020-09-17 12:34:09,围网
9408,29.901277777777768,125.03436111111112,10.4,73.0,2020-09-17 12:43:40,围网
9408,29.913888888888888,125.06097222222222,9.6,54.0,2020-09-17 12:53:40,围网
9408,29.922666666666665,125.08591666666666,5.7,86.0,2020-09-17 13:03:40,围网
9408,29.92238888888889,125.09733333333332,3.7,106.0,2020-09-17 13:13:40,围网
9408,29.92166666666667,125.10816666666666,3.2,79.0,2020-09-17 13:23:40,围网
9408,29.920861111111112,125.11877777777778,3.4,103.0,2020-09-17 13:33:40,围网
9408,29.91994444444445,125.12961111111107,3.6,104.0,2020-09-17 13:43:40,围网
9408,29.918833333333332,125.14019444444445,3.6,102.0,2020-09-17 13:53:40,围网
9408,29.917472222222226,125.15069444444444,3.7,106.0,2020-09-17 14:03:40,围网
9408,29.915916666666664,125.16111111111113,3.3,96.0,2020-09-17 14:13:40,围网
9408,29.91402777777777,125.1712777777778,3.4,99.0,2020-09-17 14:23:40,围网
9408,29.91169444444445,125.18133333333334,4.3,129.0,2020-09-17 14:33:40,围网
9408,29.90897222222221,125.19113888888887,3.7,126.0,2020-09-17 14:43:40,围网
9408,29.905999999999995,125.2005,2.8,113.0,2020-09-17 14:53:40,围网
9408,29.903416666666665,125.20963888888888,3.4,121.0,2020-09-17 15:03:40,围网
9408,29.902527777777767,125.21213888888887,1.4,343.0,2020-09-17 15:13:40,围网
9408,29.902472222222233,125.22447222222222,8.5,96.0,2020-09-17 15:23:40,围网
9408,29.902,125.25208333333332,8.9,93.0,2020-09-17 15:33:40,围网
9408,29.90269444444445,125.27911111111106,10.3,92.0,2020-09-17 15:43:40,围网
9408,29.907777777777767,125.30630555555555,7.3,61.0,2020-09-17 15:54:55,围网
9408,29.90858333333333,125.29916666666666,4.6,256.0,2020-09-17 16:03:40,围网
9408,29.90658333333333,125.2895277777778,3.1,237.0,2020-09-17 16:13:40,围网
9408,29.904722222222233,125.27991666666668,2.6,275.0,2020-09-17 16:23:40,围网
9408,29.90483333333333,125.27019444444444,3.3,252.0,2020-09-17 16:33:40,围网
9408,29.905055555555553,125.26019444444445,6.3,280.0,2020-09-17 16:43:50,围网
9408,29.904694444444445,125.2505277777778,4.1,242.0,2020-09-17 16:53:40,围网
9408,29.90347222222222,125.2404722222222,2.3,0.0,2020-09-17 17:03:40,围网
9408,29.902444444444445,125.2302777777778,2.6,307.0,2020-09-17 17:13:39,围网
9408,29.90483333333333,125.22019444444445,3.4,286.0,2020-09-17 17:23:39,围网
9408,29.906861111111112,125.21,3.2,298.0,2020-09-17 17:33:39,围网
9408,29.909305555555548,125.19980555555556,3.4,283.0,2020-09-17 17:43:39,围网
9408,29.911527777777767,125.18986111111113,2.9,275.0,2020-09-17 17:53:39,围网
9408,29.91319444444445,125.17961111111113,3.3,277.0,2020-09-17 18:04:08,围网
9408,29.91625,125.1705277777778,3.3,290.0,2020-09-17 18:13:39,围网
9408,29.91975,125.1610277777778,3.0,281.0,2020-09-17 18:23:39,围网
9408,29.921944444444453,125.1512777777778,3.1,297.0,2020-09-17 18:33:39,围网
9408,29.92361111111111,125.1415,3.1,272.0,2020-09-17 18:43:39,围网
9408,29.92544444444445,125.1317222222222,3.5,298.0,2020-09-17 18:53:39,围网
9408,29.92808333333333,125.12205555555555,2.6,298.0,2020-09-17 19:03:39,围网
9408,29.93105555555556,125.11936111111108,2.2,301.0,2020-09-17 19:13:39,围网
9408,29.929861111111112,125.1249722222222,7.6,105.0,2020-09-17 19:23:39,围网
9408,29.923250000000003,125.14533333333334,7.4,114.0,2020-09-17 19:33:39,围网
9408,29.918388888888888,125.15966666666668,7.0,293.0,2020-09-17 19:43:41,围网
9408,29.924944444444453,125.15,3.9,310.0,2020-09-17 19:54:09,围网
9408,29.92975,125.14194444444445,3.1,292.0,2020-09-17 20:03:39,围网
9408,29.93480555555556,125.13358333333332,3.1,292.0,2020-09-17 20:13:39,围网
9408,29.939805555555555,125.12541666666664,3.2,294.0,2020-09-17 20:23:39,围网
9408,29.94483333333333,125.11730555555555,2.9,298.0,2020-09-17 20:33:39,围网
9408,29.950277777777767,125.10963888888888,3.3,301.0,2020-09-17 20:43:39,围网
9408,29.95588888888889,125.10230555555556,2.7,295.0,2020-09-17 20:53:39,围网
9408,29.96125,125.09466666666664,3.7,322.0,2020-09-17 21:03:39,围网
9408,29.96686111111111,125.08752777777777,3.7,331.0,2020-09-17 21:13:39,围网
9408,29.97288888888889,125.081,3.3,322.0,2020-09-17 21:23:38,围网
9408,29.9795,125.07530555555556,3.2,301.0,2020-09-17 21:33:38,围网
9408,29.986555555555555,125.07033333333334,2.7,328.0,2020-09-17 21:43:38,围网
9408,29.994222222222234,125.0659722222222,3.4,341.0,2020-09-17 21:54:09,围网
9408,30.0015,125.06272222222222,3.5,346.0,2020-09-17 22:03:38,围网
9408,30.01011111111111,125.06155555555556,3.1,355.0,2020-09-17 22:13:38,围网
9408,30.01525,125.06255555555555,1.0,102.0,2020-09-17 22:23:38,围网
9408,30.00597222222222,125.06944444444444,6.8,141.0,2020-09-17 22:43:38,围网
9408,29.99055555555556,125.07136111111107,4.9,163.0,2020-09-17 22:53:38,围网
9408,29.976388888888888,125.07355555555556,6.0,172.0,2020-09-17 23:03:38,围网
9408,29.960166666666666,125.07536111111106,5.9,181.0,2020-09-17 23:13:38,围网
9408,29.942916666666665,125.07727777777778,6.1,204.0,2020-09-17 23:23:38,围网
9408,29.930611111111112,125.07866666666666,3.8,110.0,2020-09-17 23:33:38,围网
9408,29.92875,125.09083333333332,3.6,111.0,2020-09-17 23:43:38,围网
9408,29.928027777777785,125.10169444444445,3.4,99.0,2020-09-17 23:53:38,围网
9408,29.927222222222234,125.11308333333332,3.4,93.0,2020-09-18 00:04:06,围网
9408,29.926444444444453,125.12319444444445,3.4,99.0,2020-09-18 00:13:38,围网
9408,29.92533333333333,125.13377777777781,3.9,87.0,2020-09-18 00:23:38,围网
9408,29.924055555555555,125.14433333333336,4.4,76.0,2020-09-18 00:33:38,围网
9408,29.92327777777778,125.15494444444445,3.6,97.0,2020-09-18 00:43:38,围网
9408,29.92225,125.16558333333332,3.2,114.0,2020-09-18 00:53:38,围网
9408,29.919694444444445,125.17600000000002,3.3,110.0,2020-09-18 01:03:38,围网
9408,29.91769444444445,125.18652777777778,3.4,93.0,2020-09-18 01:13:38,围网
9408,29.91597222222222,125.19713888888893,3.5,104.0,2020-09-18 01:23:38,围网
9408,29.914277777777766,125.2074722222222,3.6,119.0,2020-09-18 01:33:38,围网
9408,29.912138888888887,125.21775,3.4,111.0,2020-09-18 01:43:37,围网
9408,29.90925,125.22769444444445,3.5,111.0,2020-09-18 01:53:37,围网
9408,29.90525,125.23711111111112,3.3,123.0,2020-09-18 02:03:37,围网
9408,29.900527777777786,125.24588888888893,3.3,131.0,2020-09-18 02:13:37,围网
9408,29.895916666666665,125.25458333333331,3.2,121.0,2020-09-18 02:23:37,围网
9408,29.891027777777786,125.26313888888888,3.3,117.0,2020-09-18 02:33:40,围网
9408,29.885638888888888,125.27122222222219,3.2,122.0,2020-09-18 02:43:37,围网
9408,29.879527777777767,125.27869444444444,3.0,136.0,2020-09-18 02:53:37,围网
9408,29.87436111111111,125.28661111111113,2.6,116.0,2020-09-18 03:03:37,围网
9408,29.86916666666667,125.29438888888888,3.1,133.0,2020-09-18 03:13:37,围网
9408,29.863111111111113,125.30127777777778,4.0,167.0,2020-09-18 03:23:37,围网
9408,29.861666666666668,125.30027777777778,2.6,152.0,2020-09-18 03:33:37,围网
9408,29.85552777777778,125.30311111111112,2.6,166.0,2020-09-18 03:43:38,围网
9408,29.858694444444453,125.30733333333332,4.9,0.0,2020-09-18 03:54:10,围网
9408,29.867694444444453,125.31472222222222,0.4,0.0,2020-09-18 04:04:06,围网
9408,29.87758333333333,125.32219444444445,5.0,22.0,2020-09-18 04:13:37,围网
9408,29.89025,125.3269722222222,5.1,27.0,2020-09-18 04:23:37,围网
9408,29.90383333333333,125.32988888888887,5.6,330.0,2020-09-18 04:33:37,围网
9408,29.91802777777778,125.33219444444444,5.2,22.0,2020-09-18 04:43:37,围网
9408,29.91791666666667,125.3324722222222,0.8,187.0,2020-09-18 04:53:37,围网
9408,29.914638888888888,125.32944444444445,2.4,238.0,2020-09-18 05:03:37,围网
9408,29.91083333333333,125.318,3.2,243.0,2020-09-18 05:13:37,围网
9408,29.90661111111111,125.30847222222219,3.3,263.0,2020-09-18 05:23:37,围网
9408,29.90275,125.28866666666669,3.3,256.0,2020-09-18 05:43:37,围网
9408,29.89925,125.27933333333334,3.1,232.0,2020-09-18 05:53:37,围网
9408,29.892166666666668,125.27275,3.6,191.0,2020-09-18 06:03:36,围网
9408,29.886055555555558,125.265,4.9,243.0,2020-09-18 06:13:36,围网
9408,29.883555555555557,125.25441666666666,4.6,240.0,2020-09-18 06:23:36,围网
9408,29.881083333333336,125.2445277777778,3.9,223.0,2020-09-18 06:33:36,围网
9408,29.876361111111112,125.22433333333332,2.9,251.0,2020-09-18 06:53:37,围网
9408,29.87436111111111,125.21402777777777,3.2,254.0,2020-09-18 07:03:38,围网
9408,29.872972222222234,125.20383333333334,2.7,263.0,2020-09-18 07:13:41,围网
9408,29.87233333333333,125.19355555555555,3.0,0.0,2020-09-18 07:23:40,围网
9408,29.872722222222233,125.19005555555556,3.9,229.0,2020-09-18 07:34:05,围网
9408,29.87313888888889,125.18483333333332,2.8,13.0,2020-09-18 07:43:36,围网
9408,29.879361111111113,125.17419444444445,3.5,304.0,2020-09-18 07:53:36,围网
9408,29.882277777777766,125.16427777777778,3.5,296.0,2020-09-18 08:03:36,围网
9408,29.885361111111113,125.15444444444445,3.8,290.0,2020-09-18 08:13:36,围网
9408,29.88886111111111,125.14505555555556,3.5,283.0,2020-09-18 08:23:36,围网
9408,29.89269444444445,125.13591666666667,3.5,331.0,2020-09-18 08:33:36,围网
9408,29.897,125.12713888888888,3.9,315.0,2020-09-18 08:43:36,围网
9408,29.901166666666665,125.11861111111112,3.5,309.0,2020-09-18 08:53:37,围网
9408,29.905999999999995,125.11008333333334,3.7,303.0,2020-09-18 09:03:36,围网
9408,29.91097222222221,125.10191666666664,3.0,293.0,2020-09-18 09:13:36,围网
9408,29.915861111111113,125.09413888888888,3.9,301.0,2020-09-18 09:23:36,围网
9408,29.92102777777778,125.08630555555555,2.3,312.0,2020-09-18 09:33:36,围网
9408,29.92588888888889,125.0785,2.8,297.0,2020-09-18 09:43:37,围网
9408,29.930611111111112,125.07088888888887,3.0,312.0,2020-09-18 09:53:36,围网
9408,29.93583333333333,125.0629722222222,3.3,302.0,2020-09-18 10:04:32,围网
9408,29.941,125.0572222222222,4.6,350.0,2020-09-18 10:13:36,围网
9408,29.947027777777766,125.05163888888887,3.9,351.0,2020-09-18 10:23:35,围网
9408,29.949472222222226,125.0474722222222,0.7,0.0,2020-09-18 10:33:35,围网
9408,29.94894444444445,125.04833333333332,3.3,185.0,2020-09-18 10:43:38,围网
9408,29.949527777777767,125.05047222222224,4.2,30.0,2020-09-18 10:53:36,围网
9408,29.949361111111113,125.0702777777778,3.9,113.0,2020-09-18 11:13:35,围网
9408,29.94619444444445,125.07961111111106,3.8,108.0,2020-09-18 11:23:35,围网
9408,29.941055555555558,125.08805555555556,3.3,117.0,2020-09-18 11:33:35,围网
9408,29.935277777777767,125.09605555555555,2.7,106.0,2020-09-18 11:43:35,围网
9408,29.93025,125.10497222222222,4.2,119.0,2020-09-18 11:53:35,围网
9408,29.92519444444445,125.11427777777777,3.4,120.0,2020-09-18 12:03:36,围网
9408,29.919527777777766,125.12366666666668,2.5,115.0,2020-09-18 12:14:03,围网
9408,29.909000000000002,125.14136111111112,3.3,124.0,2020-09-18 12:33:35,围网
9408,29.90319444444444,125.14983333333332,4.2,115.0,2020-09-18 12:43:35,围网
9408,29.89680555555555,125.15772222222222,3.1,150.0,2020-09-18 12:53:35,围网
9408,29.89,125.16502777777778,3.3,146.0,2020-09-18 13:03:35,围网
9408,29.88275,125.17186111111113,4.2,161.0,2020-09-18 13:13:35,围网
9408,29.87544444444445,125.17838888888893,3.4,136.0,2020-09-18 13:23:35,围网
9408,29.86758333333333,125.18422222222223,3.5,147.0,2020-09-18 13:33:35,围网
9408,29.859472222222234,125.18961111111112,3.6,143.0,2020-09-18 13:43:35,围网
9408,29.851138888888887,125.19427777777778,3.3,151.0,2020-09-18 13:53:35,围网
9408,29.842666666666666,125.1985,3.5,149.0,2020-09-18 14:03:35,围网
9408,29.83936111111111,125.20077777777777,2.0,164.0,2020-09-18 14:13:35,围网
9408,29.840277777777768,125.19788888888893,4.4,313.0,2020-09-18 14:23:35,围网
9408,29.84775,125.18694444444445,5.2,289.0,2020-09-18 14:33:35,围网
9408,29.843277777777786,125.17780555555555,4.4,189.0,2020-09-18 14:43:34,围网
9408,29.83388888888889,125.17630555555556,3.9,165.0,2020-09-18 14:53:35,围网
9408,29.824361111111113,125.1762222222222,3.3,176.0,2020-09-18 15:03:34,围网
9408,29.81494444444445,125.17597222222223,4.0,173.0,2020-09-18 15:13:34,围网
9408,29.805194444444453,125.17555555555555,2.7,166.0,2020-09-18 15:24:09,围网
9408,29.79644444444445,125.17719444444445,3.2,157.0,2020-09-18 15:33:34,围网
9408,29.787722222222232,125.17627777777778,3.2,199.0,2020-09-18 15:43:34,围网
9408,29.77919444444445,125.17416666666666,3.0,198.0,2020-09-18 15:53:34,围网
9408,29.770805555555555,125.17169444444444,2.8,182.0,2020-09-18 16:03:34,围网
9408,29.76227777777777,125.16886111111113,3.1,216.0,2020-09-18 16:13:34,围网
9408,29.753611111111113,125.16572222222223,2.8,200.0,2020-09-18 16:23:34,围网
9408,29.745305555555557,125.16238888888893,2.5,197.0,2020-09-18 16:33:34,围网
9408,29.73716666666667,125.15819444444445,3.2,228.0,2020-09-18 16:43:34,围网
9408,29.72933333333333,125.15322222222223,3.2,216.0,2020-09-18 16:53:34,围网
9408,29.721805555555548,125.14763888888888,3.5,191.0,2020-09-18 17:03:34,围网
9408,29.71533333333333,125.14188888888893,1.1,326.0,2020-09-18 17:13:34,围网
9408,29.71347222222222,125.13894444444445,0.3,0.0,2020-09-18 17:23:34,围网
9408,29.71683333333333,125.11944444444444,9.6,279.0,2020-09-18 17:33:34,围网
9408,29.724527777777766,125.09336111111112,8.8,279.0,2020-09-18 17:43:34,围网
9408,29.732027777777766,125.06386111111112,8.7,279.0,2020-09-18 17:54:33,围网
9408,29.73833333333333,125.03930555555556,9.4,287.0,2020-09-18 18:03:34,围网
9408,29.74580555555556,125.01186111111113,8.5,278.0,2020-09-18 18:13:34,围网
9408,29.754472222222233,124.98466666666668,8.6,287.0,2020-09-18 18:23:34,围网
9408,29.76394444444445,124.95811111111112,8.7,290.0,2020-09-18 18:33:34,围网
9408,29.77441666666667,124.93230555555556,8.7,302.0,2020-09-18 18:43:34,围网
9408,29.783916666666666,124.90636111111112,9.5,283.0,2020-09-18 18:53:34,围网
9408,29.791555555555554,124.87877777777777,9.4,287.0,2020-09-18 19:03:33,围网
9408,29.80022222222223,124.85163888888887,8.9,281.0,2020-09-18 19:13:33,围网
9408,29.805750000000003,124.82288888888887,9.6,273.0,2020-09-18 19:23:33,围网
9408,29.81336111111111,124.79427777777778,9.7,282.0,2020-09-18 19:33:33,围网
9408,29.82080555555555,124.76619444444445,8.7,297.0,2020-09-18 19:43:33,围网
9408,29.827277777777766,124.73786111111113,9.4,274.0,2020-09-18 19:53:33,围网
9408,29.834138888888887,124.70855555555555,9.0,290.0,2020-09-18 20:04:03,围网
9408,29.841166666666666,124.68233333333332,9.1,292.0,2020-09-18 20:13:33,围网
9408,29.84769444444445,124.65480555555555,9.0,289.0,2020-09-18 20:23:33,围网
9408,29.85519444444445,124.6272777777778,8.9,283.0,2020-09-18 20:33:33,围网
9408,29.860250000000004,124.59952777777778,8.7,249.0,2020-09-18 20:43:33,围网
9408,29.862444444444453,124.57169444444445,8.4,274.0,2020-09-18 20:53:33,围网
9408,29.86616666666667,124.55258333333332,1.1,322.0,2020-09-18 21:03:33,围网
9408,29.867638888888887,124.55166666666666,1.1,317.0,2020-09-18 21:13:33,围网
9408,29.86786111111111,124.55205555555555,0.7,47.0,2020-09-18 21:23:33,围网
9408,29.86788888888889,124.55208333333331,0.3,0.0,2020-09-18 21:33:33,围网
9408,29.86802777777779,124.55252777777777,0.7,0.0,2020-09-18 21:43:33,围网
9408,29.86794444444445,124.55288888888887,0.8,0.0,2020-09-18 21:53:33,围网
9408,29.868,124.55291666666666,0.3,0.0,2020-09-18 22:03:33,围网
9408,29.86794444444445,124.55305555555556,0.5,0.0,2020-09-18 22:13:33,围网
9408,29.86788888888889,124.55330555555555,0.3,0.0,2020-09-18 22:23:33,围网
9408,29.867777777777786,124.55361111111112,0.4,0.0,2020-09-18 22:33:33,围网
9408,29.867611111111113,124.55380555555556,1.1,0.0,2020-09-18 22:43:33,围网
9408,29.867361111111112,124.5540277777778,1.0,222.0,2020-09-18 22:53:33,围网
9408,29.86725,124.55411111111113,0.8,0.0,2020-09-18 23:03:33,围网
9408,29.866972222222234,124.55419444444445,1.0,0.0,2020-09-18 23:13:33,围网
9408,29.867555555555555,124.55391666666668,0.4,0.0,2020-09-18 23:23:34,围网
9408,29.86727777777777,124.5540277777778,0.4,0.0,2020-09-18 23:34:01,围网
9408,29.867472222222233,124.55416666666666,0.2,0.0,2020-09-18 23:43:32,围网
9408,29.86738888888889,124.55408333333334,0.1,0.0,2020-09-18 23:53:32,围网
9408,29.86727777777777,124.55433333333332,0.7,0.0,2020-09-19 00:03:32,围网
9408,29.86711111111111,124.55447222222222,2.2,251.0,2020-09-19 00:13:32,围网
9408,29.866888888888887,124.55458333333333,0.2,0.0,2020-09-19 00:23:32,围网
9408,29.86661111111113,124.55466666666666,0.5,0.0,2020-09-19 00:33:32,围网
9408,29.86633333333333,124.55469444444445,1.3,0.0,2020-09-19 00:43:32,围网
9408,29.866083333333336,124.55466666666666,0.2,0.0,2020-09-19 00:53:32,围网
9408,29.86583333333333,124.5545277777778,0.4,0.0,2020-09-19 01:03:35,围网
9408,29.86569444444445,124.55461111111113,0.8,127.0,2020-09-19 01:14:01,围网
9408,29.86563888888889,124.55458333333333,1.7,320.0,2020-09-19 01:23:32,围网
9408,29.86558333333333,124.55455555555555,0.3,0.0,2020-09-19 01:33:32,围网
9408,29.865527777777785,124.5545,0.5,0.0,2020-09-19 01:43:32,围网
9408,29.865361111111113,124.55438888888888,0.6,0.0,2020-09-19 01:53:32,围网
9408,29.865222222222233,124.55427777777777,1.0,0.0,2020-09-19 02:03:32,围网
9408,29.86508333333333,124.55411111111113,1.9,330.0,2020-09-19 02:13:32,围网
9408,29.86497222222223,124.554,2.4,35.0,2020-09-19 02:23:32,围网
9408,29.86494444444445,124.55391666666668,0.9,145.0,2020-09-19 02:33:32,围网
9408,29.86483333333333,124.55372222222222,1.4,59.0,2020-09-19 02:43:32,围网
9408,29.864777777777785,124.55352777777777,1.3,71.0,2020-09-19 02:53:32,围网
9408,29.86475,124.55341666666666,0.4,0.0,2020-09-19 03:03:32,围网
9408,29.86466666666667,124.55327777777778,1.0,207.0,2020-09-19 03:13:32,围网
9408,29.86466666666667,124.55319444444444,0.9,0.0,2020-09-19 03:23:32,围网
9408,29.864638888888887,124.553,0.1,0.0,2020-09-19 03:33:32,围网
9408,29.864638888888887,124.55308333333332,1.9,73.0,2020-09-19 03:43:31,围网
9408,29.864638888888887,124.55283333333334,0.9,0.0,2020-09-19 03:53:32,围网
9408,29.86713888888889,124.55252777777777,5.2,324.0,2020-09-19 04:04:01,围网
9408,29.873472222222233,124.53291666666668,7.4,293.0,2020-09-19 04:13:31,围网
9408,29.88144444444445,124.51288888888888,7.2,287.0,2020-09-19 04:23:31,围网
9408,29.887916666666666,124.49055555555556,7.2,303.0,2020-09-19 04:33:31,围网
9408,29.895944444444442,124.46883333333334,7.4,294.0,2020-09-19 04:43:31,围网
9408,29.90408333333333,124.44663888888887,7.8,298.0,2020-09-19 04:53:31,围网
9408,29.91113888888889,124.42772222222223,1.8,0.0,2020-09-19 05:03:31,围网
9408,29.913916666666665,124.41677777777778,4.1,252.0,2020-09-19 05:13:31,围网
9408,29.914388888888887,124.40694444444445,2.2,298.0,2020-09-19 05:23:31,围网
9408,29.915777777777766,124.39686111111112,2.3,291.0,2020-09-19 05:33:31,围网
9408,29.917638888888888,124.387,1.3,0.0,2020-09-19 05:43:31,围网
9408,29.919277777777786,124.37666666666668,1.2,0.0,2020-09-19 05:53:31,围网
9408,29.92238888888889,124.3670277777778,4.3,244.0,2020-09-19 06:03:31,围网
9408,29.926222222222233,124.35766666666666,4.0,281.0,2020-09-19 06:13:31,围网
9408,29.92919444444445,124.34744444444445,3.6,283.0,2020-09-19 06:23:34,围网
9408,29.932305555555555,124.33688888888888,2.2,303.0,2020-09-19 06:33:38,围网
9408,29.933694444444445,124.32569444444445,4.1,268.0,2020-09-19 06:44:01,围网
9408,29.934472222222233,124.31513888888887,3.4,276.0,2020-09-19 06:53:31,围网
9408,29.935527777777786,124.304,3.6,284.0,2020-09-19 07:03:31,围网
9408,29.936416666666666,124.29269444444445,3.8,268.0,2020-09-19 07:13:31,围网
9408,29.93741666666667,124.2812777777778,4.1,267.0,2020-09-19 07:23:31,围网
9408,29.93883333333333,124.26994444444445,4.2,293.0,2020-09-19 07:33:31,围网
9408,29.93966666666667,124.25927777777778,1.0,336.0,2020-09-19 07:43:31,围网
9408,29.939277777777768,124.25513888888888,3.4,0.0,2020-09-19 07:53:32,围网
9408,29.93125,124.26177777777778,4.8,166.0,2020-09-19 08:03:33,围网
9408,29.92963888888889,124.25811111111112,4.6,296.0,2020-09-19 08:14:03,围网
9408,29.93291666666667,124.24741666666668,4.2,306.0,2020-09-19 08:23:30,围网
9408,29.93622222222222,124.23672222222223,5.1,329.0,2020-09-19 08:33:30,围网
9408,29.94019444444445,124.2265,6.3,342.0,2020-09-19 08:43:30,围网
9408,29.94491666666667,124.21672222222223,4.5,333.0,2020-09-19 08:53:30,围网
9408,29.94897222222221,124.20680555555555,3.2,0.0,2020-09-19 09:03:30,围网
9408,29.94897222222221,124.20680555555555,3.2,0.0,2020-09-19 09:15:01,围网
9408,29.957694444444453,124.18777777777778,3.0,276.0,2020-09-19 09:24:03,围网
9408,29.960777777777786,124.17822222222223,3.4,291.0,2020-09-19 09:33:30,围网
9408,29.964666666666666,124.16836111111112,3.3,287.0,2020-09-19 09:43:30,围网
9408,29.96872222222222,124.15880555555556,3.9,295.0,2020-09-19 09:53:30,围网
9408,29.974472222222207,124.15019444444445,4.2,326.0,2020-09-19 10:03:30,围网
9408,29.98108333333333,124.14236111111113,3.7,312.0,2020-09-19 10:13:31,围网
9408,29.986166666666666,124.13358333333332,3.2,305.0,2020-09-19 10:23:30,围网
9408,29.99102777777778,124.12491666666666,3.3,306.0,2020-09-19 10:33:30,围网
9408,29.99580555555556,124.11641666666664,3.0,307.0,2020-09-19 10:43:32,围网
9408,30.00094444444445,124.10847222222222,3.1,318.0,2020-09-19 10:53:31,围网
9408,30.005888888888887,124.10052777777777,3.1,314.0,2020-09-19 11:03:31,围网
9408,30.00808333333333,124.09877777777778,1.9,246.0,2020-09-19 11:13:30,围网
9408,30.002777777777766,124.10583333333332,5.3,95.0,2020-09-19 11:23:30,围网
9408,29.99758333333333,124.12444444444445,6.7,96.0,2020-09-19 11:33:30,围网
9408,29.983361111111112,124.16261111111113,6.0,115.0,2020-09-19 11:53:57,围网
9408,29.981805555555553,124.18136111111113,4.5,78.0,2020-09-19 12:03:30,围网
9408,29.985138888888887,124.192,3.0,70.0,2020-09-19 12:13:30,围网
9408,29.988277777777785,124.20094444444445,3.1,81.0,2020-09-19 12:23:29,围网
9408,29.99105555555556,124.2097777777778,2.9,49.0,2020-09-19 12:33:29,围网
9408,29.99508333333333,124.21844444444444,2.9,61.0,2020-09-19 12:43:29,围网
9408,29.99597222222221,124.22805555555556,2.4,79.0,2020-09-19 12:53:29,围网
9408,29.99602777777778,124.23741666666668,2.3,88.0,2020-09-19 13:03:29,围网
9408,29.99608333333333,124.24669444444444,2.9,85.0,2020-09-19 13:13:29,围网
9408,29.99552777777778,124.25608333333332,2.9,100.0,2020-09-19 13:23:29,围网
9408,29.993805555555557,124.26458333333332,0.9,0.0,2020-09-19 13:33:29,围网
9408,29.991611111111112,124.26683333333334,1.5,208.0,2020-09-19 13:43:30,围网
9408,29.9905,124.26763888888887,1.0,0.0,2020-09-19 13:53:29,围网
9408,29.98941666666667,124.2687222222222,3.0,210.0,2020-09-19 14:03:56,围网
9408,29.983888888888888,124.27363888888887,8.5,160.0,2020-09-19 14:13:29,围网
9408,29.96125,124.27797222222222,8.3,175.0,2020-09-19 14:23:29,围网
9408,29.94763888888889,124.28688888888887,3.3,153.0,2020-09-19 14:33:29,围网
9408,29.94238888888889,124.29513888888887,3.3,106.0,2020-09-19 14:43:29,围网
9408,29.93711111111111,124.30322222222223,3.5,130.0,2020-09-19 14:53:29,围网
9408,29.93216666666667,124.31152777777777,3.6,130.0,2020-09-19 15:03:29,围网
9408,29.92752777777779,124.31980555555555,3.2,124.0,2020-09-19 15:13:29,围网
9408,29.92286111111111,124.3285,3.2,115.0,2020-09-19 15:23:29,围网
9408,29.918083333333332,124.3370277777778,2.9,117.0,2020-09-19 15:33:29,围网
9408,29.912722222222207,124.345,3.1,141.0,2020-09-19 15:43:29,围网
9408,29.907138888888888,124.35280555555555,3.4,124.0,2020-09-19 15:53:29,围网
9408,29.90158333333333,124.36044444444444,3.0,123.0,2020-09-19 16:03:29,围网
9408,29.89619444444445,124.36805555555556,3.6,144.0,2020-09-19 16:13:29,围网
9408,29.89113888888889,124.37563888888887,4.8,125.0,2020-09-19 16:23:29,围网
9408,29.88516666666667,124.38275,4.2,132.0,2020-09-19 16:33:30,围网
9408,29.878138888888888,124.38925,3.3,153.0,2020-09-19 16:43:57,围网
9408,29.871527777777786,124.39455555555556,2.9,151.0,2020-09-19 16:53:28,围网
9408,29.86288888888889,124.39616666666667,3.4,182.0,2020-09-19 17:03:28,围网
9408,29.860055555555558,124.39486111111113,0.6,0.0,2020-09-19 17:13:28,围网
9408,29.854055555555554,124.39275,4.2,115.0,2020-09-19 17:23:28,围网
9408,29.86947222222221,124.39961111111113,6.7,70.0,2020-09-19 17:33:28,围网
9408,29.87608333333333,124.39941666666668,8.2,252.0,2020-09-19 17:43:28,围网
9408,29.872722222222233,124.38888888888893,3.2,238.0,2020-09-19 17:53:28,围网
9408,29.870694444444442,124.37897222222222,2.9,267.0,2020-09-19 18:03:28,围网
9408,29.869861111111113,124.36872222222222,3.1,274.0,2020-09-19 18:13:28,围网
9408,29.867472222222233,124.35863888888888,3.2,247.0,2020-09-19 18:23:28,围网
9408,29.86436111111113,124.34897222222222,3.0,244.0,2020-09-19 18:33:28,围网
9408,29.85991666666667,124.33975,2.5,255.0,2020-09-19 18:43:28,围网
9408,29.85777777777778,124.32986111111107,2.8,237.0,2020-09-19 18:53:28,围网
9408,29.854222222222226,124.32008333333332,3.2,258.0,2020-09-19 19:03:56,围网
9408,29.853305555555558,124.30969444444445,3.4,281.0,2020-09-19 19:13:28,围网
9408,29.851777777777766,124.29905555555555,3.2,262.0,2020-09-19 19:23:28,围网
9408,29.8495,124.28858333333332,3.2,248.0,2020-09-19 19:33:28,围网
9408,29.847277777777766,124.27825,3.2,249.0,2020-09-19 19:43:28,围网
9408,29.847305555555554,124.25675,3.6,282.0,2020-09-19 20:03:28,围网
9408,29.84822222222222,124.25158333333331,2.4,257.0,2020-09-19 20:13:28,围网
9408,29.84725,124.24708333333334,3.3,152.0,2020-09-19 20:23:28,围网
9408,29.84213888888889,124.24413888888887,3.5,198.0,2020-09-19 20:33:28,围网
9408,29.842777777777766,124.23891666666668,4.0,2.0,2020-09-19 20:43:28,围网
9408,29.84836111111111,124.22783333333334,3.6,323.0,2020-09-19 20:53:27,围网
9408,29.85436111111111,124.22005555555555,3.3,327.0,2020-09-19 21:03:27,围网
9408,29.859861111111112,124.21208333333333,3.2,316.0,2020-09-19 21:13:27,围网
9408,29.864777777777785,124.20363888888888,3.0,310.0,2020-09-19 21:23:27,围网
9408,29.86847222222222,124.19483333333334,2.7,296.0,2020-09-19 21:33:27,围网
9408,29.87491666666667,124.18683333333334,3.6,343.0,2020-09-19 21:43:55,围网
9408,29.882277777777766,124.18147222222223,3.2,316.0,2020-09-19 21:53:27,围网
9408,29.889861111111113,124.17561111111112,3.5,328.0,2020-09-19 22:03:27,围网
9408,29.8975,124.17013888888887,3.4,328.0,2020-09-19 22:13:27,围网
9408,29.910027777777767,124.15619444444445,3.7,301.0,2020-09-19 22:33:27,围网
9408,29.917388888888887,124.15030555555555,3.4,333.0,2020-09-19 22:43:27,围网
9408,29.92527777777779,124.14544444444445,3.3,334.0,2020-09-19 22:53:27,围网
9408,29.93330555555556,124.14086111111112,3.7,329.0,2020-09-19 23:03:27,围网
9408,29.941805555555554,124.13791666666668,2.8,339.0,2020-09-19 23:13:27,围网
9408,29.950555555555553,124.1370277777778,3.6,347.0,2020-09-19 23:23:27,围网
9408,29.95933333333333,124.13822222222224,2.5,11.0,2020-09-19 23:33:27,围网
9408,29.967277777777767,124.14244444444445,3.0,39.0,2020-09-19 23:43:27,围网
9408,29.97427777777777,124.14825,3.1,38.0,2020-09-19 23:53:27,围网
9408,29.979111111111113,124.15663888888888,3.1,44.0,2020-09-20 00:03:55,围网
9408,29.985194444444453,124.16261111111113,3.0,50.0,2020-09-20 00:13:27,围网
9408,29.988416666666666,124.16630555555555,2.0,342.0,2020-09-20 00:23:27,围网
9408,29.98833333333333,124.16469444444445,3.1,138.0,2020-09-20 00:33:27,围网
9408,30.001277777777766,124.214,8.8,74.0,2020-09-20 00:53:27,围网
9408,30.00833333333333,124.2372777777778,3.6,329.0,2020-09-20 01:03:27,围网
9408,30.01219444444445,124.21611111111113,6.9,277.0,2020-09-20 01:13:27,围网
9408,30.01597222222221,124.19308333333332,6.8,275.0,2020-09-20 01:23:26,围网
9408,30.020111111111113,124.17005555555555,7.0,300.0,2020-09-20 01:33:26,围网
9408,30.023277777777786,124.14733333333334,6.2,269.0,2020-09-20 01:43:26,围网
9408,30.024361111111112,124.12286111111106,7.3,272.0,2020-09-20 01:53:55,围网
9408,30.02475,124.1009722222222,7.3,271.0,2020-09-20 02:03:26,围网
9408,30.02352777777779,124.0785,7.1,264.0,2020-09-20 02:13:26,围网
9408,30.02344444444445,124.05625,6.7,267.0,2020-09-20 02:23:26,围网
9408,30.021166666666666,124.0347777777778,7.1,269.0,2020-09-20 02:33:26,围网
9408,30.02186111111111,124.0125,7.2,272.0,2020-09-20 02:43:26,围网
9408,30.023666666666664,123.99069444444444,6.8,297.0,2020-09-20 02:53:26,围网
9408,30.02822222222222,123.96991666666668,7.2,274.0,2020-09-20 03:03:26,围网
9408,30.02919444444445,123.9470277777778,7.2,279.0,2020-09-20 03:13:26,围网
9408,30.02986111111111,123.92441666666666,7.1,274.0,2020-09-20 03:23:26,围网
9408,30.035694444444445,123.90880555555556,4.0,348.0,2020-09-20 03:33:26,围网
9408,30.04977777777778,123.9062777777778,6.3,19.0,2020-09-20 03:43:26,围网
9408,30.067805555555548,123.90591666666668,6.4,0.0,2020-09-20 03:53:26,围网
9408,30.087194444444453,123.9044722222222,6.8,3.0,2020-09-20 04:03:55,围网
9408,30.088027777777786,123.91247222222222,3.6,161.0,2020-09-20 04:13:26,围网
9408,30.080388888888887,123.91799999999999,3.4,148.0,2020-09-20 04:23:26,围网
9408,30.07252777777777,123.92286111111113,3.4,157.0,2020-09-20 04:33:26,围网
9408,30.06419444444445,123.92669444444445,3.1,147.0,2020-09-20 04:43:26,围网
9408,30.055888888888887,123.93025,3.6,135.0,2020-09-20 04:53:26,围网
9408,30.04738888888889,123.93286111111112,3.3,171.0,2020-09-20 05:03:26,围网
9408,30.038083333333336,123.9327777777778,3.4,177.0,2020-09-20 05:13:26,围网
9408,30.02872222222221,123.93208333333334,3.6,193.0,2020-09-20 05:23:26,围网
9408,30.019416666666668,123.9310277777778,3.7,199.0,2020-09-20 05:33:25,围网
9408,30.01019444444445,123.92969444444445,3.8,169.0,2020-09-20 05:43:25,围网
9408,30.00172222222222,123.92600000000002,3.4,229.0,2020-09-20 05:53:25,围网
9408,29.99513888888889,123.91880555555555,3.3,225.0,2020-09-20 06:03:25,围网
9408,29.991138888888887,123.90994444444445,2.9,251.0,2020-09-20 06:13:25,围网
9408,29.98869444444445,123.90072222222223,3.3,236.0,2020-09-20 06:23:25,围网
9408,29.983305555555557,123.89208333333332,3.1,234.0,2020-09-20 06:33:25,围网
9408,29.97733333333333,123.88325,3.9,218.0,2020-09-20 06:43:25,围网
9408,29.973888888888887,123.87955555555556,2.9,159.0,2020-09-20 06:53:27,围网
9408,29.96844444444444,123.87658333333331,4.3,340.0,2020-09-20 07:03:25,围网
9408,29.984444444444453,123.87319444444445,5.7,262.0,2020-09-20 07:13:55,围网
9408,29.98352777777778,123.86005555555555,3.3,0.0,2020-09-20 07:23:26,围网
9408,29.98172222222221,123.84861111111113,4.4,0.0,2020-09-20 07:33:27,围网
9408,29.979111111111113,123.82625,4.0,0.0,2020-09-20 07:53:32,围网
9408,29.977916666666665,123.81505555555556,3.6,280.0,2020-09-20 08:03:56,围网
9408,29.97722222222221,123.8047222222222,4.4,255.0,2020-09-20 08:13:25,围网
9408,29.97694444444444,123.79358333333332,3.2,268.0,2020-09-20 08:23:25,围网
9408,29.977,123.78255555555555,3.8,273.0,2020-09-20 08:33:25,围网
9408,29.977305555555553,123.77177777777777,3.5,283.0,2020-09-20 08:43:25,围网
9408,29.978527777777767,123.76113888888888,4.1,277.0,2020-09-20 08:53:25,围网
9408,29.984305555555554,123.7512777777778,3.0,300.0,2020-09-20 09:03:25,围网
9408,29.98991666666667,123.742,5.2,284.0,2020-09-20 09:13:25,围网
9408,29.99580555555556,123.73308333333333,4.0,285.0,2020-09-20 09:23:25,围网
9408,30.001027777777786,123.72363888888887,5.4,341.0,2020-09-20 09:33:25,围网
9408,30.00594444444444,123.716,3.3,0.0,2020-09-20 09:43:25,围网
9408,30.007361111111113,123.7104722222222,2.2,296.0,2020-09-20 09:53:55,围网
9408,30.01208333333333,123.69319444444444,6.1,322.0,2020-09-20 10:03:24,围网
9408,30.02458333333333,123.69072222222223,3.2,343.0,2020-09-20 10:13:24,围网
9408,30.03388888888889,123.68875,3.4,357.0,2020-09-20 10:23:24,围网
9408,30.043138888888887,123.68761111111112,3.0,359.0,2020-09-20 10:33:24,围网
9408,30.05233333333333,123.6862777777778,3.2,347.0,2020-09-20 10:43:24,围网
9408,30.06158333333333,123.68583333333332,2.9,358.0,2020-09-20 10:53:24,围网
9408,30.07111111111111,123.68536111111112,3.2,30.0,2020-09-20 11:03:24,围网
9408,30.080472222222234,123.68566666666666,4.8,338.0,2020-09-20 11:13:24,围网
9408,30.08963888888889,123.68569444444445,3.5,352.0,2020-09-20 11:23:26,围网
9408,30.09869444444445,123.68597222222222,2.6,8.0,2020-09-20 11:33:24,围网
9408,30.108361111111112,123.68663888888894,2.1,12.0,2020-09-20 11:43:55,围网
9408,30.116944444444453,123.68797222222223,3.2,357.0,2020-09-20 11:53:24,围网
9408,30.125722222222233,123.69052777777777,3.3,27.0,2020-09-20 12:03:24,围网
9408,30.13369444444445,123.69455555555555,3.6,10.0,2020-09-20 12:13:24,围网
9408,30.151055555555555,123.70116666666668,3.6,16.0,2020-09-20 12:33:24,围网
9408,30.16011111111111,123.70241666666666,3.6,352.0,2020-09-20 12:43:24,围网
9408,30.169,123.70325,3.7,29.0,2020-09-20 12:53:24,围网
9408,30.17763888888889,123.70299999999999,3.4,330.0,2020-09-20 13:03:24,围网
9408,30.17963888888889,123.70213888888892,2.6,280.0,2020-09-20 13:13:24,围网
9408,30.183250000000005,123.70680555555555,8.4,50.0,2020-09-20 13:23:24,围网
9408,30.19594444444445,123.72563888888894,8.4,42.0,2020-09-20 13:33:24,围网
9408,30.20336111111111,123.74261111111113,4.7,50.0,2020-09-20 13:43:24,围网
9408,30.20572222222221,123.75208333333332,3.4,59.0,2020-09-20 13:53:24,围网
9408,30.20788888888889,123.76191666666666,3.1,79.0,2020-09-20 14:03:56,围网
9408,30.208444444444442,123.77127777777778,3.4,91.0,2020-09-20 14:13:24,围网
9408,30.20975,123.7812777777778,4.4,103.0,2020-09-20 14:23:24,围网
9408,30.20719444444445,123.79133333333333,5.0,106.0,2020-09-20 14:33:24,围网
9408,30.2035,123.8010277777778,2.9,112.0,2020-09-20 14:43:55,围网
9408,30.20347222222221,123.80080555555556,0.8,0.0,2020-09-20 14:53:24,围网
9408,30.199055555555553,123.80491666666668,9.3,99.0,2020-09-20 15:03:23,围网
9408,30.19525,123.82791666666664,7.4,111.0,2020-09-20 15:13:23,围网
9408,30.18794444444445,123.83844444444445,3.5,125.0,2020-09-20 15:23:23,围网
9408,30.184,123.84683333333334,3.2,129.0,2020-09-20 15:33:24,围网
9408,30.17827777777779,123.85497222222222,3.2,121.0,2020-09-20 15:44:03,围网
9408,30.172305555555557,123.86166666666666,3.8,131.0,2020-09-20 15:53:23,围网
9408,30.165222222222226,123.868,3.0,144.0,2020-09-20 16:03:23,围网
9408,30.1575,123.87344444444444,4.6,159.0,2020-09-20 16:13:23,围网
9408,30.15133333333333,123.88058333333332,3.0,124.0,2020-09-20 16:23:23,围网
9408,30.146472222222233,123.88844444444445,3.6,129.0,2020-09-20 16:33:23,围网
9408,30.14075,123.89583333333334,3.9,137.0,2020-09-20 16:43:23,围网
9408,30.13486111111111,123.90294444444444,3.4,138.0,2020-09-20 16:53:23,围网
9408,30.129055555555553,123.90986111111113,4.1,145.0,2020-09-20 17:03:23,围网
9408,30.12233333333333,123.91594444444445,3.1,128.0,2020-09-20 17:13:23,围网
9408,30.11416666666667,123.91925,4.7,189.0,2020-09-20 17:23:23,围网
9408,30.096777777777767,123.91958333333334,3.5,150.0,2020-09-20 17:43:23,围网
9408,30.089666666666666,123.92380555555556,4.1,118.0,2020-09-20 17:53:23,围网
9408,30.081999999999997,123.92788888888887,3.5,164.0,2020-09-20 18:03:55,围网
9408,30.074361111111113,123.92991666666668,3.1,176.0,2020-09-20 18:13:23,围网
9408,30.06580555555556,123.92980555555555,3.9,195.0,2020-09-20 18:23:23,围网
9408,30.057361111111113,123.92869444444445,4.3,210.0,2020-09-20 18:33:23,围网
9408,30.04891666666667,123.92597222222223,2.8,188.0,2020-09-20 18:43:22,围网
9408,30.04066666666667,123.9237222222222,3.9,197.0,2020-09-20 18:53:22,围网
9408,30.03294444444445,123.91966666666669,2.8,208.0,2020-09-20 19:03:22,围网
9408,30.0325,123.91686111111113,3.4,214.0,2020-09-20 19:13:22,围网
9408,30.02991666666667,123.91983333333334,5.9,85.0,2020-09-20 19:23:22,围网
9408,30.03208333333333,123.93886111111112,6.1,84.0,2020-09-20 19:33:22,围网
9408,30.03244444444445,123.95738888888893,5.8,88.0,2020-09-20 19:43:39,围网
9408,30.03313888888889,123.95233333333331,3.3,269.0,2020-09-20 19:53:22,围网
9408,30.03158333333333,123.94216666666668,2.5,260.0,2020-09-20 20:03:22,围网
9408,30.02991666666667,123.93163888888887,3.0,265.0,2020-09-20 20:13:22,围网
9408,30.02894444444444,123.9212777777778,2.9,271.0,2020-09-20 20:23:22,围网
9408,30.02836111111111,123.91091666666668,3.3,269.0,2020-09-20 20:33:22,围网
9408,30.028166666666664,123.90044444444445,3.0,282.0,2020-09-20 20:43:22,围网
9408,30.029027777777767,123.88997222222223,3.3,285.0,2020-09-20 20:53:22,围网
9408,30.0325,123.88,3.5,303.0,2020-09-20 21:03:22,围网
9408,30.03708333333333,123.8705,3.3,289.0,2020-09-20 21:13:22,围网
9408,30.04258333333333,123.86161111111107,3.9,304.0,2020-09-20 21:23:22,围网
9408,30.04947222222223,123.85380555555555,3.6,321.0,2020-09-20 21:33:22,围网
9408,30.05691666666667,123.84669444444445,3.4,303.0,2020-09-20 21:43:39,围网
9408,30.060305555555555,123.83736111111112,3.2,310.0,2020-09-20 21:53:22,围网
9408,30.062555555555555,123.82761111111112,3.0,283.0,2020-09-20 22:03:22,围网
9408,30.064277777777786,123.818,3.1,287.0,2020-09-20 22:13:22,围网
9408,30.068527777777767,123.80880555555555,3.2,316.0,2020-09-20 22:23:22,围网
9408,30.07413888888889,123.80058333333332,3.3,319.0,2020-09-20 22:33:22,围网
9408,30.08063888888889,123.79305555555555,3.4,323.0,2020-09-20 22:43:22,围网
9408,30.08808333333333,123.78658333333334,3.4,335.0,2020-09-20 22:53:22,围网
9408,30.092305555555555,123.78386111111112,2.4,300.0,2020-09-20 23:03:21,围网
9408,30.09147222222222,123.78347222222222,6.7,121.0,2020-09-20 23:13:21,围网
9408,30.08122222222222,123.80280555555555,7.9,116.0,2020-09-20 23:23:21,围网
9408,30.07800000000001,123.82005555555556,2.9,347.0,2020-09-20 23:33:21,围网
9408,30.088555555555555,123.8204722222222,3.7,8.0,2020-09-20 23:43:21,围网
9408,30.097527777777767,123.819,3.0,16.0,2020-09-20 23:53:39,围网
9408,30.10583333333333,123.81844444444445,3.0,352.0,2020-09-21 00:03:21,围网
9408,30.11433333333333,123.81791666666666,3.4,9.0,2020-09-21 00:13:21,围网
9408,30.12322222222221,123.81975,3.7,9.0,2020-09-21 00:23:21,围网
9408,30.13194444444445,123.81986111111112,3.5,14.0,2020-09-21 00:33:21,围网
9408,30.140555555555554,123.82166666666666,3.3,339.0,2020-09-21 00:43:21,围网
9408,30.14875,123.82263888888887,3.7,322.0,2020-09-21 00:53:21,围网
9408,30.157055555555548,123.82405555555556,4.2,34.0,2020-09-21 01:03:21,围网
9408,30.16561111111111,123.82575,3.1,8.0,2020-09-21 01:13:21,围网
9408,30.174111111111113,123.82580555555555,3.5,21.0,2020-09-21 01:23:21,围网
9408,30.181611111111113,123.82838888888894,2.6,20.0,2020-09-21 01:33:21,围网
9408,30.184472222222233,123.82961111111106,1.5,23.0,2020-09-21 01:43:21,围网
9408,30.18408333333333,123.82983333333333,2.9,215.0,2020-09-21 01:53:21,围网
9408,30.18433333333333,123.83352777777776,3.9,48.0,2020-09-21 02:03:38,围网
9408,30.185277777777767,123.83927777777777,1.9,127.0,2020-09-21 02:13:21,围网
9408,30.18202777777779,123.8419722222222,1.0,146.0,2020-09-21 02:23:21,围网
9408,30.17527777777779,123.853,3.4,121.0,2020-09-21 02:33:21,围网
9408,30.17091666666667,123.86130555555556,3.2,119.0,2020-09-21 02:43:21,围网
9408,30.16875,123.87058333333331,3.3,117.0,2020-09-21 02:53:21,围网
9408,30.163666666666664,123.87788888888888,3.9,150.0,2020-09-21 03:03:21,围网
9408,30.15736111111111,123.88388888888888,4.3,115.0,2020-09-21 03:13:21,围网
9408,30.151055555555555,123.88975,3.8,105.0,2020-09-21 03:23:20,围网
9408,30.14538888888889,123.89705555555555,3.8,131.0,2020-09-21 03:33:20,围网
9408,30.13925,123.90383333333334,4.1,115.0,2020-09-21 03:43:21,围网
9408,30.13283333333333,123.91066666666669,5.8,117.0,2020-09-21 03:53:23,围网
9408,30.12619444444445,123.91758333333334,6.1,121.0,2020-09-21 04:03:23,围网
9408,30.119083333333336,123.92402777777778,3.4,154.0,2020-09-21 04:13:21,围网
9408,30.111583333333336,123.92966666666666,3.8,179.0,2020-09-21 04:23:20,围网
9408,30.10391666666667,123.93455555555555,3.6,144.0,2020-09-21 04:33:20,围网
9408,30.096027777777767,123.93925,3.1,138.0,2020-09-21 04:43:39,围网
9408,30.08847222222222,123.94419444444445,3.3,170.0,2020-09-21 04:53:20,围网
9408,30.08013888888889,123.94872222222223,4.4,160.0,2020-09-21 05:03:20,围网
9408,30.07169444444445,123.95286111111112,3.6,143.0,2020-09-21 05:13:20,围网
9408,30.06333333333333,123.95722222222223,4.1,146.0,2020-09-21 05:23:20,围网
9408,30.054972222222233,123.96136111111107,3.5,158.0,2020-09-21 05:33:20,围网
9408,30.04644444444445,123.96469444444445,3.5,144.0,2020-09-21 05:43:21,围网
9408,30.037472222222235,123.9665,5.1,153.0,2020-09-21 05:53:27,围网
9408,30.02858333333333,123.96761111111113,1.7,148.0,2020-09-21 06:03:39,围网
9408,30.026,123.96786111111112,1.9,203.0,2020-09-21 06:13:20,围网
9408,30.01908333333333,123.96736111111107,2.4,177.0,2020-09-21 06:23:20,围网
9408,30.01388888888889,123.97291666666666,4.0,208.0,2020-09-21 06:33:20,围网
9408,30.0175,123.98172222222223,6.8,31.0,2020-09-21 06:43:20,围网
9408,30.02933333333333,123.99283333333334,7.3,51.0,2020-09-21 06:53:20,围网
9408,30.01994444444445,123.99380555555555,3.0,178.0,2020-09-21 07:03:20,围网
9408,30.011861111111113,123.99061111111112,3.5,209.0,2020-09-21 07:13:20,围网
9408,30.00344444444445,123.9872777777778,2.7,196.0,2020-09-21 07:23:20,围网
9408,29.99525,123.98369444444445,2.5,209.0,2020-09-21 07:33:20,围网
9408,29.987277777777766,123.9800277777778,3.6,230.0,2020-09-21 07:43:19,围网
9408,29.97963888888889,123.97538888888887,3.1,221.0,2020-09-21 07:53:19,围网
9408,29.97308333333333,123.96819444444445,3.0,235.0,2020-09-21 08:03:19,围网
9408,29.96908333333333,123.9585277777778,2.1,258.0,2020-09-21 08:13:19,围网
9408,29.967666666666666,123.94805555555556,2.9,267.0,2020-09-21 08:23:37,围网
9408,29.96611111111111,123.93780555555556,2.7,256.0,2020-09-21 08:33:37,围网
9408,29.964388888888887,123.9272777777778,3.7,257.0,2020-09-21 08:43:37,围网
9408,29.963305555555557,123.91661111111112,2.6,274.0,2020-09-21 08:53:37,围网
9408,29.96327777777779,123.90536111111112,2.5,263.0,2020-09-21 09:03:37,围网
9408,29.96508333333333,123.89313888888893,3.9,272.0,2020-09-21 09:13:57,围网
9408,29.96661111111111,123.88236111111107,4.2,275.0,2020-09-21 09:23:19,围网
9408,29.969666666666665,123.86108333333333,3.6,266.0,2020-09-21 09:43:19,围网
9408,29.971138888888888,123.85711111111112,0.2,0.0,2020-09-21 09:53:19,围网
9408,29.96988888888889,123.85033333333334,2.6,265.0,2020-09-21 10:03:19,围网
9408,29.9735,123.85561111111113,5.6,38.0,2020-09-21 10:13:19,围网
9408,29.984805555555557,123.8677222222222,3.1,343.0,2020-09-21 10:23:19,围网
9408,29.994972222222234,123.86680555555556,3.6,340.0,2020-09-21 10:33:19,围网
9408,30.00358333333333,123.86405555555555,2.9,344.0,2020-09-21 10:43:19,围网
9408,30.01208333333333,123.86277777777777,1.9,1.0,2020-09-21 10:53:19,围网
9408,30.020777777777766,123.8624722222222,3.2,4.0,2020-09-21 11:03:19,围网
9408,30.029805555555555,123.86075,2.4,9.0,2020-09-21 11:13:19,围网
9408,30.038833333333336,123.86038888888888,2.8,11.0,2020-09-21 11:23:19,围网
9408,30.04752777777778,123.86180555555555,3.1,346.0,2020-09-21 11:33:19,围网
9408,30.056694444444453,123.86138888888887,5.2,346.0,2020-09-21 11:43:19,围网
9408,30.06580555555556,123.85972222222222,4.0,337.0,2020-09-21 11:53:19,围网
9408,30.075138888888887,123.85994444444445,3.2,28.0,2020-09-21 12:03:38,围网
9408,30.08383333333333,123.86111111111107,3.0,356.0,2020-09-21 12:13:18,围网
9408,30.09275,123.86019444444445,3.2,352.0,2020-09-21 12:23:18,围网
9408,30.101805555555554,123.85938888888887,3.3,0.0,2020-09-21 12:33:18,围网
9408,30.110833333333336,123.85841666666668,3.8,3.0,2020-09-21 12:43:18,围网
9408,30.12,123.85741666666668,3.3,351.0,2020-09-21 12:53:18,围网
9408,30.129055555555553,123.85652777777777,3.0,14.0,2020-09-21 13:03:18,围网
9408,30.13819444444445,123.85844444444444,3.3,351.0,2020-09-21 13:13:18,围网
9408,30.146916666666666,123.85738888888888,4.9,345.0,2020-09-21 13:23:18,围网
9408,30.150166666666664,123.85694444444445,0.9,101.0,2020-09-21 13:33:18,围网
9408,30.14763888888889,123.85630555555555,5.0,245.0,2020-09-21 13:43:18,围网
9408,30.15747222222221,123.8605,3.4,28.0,2020-09-21 13:53:18,围网
9408,30.16486111111111,123.86483333333332,3.1,39.0,2020-09-21 14:03:18,围网
9408,30.171277777777767,123.87141666666666,2.6,61.0,2020-09-21 14:13:18,围网
9408,30.17769444444445,123.87808333333332,2.6,27.0,2020-09-21 14:23:20,围网
9408,30.18330555555556,123.8859722222222,3.8,74.0,2020-09-21 14:33:39,围网
9408,30.18741666666667,123.89438888888893,3.1,53.0,2020-09-21 14:43:18,围网
9408,30.19211111111111,123.90283333333336,3.8,38.0,2020-09-21 14:53:18,围网
9408,30.19775000000001,123.91022222222223,3.0,40.0,2020-09-21 15:03:18,围网
9408,30.204611111111113,123.91486111111112,3.0,43.0,2020-09-21 15:13:18,围网
9408,30.209611111111112,123.92308333333334,3.8,68.0,2020-09-21 15:23:18,围网
9408,30.21327777777779,123.93213888888893,2.8,51.0,2020-09-21 15:33:18,围网
9408,30.217555555555553,123.94036111111113,3.0,66.0,2020-09-21 15:43:18,围网
9408,30.220111111111112,123.94986111111106,2.3,76.0,2020-09-21 15:53:18,围网
9408,30.22144444444445,123.95972222222224,3.1,83.0,2020-09-21 16:03:18,围网
9408,30.220555555555553,123.97,3.3,0.0,2020-09-21 16:13:18,围网
9408,30.21947222222222,123.97533333333334,1.9,139.0,2020-09-21 16:23:21,围网
9408,30.21716666666667,123.98086111111112,6.8,8.0,2020-09-21 16:33:39,围网
9408,30.22875,123.97194444444445,6.8,273.0,2020-09-21 16:43:17,围网
9408,30.21941666666667,123.96275,3.1,192.0,2020-09-21 16:53:17,围网
9408,30.21058333333333,123.96211111111113,2.7,191.0,2020-09-21 17:03:17,围网
9408,30.201305555555557,123.96197222222222,3.7,170.0,2020-09-21 17:13:17,围网
9408,30.191972222222233,123.96213888888887,3.3,186.0,2020-09-21 17:23:17,围网
9408,30.18269444444445,123.9620277777778,3.9,164.0,2020-09-21 17:33:17,围网
9408,30.17358333333333,123.9607777777778,3.0,199.0,2020-09-21 17:43:17,围网
9408,30.16488888888889,123.96133333333331,3.2,181.0,2020-09-21 17:53:17,围网
9408,30.156277777777767,123.95933333333336,3.4,203.0,2020-09-21 18:03:17,围网
9408,30.147361111111113,123.95552777777776,3.3,184.0,2020-09-21 18:13:17,围网
9408,30.138361111111113,123.95577777777778,3.3,168.0,2020-09-21 18:23:17,围网
9408,30.12958333333333,123.95663888888888,3.1,172.0,2020-09-21 18:33:17,围网
9408,30.121,123.95719444444444,3.1,164.0,2020-09-21 18:43:17,围网
9408,30.112277777777766,123.95697222222222,3.3,186.0,2020-09-21 18:53:17,围网
9408,30.10352777777778,123.95733333333334,3.3,190.0,2020-09-21 19:03:17,围网
9408,30.09469444444445,123.95558333333334,3.4,194.0,2020-09-21 19:13:18,围网
9408,30.08602777777779,123.95488888888893,3.0,164.0,2020-09-21 19:23:17,围网
9408,30.077333333333332,123.95463888888894,3.2,187.0,2020-09-21 19:33:38,围网
9408,30.06941666666667,123.95172222222223,3.1,214.0,2020-09-21 19:43:17,围网
9408,30.06133333333333,123.94922222222223,4.0,223.0,2020-09-21 19:53:17,围网
9408,30.053583333333336,123.94530555555555,3.4,217.0,2020-09-21 20:03:17,围网
9408,30.046333333333337,123.94052777777777,3.1,212.0,2020-09-21 20:13:17,围网
9408,30.03955555555555,123.93458333333334,3.3,208.0,2020-09-21 20:23:17,围网
9408,30.03341666666667,123.92769444444444,3.0,230.0,2020-09-21 20:33:17,围网
9408,30.03169444444445,123.92369444444445,1.3,260.0,2020-09-21 20:43:16,围网
9408,30.027055555555553,123.92294444444444,8.5,148.0,2020-09-21 20:53:16,围网
9408,30.01466666666667,123.94111111111113,7.3,122.0,2020-09-21 21:03:16,围网
9408,30.00363888888889,123.96058333333332,7.2,104.0,2020-09-21 21:13:16,围网
9408,29.99433333333333,123.981,7.7,109.0,2020-09-21 21:23:16,围网
9408,29.989361111111112,123.99727777777778,4.7,318.0,2020-09-21 21:33:16,围网
9408,29.992722222222234,123.98663888888888,2.8,314.0,2020-09-21 21:43:17,围网
9408,29.996972222222233,123.97780555555555,3.4,321.0,2020-09-21 21:53:16,围网
9408,30.003472222222207,123.97016666666669,3.2,313.0,2020-09-21 22:03:38,围网
9408,30.01011111111111,123.96436111111113,3.0,317.0,2020-09-21 22:13:16,围网
9408,30.01730555555555,123.95891666666668,2.8,296.0,2020-09-21 22:23:16,围网
9408,30.02008333333333,123.94936111111113,2.9,275.0,2020-09-21 22:33:16,围网
9408,30.02138888888889,123.93938888888887,3.1,280.0,2020-09-21 22:43:16,围网
9408,30.022861111111112,123.92938888888894,3.3,275.0,2020-09-21 22:53:16,围网
9408,30.023416666666666,123.9195,2.1,266.0,2020-09-21 23:03:16,围网
9408,30.02480555555555,123.90958333333332,3.5,293.0,2020-09-21 23:13:16,围网
9408,30.028666666666666,123.89969444444445,3.2,294.0,2020-09-21 23:23:16,围网
9408,30.03702777777778,123.89425,3.6,13.0,2020-09-21 23:33:16,围网
9408,30.04636111111111,123.89230555555555,3.0,352.0,2020-09-21 23:43:16,围网
9408,30.055861111111113,123.89038888888888,3.7,352.0,2020-09-21 23:53:39,围网
9408,30.064527777777766,123.88830555555555,3.1,350.0,2020-09-22 00:03:16,围网
9408,30.07311111111111,123.88469444444445,3.2,323.0,2020-09-22 00:13:16,围网
9408,30.081805555555555,123.88183333333332,3.5,2.0,2020-09-22 00:23:16,围网
9408,30.086972222222233,123.88075,0.4,0.0,2020-09-22 00:33:16,围网
9408,30.08730555555555,123.87802777777777,0.6,3.0,2020-09-22 00:43:16,围网
9408,30.10163888888889,123.87619444444445,9.1,339.0,2020-09-22 00:53:16,围网
9408,30.125472222222232,123.87302777777776,8.8,3.0,2020-09-22 01:03:16,围网
9408,30.149166666666666,123.87152777777777,8.6,352.0,2020-09-22 01:13:15,围网
9408,30.172555555555554,123.8697222222222,8.1,0.0,2020-09-22 01:23:15,围网
9408,30.195666666666664,123.86805555555556,8.3,352.0,2020-09-22 01:33:15,围网
9408,30.21872222222222,123.86586111111107,8.4,357.0,2020-09-22 01:43:15,围网
9408,30.24158333333333,123.86358333333332,7.9,358.0,2020-09-22 01:53:15,围网
9408,30.26572222222222,123.86036111111108,7.8,340.0,2020-09-22 02:04:08,围网
9408,30.28483333333333,123.85594444444445,7.8,351.0,2020-09-22 02:13:15,围网
9408,30.306583333333336,123.85511111111107,7.4,358.0,2020-09-22 02:23:15,围网
9408,30.32791666666667,123.8532777777778,7.7,347.0,2020-09-22 02:33:15,围网
9408,30.349,123.85180555555556,7.1,358.0,2020-09-22 02:43:15,围网
9408,30.37027777777779,123.8504722222222,7.8,356.0,2020-09-22 02:53:15,围网
9408,30.391277777777766,123.84905555555555,7.9,357.0,2020-09-22 03:03:15,围网
9408,30.41222222222222,123.84736111111107,7.3,3.0,2020-09-22 03:13:15,围网
9408,30.433194444444453,123.84597222222222,7.2,7.0,2020-09-22 03:23:15,围网
9408,30.453861111111113,123.8444722222222,7.8,12.0,2020-09-22 03:33:15,围网
9408,30.47438888888889,123.84313888888887,7.7,359.0,2020-09-22 03:43:15,围网
9408,30.494694444444452,123.84180555555555,7.5,354.0,2020-09-22 03:53:15,围网
9408,30.514888888888887,123.83988888888894,7.6,357.0,2020-09-22 04:03:15,围网
9408,30.53483333333333,123.8389722222222,6.4,358.0,2020-09-22 04:13:15,围网
9408,30.55469444444445,123.8375,7.1,356.0,2020-09-22 04:23:15,围网
9408,30.57491666666667,123.83658333333334,8.0,356.0,2020-09-22 04:33:15,围网
9408,30.59625,123.83466666666666,7.3,351.0,2020-09-22 04:43:39,围网
9408,30.615805555555557,123.83313888888887,7.4,357.0,2020-09-22 04:53:15,围网
9408,30.635222222222207,123.83236111111107,6.7,273.0,2020-09-22 05:03:15,围网
9408,30.638805555555557,123.81616666666667,7.4,268.0,2020-09-22 05:13:15,围网
9408,30.636833333333332,123.793,6.7,263.0,2020-09-22 05:23:14,围网
9408,30.630138888888887,123.7704722222222,6.9,262.0,2020-09-22 05:33:14,围网
9408,30.62611111111111,123.74722222222222,7.0,257.0,2020-09-22 05:43:14,围网
9408,30.62566666666667,123.72375,7.7,273.0,2020-09-22 05:53:14,围网
9408,30.62525,123.69958333333334,7.4,256.0,2020-09-22 06:03:14,围网
9408,30.62511111111111,123.67525,7.9,270.0,2020-09-22 06:13:14,围网
9408,30.62241666666667,123.65061111111113,8.1,263.0,2020-09-22 06:23:14,围网
9408,30.61352777777779,123.62652777777777,9.0,263.0,2020-09-22 06:33:14,围网
9408,30.60308333333333,123.61272222222222,4.1,166.0,2020-09-22 06:43:14,围网
9408,30.59397222222222,123.61275,4.4,172.0,2020-09-22 06:53:14,围网
9408,30.584972222222234,123.61336111111108,3.5,180.0,2020-09-22 07:03:14,围网
9408,30.575722222222232,123.61369444444445,3.2,176.0,2020-09-22 07:13:22,围网
9408,30.56644444444445,123.614,3.5,172.0,2020-09-22 07:23:39,围网
9408,30.557944444444445,123.61502777777777,3.8,176.0,2020-09-22 07:33:14,围网
9408,30.549055555555555,123.61569444444444,3.1,187.0,2020-09-22 07:43:14,围网
9408,30.540277777777767,123.61575,2.9,169.0,2020-09-22 07:53:14,围网
9408,30.53158333333333,123.61483333333332,2.8,202.0,2020-09-22 08:03:14,围网
9408,30.523027777777767,123.61363888888887,3.4,179.0,2020-09-22 08:13:14,围网
9408,30.514222222222234,123.61322222222222,3.3,184.0,2020-09-22 08:23:14,围网
9408,30.50583333333333,123.61263888888887,3.2,179.0,2020-09-22 08:33:14,围网
9408,30.49752777777778,123.61144444444444,2.6,182.0,2020-09-22 08:43:19,围网
9408,30.489694444444453,123.60763888888887,3.4,205.0,2020-09-22 08:53:14,围网
9408,30.48458333333333,123.60241666666666,1.6,12.0,2020-09-22 09:03:14,围网
9408,30.482972222222234,123.5987222222222,1.3,243.0,2020-09-22 09:13:14,围网
9408,30.478805555555557,123.59027777777777,6.4,238.0,2020-09-22 09:23:14,围网
9408,30.47544444444444,123.57808333333332,3.0,252.0,2020-09-22 09:33:14,围网
9408,30.47558333333333,123.5672222222222,3.8,272.0,2020-09-22 09:43:14,围网
9408,30.476,123.55644444444445,3.3,278.0,2020-09-22 09:53:14,围网
9408,30.47666666666667,123.5349722222222,3.5,286.0,2020-09-22 10:13:13,围网
9408,30.479388888888888,123.52430555555556,3.6,288.0,2020-09-22 10:23:13,围网
9408,30.479805555555554,123.51338888888893,3.8,293.0,2020-09-22 10:33:13,围网
9408,30.48469444444445,123.50411111111113,3.5,294.0,2020-09-22 10:43:13,围网
9408,30.48788888888889,123.49433333333334,3.2,292.0,2020-09-22 10:53:13,围网
9408,30.49416666666667,123.48661111111113,3.6,318.0,2020-09-22 11:03:13,围网
9408,30.50113888888889,123.47980555555556,3.8,311.0,2020-09-22 11:13:13,围网
9408,30.508722222222207,123.47383333333332,4.0,325.0,2020-09-22 11:23:13,围网
9408,30.51752777777777,123.46930555555555,3.1,341.0,2020-09-22 11:33:13,围网
9408,30.52572222222221,123.4634722222222,3.3,336.0,2020-09-22 11:43:13,围网
9408,30.53469444444445,123.45983333333334,3.6,340.0,2020-09-22 11:53:13,围网
9408,30.54283333333333,123.45308333333334,3.4,327.0,2020-09-22 12:03:39,围网
9408,30.54636111111111,123.44944444444445,2.4,298.0,2020-09-22 12:13:13,围网
9408,30.54813888888889,123.44436111111112,1.9,48.0,2020-09-22 12:23:13,围网
9408,30.5435,123.44969444444445,4.6,186.0,2020-09-22 12:33:13,围网
9408,30.55341666666667,123.45152777777777,3.6,358.0,2020-09-22 12:43:13,围网
9408,30.56233333333333,123.45291666666668,3.4,11.0,2020-09-22 12:53:13,围网
9408,30.57119444444445,123.45486111111113,2.8,11.0,2020-09-22 13:03:13,围网
9408,30.58033333333333,123.45630555555556,3.6,13.0,2020-09-22 13:13:13,围网
9408,30.589416666666665,123.45816666666668,3.3,21.0,2020-09-22 13:23:13,围网
9408,30.59822222222222,123.4605,3.7,8.0,2020-09-22 13:33:13,围网
9408,30.60691666666667,123.46311111111113,3.5,9.0,2020-09-22 13:43:13,围网
9408,30.61572222222221,123.46436111111113,3.4,4.0,2020-09-22 13:53:13,围网
9408,30.62386111111111,123.46716666666669,2.6,30.0,2020-09-22 14:03:13,围网
9408,30.630305555555548,123.47338888888888,2.8,43.0,2020-09-22 14:13:12,围网
9408,30.63741666666667,123.47852777777778,3.3,21.0,2020-09-22 14:23:12,围网
9408,30.642777777777766,123.48597222222222,3.3,28.0,2020-09-22 14:33:39,围网
9408,30.648555555555557,123.49186111111112,2.9,71.0,2020-09-22 14:43:12,围网
9408,30.65125,123.49863888888888,2.1,308.0,2020-09-22 14:53:12,围网
9408,30.652527777777767,123.49561111111113,1.0,236.0,2020-09-22 15:03:12,围网
9408,30.65094444444444,123.49252777777778,6.0,216.0,2020-09-22 15:13:12,围网
9408,30.639027777777766,123.49641666666666,5.1,126.0,2020-09-22 15:23:12,围网
9408,30.63333333333333,123.50375,3.1,141.0,2020-09-22 15:33:12,围网
9408,30.627972222222233,123.51169444444444,3.3,127.0,2020-09-22 15:43:12,围网
9408,30.622694444444445,123.51936111111112,3.5,105.0,2020-09-22 15:53:12,围网
9408,30.6175,123.52758333333334,3.0,111.0,2020-09-22 16:03:12,围网
9408,30.61044444444445,123.53336111111106,3.3,161.0,2020-09-22 16:13:12,围网
9408,30.60216666666667,123.53630555555556,3.4,146.0,2020-09-22 16:23:12,围网
9408,30.59352777777778,123.53869444444445,3.8,163.0,2020-09-22 16:33:12,围网
9408,30.584888888888887,123.54083333333332,3.5,161.0,2020-09-22 16:43:12,围网
9408,30.57619444444445,123.54341666666667,4.0,139.0,2020-09-22 16:53:14,围网
9408,30.56683333333333,123.54475,3.0,181.0,2020-09-22 17:04:09,围网
9408,30.559,123.54547222222222,3.0,172.0,2020-09-22 17:13:12,围网
9408,30.55022222222223,123.54566666666666,2.9,182.0,2020-09-22 17:23:12,围网
9408,30.54166666666667,123.544,2.8,197.0,2020-09-22 17:33:12,围网
9408,30.53333333333333,123.54105555555556,4.0,188.0,2020-09-22 17:43:12,围网
9408,30.524611111111113,123.5397222222222,3.2,156.0,2020-09-22 17:53:12,围网
9408,30.51575,123.54191666666668,3.4,183.0,2020-09-22 18:03:12,围网
9408,30.513333333333332,123.54172222222223,1.2,164.0,2020-09-22 18:13:12,围网
9408,30.51169444444445,123.55552777777777,7.3,93.0,2020-09-22 18:23:12,围网
9408,30.501777777777768,123.559,3.1,172.0,2020-09-22 18:33:11,围网
9408,30.49297222222223,123.55936111111113,3.5,175.0,2020-09-22 18:43:11,围网
9408,30.48416666666667,123.56055555555555,4.0,179.0,2020-09-22 18:53:11,围网
9408,30.47558333333333,123.56213888888887,3.3,166.0,2020-09-22 19:03:11,围网
9408,30.46716666666667,123.56388888888887,3.3,177.0,2020-09-22 19:13:12,围网
9408,30.45877777777777,123.56552777777777,4.0,174.0,2020-09-22 19:23:11,围网
9408,30.44994444444445,123.56605555555555,4.1,147.0,2020-09-22 19:33:11,围网
9408,30.440777777777786,123.56480555555555,3.0,185.0,2020-09-22 19:43:39,围网
9408,30.43288888888889,123.56155555555556,3.5,209.0,2020-09-22 19:53:11,围网
9408,30.42444444444445,123.56013888888887,3.1,184.0,2020-09-22 20:03:11,围网
9408,30.416166666666665,123.55752777777776,3.7,221.0,2020-09-22 20:13:11,围网
9408,30.409166666666664,123.55147222222222,2.9,203.0,2020-09-22 20:23:11,围网
9408,30.4025,123.54433333333334,3.1,221.0,2020-09-22 20:33:11,围网
9408,30.39547222222223,123.53791666666666,3.4,216.0,2020-09-22 20:43:11,围网
9408,30.38816666666667,123.53230555555555,3.4,221.0,2020-09-22 20:53:11,围网
9408,30.38186111111111,123.52511111111113,2.8,234.0,2020-09-22 21:03:11,围网
9408,30.377194444444445,123.51611111111113,3.7,253.0,2020-09-22 21:13:11,围网
9408,30.372555555555554,123.50725,3.3,239.0,2020-09-22 21:23:11,围网
9408,30.367694444444453,123.4987777777778,3.5,238.0,2020-09-22 21:33:11,围网
9408,30.36497222222223,123.48886111111106,2.9,267.0,2020-09-22 21:43:11,围网
9408,30.36363888888889,123.47869444444444,2.3,274.0,2020-09-22 21:53:11,围网
9408,30.36272222222223,123.46805555555555,3.3,261.0,2020-09-22 22:03:38,围网
9408,30.36188888888889,123.46511111111113,4.3,217.0,2020-09-22 22:13:11,围网
9408,30.35966666666667,123.46138888888888,1.4,49.0,2020-09-22 22:23:11,围网
9408,30.361638888888887,123.46711111111112,2.8,55.0,2020-09-22 22:33:11,围网
9408,30.366555555555557,123.47436111111112,5.5,47.0,2020-09-22 22:43:11,围网
9408,30.376638888888888,123.48975,6.0,36.0,2020-09-22 22:53:10,围网
9408,30.387916666666666,123.50502777777777,7.5,39.0,2020-09-22 23:03:10,围网
9408,30.39852777777779,123.52080555555555,6.0,39.0,2020-09-22 23:13:10,围网
9408,30.41183333333333,123.53511111111106,6.7,33.0,2020-09-22 23:23:10,围网
9408,30.413138888888888,123.53386111111112,1.9,303.0,2020-09-22 23:33:10,围网
9408,30.41336111111111,123.534,0.7,113.0,2020-09-22 23:43:10,围网
9408,30.41336111111111,123.534,0.4,0.0,2020-09-22 23:53:10,围网
9408,30.413527777777766,123.53416666666666,0.5,0.0,2020-09-23 00:03:11,围网
9408,30.41336111111111,123.534,2.2,87.0,2020-09-23 00:13:10,围网
9408,30.41319444444445,123.53388888888887,0.7,0.0,2020-09-23 00:23:10,围网
9408,30.41336111111111,123.53402777777777,0.3,0.0,2020-09-23 00:33:10,围网
9408,30.413472222222207,123.53408333333331,0.3,0.0,2020-09-23 00:43:10,围网
9408,30.413472222222207,123.53413888888888,0.5,0.0,2020-09-23 00:53:10,围网
9408,30.413472222222207,123.53411111111107,1.5,147.0,2020-09-23 01:03:10,围网
9408,30.413555555555554,123.53425,0.6,0.0,2020-09-23 01:13:10,围网
9408,30.413611111111113,123.53430555555555,1.0,0.0,2020-09-23 01:23:10,围网
9408,30.413666666666664,123.53433333333334,1.1,110.0,2020-09-23 01:33:39,围网
9408,30.413805555555548,123.53461111111113,0.3,0.0,2020-09-23 01:43:10,围网
9408,30.413805555555548,123.53455555555556,1.0,174.0,2020-09-23 01:53:10,围网
9408,30.413777777777767,123.53452777777778,1.7,135.0,2020-09-23 02:03:10,围网
9408,30.413805555555548,123.53461111111113,0.3,0.0,2020-09-23 02:13:10,围网
9408,30.413888888888888,123.53483333333332,0.7,299.0,2020-09-23 02:23:10,围网
9408,30.413916666666665,123.5349722222222,0.8,175.0,2020-09-23 02:33:10,围网
9408,30.413916666666665,123.53491666666666,1.2,261.0,2020-09-23 02:43:10,围网
9408,30.41394444444445,123.53505555555556,0.3,0.0,2020-09-23 02:53:10,围网
9408,30.413916666666665,123.53505555555556,0.6,54.0,2020-09-23 03:03:10,围网
9408,30.413888888888888,123.53502777777777,1.8,348.0,2020-09-23 03:13:09,围网
9408,30.41386111111111,123.53508333333332,1.6,89.0,2020-09-23 03:23:09,围网
9408,30.41386111111111,123.5349722222222,0.6,0.0,2020-09-23 03:33:39,围网
9408,30.41386111111111,123.53516666666668,0.3,0.0,2020-09-23 03:43:09,围网
9408,30.41383333333333,123.5349722222222,1.0,137.0,2020-09-23 03:53:09,围网
9408,30.41386111111111,123.53511111111106,3.6,57.0,2020-09-23 04:03:09,围网
9408,30.413777777777767,123.53494444444445,1.4,4.0,2020-09-23 04:13:09,围网
9408,30.413555555555554,123.53483333333332,0.6,0.0,2020-09-23 04:23:09,围网
9408,30.41333333333333,123.53430555555555,0.3,0.0,2020-09-23 04:33:09,围网
9408,30.412777777777766,123.53386111111112,0.7,217.0,2020-09-23 04:43:09,围网
9408,30.41208333333333,123.53366666666668,2.7,179.0,2020-09-23 04:53:09,围网
9408,30.41133333333333,123.53402777777777,0.5,0.0,2020-09-23 05:03:09,围网
9408,30.41097222222221,123.53447222222222,0.3,0.0,2020-09-23 05:13:09,围网
9408,30.41222222222222,123.53525,1.2,54.0,2020-09-23 05:23:09,围网
9408,30.418138888888887,123.54361111111106,6.4,59.0,2020-09-23 05:33:09,围网
9408,30.41830555555556,123.55833333333334,5.7,155.0,2020-09-23 05:43:09,围网
9408,30.411166666666666,123.56397222222222,2.8,147.0,2020-09-23 05:53:09,围网
9408,30.403805555555557,123.56966666666666,2.9,143.0,2020-09-23 06:03:37,围网
9408,30.397277777777767,123.5755,3.5,160.0,2020-09-23 06:13:09,围网
9408,30.390888888888888,123.58194444444445,3.8,147.0,2020-09-23 06:23:09,围网
9408,30.38272222222223,123.5855,3.5,171.0,2020-09-23 06:33:09,围网
9408,30.374277777777767,123.58730555555556,3.3,196.0,2020-09-23 06:43:09,围网
9408,30.36575,123.58802777777777,2.8,172.0,2020-09-23 06:53:09,围网
9408,30.35694444444445,123.58769444444445,3.0,182.0,2020-09-23 07:03:09,围网
9408,30.348166666666664,123.58672222222219,2.8,180.0,2020-09-23 07:13:09,围网
9408,30.33925,123.58594444444445,3.5,197.0,2020-09-23 07:23:09,围网
9408,30.33055555555556,123.58461111111113,2.7,177.0,2020-09-23 07:33:08,围网
9408,30.32175,123.58319444444444,2.6,190.0,2020-09-23 07:43:08,围网
9408,30.31286111111111,123.582,3.1,198.0,2020-09-23 07:53:08,围网
9408,30.30402777777777,123.581,3.3,187.0,2020-09-23 08:03:08,围网
9408,30.295222222222232,123.57991666666666,3.6,179.0,2020-09-23 08:13:08,围网
9408,30.286555555555548,123.57888888888887,3.0,184.0,2020-09-23 08:23:08,围网
9408,30.278,123.57805555555555,3.6,180.0,2020-09-23 08:33:08,围网
9408,30.26955555555555,123.57705555555556,3.6,178.0,2020-09-23 08:43:08,围网
9408,30.261222222222226,123.57538888888888,3.3,218.0,2020-09-23 08:53:08,围网
9408,30.25627777777777,123.5735,0.7,0.0,2020-09-23 09:04:39,围网
9408,30.253472222222207,123.57219444444445,0.9,0.0,2020-09-23 09:13:08,围网
9408,30.26236111111111,123.57144444444445,7.1,335.0,2020-09-23 09:23:08,围网
9408,30.282055555555555,123.56936111111106,7.8,6.0,2020-09-23 09:33:08,围网
9408,30.302055555555555,123.56636111111106,7.3,1.0,2020-09-23 09:43:08,围网
9408,30.32175,123.56666666666666,7.0,13.0,2020-09-23 09:53:08,围网
9408,30.33758333333333,123.57519444444445,6.2,22.0,2020-09-23 10:03:08,围网
9408,30.352916666666665,123.58402777777776,6.0,40.0,2020-09-23 10:13:08,围网
9408,30.365361111111113,123.5972777777778,7.2,63.0,2020-09-23 10:23:08,围网
9408,30.375611111111112,123.60680555555555,2.1,343.0,2020-09-23 10:33:08,围网
9408,30.38347222222221,123.60497222222222,2.4,1.0,2020-09-23 10:43:08,围网
9408,30.391444444444442,123.60224999999998,3.3,353.0,2020-09-23 10:53:08,围网
9408,30.399555555555555,123.59877777777778,3.3,331.0,2020-09-23 11:03:08,围网
9408,30.40747222222221,123.59397222222222,3.4,333.0,2020-09-23 11:13:08,围网
9408,30.41575,123.59091666666666,3.3,355.0,2020-09-23 11:23:08,围网
9408,30.424055555555555,123.58858333333332,3.6,354.0,2020-09-23 11:33:08,围网
9408,30.432388888888887,123.58763888888888,2.1,359.0,2020-09-23 11:43:08,围网
9408,30.44058333333333,123.58775,2.0,2.0,2020-09-23 11:53:07,围网
9408,30.4495,123.58672222222219,3.2,9.0,2020-09-23 12:03:36,围网
9408,30.45719444444445,123.58683333333332,3.7,3.0,2020-09-23 12:13:07,围网
9408,30.465805555555555,123.58519444444444,3.4,2.0,2020-09-23 12:23:07,围网
9408,30.47444444444445,123.58188888888887,3.2,335.0,2020-09-23 12:33:07,围网
9408,30.483277777777786,123.5805,4.8,337.0,2020-09-23 12:43:07,围网
9408,30.491972222222234,123.57933333333334,3.3,0.0,2020-09-23 12:53:07,围网
9408,30.50911111111111,123.58036111111113,3.8,341.0,2020-09-23 13:13:07,围网
9408,30.517805555555555,123.57841666666668,3.3,1.0,2020-09-23 13:23:07,围网
9408,30.52658333333333,123.57752777777776,3.2,352.0,2020-09-23 13:33:07,围网
9408,30.52855555555556,123.574,3.1,257.0,2020-09-23 13:43:08,围网
9408,30.53538888888889,123.57394444444445,7.9,32.0,2020-09-23 13:53:07,围网
9408,30.54883333333333,123.58327777777777,7.6,26.0,2020-09-23 14:03:07,围网
9408,30.557472222222234,123.58544444444445,3.0,352.0,2020-09-23 14:13:07,围网
9408,30.56602777777778,123.58455555555555,3.8,20.0,2020-09-23 14:23:07,围网
9408,30.57477777777777,123.58525,3.0,13.0,2020-09-23 14:33:36,围网
9408,30.5825,123.58713888888887,2.1,12.0,2020-09-23 14:43:07,围网
9408,30.59063888888889,123.58883333333333,2.7,7.0,2020-09-23 14:53:07,围网
9408,30.59861111111111,123.58986111111106,4.0,338.0,2020-09-23 15:03:07,围网
9408,30.606638888888888,123.58997222222222,3.0,6.0,2020-09-23 15:13:07,围网
9408,30.61419444444445,123.59305555555555,3.2,27.0,2020-09-23 15:23:07,围网
9408,30.618777777777765,123.60113888888887,3.1,64.0,2020-09-23 15:33:07,围网
9408,30.62244444444445,123.60936111111113,2.5,64.0,2020-09-23 15:43:07,围网
9408,30.62413888888889,123.6184722222222,3.7,107.0,2020-09-23 15:53:07,围网
9408,30.62225,123.62811111111112,3.4,115.0,2020-09-23 16:03:07,围网
9408,30.619722222222233,123.63733333333334,3.2,131.0,2020-09-23 16:13:06,围网
9408,30.61669444444445,123.64647222222223,3.3,120.0,2020-09-23 16:23:07,围网
9408,30.613194444444453,123.65536111111112,4.0,117.0,2020-09-23 16:33:07,围网
9408,30.609805555555557,123.66466666666668,3.4,112.0,2020-09-23 16:43:36,围网
9408,30.60433333333333,123.672,3.0,151.0,2020-09-23 16:53:06,围网
9408,30.59786111111111,123.67702777777778,1.6,352.0,2020-09-23 17:03:06,围网
9408,30.59583333333333,123.67780555555555,1.1,111.0,2020-09-23 17:13:06,围网
9408,30.60538888888889,123.67908333333334,5.3,351.0,2020-09-23 17:23:06,围网
9408,30.608611111111113,123.68711111111112,3.9,147.0,2020-09-23 17:33:06,围网
9408,30.60163888888889,123.69338888888893,3.2,130.0,2020-09-23 17:43:06,围网
9408,30.594055555555553,123.699,3.3,136.0,2020-09-23 17:53:06,围网
9408,30.578138888888887,123.70675,3.8,160.0,2020-09-23 18:13:06,围网
9408,30.56975,123.70944444444444,4.5,136.0,2020-09-23 18:23:06,围网
9408,30.56125,123.71158333333334,2.3,158.0,2020-09-23 18:33:06,围网
9408,30.55263888888889,123.71316666666668,3.5,181.0,2020-09-23 18:43:06,围网
9408,30.543722222222208,123.7122222222222,3.8,201.0,2020-09-23 18:53:06,围网
9408,30.53508333333333,123.71113888888887,3.8,158.0,2020-09-23 19:03:09,围网
9408,30.526527777777765,123.71133333333331,3.5,168.0,2020-09-23 19:13:09,围网
9408,30.518,123.71125,6.3,139.0,2020-09-23 19:23:09,围网
9408,30.508888888888887,123.71144444444445,2.9,175.0,2020-09-23 19:33:35,围网
9408,30.500472222222232,123.71086111111113,3.0,175.0,2020-09-23 19:43:06,围网
9408,30.49175,123.70913888888887,3.5,192.0,2020-09-23 19:53:06,围网
9408,30.48311111111111,123.707,2.7,193.0,2020-09-23 20:03:06,围网
9408,30.474611111111113,123.70472222222223,3.5,202.0,2020-09-23 20:13:06,围网
9408,30.46605555555556,123.70261111111112,3.8,199.0,2020-09-23 20:23:06,围网
9408,30.457555555555555,123.70072222222224,2.9,185.0,2020-09-23 20:33:05,围网
9408,30.44897222222221,123.69902777777777,3.7,192.0,2020-09-23 20:43:05,围网
9408,30.432,123.69555555555556,2.9,184.0,2020-09-23 21:03:05,围网
9408,30.423361111111113,123.69325,3.1,188.0,2020-09-23 21:13:16,围网
9408,30.415166666666664,123.69025,3.3,186.0,2020-09-23 21:23:08,围网
9408,30.40722222222222,123.68686111111113,2.7,138.0,2020-09-23 21:33:05,围网
9408,30.39933333333333,123.68316666666666,2.9,192.0,2020-09-23 21:43:05,围网
9408,30.39161111111111,123.67894444444444,2.3,0.0,2020-09-23 21:53:07,围网
9408,30.38397222222222,123.67394444444444,3.3,212.0,2020-09-23 22:03:34,围网
9408,30.381999999999998,123.67188888888887,1.0,94.0,2020-09-23 22:13:05,围网
9408,30.37694444444445,123.66852777777778,4.5,295.0,2020-09-23 22:23:05,围网
9408,30.392972222222234,123.67266666666669,6.0,18.0,2020-09-23 22:33:05,围网
9408,30.4075,123.67347222222222,5.2,309.0,2020-09-23 22:43:04,围网
9408,30.412555555555553,123.66288888888887,2.5,306.0,2020-09-23 22:53:05,围网
9408,30.41369444444444,123.65813888888893,3.6,276.0,2020-09-23 23:03:05,围网
9408,30.41925,123.64866666666668,3.7,295.0,2020-09-23 23:13:05,围网
9408,30.424055555555555,123.64063888888893,3.3,298.0,2020-09-23 23:23:05,围网
9408,30.42966666666667,123.63316666666664,2.8,324.0,2020-09-23 23:33:05,围网
9408,30.43588888888889,123.6263611111111,3.1,359.0,2020-09-23 23:43:05,围网
9408,30.44102777777778,123.61838888888887,3.1,290.0,2020-09-23 23:53:05,围网
9408,30.445138888888888,123.60930555555555,3.1,298.0,2020-09-24 00:03:05,围网
9408,30.44844444444445,123.59969444444445,2.8,288.0,2020-09-24 00:13:05,围网
9408,30.454027777777767,123.59230555555555,3.2,352.0,2020-09-24 00:23:05,围网
9408,30.47,123.587,2.8,337.0,2020-09-24 00:43:05,围网
9408,30.47744444444445,123.58208333333332,3.1,337.0,2020-09-24 00:53:04,围网
9408,30.484055555555553,123.57555555555555,2.4,298.0,2020-09-24 01:03:04,围网
9408,30.491999999999997,123.57233333333332,3.4,358.0,2020-09-24 01:13:04,围网
9408,30.50038888888889,123.57041666666666,3.3,333.0,2020-09-24 01:23:04,围网
9408,30.50800000000001,123.56469444444444,2.7,342.0,2020-09-24 01:33:06,围网
9408,30.517027777777766,123.56144444444445,2.7,7.0,2020-09-24 01:43:33,围网
9408,30.52533333333333,123.56027777777777,2.8,2.0,2020-09-24 01:53:04,围网
9408,30.53375,123.55641666666666,3.6,351.0,2020-09-24 02:03:04,围网
9408,30.54194444444445,123.552,3.4,339.0,2020-09-24 02:13:04,围网
9408,30.55072222222222,123.55138888888888,3.1,18.0,2020-09-24 02:23:04,围网
9408,30.56463888888889,123.56069444444445,2.8,25.0,2020-09-24 02:43:04,围网
9408,30.572944444444442,123.56191666666666,3.2,10.0,2020-09-24 02:53:04,围网
9408,30.580388888888887,123.56558333333332,2.4,16.0,2020-09-24 03:03:04,围网
9408,30.588,123.56813888888887,3.4,358.0,2020-09-24 03:13:04,围网
9408,30.595305555555555,123.57105555555556,2.7,43.0,2020-09-24 03:23:04,围网
9408,30.598666666666666,123.57125,2.4,4.0,2020-09-24 03:33:04,围网
9408,30.59863888888889,123.56902777777776,0.8,0.0,2020-09-24 03:43:04,围网
9408,30.611472222222233,123.56925,6.7,11.0,2020-09-24 03:53:04,围网
9408,30.62938888888889,123.56891666666664,6.7,325.0,2020-09-24 04:03:32,围网
9408,30.637138888888888,123.5732777777778,2.5,57.0,2020-09-24 04:13:04,围网
9408,30.64275,123.58238888888887,3.1,42.0,2020-09-24 04:23:04,围网
9408,30.64852777777779,123.58922222222222,3.7,35.0,2020-09-24 04:33:04,围网
9408,30.65397222222222,123.59644444444444,2.9,44.0,2020-09-24 04:43:04,围网
9408,30.65711111111111,123.60527777777777,3.0,78.0,2020-09-24 04:53:04,围网
9408,30.657972222222234,123.61480555555555,3.6,93.0,2020-09-24 05:03:04,围网
9408,30.656666666666666,123.6245,3.4,106.0,2020-09-24 05:13:03,围网
9408,30.65186111111111,123.6329722222222,3.2,118.0,2020-09-24 05:23:03,围网
9408,30.64875,123.64194444444445,3.0,112.0,2020-09-24 05:33:03,围网
9408,30.645805555555555,123.6512777777778,3.5,114.0,2020-09-24 05:43:03,围网
9408,30.64083333333333,123.65986111111113,3.1,130.0,2020-09-24 05:53:03,围网
9408,30.635222222222207,123.6677222222222,3.4,140.0,2020-09-24 06:03:03,围网
9408,30.62802777777778,123.67430555555555,3.9,160.0,2020-09-24 06:13:04,围网
9408,30.620166666666666,123.67986111111112,4.0,144.0,2020-09-24 06:23:06,围网
9408,30.61194444444445,123.68527777777778,3.3,156.0,2020-09-24 06:33:27,围网
9408,30.604027777777766,123.69008333333332,3.9,144.0,2020-09-24 06:43:03,围网
9408,30.595916666666664,123.69519444444445,3.4,147.0,2020-09-24 06:53:03,围网
9408,30.589277777777767,123.7024722222222,4.6,159.0,2020-09-24 07:03:03,围网
9408,30.583666666666666,123.7097777777778,0.2,0.0,2020-09-24 07:13:02,围网
9408,30.58069444444445,123.71144444444445,2.6,143.0,2020-09-24 07:23:03,围网
9408,30.579361111111112,123.72994444444444,8.2,60.0,2020-09-24 07:33:03,围网
9408,30.576694444444453,123.75725,9.1,110.0,2020-09-24 07:43:03,围网
9408,30.56847222222222,123.76986111111113,3.2,137.0,2020-09-24 07:53:03,围网
9408,30.56119444444445,123.77669444444444,3.8,146.0,2020-09-24 08:03:03,围网
9408,30.553361111111112,123.7825,4.4,155.0,2020-09-24 08:13:03,围网
9408,30.54519444444445,123.78758333333332,3.4,157.0,2020-09-24 08:23:03,围网
9408,30.53691666666667,123.79191666666668,4.2,170.0,2020-09-24 08:33:03,围网
9408,30.52863888888889,123.79586111111112,2.9,154.0,2020-09-24 08:43:03,围网
9408,30.52052777777779,123.79966666666668,3.4,155.0,2020-09-24 08:53:03,围网
9408,30.512472222222208,123.80330555555555,2.7,155.0,2020-09-24 09:03:03,围网
9408,30.50419444444445,123.80644444444445,3.5,161.0,2020-09-24 09:13:03,围网
9408,30.494944444444453,123.80761111111107,3.6,172.0,2020-09-24 09:23:02,围网
9408,30.485138888888887,123.80766666666666,3.1,184.0,2020-09-24 09:33:39,围网
9408,30.47658333333333,123.8077222222222,3.9,195.0,2020-09-24 09:43:03,围网
9408,30.467666666666666,123.80808333333331,2.6,179.0,2020-09-24 09:53:02,围网
9408,30.45833333333333,123.80738888888894,3.8,209.0,2020-09-24 10:03:30,围网
9408,30.44991666666667,123.80502777777777,2.9,199.0,2020-09-24 10:13:02,围网
9408,30.441416666666665,123.80152777777776,3.2,210.0,2020-09-24 10:23:02,围网
9408,30.43311111111111,123.79761111111112,3.7,198.0,2020-09-24 10:33:02,围网
9408,30.425,123.79358333333332,3.1,195.0,2020-09-24 10:43:02,围网
9408,30.41711111111111,123.7892222222222,3.4,195.0,2020-09-24 10:53:02,围网
9408,30.410027777777767,123.7847777777778,1.4,344.0,2020-09-24 11:03:02,围网
9408,30.406666666666666,123.78261111111112,0.9,178.0,2020-09-24 11:13:02,围网
9408,30.406555555555553,123.78961111111113,5.0,345.0,2020-09-24 11:23:02,围网
9408,30.41447222222222,123.80330555555555,5.8,95.0,2020-09-24 11:33:02,围网
9408,30.42244444444445,123.80330555555555,3.8,293.0,2020-09-24 11:43:02,围网
9408,30.425500000000003,123.79430555555555,3.2,279.0,2020-09-24 11:53:02,围网
9408,30.425750000000004,123.78419444444445,3.8,260.0,2020-09-24 12:03:04,围网
9408,30.42483333333333,123.77402777777776,4.6,263.0,2020-09-24 12:13:07,围网
9408,30.42483333333333,123.76394444444445,3.1,266.0,2020-09-24 12:23:10,围网
9408,30.427277777777785,123.75463888888888,3.3,309.0,2020-09-24 12:33:10,围网
9408,30.432944444444445,123.74808333333333,2.9,317.0,2020-09-24 12:43:06,围网
9408,30.44008333333333,123.74677777777778,3.9,349.0,2020-09-24 12:53:03,围网
9408,30.44686111111111,123.74183333333336,2.9,19.0,2020-09-24 13:03:02,围网
9408,30.452666666666666,123.73466666666668,2.8,345.0,2020-09-24 13:13:30,围网
9408,30.45797222222223,123.72791666666666,3.2,317.0,2020-09-24 13:23:02,围网
9408,30.46394444444445,123.72138888888892,3.1,320.0,2020-09-24 13:33:02,围网
9408,30.47108333333333,123.71683333333334,2.5,339.0,2020-09-24 13:43:02,围网
9408,30.477305555555553,123.71058333333332,2.8,320.0,2020-09-24 13:53:01,围网
9408,30.482972222222234,123.70325,2.6,320.0,2020-09-24 14:03:01,围网
9408,30.488888888888887,123.69622222222222,3.1,319.0,2020-09-24 14:13:01,围网
9408,30.489611111111113,123.69375,1.6,16.0,2020-09-24 14:23:01,围网
9408,30.48927777777777,123.695,6.7,74.0,2020-09-24 14:33:01,围网
9408,30.503,123.70513888888887,4.0,2.0,2020-09-24 14:53:01,围网
9408,30.51130555555556,123.7035,2.6,340.0,2020-09-24 15:03:01,围网
9408,30.51897222222221,123.7017777777778,3.5,336.0,2020-09-24 15:13:01,围网
9408,30.526611111111112,123.70077777777777,2.5,352.0,2020-09-24 15:23:01,围网
9408,30.534194444444445,123.69944444444445,2.3,340.0,2020-09-24 15:33:01,围网
9408,30.548416666666668,123.69419444444445,3.0,317.0,2020-09-24 15:53:01,围网
9408,30.555722222222233,123.69175,2.4,1.0,2020-09-24 16:03:29,围网
9408,30.56125,123.69691666666668,3.2,80.0,2020-09-24 16:13:01,围网
9408,30.56119444444445,123.70619444444445,3.5,117.0,2020-09-24 16:23:01,围网
9408,30.55458333333333,123.71236111111112,4.0,148.0,2020-09-24 16:33:01,围网
9408,30.546111111111113,123.71308333333332,2.6,0.0,2020-09-24 16:43:01,围网
9408,30.53680555555556,123.71125,3.8,215.0,2020-09-24 16:54:03,围网
9408,30.534388888888888,123.70972222222224,1.5,36.0,2020-09-24 17:03:01,围网
9408,30.53122222222222,123.71036111111113,1.7,125.0,2020-09-24 17:13:01,围网
9408,30.543222222222226,123.7122777777778,5.1,354.0,2020-09-24 17:23:01,围网
9408,30.55425,123.71913888888888,4.9,169.0,2020-09-24 17:33:01,围网
9408,30.543972222222234,123.71725,2.8,176.0,2020-09-24 17:43:01,围网
9408,30.53566666666667,123.71719444444444,2.9,171.0,2020-09-24 17:53:01,围网
9408,30.5275,123.71769444444445,3.0,179.0,2020-09-24 18:03:01,围网
9408,30.519416666666668,123.7167777777778,3.3,184.0,2020-09-24 18:13:00,围网
9408,30.51144444444445,123.71513888888887,3.0,188.0,2020-09-24 18:23:00,围网
9408,30.503472222222207,123.71391666666666,3.1,181.0,2020-09-24 18:33:00,围网
9408,30.49538888888889,123.71244444444444,3.1,189.0,2020-09-24 18:43:00,围网
9408,30.487277777777766,123.71013888888888,3.4,232.0,2020-09-24 18:53:00,围网
9408,30.479722222222208,123.70625,2.5,210.0,2020-09-24 19:03:00,围网
9408,30.471777777777767,123.70186111111113,2.6,196.0,2020-09-24 19:13:00,围网
9408,30.46825,123.69936111111113,1.0,0.0,2020-09-24 19:23:00,围网
9408,30.46380555555556,123.701,7.0,89.0,2020-09-24 19:33:00,围网
9408,30.463555555555555,123.71563888888888,1.7,160.0,2020-09-24 19:43:00,围网
9408,30.462722222222233,123.71511111111113,0.2,0.0,2020-09-24 19:53:00,围网
9408,30.46275,123.71497222222222,0.7,307.0,2020-09-24 20:03:32,围网
9408,30.46275,123.71491666666668,1.0,229.0,2020-09-24 20:13:00,围网
9408,30.462777777777767,123.71486111111106,1.6,338.0,2020-09-24 20:23:00,围网
9408,30.46275,123.71488888888894,0.9,3.0,2020-09-24 20:33:00,围网
9408,30.462805555555555,123.71483333333332,0.7,228.0,2020-09-24 20:43:00,围网
9408,30.46275,123.71497222222222,0.2,0.0,2020-09-24 20:53:00,围网
9408,30.462777777777767,123.71491666666668,0.8,36.0,2020-09-24 21:03:00,围网
9408,30.462805555555555,123.71483333333332,1.6,102.0,2020-09-24 21:13:00,围网
9408,30.462861111111113,123.71469444444445,0.8,340.0,2020-09-24 21:23:00,围网
9408,30.462916666666665,123.71455555555555,0.0,0.0,2020-09-24 21:33:00,围网
9408,30.462916666666665,123.7145277777778,0.6,263.0,2020-09-24 21:43:00,围网
9408,30.463027777777786,123.71438888888888,0.2,0.0,2020-09-24 21:53:00,围网
9408,30.462944444444442,123.71447222222223,0.4,0.0,2020-09-24 22:03:00,围网
9408,30.46311111111111,123.71422222222223,1.4,351.0,2020-09-24 22:13:00,围网
9408,30.46308333333333,123.71427777777778,0.4,0.0,2020-09-24 22:23:00,围网
9408,30.46305555555556,123.71430555555555,0.7,268.0,2020-09-24 22:32:59,围网
9408,30.46311111111111,123.71425,0.2,0.0,2020-09-24 22:43:01,围网
9408,30.463166666666666,123.71416666666669,0.2,0.0,2020-09-24 22:53:00,围网
9408,30.463166666666666,123.71416666666669,1.0,92.0,2020-09-24 23:03:00,围网
9408,30.463166666666666,123.71419444444444,1.5,121.0,2020-09-24 23:12:59,围网
9408,30.46325,123.71411111111112,0.9,312.0,2020-09-24 23:23:26,围网
9408,30.46333333333333,123.71405555555555,0.8,9.0,2020-09-24 23:32:59,围网
9408,30.46333333333333,123.714,0.9,281.0,2020-09-24 23:42:59,围网
9408,30.4635,123.71383333333334,0.4,0.0,2020-09-24 23:52:59,围网
9408,30.463555555555555,123.71383333333334,1.3,321.0,2020-09-25 00:02:59,围网
9408,30.46358333333333,123.71380555555555,2.4,47.0,2020-09-25 00:12:59,围网
9408,30.463694444444442,123.71375,0.3,0.0,2020-09-25 00:22:59,围网
9408,30.463916666666666,123.71366666666668,1.0,334.0,2020-09-25 00:32:59,围网
9408,30.46397222222221,123.71369444444444,1.3,16.0,2020-09-25 00:42:59,围网
9408,30.46397222222221,123.71363888888894,1.1,214.0,2020-09-25 00:52:59,围网
9408,30.464111111111112,123.71363888888894,2.1,3.0,2020-09-25 01:02:59,围网
9408,30.46416666666667,123.71361111111112,1.4,146.0,2020-09-25 01:12:59,围网
9408,30.464111111111112,123.71363888888894,0.5,0.0,2020-09-25 01:22:59,围网
9408,30.464055555555554,123.71366666666668,0.9,0.0,2020-09-25 01:33:00,围网
9408,30.464305555555555,123.71361111111112,0.9,98.0,2020-09-25 01:43:27,围网
9408,30.46441666666667,123.71363888888894,0.8,90.0,2020-09-25 01:52:59,围网
9408,30.464555555555553,123.71366666666668,0.8,286.0,2020-09-25 02:02:59,围网
9408,30.46458333333333,123.71366666666668,1.8,33.0,2020-09-25 02:12:59,围网
9408,30.46469444444445,123.71369444444444,0.9,54.0,2020-09-25 02:22:59,围网
9408,30.464666666666666,123.71366666666668,0.6,0.0,2020-09-25 02:32:59,围网
9408,30.46483333333333,123.71375,0.1,0.0,2020-09-25 02:42:59,围网
9408,30.464777777777766,123.71375,0.8,0.0,2020-09-25 02:52:58,围网
9408,30.464972222222233,123.7137777777778,2.5,327.0,2020-09-25 03:02:58,围网
9408,30.465,123.71380555555555,1.5,0.0,2020-09-25 03:12:58,围网
9408,30.465027777777767,123.7139722222222,1.4,0.0,2020-09-25 03:22:58,围网
9408,30.46508333333333,123.71388888888887,0.6,0.0,2020-09-25 03:43:27,围网
9408,30.46508333333333,123.71388888888887,0.9,141.0,2020-09-25 03:52:58,围网
9408,30.465166666666665,123.7139722222222,2.1,46.0,2020-09-25 04:02:58,围网
9408,30.465166666666665,123.71394444444445,0.5,0.0,2020-09-25 04:12:58,围网
9408,30.46508333333333,123.7139722222222,0.5,0.0,2020-09-25 04:22:58,围网
9408,30.46491666666667,123.71380555555555,0.4,0.0,2020-09-25 04:32:58,围网
9408,30.46458333333333,123.71575,1.1,240.0,2020-09-25 04:42:58,围网
9408,30.470527777777786,123.71883333333334,4.8,359.0,2020-09-25 04:52:58,围网
9408,30.47963888888889,123.72288888888887,2.9,21.0,2020-09-25 05:02:58,围网
9408,30.48758333333333,123.72497222222222,3.3,7.0,2020-09-25 05:12:58,围网
9408,30.495638888888887,123.7265277777778,3.2,20.0,2020-09-25 05:22:58,围网
9408,30.502972222222233,123.72869444444444,3.0,348.0,2020-09-25 05:32:58,围网
9408,30.50966666666667,123.73197222222224,3.3,53.0,2020-09-25 05:42:58,围网
9408,30.512916666666666,123.7332222222222,1.8,351.0,2020-09-25 05:52:58,围网
9408,30.51102777777778,123.73186111111113,0.9,173.0,2020-09-25 06:03:26,围网
9408,30.517,123.73752777777777,2.3,117.0,2020-09-25 06:12:58,围网
9408,30.51233333333333,123.74633333333333,2.6,126.0,2020-09-25 06:22:58,围网
9408,30.50641666666667,123.75258333333332,2.8,156.0,2020-09-25 06:32:58,围网
9408,30.49091666666667,123.7584722222222,2.8,150.0,2020-09-25 06:52:58,围网
9408,30.484055555555553,123.76325,2.6,150.0,2020-09-25 07:02:58,围网
9408,30.476305555555548,123.7667777777778,3.0,151.0,2020-09-25 07:12:57,围网
9408,30.46836111111111,123.76988888888893,3.3,142.0,2020-09-25 07:22:57,围网
9408,30.46088888888889,123.77405555555555,3.0,160.0,2020-09-25 07:32:57,围网
9408,30.45308333333333,123.77719444444445,2.9,154.0,2020-09-25 07:42:57,围网
9408,30.44522222222223,123.78011111111113,1.4,172.0,2020-09-25 07:52:57,围网
9408,30.429805555555557,123.7865277777778,4.1,120.0,2020-09-25 08:12:57,围网
9408,30.42158333333333,123.7885,3.0,157.0,2020-09-25 08:22:57,围网
9408,30.41294444444444,123.7895277777778,2.1,0.0,2020-09-25 08:33:01,围网
9408,30.404555555555554,123.78919444444445,2.8,185.0,2020-09-25 08:42:57,围网
9408,30.40233333333333,123.78830555555555,3.4,200.0,2020-09-25 08:53:39,围网
9408,30.404027777777767,123.79475,3.1,133.0,2020-09-25 09:02:57,围网
9408,30.397444444444453,123.80177777777777,3.4,161.0,2020-09-25 09:12:57,围网
9408,30.388805555555557,123.80338888888888,3.2,173.0,2020-09-25 09:22:57,围网
9408,30.37183333333333,123.80447222222222,2.7,171.0,2020-09-25 09:42:57,围网
9408,30.36369444444445,123.80566666666668,3.5,173.0,2020-09-25 09:52:57,围网
9408,30.35536111111111,123.80736111111106,3.2,164.0,2020-09-25 10:02:57,围网
9408,30.347,123.80880555555555,3.0,171.0,2020-09-25 10:12:57,围网
9408,30.338555555555555,123.8099722222222,4.5,190.0,2020-09-25 10:23:00,围网
9408,30.32991666666667,123.80977777777778,3.0,185.0,2020-09-25 10:33:01,围网
9408,30.3215,123.80855555555556,3.6,214.0,2020-09-25 10:43:00,围网
9408,30.31333333333333,123.80716666666666,3.0,183.0,2020-09-25 10:52:58,围网
9408,30.30530555555556,123.80527777777776,1.5,266.0,2020-09-25 11:02:58,围网
9408,30.29722222222223,123.80408333333334,3.7,179.0,2020-09-25 11:12:57,围网
9408,30.289,123.80272222222222,2.7,183.0,2020-09-25 11:23:25,围网
9408,30.28075,123.80163888888887,2.8,174.0,2020-09-25 11:33:25,围网
9408,30.272916666666664,123.80147222222222,2.5,176.0,2020-09-25 11:42:56,围网
9408,30.268638888888887,123.80130555555556,0.6,0.0,2020-09-25 11:52:56,围网
9408,30.26575,123.80130555555556,5.9,22.0,2020-09-25 12:02:56,围网
9408,30.29869444444445,123.81997222222222,8.1,26.0,2020-09-25 12:22:56,围网
9408,30.31358333333333,123.82683333333334,6.8,352.0,2020-09-25 12:32:58,围网
9408,30.32241666666667,123.82469444444445,4.1,288.0,2020-09-25 12:42:58,围网
9408,30.330305555555555,123.82133333333331,2.5,355.0,2020-09-25 12:53:25,围网
9408,30.337277777777768,123.81819444444444,2.6,348.0,2020-09-25 13:02:56,围网
9408,30.3445,123.81416666666668,2.8,348.0,2020-09-25 13:12:56,围网
9408,30.351722222222207,123.80961111111112,2.7,327.0,2020-09-25 13:22:56,围网
9408,30.35775000000001,123.80283333333334,2.2,332.0,2020-09-25 13:32:56,围网
9408,30.363250000000004,123.79566666666666,2.3,318.0,2020-09-25 13:42:56,围网
9408,30.36783333333333,123.7877222222222,2.7,303.0,2020-09-25 13:52:56,围网
9408,30.372888888888887,123.78138888888887,3.3,10.0,2020-09-25 14:02:56,围网
9408,30.378888888888888,123.77536111111112,2.8,340.0,2020-09-25 14:12:56,围网
9408,30.385777777777786,123.7715277777778,2.5,342.0,2020-09-25 14:22:56,围网
9408,30.392944444444442,123.76744444444445,3.2,322.0,2020-09-25 14:32:56,围网
9408,30.39966666666667,123.76188888888888,2.8,323.0,2020-09-25 14:42:56,围网
9408,30.40411111111111,123.75313888888893,2.9,294.0,2020-09-25 14:52:56,围网
9408,30.4055,123.74313888888894,3.2,264.0,2020-09-25 15:02:56,围网
9408,30.404138888888887,123.74205555555555,2.8,153.0,2020-09-25 15:12:56,围网
9408,30.411361111111113,123.74725,7.5,343.0,2020-09-25 15:23:25,围网
9408,30.42736111111111,123.75975,6.9,59.0,2020-09-25 15:32:56,围网
9408,30.43958333333333,123.7607777777778,3.0,319.0,2020-09-25 15:42:56,围网
9408,30.449972222222232,123.74697222222223,3.7,349.0,2020-09-25 16:02:55,围网
9408,30.45797222222223,123.74630555555555,3.9,5.0,2020-09-25 16:12:55,围网
9408,30.46586111111111,123.7445277777778,3.2,343.0,2020-09-25 16:22:55,围网
9408,30.47347222222221,123.74263888888888,3.1,352.0,2020-09-25 16:32:55,围网
9408,30.481527777777767,123.74119444444445,3.6,330.0,2020-09-25 16:42:55,围网
9408,30.489472222222233,123.74,2.8,336.0,2020-09-25 16:52:56,围网
9408,30.497138888888887,123.73841666666668,4.5,340.0,2020-09-25 17:02:56,围网
9408,30.50461111111111,123.73641666666668,2.5,338.0,2020-09-25 17:12:55,围网
9408,30.512555555555554,123.7360277777778,3.2,350.0,2020-09-25 17:23:25,围网
9408,30.51972222222221,123.73772222222222,2.7,27.0,2020-09-25 17:32:55,围网
9408,30.52713888888889,123.74025,3.2,17.0,2020-09-25 17:42:55,围网
9408,30.53461111111111,123.74138888888888,2.8,13.0,2020-09-25 17:52:55,围网
9408,30.54180555555555,123.74388888888888,2.9,30.0,2020-09-25 18:02:55,围网
9408,30.543833333333332,123.74652777777777,0.6,0.0,2020-09-25 18:12:55,围网
9408,30.54138888888889,123.75038888888888,2.1,54.0,2020-09-25 18:22:55,围网
9408,30.54186111111111,123.75,1.3,224.0,2020-09-25 18:32:55,围网
9408,30.539277777777766,123.74972222222222,3.7,173.0,2020-09-25 18:42:55,围网
9408,30.555722222222233,123.75211111111112,8.3,13.0,2020-09-25 18:52:55,围网
9408,30.594,123.74263888888888,7.4,352.0,2020-09-25 19:12:55,围网
9408,30.61352777777779,123.73919444444445,5.8,6.0,2020-09-25 19:23:09,围网
9408,30.609305555555554,123.74577777777776,3.4,155.0,2020-09-25 19:32:55,围网
9408,30.602138888888888,123.75075,3.0,139.0,2020-09-25 19:42:55,围网
9408,30.59469444444445,123.75513888888888,3.0,139.0,2020-09-25 19:52:55,围网
9408,30.58675,123.76005555555555,2.5,165.0,2020-09-25 20:03:38,围网
9408,30.579638888888887,123.76375,3.0,185.0,2020-09-25 20:12:54,围网
9408,30.571277777777766,123.76505555555555,3.0,169.0,2020-09-25 20:22:55,围网
9408,30.56275,123.76591666666668,3.2,170.0,2020-09-25 20:32:54,围网
9408,30.55416666666667,123.76752777777777,3.6,173.0,2020-09-25 20:42:54,围网
9408,30.54575,123.76963888888888,3.2,163.0,2020-09-25 20:52:54,围网
9408,30.537222222222233,123.77002777777777,4.2,169.0,2020-09-25 21:02:54,围网
9408,30.52861111111111,123.76833333333332,3.1,195.0,2020-09-25 21:13:25,围网
9408,30.52038888888889,123.76672222222223,2.8,175.0,2020-09-25 21:22:54,围网
9408,30.511944444444445,123.76772222222222,3.0,181.0,2020-09-25 21:32:54,围网
9408,30.503611111111113,123.76805555555555,3.0,185.0,2020-09-25 21:42:54,围网
9408,30.49525,123.76791666666666,2.6,191.0,2020-09-25 21:52:54,围网
9408,30.48697222222223,123.76733333333333,2.9,189.0,2020-09-25 22:02:54,围网
9408,30.4785,123.76633333333334,3.9,190.0,2020-09-25 22:12:54,围网
9408,30.46997222222221,123.76536111111112,3.5,190.0,2020-09-25 22:22:54,围网
9408,30.461527777777768,123.76391666666666,3.0,190.0,2020-09-25 22:32:54,围网
9408,30.45325,123.76172222222223,3.0,202.0,2020-09-25 22:42:54,围网
9408,30.444888888888887,123.75902777777776,3.0,199.0,2020-09-25 22:52:56,围网
9408,30.44311111111111,123.7579722222222,1.6,210.0,2020-09-25 23:02:56,围网
9408,30.43344444444445,123.75888888888888,1.8,185.0,2020-09-25 23:13:25,围网
9408,30.431694444444453,123.75822222222223,2.0,313.0,2020-09-25 23:22:54,围网
9408,30.431694444444453,123.75822222222223,0.4,0.0,2020-09-25 23:32:54,围网
9408,30.431722222222234,123.75813888888894,0.1,0.0,2020-09-25 23:42:54,围网
9408,30.43175,123.75805555555556,0.4,0.0,2020-09-25 23:52:54,围网
9408,30.431722222222234,123.75813888888894,0.4,0.0,2020-09-26 00:02:54,围网
9408,30.43241666666667,123.75738888888893,0.7,0.0,2020-09-26 01:42:54,围网
9408,30.432472222222234,123.75741666666669,1.4,0.0,2020-09-26 01:52:54,围网
9408,30.43255555555556,123.75733333333334,0.9,220.0,2020-09-26 02:03:25,围网
9408,30.43269444444445,123.7572777777778,1.0,248.0,2020-09-26 02:12:53,围网
9408,30.432722222222232,123.75725,0.7,35.0,2020-09-26 02:22:53,围网
9408,30.432805555555557,123.75722222222224,0.7,0.0,2020-09-26 02:32:53,围网
9408,30.432944444444445,123.75722222222224,0.0,0.0,2020-09-26 02:42:53,围网
9408,30.432972222222233,123.75725,2.0,19.0,2020-09-26 02:52:53,围网
9408,30.43302777777778,123.7572777777778,1.2,13.0,2020-09-26 03:02:53,围网
9408,30.433083333333336,123.75719444444445,0.8,0.0,2020-09-26 03:12:53,围网
9408,30.432972222222233,123.75725,0.9,75.0,2020-09-26 03:22:53,围网
9408,30.432805555555557,123.7572777777778,0.6,0.0,2020-09-26 03:32:53,围网
9408,30.43291666666667,123.7572777777778,1.7,343.0,2020-09-26 03:42:53,围网
9408,30.432944444444445,123.75725,0.3,0.0,2020-09-26 03:52:53,围网
9408,30.433000000000003,123.7572777777778,2.2,143.0,2020-09-26 04:12:53,围网
9408,30.433083333333336,123.75725,8.3,332.0,2020-09-26 04:22:54,围网
9408,30.433250000000005,123.76297222222222,7.1,17.0,2020-09-26 04:32:53,围网
9408,30.44597222222221,123.76269444444445,2.6,8.0,2020-09-26 04:42:54,围网
9408,30.45441666666667,123.76211111111112,3.4,3.0,2020-09-26 04:52:52,围网
9408,30.462916666666665,123.7619722222222,2.6,7.0,2020-09-26 05:02:53,围网
9408,30.471416666666666,123.76058333333332,3.0,349.0,2020-09-26 05:13:09,围网
9408,30.479416666666665,123.76033333333334,3.4,347.0,2020-09-26 05:22:52,围网
9408,30.487805555555557,123.75966666666666,3.1,356.0,2020-09-26 05:32:52,围网
9408,30.49616666666667,123.75902777777776,2.7,5.0,2020-09-26 05:42:52,围网
9408,30.504444444444445,123.75758333333332,2.9,2.0,2020-09-26 05:52:52,围网
9408,30.512611111111113,123.75622222222222,3.2,340.0,2020-09-26 06:02:52,围网
9408,30.520916666666665,123.75522222222222,3.2,344.0,2020-09-26 06:12:52,围网
9408,30.52925,123.75569444444444,3.4,351.0,2020-09-26 06:22:52,围网
9408,30.537194444444452,123.75786111111113,3.2,350.0,2020-09-26 06:32:52,围网
9408,30.54527777777778,123.75619444444445,2.8,347.0,2020-09-26 06:42:52,围网
9408,30.55247222222223,123.75252777777777,3.2,355.0,2020-09-26 06:52:52,围网
9408,30.560277777777767,123.7515,3.2,1.0,2020-09-26 07:02:52,围网
9408,30.56825000000001,123.752,3.1,4.0,2020-09-26 07:12:52,围网
9408,30.57597222222222,123.75219444444444,3.1,13.0,2020-09-26 07:22:52,围网
9408,30.583111111111112,123.75222222222222,0.9,0.0,2020-09-26 07:32:52,围网
9408,30.58083333333333,123.75263888888887,2.6,0.0,2020-09-26 07:42:54,围网
9408,30.58972222222221,123.75155555555556,5.3,134.0,2020-09-26 07:53:09,围网
9408,30.581777777777766,123.7575,2.4,162.0,2020-09-26 08:02:52,围网
9408,30.574805555555553,123.76283333333332,3.3,136.0,2020-09-26 08:12:52,围网
9408,30.56719444444445,123.767,3.1,154.0,2020-09-26 08:22:52,围网
9408,30.559361111111112,123.77038888888887,2.9,166.0,2020-09-26 08:32:52,围网
9408,30.551333333333336,123.7722777777778,3.1,184.0,2020-09-26 08:42:52,围网
9408,30.54327777777778,123.77363888888887,3.1,185.0,2020-09-26 08:52:52,围网
9408,30.535138888888888,123.77377777777778,3.2,186.0,2020-09-26 09:02:52,围网
9408,30.527361111111112,123.77155555555555,2.9,198.0,2020-09-26 09:12:51,围网
9408,30.51880555555556,123.7709722222222,3.1,176.0,2020-09-26 09:23:09,围网
9408,30.510277777777766,123.77147222222223,2.7,188.0,2020-09-26 09:32:51,围网
9408,30.50138888888889,123.77116666666667,2.8,182.0,2020-09-26 09:42:51,围网
9408,30.492638888888887,123.77013888888888,3.4,205.0,2020-09-26 09:52:51,围网
9408,30.483694444444453,123.76886111111112,3.6,190.0,2020-09-26 10:02:51,围网
9408,30.47466666666667,123.76755555555556,2.9,187.0,2020-09-26 10:12:51,围网
9408,30.46597222222222,123.76672222222223,3.3,184.0,2020-09-26 10:22:51,围网
9408,30.45725,123.76733333333333,3.3,186.0,2020-09-26 10:32:51,围网
9408,30.44838888888889,123.76841666666668,3.4,174.0,2020-09-26 10:42:51,围网
9408,30.43944444444445,123.76886111111112,2.8,172.0,2020-09-26 10:52:51,围网
9408,30.43761111111111,123.76830555555556,2.7,199.0,2020-09-26 11:02:51,围网
9408,30.42913888888889,123.77219444444445,7.4,146.0,2020-09-26 11:12:51,围网
9408,30.42166666666667,123.7795,3.0,144.0,2020-09-26 11:22:52,围网
9408,30.415277777777767,123.78538888888887,3.0,149.0,2020-09-26 11:32:51,围网
9408,30.40758333333333,123.78994444444444,2.9,157.0,2020-09-26 11:42:52,围网
9408,30.399444444444452,123.79352777777778,4.0,167.0,2020-09-26 11:52:52,围网
9408,30.390555555555554,123.7939722222222,3.3,171.0,2020-09-26 12:03:08,围网
9408,30.382388888888887,123.79316666666666,3.1,183.0,2020-09-26 12:12:51,围网
9408,30.374277777777767,123.791,3.1,193.0,2020-09-26 12:22:51,围网
9408,30.36616666666667,123.78816666666668,3.0,201.0,2020-09-26 12:32:51,围网
9408,30.35825,123.78502777777777,3.1,198.0,2020-09-26 12:42:51,围网
9408,30.350305555555558,123.78138888888887,3.4,210.0,2020-09-26 12:52:51,围网
9408,30.342527777777768,123.77758333333334,2.8,194.0,2020-09-26 13:02:51,围网
9408,30.334861111111113,123.77330555555555,3.0,196.0,2020-09-26 13:12:51,围网
9408,30.32694444444445,123.77011111111106,2.6,179.0,2020-09-26 13:22:51,围网
9408,30.31900000000001,123.76880555555556,3.4,198.0,2020-09-26 13:32:50,围网
9408,30.310944444444445,123.76788888888888,3.1,178.0,2020-09-26 13:42:50,围网
9408,30.30266666666667,123.76766666666668,3.0,196.0,2020-09-26 13:52:50,围网
9408,30.294555555555558,123.76625,1.9,180.0,2020-09-26 14:02:50,围网
9408,30.29344444444445,123.76655555555556,0.2,0.0,2020-09-26 14:12:50,围网
9408,30.29780555555556,123.77569444444444,7.1,73.0,2020-09-26 14:22:51,围网
9408,30.31644444444445,123.78422222222223,6.0,21.0,2020-09-26 14:32:50,围网
9408,30.325416666666666,123.77925,2.3,351.0,2020-09-26 14:42:50,围网
9408,30.3325,123.77391666666666,2.7,327.0,2020-09-26 14:52:50,围网
9408,30.339055555555554,123.76777777777778,3.1,325.0,2020-09-26 15:02:50,围网
9408,30.346527777777766,123.76466666666668,3.2,336.0,2020-09-26 15:12:50,围网
9408,30.354222222222226,123.76186111111113,1.5,324.0,2020-09-26 15:23:09,围网
9408,30.36122222222223,123.75988888888894,2.9,353.0,2020-09-26 15:32:50,围网
9408,30.36916666666667,123.75819444444444,3.0,345.0,2020-09-26 15:42:50,围网
9408,30.37708333333333,123.75627777777778,2.7,359.0,2020-09-26 15:52:50,围网
9408,30.38491666666667,123.75458333333331,2.9,349.0,2020-09-26 16:02:50,围网
9408,30.392722222222233,123.75219444444444,3.0,336.0,2020-09-26 16:12:50,围网
9408,30.40069444444444,123.75013888888887,2.5,11.0,2020-09-26 16:22:50,围网
9408,30.416611111111113,123.74480555555556,2.4,358.0,2020-09-26 16:42:50,围网
9408,30.42483333333333,123.74272222222223,2.6,351.0,2020-09-26 16:52:50,围网
9408,30.432805555555557,123.73866666666667,3.3,306.0,2020-09-26 17:02:50,围网
9408,30.439055555555555,123.73180555555555,3.4,320.0,2020-09-26 17:12:50,围网
9408,30.44441666666667,123.72436111111112,3.1,291.0,2020-09-26 17:22:50,围网
9408,30.44655555555555,123.71936111111113,1.8,135.0,2020-09-26 17:32:50,围网
9408,30.444972222222226,123.7170277777778,0.7,0.0,2020-09-26 17:42:50,围网
9408,30.455666666666666,123.72855555555556,8.5,32.0,2020-09-26 17:52:49,围网
9408,30.46838888888889,123.74722222222222,8.5,45.0,2020-09-26 18:03:08,围网
9408,30.4815,123.75805555555556,4.3,2.0,2020-09-26 18:12:50,围网
9408,30.48966666666667,123.75922222222223,2.3,24.0,2020-09-26 18:22:51,围网
9408,30.497722222222233,123.75963888888887,2.9,358.0,2020-09-26 18:32:49,围网
9408,30.505805555555558,123.7594722222222,2.7,4.0,2020-09-26 18:42:49,围网
9408,30.513805555555557,123.76066666666668,2.5,13.0,2020-09-26 18:52:49,围网
9408,30.52186111111111,123.76063888888888,2.7,18.0,2020-09-26 19:02:49,围网
9408,30.530027777777768,123.76061111111113,2.7,62.0,2020-09-26 19:12:49,围网
9408,30.53811111111111,123.76055555555556,3.4,47.0,2020-09-26 19:22:49,围网
9408,30.546194444444453,123.76111111111106,2.7,333.0,2020-09-26 19:32:49,围网
9408,30.55408333333333,123.76136111111107,2.4,0.0,2020-09-26 19:42:50,围网
9408,30.562305555555554,123.76205555555555,2.6,0.0,2020-09-26 19:52:51,围网
9408,30.57058333333333,123.76322222222224,3.2,21.0,2020-09-26 20:03:09,围网
9408,30.57825,123.76363888888888,2.6,355.0,2020-09-26 20:12:48,围网
9408,30.586277777777767,123.76461111111112,2.9,4.0,2020-09-26 20:22:49,围网
9408,30.594027777777768,123.76672222222223,2.4,13.0,2020-09-26 20:32:49,围网
9408,30.60169444444445,123.76858333333332,2.6,8.0,2020-09-26 20:42:49,围网
9408,30.609055555555557,123.77236111111112,2.4,13.0,2020-09-26 20:52:49,围网
9408,30.616138888888887,123.7765,1.4,28.0,2020-09-26 21:02:49,围网
9408,30.61575,123.77625,1.7,200.0,2020-09-26 21:12:49,围网
9408,30.61658333333333,123.76297222222222,7.7,276.0,2020-09-26 21:22:49,围网
9408,30.61277777777779,123.74869444444445,7.5,152.0,2020-09-26 21:32:49,围网
9408,30.604027777777766,123.75125,2.9,159.0,2020-09-26 21:42:49,围网
9408,30.59583333333333,123.7534722222222,2.8,152.0,2020-09-26 21:52:49,围网
9408,30.587555555555554,123.75505555555556,2.8,171.0,2020-09-26 22:02:49,围网
9408,30.57933333333333,123.75622222222222,3.4,168.0,2020-09-26 22:12:49,围网
9408,30.571027777777786,123.7572777777778,3.3,177.0,2020-09-26 22:22:48,围网
9408,30.562638888888888,123.75836111111113,3.0,169.0,2020-09-26 22:32:48,围网
9408,30.5545,123.75738888888893,3.6,192.0,2020-09-26 22:42:48,围网
9408,30.54675,123.75480555555555,3.3,215.0,2020-09-26 22:52:48,围网
9408,30.539361111111113,123.7515,2.9,189.0,2020-09-26 23:02:48,围网
9408,30.53072222222222,123.75163888888888,2.9,185.0,2020-09-26 23:13:08,围网
9408,30.522472222222234,123.7519722222222,3.2,170.0,2020-09-26 23:22:48,围网
9408,30.514777777777766,123.7485,3.3,217.0,2020-09-26 23:32:48,围网
9408,30.50791666666667,123.74277777777776,3.2,171.0,2020-09-26 23:42:48,围网
9408,30.49969444444445,123.74319444444444,3.0,183.0,2020-09-26 23:52:48,围网
9408,30.49158333333333,123.74302777777777,2.8,193.0,2020-09-27 00:02:48,围网
9408,30.48375,123.74291666666666,2.8,175.0,2020-09-27 00:12:48,围网
9408,30.475666666666665,123.74230555555555,2.9,178.0,2020-09-27 00:22:48,围网
9408,30.46747222222222,123.74069444444444,3.2,198.0,2020-09-27 00:32:48,围网
9408,30.45933333333333,123.73841666666668,2.8,188.0,2020-09-27 00:42:48,围网
9408,30.45122222222221,123.73788888888888,3.1,165.0,2020-09-27 00:52:48,围网
9408,30.44313888888889,123.73866666666667,2.9,170.0,2020-09-27 01:02:48,围网
9408,30.435388888888887,123.7404722222222,3.0,157.0,2020-09-27 01:12:48,围网
9408,30.42744444444445,123.74191666666668,3.0,170.0,2020-09-27 01:22:48,围网
9408,30.41933333333333,123.74113888888887,2.9,216.0,2020-09-27 01:32:48,围网
9408,30.41147222222222,123.73880555555556,2.9,198.0,2020-09-27 01:42:48,围网
9408,30.404027777777767,123.73563888888887,3.1,191.0,2020-09-27 01:52:48,围网
9408,30.40275,123.73361111111113,0.7,199.0,2020-09-27 02:03:08,围网
9408,30.399027777777768,123.73713888888894,7.6,103.0,2020-09-27 02:12:48,围网
9408,30.39697222222221,123.76130555555555,7.2,103.0,2020-09-27 02:22:48,围网
9408,30.392777777777766,123.78519444444444,7.9,91.0,2020-09-27 02:32:47,围网
9408,30.38780555555556,123.80819444444445,8.1,115.0,2020-09-27 02:42:47,围网
9408,30.37966666666667,123.81675,7.3,264.0,2020-09-27 02:52:47,围网
9408,30.378916666666665,123.807,3.4,281.0,2020-09-27 03:02:47,围网
9408,30.37991666666667,123.79755555555555,3.4,297.0,2020-09-27 03:12:47,围网
9408,30.38138888888889,123.78811111111112,2.8,273.0,2020-09-27 03:22:47,围网
9408,30.382805555555557,123.77869444444444,2.6,266.0,2020-09-27 03:32:47,围网
9408,30.38502777777777,123.76930555555555,3.3,308.0,2020-09-27 03:42:47,围网
9408,30.387611111111113,123.75986111111106,2.7,297.0,2020-09-27 03:52:47,围网
9408,30.38991666666667,123.75016666666669,3.3,286.0,2020-09-27 04:02:47,围网
9408,30.392138888888887,123.74066666666668,3.3,301.0,2020-09-27 04:12:47,围网
9408,30.398194444444442,123.73347222222222,3.2,321.0,2020-09-27 04:22:47,围网
9408,30.40513888888889,123.72705555555555,3.2,331.0,2020-09-27 04:32:47,围网
9408,30.412388888888888,123.72161111111113,2.6,327.0,2020-09-27 04:42:47,围网
9408,30.41966666666667,123.71633333333334,3.4,324.0,2020-09-27 04:52:47,围网
9408,30.427,123.71086111111113,3.5,331.0,2020-09-27 05:02:47,围网
9408,30.43486111111111,123.70572222222224,3.1,348.0,2020-09-27 05:13:09,围网
9408,30.442027777777767,123.70058333333333,3.3,316.0,2020-09-27 05:22:47,围网
9408,30.449527777777767,123.6952777777778,3.0,330.0,2020-09-27 05:32:47,围网
9408,30.465916666666665,123.68791666666668,3.2,346.0,2020-09-27 05:52:47,围网
9408,30.47436111111111,123.68505555555555,3.2,341.0,2020-09-27 06:02:47,围网
9408,30.482861111111113,123.68205555555555,3.0,331.0,2020-09-27 06:12:47,围网
9408,30.49105555555556,123.67838888888893,2.9,343.0,2020-09-27 06:22:47,围网
9408,30.49933333333333,123.675,3.1,356.0,2020-09-27 06:32:47,围网
9408,30.50761111111111,123.67152777777778,3.3,342.0,2020-09-27 06:42:47,围网
9408,30.515694444444442,123.66725,3.2,331.0,2020-09-27 06:52:46,围网
9408,30.51825,123.66436111111112,1.4,331.0,2020-09-27 07:02:46,围网
9408,30.51886111111111,123.66213888888888,1.3,300.0,2020-09-27 07:12:46,围网
9408,30.515777777777767,123.68163888888887,7.5,56.0,2020-09-27 07:22:46,围网
9408,30.527527777777767,123.68516666666667,3.1,354.0,2020-09-27 07:32:46,围网
9408,30.535694444444445,123.68705555555556,3.1,9.0,2020-09-27 07:42:46,围网
9408,30.544277777777786,123.68869444444445,2.9,18.0,2020-09-27 07:53:09,围网
9408,30.552944444444442,123.68944444444445,2.5,8.0,2020-09-27 08:03:27,围网
9408,30.56075,123.6894722222222,3.1,14.0,2020-09-27 08:12:46,围网
9408,30.569055555555554,123.68886111111112,3.2,2.0,2020-09-27 08:22:49,围网
9408,30.577527777777767,123.6892777777778,3.7,14.0,2020-09-27 08:32:46,围网
9408,30.58625,123.68980555555555,2.5,0.0,2020-09-27 08:43:09,围网
9408,30.594527777777767,123.69144444444444,3.5,17.0,2020-09-27 08:53:09,围网
9408,30.59836111111111,123.69927777777778,3.0,108.0,2020-09-27 09:02:46,围网
9408,30.59725,123.7085277777778,2.6,116.0,2020-09-27 09:12:46,围网
9408,30.59144444444444,123.71466666666667,3.2,115.0,2020-09-27 09:22:46,围网
9408,30.58586111111111,123.72063888888893,2.8,132.0,2020-09-27 09:32:46,围网
9408,30.579638888888887,123.72563888888894,2.7,153.0,2020-09-27 09:42:46,围网
9408,30.572277777777767,123.72813888888888,3.5,193.0,2020-09-27 09:52:46,围网
9408,30.564722222222233,123.72833333333334,3.5,196.0,2020-09-27 10:02:46,围网
9408,30.557194444444452,123.7295277777778,2.7,166.0,2020-09-27 10:12:46,围网
9408,30.549555555555557,123.73052777777778,2.8,189.0,2020-09-27 10:22:46,围网
9408,30.549555555555557,123.72930555555556,0.7,187.0,2020-09-27 10:32:46,围网
9408,30.547888888888888,123.72705555555555,2.6,197.0,2020-09-27 10:42:46,围网
9408,30.541,123.73575,3.5,136.0,2020-09-27 10:52:46,围网
9408,30.53416666666667,123.74175,3.5,154.0,2020-09-27 11:02:46,围网
9408,30.526722222222233,123.74652777777777,3.4,155.0,2020-09-27 11:12:46,围网
9408,30.518638888888887,123.75044444444444,3.7,178.0,2020-09-27 11:22:49,围网
9408,30.510361111111113,123.75316666666667,1.9,194.0,2020-09-27 11:32:48,围网
9408,30.50105555555556,123.75486111111113,3.2,167.0,2020-09-27 11:43:39,围网
9408,30.4935,123.75730555555555,3.3,174.0,2020-09-27 11:52:45,围网
9408,30.485055555555554,123.75955555555555,2.9,158.0,2020-09-27 12:02:45,围网
9408,30.47661111111111,123.76188888888888,3.8,161.0,2020-09-27 12:12:45,围网
9408,30.46836111111111,123.76480555555555,4.1,186.0,2020-09-27 12:22:45,围网
9408,30.45963888888889,123.7665,3.1,166.0,2020-09-27 12:32:45,围网
9408,30.451027777777767,123.76755555555556,3.5,169.0,2020-09-27 12:42:45,围网
9408,30.44233333333333,123.76808333333332,3.3,160.0,2020-09-27 12:52:45,围网
9408,30.433611111111112,123.76905555555555,3.6,163.0,2020-09-27 13:02:45,围网
9408,30.42483333333333,123.76938888888887,3.8,200.0,2020-09-27 13:12:45,围网
9408,30.41605555555555,123.769,3.3,177.0,2020-09-27 13:22:45,围网
9408,30.40733333333333,123.76841666666668,3.2,188.0,2020-09-27 13:32:45,围网
9408,30.398833333333336,123.76791666666666,2.7,192.0,2020-09-27 13:42:45,围网
9408,30.392166666666668,123.76711111111112,1.1,64.0,2020-09-27 13:52:48,围网
9408,30.3895,123.76605555555555,3.1,221.0,2020-09-27 14:03:08,围网
9408,30.38958333333333,123.7667777777778,5.8,211.0,2020-09-27 14:12:45,围网
9408,30.381777777777767,123.7594722222222,4.1,236.0,2020-09-27 14:22:45,围网
9408,30.379166666666666,123.75025,2.8,272.0,2020-09-27 14:32:45,围网
9408,30.380222222222233,123.741,3.4,284.0,2020-09-27 14:42:45,围网
9408,30.38366666666667,123.73311111111113,2.9,322.0,2020-09-27 14:52:45,围网
9408,30.389805555555554,123.72772222222223,2.7,347.0,2020-09-27 15:02:45,围网
9408,30.395027777777766,123.72058333333334,2.7,336.0,2020-09-27 15:12:45,围网
9408,30.401166666666665,123.71475,3.2,315.0,2020-09-27 15:22:45,围网
9408,30.407555555555554,123.70916666666668,2.7,339.0,2020-09-27 15:32:45,围网
9408,30.41441666666667,123.70452777777778,2.7,335.0,2020-09-27 15:42:44,围网
9408,30.421611111111112,123.70008333333334,2.9,349.0,2020-09-27 15:52:44,围网
9408,30.42880555555556,123.69566666666668,5.2,321.0,2020-09-27 16:02:45,围网
9408,30.43569444444445,123.68963888888894,3.2,312.0,2020-09-27 16:13:09,围网
9408,30.442055555555555,123.68369444444444,4.4,301.0,2020-09-27 16:22:44,围网
9408,30.44880555555556,123.67741666666667,3.8,316.0,2020-09-27 16:32:44,围网
9408,30.45175,123.66805555555555,3.7,266.0,2020-09-27 16:42:44,围网
9408,30.4485,123.65875,3.9,253.0,2020-09-27 16:52:44,围网
9408,30.442777777777767,123.65161111111112,3.5,225.0,2020-09-27 17:02:44,围网
9408,30.44822222222221,123.6425,2.1,295.0,2020-09-27 17:12:45,围网
9408,30.45558333333333,123.63769444444445,3.3,323.0,2020-09-27 17:22:45,围网
9408,30.463361111111112,123.63450000000002,3.2,329.0,2020-09-27 17:32:44,围网
9408,30.47094444444444,123.63080555555555,3.0,1.0,2020-09-27 17:42:44,围网
9408,30.47533333333333,123.62755555555556,0.9,118.0,2020-09-27 17:52:44,围网
9408,30.47508333333333,123.6244722222222,1.8,267.0,2020-09-27 18:02:44,围网
9408,30.47258333333333,123.63155555555555,6.4,56.0,2020-09-27 18:12:45,围网
9408,30.47325,123.64922222222224,6.1,77.0,2020-09-27 18:22:44,围网
9408,30.47394444444444,123.66791666666668,5.4,76.0,2020-09-27 18:33:09,围网
9408,30.47286111111111,123.68072222222223,4.9,75.0,2020-09-27 18:42:44,围网
9408,30.47283333333333,123.69688888888888,5.3,100.0,2020-09-27 18:52:44,围网
9408,30.47308333333333,123.71272222222223,5.2,84.0,2020-09-27 19:02:44,围网
9408,30.47286111111111,123.7284722222222,5.4,115.0,2020-09-27 19:12:44,围网
9408,30.471888888888888,123.7345,1.3,254.0,2020-09-27 19:22:44,围网
9408,30.47158333333333,123.73266666666667,2.1,232.0,2020-09-27 19:32:44,围网
9408,30.47111111111111,123.7312777777778,1.0,134.0,2020-09-27 19:42:44,围网
9408,30.470777777777766,123.72977777777778,1.2,158.0,2020-09-27 19:52:44,围网
9408,30.46969444444445,123.72916666666669,0.5,0.0,2020-09-27 20:02:43,围网
9408,30.46875,123.72886111111107,1.3,116.0,2020-09-27 20:12:43,围网
9408,30.46783333333333,123.72869444444444,2.2,194.0,2020-09-27 20:22:43,围网
9408,30.46672222222222,123.72880555555555,0.6,0.0,2020-09-27 20:32:43,围网
9408,30.465166666666665,123.729,0.6,0.0,2020-09-27 20:42:43,围网
9408,30.463916666666666,123.72902777777777,0.8,149.0,2020-09-27 20:52:43,围网
9408,30.462972222222234,123.72922222222223,1.7,111.0,2020-09-27 21:02:43,围网
9408,30.46172222222221,123.72966666666666,2.8,100.0,2020-09-27 21:12:46,围网
9408,30.46075,123.73469444444444,7.8,69.0,2020-09-27 21:22:43,围网
9408,30.476027777777766,123.7507222222222,8.3,48.0,2020-09-27 21:32:44,围网
9408,30.49105555555556,123.76752777777777,8.4,43.0,2020-09-27 21:42:46,围网
9408,30.504472222222233,123.78594444444445,7.1,41.0,2020-09-27 21:53:09,围网
9408,30.517,123.80247222222219,7.6,50.0,2020-09-27 22:02:45,围网
9408,30.531305555555555,123.8172222222222,6.7,77.0,2020-09-27 22:12:43,围网
9408,30.527777777777786,123.82880555555555,2.4,0.0,2020-09-27 22:22:43,围网
9408,30.523000000000003,123.83602777777777,2.7,133.0,2020-09-27 22:32:43,围网
9408,30.517888888888887,123.84297222222222,3.3,140.0,2020-09-27 22:42:43,围网
9408,30.51147222222221,123.84944444444444,3.1,156.0,2020-09-27 22:52:44,围网
9408,30.50408333333333,123.85561111111113,3.3,139.0,2020-09-27 23:03:09,围网
9408,30.496944444444445,123.86097222222222,3.3,152.0,2020-09-27 23:12:43,围网
9408,30.48994444444445,123.86697222222222,3.3,131.0,2020-09-27 23:22:43,围网
9408,30.484305555555554,123.87308333333333,1.5,232.0,2020-09-27 23:32:43,围网
9408,30.48191666666667,123.87363888888888,1.7,188.0,2020-09-27 23:42:43,围网
9408,30.488611111111112,123.8907777777778,6.6,63.0,2020-09-27 23:52:43,围网
9408,30.499194444444445,123.91208333333331,7.4,65.0,2020-09-28 00:02:43,围网
9408,30.50486111111111,123.91888888888887,0.1,0.0,2020-09-28 00:12:43,围网
9408,30.504305555555554,123.91794444444444,0.7,0.0,2020-09-28 00:22:42,围网
9408,30.50433333333333,123.91788888888892,1.7,246.0,2020-09-28 00:32:42,围网
9408,30.504277777777766,123.91799999999999,0.2,0.0,2020-09-28 00:42:42,围网
9408,30.504277777777766,123.91791666666668,0.5,0.0,2020-09-28 00:52:43,围网
9408,30.50411111111111,123.91819444444445,0.6,0.0,2020-09-28 01:02:46,围网
9408,30.504472222222233,123.91769444444445,1.1,328.0,2020-09-28 01:13:09,围网
9408,30.50441666666667,123.9177777777778,0.1,0.0,2020-09-28 01:22:42,围网
9408,30.50441666666667,123.91775,0.8,0.0,2020-09-28 01:32:42,围网
9408,30.504361111111113,123.91780555555556,0.7,0.0,2020-09-28 01:42:42,围网
9408,30.50441666666667,123.91780555555556,0.4,76.0,2020-09-28 01:52:42,围网
9408,30.504472222222233,123.91769444444445,0.8,0.0,2020-09-28 02:02:42,围网
9408,30.50438888888889,123.9177777777778,1.9,27.0,2020-09-28 02:12:43,围网
9408,30.504555555555555,123.91763888888887,1.2,336.0,2020-09-28 02:23:09,围网
9408,30.5045,123.91766666666668,0.7,8.0,2020-09-28 02:32:41,围网
9408,30.50461111111111,123.9175277777778,1.0,168.0,2020-09-28 02:42:42,围网
9408,30.50466666666667,123.91755555555555,0.4,0.0,2020-09-28 02:52:42,围网
9408,30.50486111111111,123.91738888888894,1.6,164.0,2020-09-28 03:02:42,围网
9408,30.505,123.91733333333332,0.9,7.0,2020-09-28 03:12:42,围网
9408,30.50491666666667,123.91738888888894,0.5,0.0,2020-09-28 03:22:42,围网
9408,30.50494444444445,123.91738888888894,1.0,155.0,2020-09-28 03:32:42,围网
9408,30.50480555555556,123.91741666666668,0.9,123.0,2020-09-28 03:42:42,围网
9408,30.505,123.91733333333332,1.2,44.0,2020-09-28 03:52:42,围网
9408,30.505027777777766,123.91733333333332,0.7,109.0,2020-09-28 04:02:42,围网
9408,30.50491666666667,123.91738888888894,1.5,15.0,2020-09-28 04:12:42,围网
9408,30.50508333333333,123.91730555555556,0.5,0.0,2020-09-28 04:22:42,围网
9408,30.50525,123.91730555555556,1.1,0.0,2020-09-28 04:32:42,围网
9408,30.50019444444445,123.92033333333336,7.2,165.0,2020-09-28 04:42:41,围网
9408,30.48222222222222,123.92877777777778,7.4,160.0,2020-09-28 04:52:41,围网
9408,30.465222222222234,123.94008333333332,7.1,135.0,2020-09-28 05:02:43,围网
9408,30.449277777777766,123.9545,6.9,142.0,2020-09-28 05:13:09,围网
9408,30.433833333333336,123.96658333333332,7.0,150.0,2020-09-28 05:22:41,围网
9408,30.41791666666667,123.97941666666668,7.4,151.0,2020-09-28 05:32:41,围网
9408,30.4025,123.9925,7.2,158.0,2020-09-28 05:42:41,围网
9408,30.38586111111111,124.00308333333334,5.8,138.0,2020-09-28 05:52:41,围网
9408,30.37488888888889,123.99166666666667,3.2,261.0,2020-09-28 06:12:44,围网
9408,30.3745,123.982,3.1,274.0,2020-09-28 06:22:42,围网
9408,30.37483333333333,123.97233333333334,1.9,0.0,2020-09-28 06:32:42,围网
9408,30.37558333333333,123.96277777777777,4.8,289.0,2020-09-28 06:42:42,围网
9408,30.37661111111111,123.95269444444445,2.9,285.0,2020-09-28 06:53:27,围网
9408,30.377972222222233,123.94408333333334,2.7,296.0,2020-09-28 07:02:41,围网
9408,30.37969444444445,123.9350277777778,2.0,286.0,2020-09-28 07:12:41,围网
9408,30.381611111111113,123.9260277777778,2.9,312.0,2020-09-28 07:22:41,围网
9408,30.38363888888889,123.9172222222222,2.8,289.0,2020-09-28 07:32:41,围网
9408,30.3855,123.90850000000002,3.0,295.0,2020-09-28 07:42:41,围网
9408,30.387472222222208,123.89980555555556,2.6,289.0,2020-09-28 07:52:41,围网
9408,30.38894444444445,123.89102777777778,3.5,289.0,2020-09-28 08:02:41,围网
9408,30.39116666666667,123.88224999999998,3.1,279.0,2020-09-28 08:12:41,围网
9408,30.39372222222222,123.87369444444445,3.2,293.0,2020-09-28 08:22:41,围网
9408,30.39641666666667,123.86536111111113,1.8,317.0,2020-09-28 08:32:41,围网
9408,30.396555555555555,123.86480555555555,0.7,0.0,2020-09-28 08:42:44,围网
9408,30.388416666666664,123.8555,5.2,164.0,2020-09-28 08:52:41,围网
9408,30.38602777777778,123.86283333333333,4.7,20.0,2020-09-28 09:02:40,围网
9408,30.39425,123.86397222222222,3.3,29.0,2020-09-28 09:12:40,围网
9408,30.402722222222234,123.86616666666669,3.0,26.0,2020-09-28 09:23:39,围网
9408,30.409666666666666,123.86861111111112,3.4,17.0,2020-09-28 09:32:40,围网
9408,30.41675,123.87308333333333,3.5,30.0,2020-09-28 09:42:40,围网
9408,30.424111111111113,123.87647222222222,2.8,356.0,2020-09-28 09:52:40,围网
9408,30.431777777777786,123.87838888888888,2.6,24.0,2020-09-28 10:02:40,围网
9408,30.43911111111111,123.88105555555555,2.2,37.0,2020-09-28 10:12:40,围网
9408,30.44541666666667,123.88677777777778,2.6,32.0,2020-09-28 10:22:40,围网
9408,30.45202777777777,123.89069444444445,3.0,338.0,2020-09-28 10:32:40,围网
9408,30.4575,123.88566666666668,1.6,284.0,2020-09-28 10:42:41,围网
9408,30.45802777777779,123.88258333333332,1.2,73.0,2020-09-28 10:52:40,围网
9408,30.45494444444445,123.88224999999998,5.5,261.0,2020-09-28 11:02:40,围网
9408,30.458861111111112,123.85813888888887,7.3,277.0,2020-09-28 11:12:41,围网
9408,30.4675,123.83461111111113,8.4,297.0,2020-09-28 11:23:08,围网
9408,30.473888888888887,123.81275,7.4,285.0,2020-09-28 11:32:40,围网
9408,30.48225,123.79061111111113,7.3,304.0,2020-09-28 11:42:40,围网
9408,30.47969444444445,123.77669444444444,3.6,187.0,2020-09-28 11:52:40,围网
9408,30.47122222222222,123.77533333333334,2.4,196.0,2020-09-28 12:02:40,围网
9408,30.462694444444452,123.77488888888894,3.1,183.0,2020-09-28 12:12:40,围网
9408,30.454138888888888,123.77405555555555,3.7,170.0,2020-09-28 12:22:40,围网
9408,30.446388888888887,123.7725,2.7,190.0,2020-09-28 12:32:40,围网
9408,30.437972222222232,123.77175,2.4,165.0,2020-09-28 12:42:40,围网
9408,30.4295,123.77141666666668,3.4,158.0,2020-09-28 12:52:40,围网
9408,30.421138888888887,123.77213888888888,3.2,162.0,2020-09-28 13:02:40,围网
9408,30.413055555555548,123.77338888888887,2.7,163.0,2020-09-28 13:12:40,围网
9408,30.40444444444445,123.77361111111112,3.3,163.0,2020-09-28 13:22:41,围网
9408,30.395805555555555,123.7729722222222,2.5,178.0,2020-09-28 13:32:42,围网
9408,30.386999999999997,123.77188888888887,3.0,186.0,2020-09-28 13:43:09,围网
9408,30.379055555555553,123.77041666666666,3.4,192.0,2020-09-28 13:52:39,围网
9408,30.37061111111111,123.76875,3.3,190.0,2020-09-28 14:02:39,围网
9408,30.36233333333333,123.76683333333334,3.2,191.0,2020-09-28 14:12:39,围网
9408,30.354138888888887,123.76480555555555,3.0,202.0,2020-09-28 14:22:39,围网
9408,30.34597222222222,123.76258333333334,3.3,199.0,2020-09-28 14:32:39,围网
9408,30.332305555555553,123.75708333333333,1.3,347.0,2020-09-28 14:52:39,围网
9408,30.33069444444445,123.75505555555556,1.1,233.0,2020-09-28 15:02:39,围网
9408,30.32791666666667,123.75244444444445,4.1,227.0,2020-09-28 15:12:39,围网
9408,30.326027777777767,123.75463888888888,6.1,48.0,2020-09-28 15:22:39,围网
9408,30.334611111111112,123.77105555555555,6.0,29.0,2020-09-28 15:32:39,围网
9408,30.34194444444445,123.7684722222222,4.0,276.0,2020-09-28 15:42:39,围网
9408,30.344166666666666,123.75894444444445,2.7,290.0,2020-09-28 15:52:39,围网
9408,30.34663888888889,123.74866666666668,2.8,294.0,2020-09-28 16:03:08,围网
9408,30.348777777777766,123.73952777777778,2.9,293.0,2020-09-28 16:12:39,围网
9408,30.351805555555554,123.73030555555556,3.1,309.0,2020-09-28 16:22:39,围网
9408,30.355888888888888,123.72172222222223,3.2,296.0,2020-09-28 16:32:39,围网
9408,30.35988888888889,123.713,3.3,337.0,2020-09-28 16:42:39,围网
9408,30.36408333333333,123.70438888888887,2.8,313.0,2020-09-28 16:52:39,围网
9408,30.367916666666666,123.69552777777777,3.2,291.0,2020-09-28 17:02:39,围网
9408,30.375027777777767,123.67722222222223,4.1,314.0,2020-09-28 17:22:39,围网
9408,30.38513888888889,123.66133333333332,3.7,300.0,2020-09-28 17:42:39,围网
9408,30.390527777777766,123.65358333333332,2.5,321.0,2020-09-28 17:52:38,围网
9408,30.403444444444442,123.64033333333334,3.5,336.0,2020-09-28 18:12:38,围网
9408,30.41044444444444,123.63466666666667,3.3,337.0,2020-09-28 18:34:09,围网
9408,30.426277777777766,123.63005555555556,3.8,313.0,2020-09-28 18:43:06,围网
9408,30.431722222222234,123.62236111111108,3.4,307.0,2020-09-28 18:52:38,围网
9408,30.434305555555554,123.61419444444445,2.0,47.0,2020-09-28 19:02:38,围网
9408,30.434444444444445,123.6113611111111,0.9,0.0,2020-09-28 19:12:38,围网
9408,30.435194444444445,123.60955555555556,4.7,24.0,2020-09-28 19:22:38,围网
9408,30.442916666666665,123.62838888888888,7.5,72.0,2020-09-28 19:32:38,围网
9408,30.45433333333333,123.63766666666668,3.0,357.0,2020-09-28 19:42:38,围网
9408,30.462666666666664,123.63813888888893,3.4,29.0,2020-09-28 19:52:39,围网
9408,30.47108333333333,123.63727777777781,3.8,50.0,2020-09-28 20:02:39,围网
9408,30.4795,123.63655555555556,3.3,0.0,2020-09-28 20:12:40,围网
9408,30.488083333333336,123.63638888888893,3.2,4.0,2020-09-28 20:23:08,围网
9408,30.495777777777786,123.63736111111113,2.7,19.0,2020-09-28 20:32:38,围网
9408,30.50411111111111,123.63797222222223,2.9,8.0,2020-09-28 20:42:38,围网
9408,30.512611111111113,123.639,3.6,351.0,2020-09-28 20:52:38,围网
9408,30.520888888888887,123.6407777777778,2.6,16.0,2020-09-28 21:02:40,围网
9408,30.52836111111111,123.64458333333332,3.6,26.0,2020-09-28 21:12:38,围网
9408,30.53633333333333,123.64641666666668,3.1,21.0,2020-09-28 21:22:38,围网
9408,30.54433333333333,123.64761111111113,3.3,19.0,2020-09-28 21:32:38,围网
9408,30.55172222222221,123.64552777777777,2.6,0.0,2020-09-28 21:42:38,围网
9408,30.553166666666666,123.63688888888888,3.4,271.0,2020-09-28 21:53:06,围网
9408,30.550638888888887,123.63283333333334,1.1,58.0,2020-09-28 22:02:38,围网
9408,30.550500000000003,123.63366666666668,2.0,207.0,2020-09-28 22:12:37,围网
9408,30.549194444444453,123.63972222222223,4.3,107.0,2020-09-28 22:22:37,围网
9408,30.54938888888889,123.65763888888887,8.3,73.0,2020-09-28 22:32:37,围网
9408,30.550361111111112,123.68205555555555,7.6,83.0,2020-09-28 22:42:37,围网
9408,30.54894444444445,123.70055555555555,6.5,98.0,2020-09-28 22:52:37,围网
9408,30.542305555555558,123.7075,2.9,155.0,2020-09-28 23:02:37,围网
9408,30.53508333333333,123.71236111111112,3.4,174.0,2020-09-28 23:12:37,围网
9408,30.527527777777767,123.71672222222223,3.2,154.0,2020-09-28 23:22:37,围网
9408,30.51972222222221,123.72069444444445,3.1,160.0,2020-09-28 23:32:37,围网
9408,30.51169444444445,123.72377777777778,2.8,164.0,2020-09-28 23:42:37,围网
9408,30.503416666666666,123.72655555555555,3.3,181.0,2020-09-28 23:52:37,围网
9408,30.494555555555557,123.72913888888887,3.3,181.0,2020-09-29 00:03:06,围网
9408,30.48641666666667,123.73105555555556,3.3,164.0,2020-09-29 00:12:37,围网
9408,30.477722222222226,123.73266666666667,2.9,175.0,2020-09-29 00:22:37,围网
9408,30.469055555555553,123.73463888888894,3.5,181.0,2020-09-29 00:32:37,围网
9408,30.460416666666664,123.73636111111112,3.0,159.0,2020-09-29 00:42:37,围网
9408,30.451638888888887,123.73786111111113,3.8,173.0,2020-09-29 00:52:37,围网
9408,30.442805555555548,123.73916666666666,2.9,175.0,2020-09-29 01:02:37,围网
9408,30.433944444444442,123.74041666666666,3.7,152.0,2020-09-29 01:12:37,围网
9408,30.42508333333333,123.74119444444445,3.3,174.0,2020-09-29 01:22:37,围网
9408,30.41625,123.74133333333332,3.3,182.0,2020-09-29 01:32:37,围网
9408,30.40744444444445,123.74083333333333,2.9,176.0,2020-09-29 01:42:37,围网
9408,30.398722222222233,123.73966666666666,3.2,172.0,2020-09-29 01:52:37,围网
9408,30.39008333333333,123.73786111111113,3.6,175.0,2020-09-29 02:02:37,围网
9408,30.381611111111113,123.73538888888888,3.1,189.0,2020-09-29 02:12:37,围网
9408,30.37461111111111,123.73208333333334,1.8,61.0,2020-09-29 02:22:37,围网
9408,30.37158333333333,123.73075,2.1,196.0,2020-09-29 02:32:36,围网
9408,30.35550000000001,123.73094444444445,8.8,170.0,2020-09-29 02:42:36,围网
9408,30.32988888888889,123.72916666666669,9.5,174.0,2020-09-29 02:52:36,围网
9408,30.304055555555554,123.72605555555555,8.9,186.0,2020-09-29 03:02:36,围网
9408,30.278305555555555,123.72191666666666,8.6,191.0,2020-09-29 03:12:37,围网
9408,30.252055555555554,123.71827777777777,8.9,184.0,2020-09-29 03:23:04,围网
9408,30.22833333333333,123.71716666666669,8.9,180.0,2020-09-29 03:32:36,围网
9408,30.203555555555557,123.71799999999999,8.7,176.0,2020-09-29 03:42:36,围网
9408,30.179222222222233,123.71991666666668,8.2,183.0,2020-09-29 03:52:36,围网
9408,30.15511111111111,123.72044444444445,8.5,174.0,2020-09-29 04:02:36,围网
9408,30.13091666666667,123.72044444444445,8.9,181.0,2020-09-29 04:12:36,围网
9408,30.10675,123.72077777777778,8.7,181.0,2020-09-29 04:22:36,围网
9408,30.08275,123.71855555555555,9.3,193.0,2020-09-29 04:32:36,围网
9408,30.07344444444445,123.70366666666668,3.1,258.0,2020-09-29 04:42:36,围网
9408,30.06944444444445,123.69469444444445,3.3,251.0,2020-09-29 04:52:36,围网
9408,30.06655555555556,123.68508333333334,3.1,252.0,2020-09-29 05:02:36,围网
9408,30.06511111111111,123.67516666666668,3.7,262.0,2020-09-29 05:12:36,围网
9408,30.06655555555556,123.665,3.1,296.0,2020-09-29 05:22:36,围网
9408,30.07177777777777,123.65702777777778,3.4,321.0,2020-09-29 05:32:36,围网
9408,30.079694444444453,123.65352777777778,3.8,332.0,2020-09-29 05:42:36,围网
9408,30.087861111111113,123.65063888888888,3.9,334.0,2020-09-29 05:52:36,围网
9408,30.096527777777766,123.64794444444445,2.9,355.0,2020-09-29 06:03:06,围网
9408,30.10369444444445,123.64369444444445,3.1,1.0,2020-09-29 06:12:36,围网
9408,30.11133333333333,123.63897222222224,3.7,344.0,2020-09-29 06:22:36,围网
9408,30.117638888888887,123.63194444444444,3.3,318.0,2020-09-29 06:32:36,围网
9408,30.12383333333333,123.62502777777777,2.7,331.0,2020-09-29 06:42:36,围网
9408,30.13127777777777,123.61975,3.6,329.0,2020-09-29 06:52:35,围网
9408,30.139416666666666,123.61661111111107,3.5,358.0,2020-09-29 07:02:35,围网
9408,30.14794444444444,123.61561111111112,3.5,14.0,2020-09-29 07:12:35,围网
9408,30.156055555555554,123.61755555555555,3.4,19.0,2020-09-29 07:22:35,围网
9408,30.16469444444445,123.61641666666664,3.3,11.0,2020-09-29 07:32:35,围网
9408,30.17283333333333,123.61275,2.6,330.0,2020-09-29 07:42:35,围网
9408,30.173972222222233,123.61066666666666,0.6,0.0,2020-09-29 07:52:35,围网
9408,30.172555555555554,123.61686111111106,8.0,72.0,2020-09-29 08:02:35,围网
9408,30.18366666666667,123.62486111111107,2.9,16.0,2020-09-29 08:12:35,围网
9408,30.19211111111111,123.6232222222222,3.1,13.0,2020-09-29 08:22:35,围网
9408,30.20066666666667,123.6214722222222,3.3,347.0,2020-09-29 08:32:35,围网
9408,30.21027777777777,123.62113888888888,3.5,358.0,2020-09-29 08:43:39,围网
9408,30.217972222222233,123.62261111111107,2.7,1.0,2020-09-29 08:52:35,围网
9408,30.22575,123.62675,3.1,22.0,2020-09-29 09:02:36,围网
9408,30.2345,123.62969444444445,3.1,14.0,2020-09-29 09:13:03,围网
9408,30.24258333333333,123.63188888888888,3.7,41.0,2020-09-29 09:22:35,围网
9408,30.250805555555555,123.63402777777776,3.0,23.0,2020-09-29 09:32:35,围网
9408,30.25922222222221,123.63327777777776,3.3,0.0,2020-09-29 09:42:37,围网
9408,30.267555555555553,123.6317222222222,3.2,16.0,2020-09-29 09:53:03,围网
9408,30.275055555555554,123.63433333333334,2.8,33.0,2020-09-29 10:02:35,围网
9408,30.282055555555555,123.63961111111112,2.7,42.0,2020-09-29 10:12:35,围网
9408,30.2885,123.64575,2.3,42.0,2020-09-29 10:22:35,围网
9408,30.29558333333333,123.6505,2.7,23.0,2020-09-29 10:32:35,围网
9408,30.302722222222233,123.65530555555556,2.9,39.0,2020-09-29 10:42:35,围网
9408,30.30891666666667,123.66161111111113,2.7,47.0,2020-09-29 10:52:35,围网
9408,30.313527777777786,123.66961111111112,3.0,68.0,2020-09-29 11:02:35,围网
9408,30.31191666666667,123.67280555555556,3.0,104.0,2020-09-29 11:12:34,围网
9408,30.309972222222232,123.67436111111112,1.6,107.0,2020-09-29 11:22:34,围网
9408,30.30697222222221,123.67088888888892,7.8,246.0,2020-09-29 11:32:38,围网
9408,30.296805555555554,123.67188888888887,3.5,167.0,2020-09-29 11:42:35,围网
9408,30.28777777777778,123.672,2.5,185.0,2020-09-29 11:53:03,围网
9408,30.27958333333333,123.67138888888893,3.0,187.0,2020-09-29 12:02:34,围网
9408,30.270666666666664,123.67119444444445,3.2,176.0,2020-09-29 12:12:34,围网
9408,30.261555555555553,123.67163888888888,3.1,178.0,2020-09-29 12:22:34,围网
9408,30.252277777777767,123.67275,3.2,180.0,2020-09-29 12:32:34,围网
9408,30.243527777777786,123.67355555555555,3.0,181.0,2020-09-29 12:42:34,围网
9408,30.23458333333333,123.67430555555555,3.2,192.0,2020-09-29 12:52:34,围网
9408,30.225638888888888,123.67513888888894,3.4,184.0,2020-09-29 13:02:34,围网
9408,30.216583333333336,123.67661111111113,3.5,169.0,2020-09-29 13:12:34,围网
9408,30.20758333333333,123.67869444444445,3.1,178.0,2020-09-29 13:22:34,围网
9408,30.19838888888889,123.67961111111113,3.1,184.0,2020-09-29 13:32:34,围网
9408,30.189166666666665,123.68036111111113,3.2,185.0,2020-09-29 13:42:34,围网
9408,30.180055555555555,123.68116666666668,3.5,167.0,2020-09-29 13:52:34,围网
9408,30.17052777777778,123.68191666666668,3.2,181.0,2020-09-29 14:03:02,围网
9408,30.16188888888889,123.6825,3.2,190.0,2020-09-29 14:12:34,围网
9408,30.15286111111111,123.68283333333336,3.5,182.0,2020-09-29 14:22:34,围网
9408,30.14383333333333,123.68358333333332,2.5,185.0,2020-09-29 14:32:36,围网
9408,30.137888888888888,123.68461111111112,2.2,0.0,2020-09-29 14:42:35,围网
9408,30.13258333333333,123.68458333333334,1.3,153.0,2020-09-29 14:52:34,围网
9408,30.125750000000004,123.67186111111113,4.9,218.0,2020-09-29 15:02:34,围网
9408,30.115666666666666,123.66775,3.2,191.0,2020-09-29 15:12:34,围网
9408,30.10691666666667,123.66616666666668,2.7,192.0,2020-09-29 15:22:34,围网
9408,30.09813888888889,123.66502777777778,2.8,178.0,2020-09-29 15:32:33,围网
9408,30.096416666666666,123.66408333333334,0.6,0.0,2020-09-29 15:42:33,围网
9408,30.086,123.66208333333331,3.2,196.0,2020-09-29 15:52:34,围网
9408,30.077638888888888,123.65975,3.5,177.0,2020-09-29 16:02:35,围网
9408,30.0695,123.6567777777778,3.6,184.0,2020-09-29 16:12:35,围网
9408,30.061416666666666,123.65299999999999,3.5,209.0,2020-09-29 16:23:03,围网
9408,30.054055555555554,123.64880555555555,3.4,199.0,2020-09-29 16:32:33,围网
9408,30.04663888888889,123.6437222222222,3.8,200.0,2020-09-29 16:42:33,围网
9408,30.0395,123.63783333333336,3.1,218.0,2020-09-29 16:52:33,围网
9408,30.032805555555555,123.63136111111106,2.8,216.0,2020-09-29 17:02:33,围网
9408,30.026805555555555,123.62375,4.1,215.0,2020-09-29 17:12:33,围网
9408,30.021555555555555,123.61505555555556,3.2,216.0,2020-09-29 17:22:33,围网
9408,30.01738888888889,123.60605555555556,3.6,236.0,2020-09-29 17:32:33,围网
9408,30.015138888888888,123.59613888888887,2.4,0.0,2020-09-29 17:42:33,围网
9408,30.01372222222221,123.58622222222222,2.8,0.0,2020-09-29 17:52:33,围网
9408,30.012694444444445,123.57511111111113,3.4,270.0,2020-09-29 18:03:33,围网
9408,30.01238888888889,123.56613888888887,3.3,274.0,2020-09-29 18:12:33,围网
9408,30.012472222222208,123.55602777777777,3.5,264.0,2020-09-29 18:22:33,围网
9408,30.013,123.54583333333332,3.7,285.0,2020-09-29 18:32:33,围网
9408,30.013638888888888,123.54241666666668,1.1,349.0,2020-09-29 18:42:33,围网
9408,30.011416666666666,123.5392222222222,3.0,99.0,2020-09-29 18:52:33,围网
9408,30.02219444444445,123.55427777777777,3.4,49.0,2020-09-29 19:02:33,围网
9408,30.03669444444445,123.56811111111112,7.6,22.0,2020-09-29 19:12:33,围网
9408,30.05538888888889,123.57769444444445,6.7,20.0,2020-09-29 19:22:33,围网
9408,30.0745,123.58566666666664,6.6,18.0,2020-09-29 19:32:33,围网
9408,30.092472222222234,123.58755555555555,5.7,331.0,2020-09-29 19:42:33,围网
9408,30.103777777777786,123.58377777777778,2.8,0.0,2020-09-29 19:52:32,围网
9408,30.11188888888889,123.58019444444444,2.5,0.0,2020-09-29 20:02:32,围网
9408,30.12061111111111,123.57608333333332,3.2,350.0,2020-09-29 20:13:01,围网
9408,30.128777777777767,123.573,3.6,327.0,2020-09-29 20:22:32,围网
9408,30.13722222222221,123.56938888888888,3.0,326.0,2020-09-29 20:32:32,围网
9408,30.14491666666667,123.56452777777778,2.9,342.0,2020-09-29 20:42:32,围网
9408,30.15275,123.56013888888887,3.3,337.0,2020-09-29 20:52:32,围网
9408,30.16097222222221,123.55708333333332,4.0,2.0,2020-09-29 21:02:32,围网
9408,30.169277777777786,123.55483333333332,3.1,337.0,2020-09-29 21:12:32,围网
9408,30.177,123.55130555555556,2.7,345.0,2020-09-29 21:22:32,围网
9408,30.185305555555555,123.5505,2.5,351.0,2020-09-29 21:32:32,围网
9408,30.187277777777766,123.55027777777778,2.4,115.0,2020-09-29 21:52:32,围网
9408,30.186166666666665,123.57011111111107,8.9,102.0,2020-09-29 22:02:32,围网
9408,30.18611111111111,123.58769444444445,0.3,0.0,2020-09-29 22:12:32,围网
9408,30.18486111111111,123.58775,1.1,235.0,2020-09-29 22:22:32,围网
9408,30.184472222222233,123.58819444444444,1.4,208.0,2020-09-29 22:32:32,围网
9408,30.1845,123.58808333333332,0.3,0.0,2020-09-29 22:42:32,围网
9408,30.1845,123.58794444444445,1.0,160.0,2020-09-29 22:52:34,围网
9408,30.1845,123.58805555555556,1.7,153.0,2020-09-29 23:03:00,围网
9408,30.184472222222233,123.58802777777777,1.0,0.0,2020-09-29 23:12:32,围网
9408,30.184444444444445,123.58836111111107,0.8,0.0,2020-09-29 23:22:32,围网
9408,30.184472222222233,123.58825,0.9,106.0,2020-09-29 23:32:32,围网
9408,30.184472222222233,123.58852777777777,0.6,0.0,2020-09-29 23:42:32,围网
9408,30.1845,123.58866666666668,1.6,285.0,2020-09-29 23:52:32,围网
9408,30.1845,123.58858333333332,2.3,262.0,2020-09-30 00:02:32,围网
9408,30.1845,123.58866666666668,1.0,83.0,2020-09-30 00:12:31,围网
9408,30.1845,123.58872222222222,1.9,153.0,2020-09-30 00:22:31,围网
9408,30.184555555555555,123.58883333333333,1.0,0.0,2020-09-30 00:32:31,围网
9408,30.184527777777767,123.58886111111107,1.3,0.0,2020-09-30 00:42:31,围网
9408,30.18441666666667,123.58866666666668,3.2,112.0,2020-09-30 00:52:33,围网
9408,30.1845,123.58863888888888,1.8,312.0,2020-09-30 01:03:00,围网
9408,30.184527777777767,123.58880555555555,0.1,0.0,2020-09-30 01:12:31,围网
9408,30.184527777777767,123.58886111111107,1.0,66.0,2020-09-30 01:22:31,围网
9408,30.1845,123.58863888888888,0.2,0.0,2020-09-30 01:32:31,围网
9408,30.1845,123.58861111111106,0.8,339.0,2020-09-30 01:42:31,围网
9408,30.184472222222233,123.58861111111106,2.3,303.0,2020-09-30 01:52:31,围网
9408,30.184444444444445,123.58858333333332,0.9,346.0,2020-09-30 02:02:31,围网
9408,30.184444444444445,123.5885,0.6,0.0,2020-09-30 02:12:31,围网
9408,30.184444444444445,123.5885,2.0,47.0,2020-09-30 02:22:31,围网
9408,30.18438888888889,123.58855555555556,1.8,311.0,2020-09-30 02:32:31,围网
9408,30.184444444444445,123.5885,0.9,0.0,2020-09-30 02:42:31,围网
9408,30.18438888888889,123.58830555555555,0.5,0.0,2020-09-30 02:52:31,围网
9408,30.18433333333333,123.5882777777778,1.0,0.0,2020-09-30 03:02:31,围网
9408,30.18441666666667,123.58838888888887,0.3,0.0,2020-09-30 03:12:31,围网
9408,30.18433333333333,123.5882777777778,1.0,0.0,2020-09-30 03:22:31,围网
9408,30.184305555555554,123.58825,3.0,304.0,2020-09-30 03:32:31,围网
9408,30.184444444444445,123.58808333333332,0.4,0.0,2020-09-30 03:42:59,围网
9408,30.184472222222233,123.58797222222222,1.6,204.0,2020-09-30 03:52:31,围网
9408,30.184444444444445,123.588,0.4,0.0,2020-09-30 04:02:31,围网
9408,30.184472222222233,123.58786111111112,1.5,138.0,2020-09-30 04:12:31,围网
9408,30.184444444444445,123.588,1.7,114.0,2020-09-30 04:22:31,围网
9408,30.1845,123.58780555555555,1.5,127.0,2020-09-30 04:32:30,围网
9408,30.187027777777786,123.58105555555555,7.7,265.0,2020-09-30 04:42:30,围网
9408,30.17955555555556,123.5715,3.2,200.0,2020-09-30 04:52:30,围网
9408,30.17169444444445,123.56763888888888,2.8,178.0,2020-09-30 05:02:30,围网
9408,30.163611111111113,123.56416666666668,3.3,211.0,2020-09-30 05:12:30,围网
9408,30.156805555555554,123.55736111111106,3.0,223.0,2020-09-30 05:22:30,围网
9408,30.149694444444453,123.55186111111112,3.1,213.0,2020-09-30 05:32:30,围网
9408,30.143666666666665,123.54475,3.1,202.0,2020-09-30 05:42:30,围网
9408,30.13708333333333,123.5390277777778,0.5,0.0,2020-09-30 05:52:30,围网
9408,30.13063888888889,123.5319722222222,3.1,221.0,2020-09-30 06:02:59,围网
9408,30.126444444444445,123.52416666666666,3.2,274.0,2020-09-30 06:12:30,围网
9408,30.13225,123.51591666666668,3.0,341.0,2020-09-30 06:22:30,围网
9408,30.14025,123.51244444444444,3.7,2.0,2020-09-30 06:32:30,围网
9408,30.147472222222234,123.50705555555555,2.9,326.0,2020-09-30 06:42:30,围网
9408,30.15508333333333,123.50322222222223,3.4,345.0,2020-09-30 06:52:30,围网
9408,30.162972222222226,123.50002777777777,3.2,326.0,2020-09-30 07:02:30,围网
9408,30.170361111111113,123.49477777777778,3.1,347.0,2020-09-30 07:12:30,围网
9408,30.17777777777778,123.48961111111113,3.2,324.0,2020-09-30 07:22:30,围网
9408,30.18555555555556,123.48463888888894,3.4,316.0,2020-09-30 07:32:30,围网
9408,30.18922222222222,123.48033333333336,0.9,115.0,2020-09-30 07:42:30,围网
9408,30.18855555555556,123.47916666666669,4.2,143.0,2020-09-30 07:52:30,围网
9408,30.18175,123.4802222222222,3.3,322.0,2020-09-30 08:02:30,围网
9408,30.19147222222222,123.47511111111113,3.4,354.0,2020-09-30 08:12:30,围网
9408,30.2,123.47338888888888,2.0,351.0,2020-09-30 08:22:30,围网
9408,30.20858333333333,123.47386111111106,3.4,20.0,2020-09-30 08:32:30,围网
9408,30.21641666666667,123.47744444444444,2.6,33.0,2020-09-30 08:42:30,围网
9408,30.22444444444445,123.47944444444445,3.5,298.0,2020-09-30 08:52:29,围网
9408,30.232722222222232,123.48138888888887,2.8,0.0,2020-09-30 09:02:29,围网
9408,30.24138888888889,123.48205555555555,3.3,3.0,2020-09-30 09:12:57,围网
9408,30.24933333333333,123.48405555555556,3.3,23.0,2020-09-30 09:22:29,围网
9408,30.257,123.48708333333332,4.2,351.0,2020-09-30 09:32:29,围网
9408,30.26508333333333,123.48933333333332,3.5,25.0,2020-09-30 09:42:29,围网
9408,30.272805555555554,123.49316666666668,2.1,7.0,2020-09-30 09:52:29,围网
9408,30.280555555555555,123.49622222222222,2.8,19.0,2020-09-30 10:02:29,围网
9408,30.288000000000004,123.50008333333334,3.0,21.0,2020-09-30 10:12:29,围网
9408,30.295027777777786,123.50444444444445,3.0,19.0,2020-09-30 10:22:29,围网
9408,30.302944444444442,123.50655555555555,2.3,19.0,2020-09-30 10:32:29,围网
9408,30.31130555555556,123.50691666666664,2.7,341.0,2020-09-30 10:42:29,围网
9408,30.315,123.50563888888892,3.0,253.0,2020-09-30 10:52:29,围网
9408,30.29497222222223,123.48980555555555,8.1,226.0,2020-09-30 11:12:29,围网
9408,30.278916666666664,123.48369444444445,5.7,141.0,2020-09-30 11:22:29,围网
9408,30.270111111111113,123.4892222222222,3.0,134.0,2020-09-30 11:32:57,围网
9408,30.26319444444445,123.49391666666666,3.2,157.0,2020-09-30 11:42:29,围网
9408,30.255138888888887,123.4974722222222,3.9,149.0,2020-09-30 11:52:29,围网
9408,30.24675,123.49894444444445,3.0,175.0,2020-09-30 12:02:29,围网
9408,30.23830555555556,123.5005,3.6,176.0,2020-09-30 12:12:29,围网
9408,30.229833333333332,123.50233333333333,3.6,161.0,2020-09-30 12:22:29,围网
9408,30.221277777777768,123.50288888888888,2.7,182.0,2020-09-30 12:32:29,围网
9408,30.212611111111112,123.50272222222222,3.0,190.0,2020-09-30 12:42:29,围网
9408,30.203916666666665,123.50516666666668,3.2,168.0,2020-09-30 12:52:29,围网
9408,30.19522222222223,123.50805555555556,3.5,168.0,2020-09-30 13:02:29,围网
9408,30.186416666666666,123.51113888888888,3.2,163.0,2020-09-30 13:12:29,围网
9408,30.17813888888889,123.51505555555555,3.0,158.0,2020-09-30 13:22:28,围网
9408,30.17,123.51966666666668,3.1,149.0,2020-09-30 13:32:28,围网
9408,30.161916666666666,123.52425,3.3,171.0,2020-09-30 13:42:28,围网
9408,30.153805555555557,123.5287777777778,3.7,162.0,2020-09-30 13:52:28,围网
9408,30.145222222222234,123.5332222222222,3.2,157.0,2020-09-30 14:02:56,围网
9408,30.137305555555553,123.53697222222222,2.9,163.0,2020-09-30 14:12:28,围网
9408,30.13366666666667,123.5377777777778,1.5,235.0,2020-09-30 14:22:28,围网
9408,30.130944444444445,123.54177777777778,7.2,46.0,2020-09-30 14:32:28,围网
9408,30.13144444444445,123.55561111111112,4.7,161.0,2020-09-30 14:42:28,围网
9408,30.12244444444445,123.55913888888887,3.1,157.0,2020-09-30 14:52:28,围网
9408,30.11344444444445,123.56063888888887,3.3,184.0,2020-09-30 15:02:28,围网
9408,30.10469444444445,123.56158333333332,3.2,162.0,2020-09-30 15:12:28,围网
9408,30.096138888888888,123.56216666666666,2.7,171.0,2020-09-30 15:22:28,围网
9408,30.08730555555555,123.56261111111112,3.8,188.0,2020-09-30 15:32:28,围网
9408,30.078611111111112,123.56261111111112,4.2,192.0,2020-09-30 15:42:28,围网
9408,30.069861111111113,123.56194444444445,2.6,187.0,2020-09-30 15:52:29,围网
9408,30.06144444444445,123.56091666666669,2.1,174.0,2020-09-30 16:02:29,围网
9408,30.052611111111112,123.55861111111106,3.3,179.0,2020-09-30 16:12:57,围网
9408,30.043972222222234,123.5565,3.7,187.0,2020-09-30 16:22:29,围网
9408,30.035888888888888,123.55352777777777,1.8,0.0,2020-09-30 16:32:29,围网
9408,30.01991666666667,123.54655555555556,3.1,195.0,2020-09-30 16:52:29,围网
9408,30.01241666666667,123.54169444444445,3.0,195.0,2020-09-30 17:02:28,围网
9408,30.005277777777767,123.53627777777778,3.8,220.0,2020-09-30 17:12:28,围网
9408,29.99833333333333,123.53025,3.6,220.0,2020-09-30 17:22:28,围网
9408,29.99116666666667,123.524,2.7,196.0,2020-09-30 17:32:28,围网
9408,29.98375,123.51938888888887,2.6,200.0,2020-09-30 17:42:27,围网
9408,29.97661111111111,123.51425,2.8,198.0,2020-09-30 17:52:27,围网
9408,29.966472222222233,123.50572222222223,3.3,228.0,2020-09-30 18:02:55,围网
9408,29.960694444444442,123.50788888888887,4.9,72.0,2020-09-30 18:22:27,围网
9408,29.97069444444444,123.52102777777776,5.3,89.0,2020-09-30 18:33:09,围网
9408,29.97811111111111,123.5332222222222,5.1,66.0,2020-09-30 18:42:33,围网
9408,29.98619444444445,123.54525,4.3,60.0,2020-09-30 18:52:43,围网
9408,29.99205555555556,123.56016666666667,6.3,62.0,2020-09-30 19:02:38,围网
9408,30.00033333333333,123.57663888888888,6.3,42.0,2020-09-30 19:12:28,围网
9408,30.010277777777766,123.58991666666668,6.9,62.0,2020-09-30 19:22:28,围网
9408,30.01913888888889,123.60508333333333,6.2,59.0,2020-09-30 19:32:27,围网
9408,30.025472222222234,123.61213888888888,5.4,304.0,2020-09-30 19:42:27,围网
9408,30.02569444444445,123.61083333333332,0.1,0.0,2020-09-30 19:52:26,围网
9408,30.0255,123.61116666666666,0.2,0.0,2020-09-30 20:02:27,围网
9408,30.02525,123.61180555555555,0.6,0.0,2020-09-30 20:12:27,围网
9408,30.025055555555554,123.6124722222222,0.9,0.0,2020-09-30 20:22:27,围网
9408,30.025055555555554,123.61291666666664,1.5,52.0,2020-09-30 20:32:27,围网
9408,30.02486111111111,123.61330555555556,1.8,115.0,2020-09-30 20:42:27,围网
9408,30.02472222222222,123.6137222222222,0.4,0.0,2020-09-30 20:52:27,围网
9408,30.024472222222233,123.6137222222222,1.2,0.0,2020-09-30 21:02:28,围网
9408,30.02419444444445,123.61441666666666,0.9,94.0,2020-09-30 21:12:28,围网
9408,30.02405555555555,123.61541666666666,1.4,118.0,2020-09-30 21:22:27,围网
9408,30.02369444444444,123.6172222222222,1.2,0.0,2020-09-30 21:32:27,围网
9408,30.024694444444453,123.61377777777778,0.4,0.0,2020-09-30 21:42:57,围网
9408,30.024555555555555,123.61377777777778,0.9,0.0,2020-09-30 21:52:26,围网
9408,30.0245,123.61383333333332,0.9,0.0,2020-09-30 22:02:27,围网
9408,30.024444444444452,123.61380555555556,0.4,0.0,2020-09-30 22:12:27,围网
9408,30.024472222222233,123.61380555555556,0.2,0.0,2020-09-30 22:22:26,围网
9408,30.024305555555554,123.61386111111106,0.5,0.0,2020-09-30 22:32:26,围网
9408,30.02405555555555,123.61402777777776,1.8,108.0,2020-09-30 22:42:26,围网
9408,30.023777777777767,123.61425,0.4,0.0,2020-09-30 22:52:26,围网
9408,30.023611111111112,123.6145,0.9,128.0,2020-09-30 23:02:26,围网
9408,30.02347222222221,123.61477777777776,0.4,0.0,2020-09-30 23:12:26,围网
9408,30.02358333333333,123.61452777777778,0.8,0.0,2020-09-30 23:22:26,围网
9408,30.023611111111112,123.61444444444444,0.6,0.0,2020-09-30 23:32:26,围网
9408,30.02347222222221,123.61486111111107,3.6,82.0,2020-09-30 23:42:26,围网
9408,30.02338888888889,123.61483333333332,1.8,93.0,2020-09-30 23:52:26,围网
9408,30.02338888888889,123.615,1.3,80.0,2020-10-01 00:02:55,围网
9408,30.02330555555556,123.61522222222222,0.4,0.0,2020-10-01 00:12:26,围网
9408,30.02333333333333,123.61519444444444,0.8,204.0,2020-10-01 00:22:26,围网
9408,30.02333333333333,123.61511111111106,0.4,0.0,2020-10-01 00:32:26,围网
9408,30.02333333333333,123.61525,0.9,43.0,2020-10-01 00:42:26,围网
9408,30.02338888888889,123.61516666666668,0.3,0.0,2020-10-01 00:52:26,围网
9408,30.02330555555556,123.61522222222222,0.4,0.0,2020-10-01 01:02:26,围网
9408,30.02333333333333,123.61530555555555,0.4,0.0,2020-10-01 01:12:26,围网
9408,30.02330555555556,123.61533333333334,0.6,0.0,2020-10-01 01:22:26,围网
9408,30.02330555555556,123.61533333333334,2.0,91.0,2020-10-01 01:32:26,围网
9408,30.02333333333333,123.61519444444444,1.1,217.0,2020-10-01 01:42:26,围网
9408,30.02333333333333,123.61516666666668,1.2,9.0,2020-10-01 01:52:26,围网
9408,30.02333333333333,123.6152777777778,1.0,0.0,2020-10-01 02:02:26,围网
9408,30.02330555555556,123.61525,0.8,0.0,2020-10-01 02:12:25,围网
9408,30.02336111111111,123.61511111111106,1.3,118.0,2020-10-01 02:22:25,围网
9408,30.02333333333333,123.61508333333332,0.6,40.0,2020-10-01 02:42:25,围网
9408,30.02336111111111,123.61511111111106,0.9,16.0,2020-10-01 02:52:25,围网
9408,30.02336111111111,123.615,0.7,6.0,2020-10-01 03:02:25,围网
9408,30.02338888888889,123.61486111111107,0.7,110.0,2020-10-01 03:12:25,围网
9408,30.02347222222221,123.61475,0.3,0.0,2020-10-01 03:22:25,围网
9408,30.023416666666666,123.61477777777776,0.9,123.0,2020-10-01 03:32:25,围网
9408,30.02352777777779,123.61461111111113,1.5,108.0,2020-10-01 03:42:25,围网
9408,30.023555555555557,123.6145,0.2,0.0,2020-10-01 03:52:25,围网
9408,30.023777777777767,123.6145,0.9,328.0,2020-10-01 04:02:25,围网
9408,30.028861111111112,123.62080555555555,7.1,74.0,2020-10-01 04:12:25,围网
9408,30.03458333333333,123.64225,7.7,75.0,2020-10-01 04:22:25,围网
9408,30.04036111111111,123.66419444444445,7.1,79.0,2020-10-01 04:32:25,围网
9408,30.04491666666667,123.68130555555555,3.5,155.0,2020-10-01 04:42:25,围网
9408,30.02780555555556,123.67944444444444,3.4,206.0,2020-10-01 05:02:27,围网
9408,30.020861111111113,123.67313888888893,3.6,235.0,2020-10-01 05:12:26,围网
9408,30.01669444444445,123.66372222222223,3.8,269.0,2020-10-01 05:22:27,围网
9408,30.01433333333333,123.65316666666668,2.6,254.0,2020-10-01 05:32:34,围网
9408,30.01297222222223,123.6425,3.2,261.0,2020-10-01 05:42:28,围网
9408,30.011888888888887,123.63158333333332,3.3,269.0,2020-10-01 05:52:35,围网
9408,30.011138888888887,123.62038888888887,3.5,263.0,2020-10-01 06:02:55,围网
9408,30.010638888888888,123.61008333333334,3.6,266.0,2020-10-01 06:12:25,围网
9408,30.011194444444445,123.59908333333333,3.4,265.0,2020-10-01 06:22:25,围网
9408,30.01225,123.58844444444445,2.7,286.0,2020-10-01 06:32:24,围网
9408,30.01372222222221,123.57777777777777,3.5,274.0,2020-10-01 06:42:24,围网
9408,30.01572222222222,123.56716666666668,2.7,308.0,2020-10-01 06:52:24,围网
9408,30.01880555555556,123.55741666666668,3.1,312.0,2020-10-01 07:02:24,围网
9408,30.02344444444445,123.54836111111106,3.5,290.0,2020-10-01 07:12:24,围网
9408,30.027722222222234,123.53905555555555,3.1,286.0,2020-10-01 07:22:24,围网
9408,30.031666666666666,123.52958333333332,3.0,285.0,2020-10-01 07:32:24,围网
9408,30.03580555555556,123.52016666666668,3.1,301.0,2020-10-01 07:42:24,围网
9408,30.0395,123.5107777777778,1.3,293.0,2020-10-01 07:52:24,围网
9408,30.04002777777778,123.50877777777778,1.0,0.0,2020-10-01 08:02:24,围网
9408,30.04125,123.52275,7.6,88.0,2020-10-01 08:12:24,围网
9408,30.05119444444445,123.52252777777777,3.1,345.0,2020-10-01 08:22:24,围网
9408,30.06002777777778,123.5205,2.7,359.0,2020-10-01 08:32:24,围网
9408,30.068666666666665,123.51844444444444,2.5,350.0,2020-10-01 08:42:24,围网
9408,30.077055555555553,123.51536111111112,3.1,0.0,2020-10-01 08:52:24,围网
9408,30.08558333333333,123.51305555555555,2.8,31.0,2020-10-01 09:02:24,围网
9408,30.102638888888887,123.50716666666666,3.3,334.0,2020-10-01 09:22:14,围网
9408,30.111694444444453,123.50802777777777,3.6,11.0,2020-10-01 09:32:14,围网
9408,30.12061111111111,123.50988888888894,4.1,357.0,2020-10-01 09:42:14,围网
9408,30.12961111111111,123.51105555555556,4.1,357.0,2020-10-01 09:52:14,围网
9408,30.13883333333333,123.51208333333332,2.5,358.0,2020-10-01 10:02:29,围网
9408,30.14763888888889,123.51286111111106,2.9,3.0,2020-10-01 10:12:14,围网
9408,30.15663888888889,123.51275,0.7,0.0,2020-10-01 10:22:24,围网
9408,30.165555555555553,123.51205555555555,2.9,347.0,2020-10-01 10:32:26,围网
9408,30.174,123.51075,3.1,348.0,2020-10-01 10:42:24,围网
9408,30.18216666666667,123.50911111111112,3.1,4.0,2020-10-01 10:52:24,围网
9408,30.19072222222222,123.50738888888893,3.1,0.0,2020-10-01 11:02:38,围网
9408,30.19725,123.5059722222222,2.8,0.0,2020-10-01 11:12:23,围网
9408,30.19677777777777,123.50594444444445,0.1,0.0,2020-10-01 11:22:23,围网
9408,30.20119444444445,123.48777777777778,8.3,328.0,2020-10-01 11:32:24,围网
9408,30.21058333333333,123.48094444444445,4.3,65.0,2020-10-01 11:52:25,围网
9408,30.20786111111111,123.49030555555555,8.5,100.0,2020-10-01 12:02:25,围网
9408,30.201611111111113,123.49677777777778,3.3,0.0,2020-10-01 12:12:28,围网
9408,30.195305555555557,123.50297222222223,4.8,107.0,2020-10-01 12:22:28,围网
9408,30.189555555555554,123.51122222222222,3.5,141.0,2020-10-01 12:33:27,围网
9408,30.18305555555556,123.51619444444445,3.2,153.0,2020-10-01 12:42:23,围网
9408,30.175027777777785,123.51833333333332,2.9,153.0,2020-10-01 12:52:23,围网
9408,30.16713888888889,123.52158333333334,2.9,154.0,2020-10-01 13:02:23,围网
9408,30.15925,123.52541666666666,2.6,170.0,2020-10-01 13:12:23,围网
9408,30.151,123.52769444444445,3.2,173.0,2020-10-01 13:22:23,围网
9408,30.142555555555553,123.52891666666666,2.9,189.0,2020-10-01 13:32:23,围网
9408,30.13411111111111,123.5292777777778,2.7,177.0,2020-10-01 13:42:23,围网
9408,30.125694444444445,123.52933333333334,3.2,174.0,2020-10-01 13:52:23,围网
9408,30.11722222222221,123.52975,2.8,181.0,2020-10-01 14:02:23,围网
9408,30.108694444444453,123.53066666666666,4.0,171.0,2020-10-01 14:12:23,围网
9408,30.10016666666667,123.53191666666666,2.8,175.0,2020-10-01 14:22:23,围网
9408,30.09169444444445,123.53341666666668,3.1,175.0,2020-10-01 14:32:23,围网
9408,30.08491666666667,123.53311111111113,1.8,359.0,2020-10-01 14:42:24,围网
9408,30.08211111111111,123.53130555555555,1.8,163.0,2020-10-01 14:52:23,围网
9408,30.09669444444444,123.53316666666666,7.6,32.0,2020-10-01 15:02:23,围网
9408,30.108305555555557,123.53791666666666,2.0,200.0,2020-10-01 15:12:24,围网
9408,30.100388888888887,123.54308333333331,4.1,156.0,2020-10-01 15:22:23,围网
9408,30.092305555555555,123.54638888888887,3.5,160.0,2020-10-01 15:32:24,围网
9408,30.08408333333333,123.549,3.7,165.0,2020-10-01 15:42:22,围网
9408,30.075055555555554,123.55005555555556,3.1,174.0,2020-10-01 15:52:39,围网
9408,30.06661111111111,123.54991666666666,2.8,174.0,2020-10-01 16:02:23,围网
9408,30.05775,123.54930555555555,3.3,170.0,2020-10-01 16:12:23,围网
9408,30.04891666666667,123.54788888888888,3.1,196.0,2020-10-01 16:22:24,围网
9408,30.040555555555557,123.54752777777777,3.2,216.0,2020-10-01 16:32:27,围网
9408,30.03175,123.54838888888894,2.5,170.0,2020-10-01 16:42:39,围网
9408,30.023666666666664,123.5475,2.8,192.0,2020-10-01 16:52:22,围网
9408,30.015472222222233,123.54511111111113,3.2,187.0,2020-10-01 17:02:22,围网
9408,30.0075,123.54180555555556,3.0,193.0,2020-10-01 17:12:22,围网
9408,29.99977777777778,123.53747222222222,3.0,199.0,2020-10-01 17:22:22,围网
9408,29.992305555555557,123.53244444444445,3.4,208.0,2020-10-01 17:32:22,围网
9408,29.984861111111112,123.5277222222222,3.2,202.0,2020-10-01 17:42:22,围网
9408,29.977166666666665,123.52519444444445,3.2,183.0,2020-10-01 17:52:22,围网
9408,29.96911111111111,123.52144444444444,2.9,202.0,2020-10-01 18:02:56,围网
9408,29.96375,123.51730555555555,1.5,7.0,2020-10-01 18:12:39,围网
9408,29.96263888888889,123.51513888888887,1.3,248.0,2020-10-01 18:22:22,围网
9408,29.96538888888889,123.51983333333334,0.6,0.0,2020-10-01 18:32:22,围网
9408,29.973888888888887,123.52294444444445,4.3,28.0,2020-10-01 18:42:22,围网
9408,29.98758333333333,123.53158333333332,6.5,26.0,2020-10-01 18:52:22,围网
9408,30.002722222222232,123.54275,8.3,21.0,2020-10-01 19:02:22,围网
9408,30.01819444444445,123.558,7.2,43.0,2020-10-01 19:12:22,围网
9408,30.05194444444445,123.57886111111107,8.0,28.0,2020-10-01 19:32:22,围网
9408,30.07169444444445,123.59038888888887,7.4,29.0,2020-10-01 19:42:22,围网
9408,30.09272222222221,123.59947222222222,8.0,22.0,2020-10-01 19:52:21,围网
9408,30.11466666666667,123.608,8.3,19.0,2020-10-01 20:02:21,围网
9408,30.136888888888887,123.6159722222222,8.3,14.0,2020-10-01 20:12:21,围网
9408,30.15933333333333,123.62375,8.3,19.0,2020-10-01 20:22:21,围网
9408,30.18255555555556,123.6302777777778,8.3,14.0,2020-10-01 20:32:21,围网
9408,30.206138888888887,123.63616666666668,8.4,12.0,2020-10-01 20:42:21,围网
9408,30.231,123.64152777777778,9.2,4.0,2020-10-01 20:52:39,围网
9408,30.254777777777786,123.64633333333332,8.5,7.0,2020-10-01 21:02:21,围网
9408,30.279611111111112,123.64961111111113,8.6,6.0,2020-10-01 21:12:21,围网
9408,30.303777777777785,123.65208333333334,8.2,4.0,2020-10-01 21:22:21,围网
9408,30.32788888888889,123.65466666666669,8.5,8.0,2020-10-01 21:32:21,围网
9408,30.35236111111111,123.65658333333334,8.8,9.0,2020-10-01 21:42:39,围网
9408,30.375611111111112,123.66155555555555,8.0,18.0,2020-10-01 21:52:21,围网
9408,30.40013888888889,123.66663888888887,8.9,19.0,2020-10-01 22:02:21,围网
9408,30.424944444444453,123.67061111111113,9.5,16.0,2020-10-01 22:12:21,围网
9408,30.44925,123.6737222222222,9.2,0.0,2020-10-01 22:22:21,围网
9408,30.47347222222221,123.67627777777778,8.5,347.0,2020-10-01 22:32:21,围网
9408,30.498722222222234,123.67522222222223,8.9,356.0,2020-10-01 22:42:39,围网
9408,30.522444444444453,123.67419444444445,8.5,359.0,2020-10-01 22:52:21,围网
9408,30.547277777777786,123.67219444444444,9.3,358.0,2020-10-01 23:02:21,围网
9408,30.5725,123.67133333333334,9.3,8.0,2020-10-01 23:12:21,围网
9408,30.59813888888889,123.67277777777778,9.0,10.0,2020-10-01 23:22:21,围网
9408,30.623666666666665,123.67572222222223,9.4,7.0,2020-10-01 23:32:21,围网
9408,30.648777777777767,123.68061111111112,9.0,14.0,2020-10-01 23:42:21,围网
9408,30.671722222222233,123.68763888888887,5.9,30.0,2020-10-01 23:52:21,围网
9408,30.68033333333333,123.69488888888893,3.3,24.0,2020-10-02 00:02:21,围网
9408,30.68602777777778,123.70263888888887,3.3,51.0,2020-10-02 00:12:20,围网
9408,30.69033333333333,123.71188888888894,3.6,55.0,2020-10-02 00:22:20,围网
9408,30.69436111111111,123.72088888888894,3.2,70.0,2020-10-02 00:32:20,围网
9408,30.698722222222226,123.72938888888888,2.9,59.0,2020-10-02 00:42:20,围网
9408,30.703555555555557,123.73777777777778,3.2,46.0,2020-10-02 00:52:39,围网
9408,30.70727777777777,123.74641666666666,3.2,70.0,2020-10-02 01:02:20,围网
9408,30.710305555555554,123.75605555555555,2.9,53.0,2020-10-02 01:12:20,围网
9408,30.712805555555555,123.76594444444444,3.0,74.0,2020-10-02 01:22:20,围网
9408,30.713555555555555,123.77655555555555,3.3,93.0,2020-10-02 01:32:20,围网
9408,30.70891666666667,123.79594444444444,3.2,144.0,2020-10-02 01:52:20,围网
9408,30.70172222222222,123.80233333333332,3.5,141.0,2020-10-02 02:02:20,围网
9408,30.694027777777766,123.80763888888887,3.2,152.0,2020-10-02 02:12:20,围网
9408,30.68605555555556,123.8125,3.2,150.0,2020-10-02 02:22:20,围网
9408,30.67825,123.81772222222222,3.2,148.0,2020-10-02 02:32:20,围网
9408,30.67116666666667,123.82477777777778,3.6,134.0,2020-10-02 02:42:20,围网
9408,30.66416666666667,123.83191666666666,3.1,143.0,2020-10-02 02:52:20,围网
9408,30.65575,123.83611111111112,3.3,160.0,2020-10-02 03:02:20,围网
9408,30.64713888888889,123.84,3.5,159.0,2020-10-02 03:12:20,围网
9408,30.638527777777767,123.84394444444445,3.1,165.0,2020-10-02 03:22:20,围网
9408,30.62994444444445,123.84775,2.9,144.0,2020-10-02 03:32:20,围网
