渔船ID,lat,lon,速度,方向,time,type
9688,29.94538888888889,122.30680555555556,1.1,36.0,2018-09-29 18:06:01,拖网
9688,29.945138888888888,122.30688888888888,3.3,143.0,2018-09-29 18:16:01,拖网
9688,29.945166666666665,122.30677777777777,0.0,0.0,2018-09-29 18:26:01,拖网
9688,29.945305555555557,122.30683333333332,0.1,0.0,2018-09-29 18:36:01,拖网
9688,29.94511111111111,122.30669444444445,0.0,0.0,2018-09-29 18:46:01,拖网
9688,29.945055555555548,122.30675,0.1,0.0,2018-09-29 18:56:01,拖网
9688,29.94511111111111,122.30675,0.0,0.0,2018-09-29 19:06:01,拖网
9688,29.945277777777786,122.30677777777777,0.1,0.0,2018-09-29 19:16:01,拖网
9688,29.945166666666665,122.30669444444445,0.0,0.0,2018-09-29 19:26:01,拖网
9688,29.94519444444445,122.30672222222222,0.0,0.0,2018-09-29 19:36:01,拖网
9688,29.945138888888888,122.30672222222222,0.0,0.0,2018-09-29 19:46:01,拖网
9688,29.94519444444445,122.30675,0.1,0.0,2018-09-29 19:56:01,拖网
9688,29.945305555555557,122.30672222222222,0.3,0.0,2018-09-29 20:06:01,拖网
9688,29.94536111111111,122.30669444444445,0.2,0.0,2018-09-29 20:16:01,拖网
9688,29.945277777777786,122.30672222222222,0.1,0.0,2018-09-29 20:26:01,拖网
9688,29.94533333333333,122.30683333333332,0.1,0.0,2018-09-29 20:36:01,拖网
9688,29.94533333333333,122.30658333333334,0.3,0.0,2018-09-29 20:46:01,拖网
9688,29.94536111111111,122.30658333333334,0.0,0.0,2018-09-29 20:56:01,拖网
9688,29.94536111111111,122.30672222222222,0.0,0.0,2018-09-29 21:06:01,拖网
9688,29.94525,122.30675,0.1,0.0,2018-09-29 21:16:01,拖网
9688,29.945305555555557,122.30672222222222,0.0,0.0,2018-09-29 21:26:01,拖网
9688,29.94536111111111,122.30669444444445,0.0,0.0,2018-09-29 21:36:01,拖网
9688,29.945305555555557,122.30672222222222,0.1,0.0,2018-09-29 21:46:01,拖网
9688,29.94536111111111,122.30672222222222,0.1,0.0,2018-09-29 21:56:01,拖网
9688,29.945277777777786,122.30672222222222,0.0,0.0,2018-09-29 22:06:01,拖网
9688,29.94522222222223,122.30669444444445,0.0,0.0,2018-09-29 22:26:01,拖网
9688,29.94536111111111,122.30680555555556,0.0,0.0,2018-09-29 22:36:01,拖网
9688,29.94538888888889,122.30680555555556,1.1,30.0,2018-09-29 22:46:01,拖网
9688,29.94536111111111,122.30694444444444,1.8,63.0,2018-09-29 22:56:01,拖网
9688,29.945277777777786,122.30691666666664,0.8,71.0,2018-09-29 23:06:01,拖网
9688,29.945138888888888,122.30636111111107,0.2,0.0,2018-09-29 23:16:01,拖网
9688,29.945166666666665,122.30683333333332,0.2,0.0,2018-09-29 23:26:01,拖网
9688,29.945166666666665,122.30669444444445,0.0,0.0,2018-09-29 23:36:01,拖网
9688,29.945305555555557,122.30675,0.7,325.0,2018-09-29 23:46:01,拖网
9688,29.94522222222223,122.30675,0.0,0.0,2018-09-29 23:56:01,拖网
9688,29.945166666666665,122.30677777777777,0.1,0.0,2018-09-30 00:06:01,拖网
9688,29.94522222222223,122.30672222222222,0.0,0.0,2018-09-30 00:16:01,拖网
9688,29.94519444444445,122.30677777777777,0.0,0.0,2018-09-30 00:26:01,拖网
9688,29.94519444444445,122.30680555555556,0.0,0.0,2018-09-30 00:36:01,拖网
9688,29.945055555555548,122.30683333333332,0.4,0.0,2018-09-30 00:46:01,拖网
9688,29.94522222222223,122.30675,0.0,0.0,2018-09-30 00:56:01,拖网
9688,29.94522222222223,122.30680555555556,0.1,0.0,2018-09-30 01:06:01,拖网
9688,29.94525,122.30680555555556,0.0,0.0,2018-09-30 01:16:01,拖网
9688,29.945277777777786,122.30677777777777,0.1,0.0,2018-09-30 01:26:01,拖网
9688,29.945277777777786,122.30677777777777,0.0,0.0,2018-09-30 01:36:01,拖网
9688,29.94525,122.30677777777777,0.0,0.0,2018-09-30 01:46:01,拖网
9688,29.94525,122.30680555555556,0.1,0.0,2018-09-30 01:56:01,拖网
9688,29.94522222222223,122.30677777777777,0.0,0.0,2018-09-30 02:06:01,拖网
9688,29.94525,122.30680555555556,0.0,0.0,2018-09-30 02:16:01,拖网
9688,29.94519444444445,122.30680555555556,0.0,0.0,2018-09-30 02:26:01,拖网
9688,29.945277777777786,122.30680555555556,0.0,0.0,2018-09-30 02:36:01,拖网
9688,29.945277777777786,122.30680555555556,0.0,0.0,2018-09-30 02:46:01,拖网
9688,29.94519444444445,122.30680555555556,0.0,0.0,2018-09-30 02:56:01,拖网
9688,29.944944444444445,122.30691666666664,1.1,343.0,2018-09-30 03:06:01,拖网
9688,29.94536111111111,122.30675,0.0,0.0,2018-09-30 03:16:01,拖网
9688,29.94525,122.30677777777777,0.0,0.0,2018-09-30 03:26:01,拖网
9688,29.94538888888889,122.30680555555556,0.1,0.0,2018-09-30 03:36:01,拖网
9688,29.945166666666665,122.30677777777777,0.0,0.0,2018-09-30 03:46:01,拖网
9688,29.945555555555554,122.30663888888887,0.7,161.0,2018-09-30 03:56:01,拖网
9688,29.94522222222223,122.30680555555556,0.0,0.0,2018-09-30 04:06:01,拖网
9688,29.94519444444445,122.30683333333332,0.0,0.0,2018-09-30 04:16:01,拖网
9688,29.94525,122.30675,0.0,0.0,2018-09-30 04:26:01,拖网
9688,29.945277777777786,122.30672222222222,0.0,0.0,2018-09-30 04:36:01,拖网
9688,29.94525,122.30680555555556,0.2,0.0,2018-09-30 04:46:01,拖网
9688,29.94533333333333,122.30688888888888,0.4,0.0,2018-09-30 04:56:01,拖网
9688,29.94525,122.30686111111108,0.2,0.0,2018-09-30 05:06:01,拖网
9688,29.94522222222223,122.30677777777777,0.0,0.0,2018-09-30 05:16:01,拖网
9688,29.94525,122.30680555555556,0.1,0.0,2018-09-30 05:26:01,拖网
9688,29.945277777777786,122.30683333333332,0.1,0.0,2018-09-30 05:36:01,拖网
9688,29.945305555555557,122.30683333333332,0.0,0.0,2018-09-30 05:46:01,拖网
9688,29.94536111111111,122.30675,0.0,0.0,2018-09-30 05:56:01,拖网
9688,29.94525,122.30680555555556,0.0,0.0,2018-09-30 06:06:01,拖网
9688,29.94525,122.30683333333332,0.0,0.0,2018-09-30 06:16:01,拖网
9688,29.94525,122.30683333333332,0.1,0.0,2018-09-30 06:26:01,拖网
9688,29.945138888888888,122.30686111111108,0.2,0.0,2018-09-30 06:36:01,拖网
9688,29.945305555555557,122.30672222222222,0.2,0.0,2018-09-30 06:46:01,拖网
9688,29.94525,122.30680555555556,0.1,0.0,2018-09-30 06:56:01,拖网
9688,29.945277777777786,122.30669444444445,0.3,0.0,2018-09-30 07:06:01,拖网
9688,29.944972222222226,122.30686111111108,1.0,141.0,2018-09-30 07:16:01,拖网
9688,29.945138888888888,122.30675,0.2,0.0,2018-09-30 07:26:01,拖网
9688,29.944888888888887,122.3069722222222,0.3,0.0,2018-09-30 07:36:01,拖网
9688,29.945055555555548,122.30675,0.4,0.0,2018-09-30 07:46:01,拖网
9688,29.94538888888889,122.30638888888888,0.2,0.0,2018-09-30 07:56:01,拖网
9688,29.94519444444445,122.30663888888887,0.0,0.0,2018-09-30 08:06:01,拖网
9688,29.94522222222223,122.30666666666666,0.2,0.0,2018-09-30 08:16:01,拖网
9688,29.94525,122.30663888888887,1.3,11.0,2018-09-30 08:26:01,拖网
9688,29.94538888888889,122.30666666666666,0.8,7.0,2018-09-30 08:36:01,拖网
9688,29.94536111111111,122.30669444444445,0.0,0.0,2018-09-30 08:46:01,拖网
9688,29.945277777777786,122.30675,0.0,0.0,2018-09-30 08:56:01,拖网
9688,29.94538888888889,122.30675,0.0,0.0,2018-09-30 09:06:01,拖网
9688,29.94536111111111,122.30680555555556,0.4,0.0,2018-09-30 09:16:01,拖网
9688,29.94544444444445,122.30686111111108,0.9,0.0,2018-09-30 09:26:01,拖网
9688,29.946277777777766,122.30458333333333,1.1,0.0,2018-09-30 09:36:01,拖网
9688,29.946305555555558,122.30461111111113,0.7,0.0,2018-09-30 09:46:01,拖网
9688,29.946027777777786,122.3042222222222,0.9,0.0,2018-09-30 09:56:01,拖网
9688,29.945138888888888,122.30611111111112,3.6,124.0,2018-09-30 10:06:01,拖网
9688,29.94441666666667,122.32008333333332,7.3,35.0,2018-09-30 10:16:01,拖网
9688,29.962055555555555,122.33238888888887,8.0,24.0,2018-09-30 10:26:01,拖网
9688,29.97775,122.34458333333332,7.7,12.0,2018-09-30 10:36:01,拖网
9688,30.0,122.34947222222222,9.5,15.0,2018-09-30 10:46:01,拖网
9688,30.01369444444445,122.35291666666666,0.8,0.0,2018-09-30 10:56:01,拖网
9688,30.01972222222221,122.3555,6.0,27.0,2018-09-30 11:06:01,拖网
9688,30.03911111111111,122.36327777777777,8.1,24.0,2018-09-30 11:16:01,拖网
9688,30.056555555555555,122.37483333333331,7.1,41.0,2018-09-30 11:26:01,拖网
9688,30.06963888888889,122.38938888888887,7.8,49.0,2018-09-30 11:36:01,拖网
9688,30.081722222222233,122.40683333333334,12.1,74.0,2018-09-30 11:46:01,拖网
9688,30.09288888888889,122.42391666666668,11.2,78.0,2018-09-30 11:56:01,拖网
9688,30.104194444444445,122.44163888888887,6.5,54.0,2018-09-30 12:06:01,拖网
9688,30.114694444444453,122.4579722222222,6.6,49.0,2018-09-30 12:16:01,拖网
9688,30.12597222222222,122.47558333333332,6.7,56.0,2018-09-30 12:26:01,拖网
9688,30.137,122.49291666666666,6.7,57.0,2018-09-30 12:36:01,拖网
9688,30.14788888888889,122.50991666666668,6.7,56.0,2018-09-30 12:46:01,拖网
9688,30.15869444444445,122.52705555555555,6.2,52.0,2018-09-30 12:56:01,拖网
9688,30.169083333333337,122.54438888888888,7.3,61.0,2018-09-30 13:06:01,拖网
9688,30.17844444444445,122.56352777777781,7.4,57.0,2018-09-30 13:16:01,拖网
9688,30.18827777777778,122.58322222222222,7.0,65.0,2018-09-30 13:26:01,拖网
9688,30.20069444444444,122.60061111111106,6.3,42.0,2018-09-30 13:36:01,拖网
9688,30.21533333333333,122.61763888888888,7.7,43.0,2018-09-30 13:46:01,拖网
9688,30.231805555555553,122.634,8.9,42.0,2018-09-30 13:56:01,拖网
9688,30.24636111111111,122.65019444444445,8.6,43.0,2018-09-30 14:06:01,拖网
9688,30.26055555555555,122.66688888888888,7.7,52.0,2018-09-30 14:16:01,拖网
9688,30.27472222222222,122.68358333333332,7.8,50.0,2018-09-30 14:26:01,拖网
9688,30.28866666666667,122.70030555555556,9.3,45.0,2018-09-30 14:36:01,拖网
9688,30.300777777777785,122.72180555555555,7.9,73.0,2018-09-30 14:46:01,拖网
9688,30.30580555555556,122.74486111111106,8.4,77.0,2018-09-30 14:56:01,拖网
9688,30.310944444444445,122.76938888888887,8.2,72.0,2018-09-30 15:06:01,拖网
9688,30.31616666666667,122.79391666666666,7.2,76.0,2018-09-30 15:16:01,拖网
9688,30.32116666666667,122.81869444444445,8.2,76.0,2018-09-30 15:26:01,拖网
9688,30.32611111111111,122.84216666666666,6.9,78.0,2018-09-30 15:36:01,拖网
9688,30.330472222222234,122.8635,6.5,69.0,2018-09-30 15:46:01,拖网
9688,30.335555555555555,122.88636111111113,9.0,86.0,2018-09-30 15:56:01,拖网
9688,30.34047222222221,122.91236111111112,8.1,84.0,2018-09-30 16:06:01,拖网
9688,30.345916666666664,122.93875,9.0,71.0,2018-09-30 16:16:01,拖网
9688,30.351333333333336,122.96477777777778,8.7,81.0,2018-09-30 16:26:01,拖网
9688,30.35688888888889,122.99208333333333,8.6,76.0,2018-09-30 16:36:01,拖网
9688,30.36188888888889,123.01683333333334,7.8,74.0,2018-09-30 16:46:01,拖网
9688,30.367472222222233,123.04297222222222,7.3,78.0,2018-09-30 16:56:01,拖网
9688,30.370638888888887,123.07,7.8,88.0,2018-09-30 17:06:01,拖网
9688,30.37341666666667,123.09438888888887,7.7,80.0,2018-09-30 17:16:01,拖网
9688,30.37994444444445,123.1175,7.7,61.0,2018-09-30 17:26:01,拖网
9688,30.39011111111111,123.13830555555555,6.6,61.0,2018-09-30 17:36:01,拖网
9688,30.400388888888887,123.15902777777778,6.4,56.0,2018-09-30 17:46:01,拖网
9688,30.41075,123.17725,7.0,54.0,2018-09-30 17:56:01,拖网
9688,30.42083333333333,123.19752777777781,6.7,40.0,2018-09-30 18:06:01,拖网
9688,30.42961111111111,123.21558333333333,7.2,52.0,2018-09-30 18:16:01,拖网
9688,30.44083333333333,123.23230555555556,6.8,48.0,2018-09-30 18:26:01,拖网
9688,30.452333333333332,123.2495,7.4,58.0,2018-09-30 18:36:01,拖网
9688,30.461444444444442,123.26861111111113,6.8,59.0,2018-09-30 18:46:01,拖网
9688,30.46897222222222,123.28858333333332,6.5,61.0,2018-09-30 18:56:01,拖网
9688,30.47825,123.30719444444445,7.3,54.0,2018-09-30 19:06:01,拖网
9688,30.487111111111112,123.3262777777778,6.9,67.0,2018-09-30 19:16:01,拖网
9688,30.49616666666667,123.34597222222222,7.0,66.0,2018-09-30 19:26:01,拖网
9688,30.50438888888889,123.36344444444444,5.5,59.0,2018-09-30 19:36:01,拖网
9688,30.5135,123.38166666666666,7.1,65.0,2018-09-30 19:46:01,拖网
9688,30.52216666666667,123.39961111111113,6.0,57.0,2018-09-30 19:56:01,拖网
9688,30.53083333333333,123.4172222222222,5.5,64.0,2018-09-30 20:06:01,拖网
9688,30.540972222222226,123.43275,6.8,64.0,2018-09-30 20:16:01,拖网
9688,30.5495,123.45038888888894,6.6,51.0,2018-09-30 20:26:01,拖网
9688,30.55802777777778,123.46783333333336,6.7,73.0,2018-09-30 20:36:01,拖网
9688,30.56655555555556,123.48527777777778,6.3,59.0,2018-09-30 20:46:01,拖网
9688,30.57494444444445,123.50283333333334,7.4,54.0,2018-09-30 20:56:01,拖网
9688,30.584055555555548,123.52122222222219,5.8,63.0,2018-09-30 21:06:01,拖网
9688,30.592972222222233,123.53958333333333,7.0,64.0,2018-09-30 21:16:01,拖网
9688,30.601805555555554,123.55780555555555,5.7,57.0,2018-09-30 21:26:01,拖网
9688,30.610833333333336,123.57638888888887,5.8,68.0,2018-09-30 21:36:01,拖网
9688,30.619805555555555,123.59491666666666,5.7,63.0,2018-09-30 21:46:01,拖网
9688,30.62894444444445,123.61338888888888,4.7,62.0,2018-09-30 21:56:01,拖网
9688,30.63825000000001,123.63291666666666,5.7,73.0,2018-09-30 22:06:01,拖网
9688,30.64672222222222,123.65033333333336,6.4,98.0,2018-09-30 22:16:01,拖网
9688,30.65513888888889,123.66805555555555,6.2,65.0,2018-09-30 22:26:01,拖网
9688,30.66383333333333,123.6862777777778,6.7,75.0,2018-09-30 22:36:01,拖网
9688,30.67294444444445,123.7049722222222,6.2,68.0,2018-09-30 22:46:01,拖网
9688,30.68197222222223,123.72363888888887,5.7,50.0,2018-09-30 22:56:01,拖网
9688,30.69102777777778,123.74258333333334,6.7,66.0,2018-09-30 23:06:01,拖网
9688,30.70030555555556,123.76194444444445,8.2,64.0,2018-09-30 23:16:01,拖网
9688,30.7095,123.78091666666668,7.4,58.0,2018-09-30 23:26:01,拖网
9688,30.71625,123.79988888888887,6.7,78.0,2018-09-30 23:36:01,拖网
9688,30.72533333333333,123.81902777777776,8.6,58.0,2018-09-30 23:46:01,拖网
9688,30.735388888888888,123.83780555555555,6.1,55.0,2018-09-30 23:56:01,拖网
9688,30.745222222222232,123.85611111111106,8.2,53.0,2018-10-01 00:06:01,拖网
9688,30.75619444444445,123.87475,7.2,60.0,2018-10-01 00:16:01,拖网
9688,30.76872222222222,123.89261111111112,9.0,58.0,2018-10-01 00:26:01,拖网
9688,30.782694444444445,123.90938888888893,9.3,55.0,2018-10-01 00:36:01,拖网
9688,30.79741666666667,123.92583333333334,8.0,51.0,2018-10-01 00:46:01,拖网
9688,30.81313888888889,123.94338888888893,7.7,42.0,2018-10-01 00:56:01,拖网
9688,30.827333333333332,123.959,6.9,44.0,2018-10-01 01:06:01,拖网
9688,30.843916666666665,123.97461111111113,8.4,31.0,2018-10-01 01:16:01,拖网
9688,30.86116666666667,123.98911111111113,8.2,60.0,2018-10-01 01:26:01,拖网
9688,30.873444444444445,123.99269444444445,4.7,297.0,2018-10-01 01:36:01,拖网
9688,30.880222222222233,123.98691666666666,3.0,29.0,2018-10-01 01:46:01,拖网
9688,30.877972222222233,123.99836111111112,2.6,96.0,2018-10-01 01:56:01,拖网
9688,30.875694444444445,124.00530555555555,1.7,121.0,2018-10-01 02:06:01,拖网
9688,30.87369444444445,124.01194444444445,1.9,105.0,2018-10-01 02:16:01,拖网
9688,30.872138888888887,124.01941666666666,2.5,111.0,2018-10-01 02:26:01,拖网
9688,30.87052777777778,124.02702777777776,2.7,132.0,2018-10-01 02:36:01,拖网
9688,30.868416666666665,124.03447222222222,2.2,115.0,2018-10-01 02:46:01,拖网
9688,30.86605555555556,124.04191666666668,3.1,102.0,2018-10-01 02:56:01,拖网
9688,30.86366666666667,124.04947222222222,3.0,93.0,2018-10-01 03:06:01,拖网
9688,30.861277777777786,124.05713888888887,2.2,98.0,2018-10-01 03:16:01,拖网
9688,30.85897222222223,124.0649722222222,2.2,120.0,2018-10-01 03:26:01,拖网
9688,30.85613888888889,124.0727222222222,2.2,128.0,2018-10-01 03:36:01,拖网
9688,30.85386111111111,124.0810277777778,2.5,112.0,2018-10-01 03:46:01,拖网
9688,30.85205555555555,124.08969444444445,2.9,120.0,2018-10-01 03:56:01,拖网
9688,30.85052777777778,124.0985277777778,3.1,94.0,2018-10-01 04:06:01,拖网
9688,30.849055555555548,124.10774999999998,3.1,120.0,2018-10-01 04:16:01,拖网
9688,30.847722222222234,124.11686111111106,3.6,90.0,2018-10-01 04:26:01,拖网
9688,30.84630555555556,124.12602777777781,2.8,0.0,2018-10-01 04:36:01,拖网
9688,30.844638888888888,124.13541666666669,3.0,97.0,2018-10-01 04:46:01,拖网
9688,30.842777777777766,124.14397222222223,3.0,119.0,2018-10-01 04:56:01,拖网
9688,30.83963888888889,124.15255555555555,3.5,137.0,2018-10-01 05:06:01,拖网
9688,30.83583333333333,124.16072222222223,3.0,111.0,2018-10-01 05:16:01,拖网
9688,30.83183333333333,124.16886111111113,2.8,114.0,2018-10-01 05:26:01,拖网
9688,30.82802777777778,124.17719444444445,3.3,128.0,2018-10-01 05:36:01,拖网
9688,30.82472222222221,124.18566666666666,2.6,119.0,2018-10-01 05:46:01,拖网
9688,30.82080555555555,124.19383333333332,2.9,134.0,2018-10-01 05:56:01,拖网
9688,30.81625,124.20158333333332,3.4,129.0,2018-10-01 06:06:01,拖网
9688,30.812361111111112,124.20947222222222,2.9,123.0,2018-10-01 06:16:01,拖网
9688,30.80919444444445,124.21769444444445,2.8,120.0,2018-10-01 06:26:01,拖网
9688,30.80638888888889,124.22588888888893,2.3,97.0,2018-10-01 06:36:01,拖网
9688,30.80338888888889,124.23388888888887,3.0,123.0,2018-10-01 06:46:01,拖网
9688,30.80011111111111,124.24169444444445,3.6,121.0,2018-10-01 06:56:01,拖网
9688,30.7935,124.25277777777778,1.6,0.0,2018-10-01 07:16:01,拖网
9688,30.793527777777786,124.25038888888888,0.9,123.0,2018-10-01 07:26:01,拖网
9688,30.78986111111111,124.25294444444445,2.5,136.0,2018-10-01 07:36:01,拖网
9688,30.78466666666667,124.25577777777778,2.4,0.0,2018-10-01 07:46:01,拖网
9688,30.787055555555558,124.25383333333332,3.1,339.0,2018-10-01 07:56:01,拖网
9688,30.78775000000001,124.25108333333333,4.7,340.0,2018-10-01 08:06:01,拖网
9688,30.79261111111111,124.23841666666668,2.6,284.0,2018-10-01 08:26:01,拖网
9688,30.79475,124.23208333333334,2.1,282.0,2018-10-01 08:36:01,拖网
9688,30.797305555555557,124.22580555555555,1.8,295.0,2018-10-01 08:46:01,拖网
9688,30.80044444444445,124.21991666666668,2.3,289.0,2018-10-01 08:56:01,拖网
9688,30.80386111111111,124.2139722222222,1.1,287.0,2018-10-01 09:06:01,拖网
9688,30.807472222222234,124.20822222222223,1.6,327.0,2018-10-01 09:16:01,拖网
9688,30.81133333333333,124.2024722222222,2.6,304.0,2018-10-01 09:26:01,拖网
9688,30.815,124.19641666666666,2.6,287.0,2018-10-01 09:36:01,拖网
9688,30.81883333333333,124.19008333333332,2.5,300.0,2018-10-01 09:46:01,拖网
9688,30.8225,124.18352777777778,1.9,324.0,2018-10-01 09:56:01,拖网
9688,30.82625,124.17669444444445,2.5,289.0,2018-10-01 10:06:01,拖网
9688,30.829305555555553,124.16938888888888,3.1,273.0,2018-10-01 10:16:01,拖网
9688,30.83244444444445,124.1617777777778,2.8,276.0,2018-10-01 10:26:01,拖网
9688,30.835694444444442,124.15408333333336,1.8,290.0,2018-10-01 10:35:01,拖网
9688,30.838916666666666,124.14600000000002,3.0,289.0,2018-10-01 10:46:01,拖网
9688,30.84213888888889,124.13838888888893,3.0,308.0,2018-10-01 10:56:01,拖网
9688,30.844361111111112,124.12966666666664,2.4,257.0,2018-10-01 11:06:01,拖网
9688,30.846277777777768,124.12188888888888,2.7,316.0,2018-10-01 11:15:01,拖网
9688,30.84883333333333,124.11377777777778,2.9,292.0,2018-10-01 11:25:01,拖网
9688,30.85169444444445,124.10583333333332,2.8,308.0,2018-10-01 11:35:01,拖网
9688,30.8545,124.09786111111113,3.5,334.0,2018-10-01 11:45:01,拖网
9688,30.857138888888887,124.09011111111107,3.0,276.0,2018-10-01 11:55:01,拖网
9688,30.859972222222233,124.0824722222222,2.2,296.0,2018-10-01 12:05:01,拖网
9688,30.862805555555557,124.07505555555555,3.2,312.0,2018-10-01 12:15:01,拖网
9688,30.86569444444445,124.06780555555555,2.4,285.0,2018-10-01 12:25:01,拖网
9688,30.868777777777765,124.06061111111113,2.9,287.0,2018-10-01 12:35:01,拖网
9688,30.87183333333333,124.05344444444445,3.4,311.0,2018-10-01 12:45:01,拖网
9688,30.875694444444445,124.04669444444444,2.4,312.0,2018-10-01 12:55:01,拖网
9688,30.880277777777767,124.04002777777777,3.0,303.0,2018-10-01 13:06:01,拖网
9688,30.8845,124.03405555555555,2.3,290.0,2018-10-01 13:15:01,拖网
9688,30.888527777777767,124.02780555555556,2.3,310.0,2018-10-01 13:25:01,拖网
9688,30.892722222222233,124.02188888888887,2.3,289.0,2018-10-01 13:35:01,拖网
9688,30.8975,124.01630555555555,1.1,318.0,2018-10-01 13:46:01,拖网
9688,30.90238888888889,124.01161111111112,3.1,356.0,2018-10-01 13:55:01,拖网
9688,30.901194444444442,124.01725,1.5,150.0,2018-10-01 14:05:01,拖网
9688,30.899722222222234,124.01880555555556,1.9,88.0,2018-10-01 14:15:01,拖网
9688,30.89986111111111,124.02077777777778,2.8,50.0,2018-10-01 14:25:01,拖网
9688,30.90072222222221,124.01216666666666,5.4,271.0,2018-10-01 14:35:01,拖网
9688,30.903666666666666,123.99536111111112,2.2,43.0,2018-10-01 14:45:01,拖网
9688,30.901999999999997,124.00808333333332,2.3,106.0,2018-10-01 14:55:01,拖网
9688,30.89794444444444,124.01441666666666,2.7,94.0,2018-10-01 15:05:01,拖网
9688,30.89530555555556,124.02213888888888,2.6,125.0,2018-10-01 15:15:01,拖网
9688,30.892777777777766,124.03005555555555,1.9,124.0,2018-10-01 15:25:01,拖网
9688,30.889777777777766,124.03769444444444,2.7,138.0,2018-10-01 15:35:01,拖网
9688,30.886944444444445,124.0455,2.5,115.0,2018-10-01 15:46:01,拖网
9688,30.88411111111111,124.05352777777777,2.7,105.0,2018-10-01 15:56:01,拖网
9688,30.8775,124.06816666666666,3.1,123.0,2018-10-01 16:15:01,拖网
9688,30.87219444444445,124.0845,2.9,104.0,2018-10-01 16:35:01,拖网
9688,30.870166666666666,124.09316666666666,2.9,128.0,2018-10-01 16:45:01,拖网
9688,30.867638888888887,124.10163888888887,4.1,90.0,2018-10-01 16:55:01,拖网
9688,30.86497222222223,124.11011111111112,4.0,98.0,2018-10-01 17:05:01,拖网
9688,30.86233333333333,124.11852777777777,2.2,101.0,2018-10-01 17:15:01,拖网
9688,30.85958333333333,124.12686111111113,3.4,129.0,2018-10-01 17:25:01,拖网
9688,30.85683333333333,124.13533333333336,3.3,107.0,2018-10-01 17:35:01,拖网
9688,30.854055555555554,124.14366666666668,3.2,122.0,2018-10-01 17:45:01,拖网
9688,30.85144444444445,124.15205555555555,4.2,107.0,2018-10-01 17:55:01,拖网
9688,30.84844444444445,124.16058333333334,3.5,83.0,2018-10-01 18:06:01,拖网
9688,30.84533333333333,124.16844444444445,3.2,135.0,2018-10-01 18:15:01,拖网
9688,30.842027777777766,124.17647222222223,2.8,126.0,2018-10-01 18:25:01,拖网
9688,30.83811111111111,124.18416666666668,2.9,116.0,2018-10-01 18:35:01,拖网
9688,30.834194444444442,124.19169444444445,3.0,123.0,2018-10-01 18:45:01,拖网
9688,30.83033333333333,124.19922222222223,3.1,124.0,2018-10-01 18:55:01,拖网
9688,30.82641666666667,124.20672222222224,2.9,126.0,2018-10-01 19:05:01,拖网
9688,30.82247222222223,124.21413888888887,2.6,133.0,2018-10-01 19:15:01,拖网
9688,30.818027777777786,124.22116666666668,3.0,130.0,2018-10-01 19:25:01,拖网
9688,30.81327777777778,124.22811111111113,1.3,0.0,2018-10-01 19:35:01,拖网
9688,30.80830555555556,124.23463888888894,5.1,121.0,2018-10-01 19:45:01,拖网
9688,30.8035,124.24111111111112,1.5,0.0,2018-10-01 19:55:01,拖网
9688,30.7985,124.2475,2.4,135.0,2018-10-01 20:06:01,拖网
9688,30.79391666666667,124.25330555555556,2.5,128.0,2018-10-01 20:15:01,拖网
9688,30.78925,124.25925,3.8,155.0,2018-10-01 20:25:01,拖网
9688,30.784805555555558,124.26519444444445,2.8,121.0,2018-10-01 20:35:01,拖网
9688,30.78436111111111,124.26505555555555,1.5,293.0,2018-10-01 20:45:01,拖网
9688,30.78413888888889,124.26363888888888,2.0,145.0,2018-10-01 20:55:01,拖网
9688,30.78025,124.26508333333334,1.5,150.0,2018-10-01 21:05:01,拖网
9688,30.776277777777768,124.26294444444444,2.4,1.0,2018-10-01 21:15:01,拖网
9688,30.78244444444445,124.26013888888887,3.6,168.0,2018-10-01 21:25:01,拖网
9688,30.78375,124.25086111111106,2.5,310.0,2018-10-01 21:35:01,拖网
9688,30.789277777777766,124.24655555555556,2.8,0.0,2018-10-01 21:45:01,拖网
9688,30.79497222222223,124.2432777777778,1.8,335.0,2018-10-01 21:56:01,拖网
9688,30.800305555555557,124.241,1.1,0.0,2018-10-01 22:05:01,拖网
9688,30.805416666666666,124.23897222222223,2.0,331.0,2018-10-01 22:15:01,拖网
9688,30.810472222222234,124.23513888888887,2.0,325.0,2018-10-01 22:25:01,拖网
9688,30.81527777777778,124.23041666666668,2.9,315.0,2018-10-01 22:35:01,拖网
9688,30.81958333333333,124.22475,2.2,312.0,2018-10-01 22:45:01,拖网
9688,30.823583333333332,124.21863888888888,3.3,294.0,2018-10-01 22:55:01,拖网
9688,30.8305,124.20513888888887,3.0,323.0,2018-10-01 23:15:01,拖网
9688,30.83369444444445,124.19805555555556,4.1,250.0,2018-10-01 23:25:01,拖网
9688,30.83619444444444,124.19033333333334,2.5,277.0,2018-10-01 23:36:01,拖网
9688,30.83822222222221,124.18283333333336,3.2,257.0,2018-10-01 23:45:01,拖网
9688,30.841527777777767,124.17566666666669,3.9,267.0,2018-10-01 23:55:01,拖网
9688,30.845277777777767,124.1687777777778,3.0,316.0,2018-10-02 00:05:01,拖网
9688,30.84922222222221,124.16186111111112,2.2,304.0,2018-10-02 00:15:01,拖网
9688,30.852722222222226,124.15480555555555,3.2,272.0,2018-10-02 00:25:01,拖网
9688,30.854972222222226,124.14719444444445,3.3,279.0,2018-10-02 00:35:01,拖网
9688,30.856305555555558,124.13969444444444,2.3,341.0,2018-10-02 00:45:01,拖网
9688,30.85766666666667,124.13247222222219,2.7,268.0,2018-10-02 00:56:01,拖网
9688,30.85880555555556,124.12477777777778,2.3,285.0,2018-10-02 01:06:01,拖网
9688,30.860055555555558,124.11786111111113,3.3,239.0,2018-10-02 01:15:01,拖网
9688,30.861638888888887,124.11066666666666,3.1,250.0,2018-10-02 01:25:01,拖网
9688,30.86363888888889,124.10369444444444,2.1,277.0,2018-10-02 01:35:01,拖网
9688,30.86577777777779,124.09683333333334,2.0,274.0,2018-10-02 01:45:01,拖网
9688,30.868194444444452,124.0905,1.9,299.0,2018-10-02 01:55:01,拖网
9688,30.870777777777786,124.08458333333333,1.6,283.0,2018-10-02 02:05:01,拖网
9688,30.87327777777778,124.07877777777777,2.7,321.0,2018-10-02 02:15:01,拖网
9688,30.875999999999998,124.07316666666668,2.8,326.0,2018-10-02 02:25:01,拖网
9688,30.878888888888888,124.0677777777778,2.3,329.0,2018-10-02 02:35:01,拖网
9688,30.88036111111111,124.07038888888887,2.7,85.0,2018-10-02 02:45:01,拖网
9688,30.88033333333333,124.0750277777778,0.5,0.0,2018-10-02 02:55:01,拖网
9688,30.880388888888888,124.07766666666667,0.3,0.0,2018-10-02 03:05:01,拖网
9688,30.87508333333333,124.08111111111113,6.5,182.0,2018-10-02 03:25:01,拖网
9688,30.861611111111113,124.07355555555556,6.1,208.0,2018-10-02 03:35:01,拖网
9688,30.84911111111111,124.06502777777777,5.9,208.0,2018-10-02 03:45:01,拖网
9688,30.839305555555548,124.05288888888887,5.5,230.0,2018-10-02 03:55:01,拖网
9688,30.83205555555556,124.03855555555555,5.3,239.0,2018-10-02 04:06:01,拖网
9688,30.82622222222221,124.02419444444445,5.4,263.0,2018-10-02 04:15:01,拖网
9688,30.817916666666665,124.01244444444444,2.7,124.0,2018-10-02 04:25:01,拖网
9688,30.80852777777778,124.01758333333332,2.7,127.0,2018-10-02 04:35:01,拖网
9688,30.802972222222234,124.02311111111112,2.4,143.0,2018-10-02 04:45:01,拖网
9688,30.79744444444445,124.02852777777778,2.7,147.0,2018-10-02 04:55:01,拖网
9688,30.79186111111111,124.03394444444444,2.7,138.0,2018-10-02 05:05:01,拖网
9688,30.78613888888889,124.03936111111106,2.7,141.0,2018-10-02 05:15:01,拖网
9688,30.780305555555554,124.04491666666668,3.0,144.0,2018-10-02 05:25:01,拖网
9688,30.77441666666667,124.05063888888887,3.7,147.0,2018-10-02 05:35:01,拖网
9688,30.768694444444442,124.05675,6.1,133.0,2018-10-02 05:45:01,拖网
9688,30.76358333333333,124.0637777777778,3.5,135.0,2018-10-02 05:55:01,拖网
9688,30.758722222222207,124.07080555555555,2.6,120.0,2018-10-02 06:06:01,拖网
9688,30.753833333333336,124.0774722222222,2.8,130.0,2018-10-02 06:15:01,拖网
9688,30.748777777777786,124.08430555555556,2.8,123.0,2018-10-02 06:25:01,拖网
9688,30.743777777777765,124.09119444444444,2.3,125.0,2018-10-02 06:35:01,拖网
9688,30.73875,124.09811111111112,2.9,145.0,2018-10-02 06:45:01,拖网
9688,30.73375,124.105,2.8,139.0,2018-10-02 06:55:01,拖网
9688,30.72883333333333,124.11180555555555,2.6,132.0,2018-10-02 07:05:01,拖网
9688,30.723111111111113,124.11777777777776,3.0,136.0,2018-10-02 07:15:01,拖网
9688,30.717555555555553,124.12383333333332,2.9,117.0,2018-10-02 07:25:01,拖网
9688,30.71375,124.13152777777776,2.9,126.0,2018-10-02 07:35:01,拖网
9688,30.71025,124.13916666666668,2.6,107.0,2018-10-02 07:45:01,拖网
9688,30.706888888888887,124.14672222222224,2.9,123.0,2018-10-02 07:55:01,拖网
9688,30.69911111111111,124.16080555555556,3.4,121.0,2018-10-02 08:15:01,拖网
9688,30.695,124.16744444444444,1.8,0.0,2018-10-02 08:25:01,拖网
9688,30.690472222222233,124.17388888888892,3.6,146.0,2018-10-02 08:35:01,拖网
9688,30.6855,124.17983333333332,3.1,132.0,2018-10-02 08:45:01,拖网
9688,30.68047222222223,124.18561111111113,4.0,112.0,2018-10-02 08:55:01,拖网
9688,30.675611111111113,124.19133333333332,2.2,118.0,2018-10-02 09:05:01,拖网
9688,30.670444444444453,124.1970277777778,3.6,139.0,2018-10-02 09:16:01,拖网
9688,30.665166666666664,124.2014722222222,2.4,150.0,2018-10-02 09:25:01,拖网
9688,30.65958333333333,124.20594444444444,2.6,135.0,2018-10-02 09:35:01,拖网
9688,30.653861111111112,124.20997222222222,2.7,148.0,2018-10-02 09:45:01,拖网
9688,30.652277777777766,124.21033333333334,2.3,300.0,2018-10-02 09:55:01,拖网
9688,30.65419444444445,124.20730555555555,1.0,0.0,2018-10-02 10:05:01,拖网
9688,30.65175,124.2062777777778,1.1,0.0,2018-10-02 10:15:01,拖网
9688,30.648833333333336,124.20483333333334,1.3,157.0,2018-10-02 10:25:01,拖网
9688,30.645916666666665,124.20263888888887,1.1,97.0,2018-10-02 10:35:01,拖网
9688,30.649361111111112,124.20363888888888,5.7,37.0,2018-10-02 10:45:01,拖网
9688,30.6645,124.20822222222223,6.0,25.0,2018-10-02 10:55:01,拖网
9688,30.671333333333337,124.20536111111113,7.0,336.0,2018-10-02 11:05:01,拖网
9688,30.679805555555557,124.20125,2.6,284.0,2018-10-02 11:15:01,拖网
9688,30.68630555555556,124.19922222222223,2.4,56.0,2018-10-02 11:25:01,拖网
9688,30.692888888888888,124.19733333333332,2.9,311.0,2018-10-02 11:35:01,拖网
9688,30.69908333333333,124.19344444444445,1.7,0.0,2018-10-02 11:45:01,拖网
9688,30.704722222222234,124.18791666666668,2.2,0.0,2018-10-02 11:55:01,拖网
9688,30.710305555555554,124.18227777777778,2.8,316.0,2018-10-02 12:06:01,拖网
9688,30.715222222222234,124.17647222222223,2.8,328.0,2018-10-02 12:15:01,拖网
9688,30.720388888888888,124.17033333333336,2.3,309.0,2018-10-02 12:25:01,拖网
9688,30.724916666666665,124.16375,2.5,300.0,2018-10-02 12:35:01,拖网
9688,30.72930555555555,124.15713888888894,2.7,303.0,2018-10-02 12:45:01,拖网
9688,30.733305555555557,124.15033333333336,2.3,324.0,2018-10-02 12:55:01,拖网
9688,30.738055555555558,124.14405555555555,2.5,301.0,2018-10-02 13:05:01,拖网
9688,30.743222222222233,124.13822222222224,2.0,313.0,2018-10-02 13:15:01,拖网
9688,30.748305555555557,124.13269444444445,2.3,308.0,2018-10-02 13:25:01,拖网
9688,30.75344444444445,124.12711111111106,2.5,320.0,2018-10-02 13:35:01,拖网
9688,30.75844444444445,124.12144444444445,2.3,318.0,2018-10-02 13:45:01,拖网
9688,30.76347222222222,124.11594444444445,2.5,321.0,2018-10-02 13:55:01,拖网
9688,30.768361111111112,124.11052777777776,1.7,0.0,2018-10-02 14:05:01,拖网
9688,30.773277777777786,124.10497222222222,1.9,0.0,2018-10-02 14:15:01,拖网
9688,30.77788888888889,124.09927777777777,2.2,304.0,2018-10-02 14:25:01,拖网
9688,30.782527777777766,124.09408333333332,1.7,0.0,2018-10-02 14:35:01,拖网
9688,30.787388888888888,124.0887777777778,1.9,313.0,2018-10-02 14:46:01,拖网
9688,30.79180555555555,124.08388888888888,2.4,325.0,2018-10-02 14:55:01,拖网
9688,30.79644444444445,124.07886111111107,2.5,307.0,2018-10-02 15:05:01,拖网
9688,30.80083333333333,124.0739722222222,2.2,312.0,2018-10-02 15:15:01,拖网
9688,30.80525,124.069,1.7,319.0,2018-10-02 15:25:01,拖网
9688,30.80966666666667,124.06416666666668,1.8,307.0,2018-10-02 15:35:01,拖网
9688,30.81388888888889,124.05916666666668,2.2,301.0,2018-10-02 15:45:01,拖网
9688,30.817694444444445,124.054,1.8,311.0,2018-10-02 15:55:01,拖网
9688,30.819555555555553,124.05663888888887,0.6,0.0,2018-10-02 16:15:01,拖网
9688,30.818972222222207,124.05855555555556,0.8,167.0,2018-10-02 16:25:01,拖网
9688,30.818166666666666,124.0589722222222,1.5,164.0,2018-10-02 16:35:01,拖网
9688,30.817416666666666,124.04483333333332,6.4,273.0,2018-10-02 16:45:01,拖网
9688,30.818805555555556,124.02372222222222,6.3,274.0,2018-10-02 16:56:01,拖网
9688,30.812638888888888,124.02586111111113,2.3,136.0,2018-10-02 17:05:01,拖网
9688,30.80688888888889,124.03083333333332,2.2,140.0,2018-10-02 17:15:01,拖网
9688,30.8015,124.03594444444445,2.7,129.0,2018-10-02 17:25:01,拖网
9688,30.79644444444445,124.04163888888887,2.2,136.0,2018-10-02 17:35:01,拖网
9688,30.791472222222207,124.0474722222222,2.6,123.0,2018-10-02 17:45:01,拖网
9688,30.786722222222235,124.05369444444445,2.9,149.0,2018-10-02 17:55:01,拖网
9688,30.78225,124.06016666666667,2.7,135.0,2018-10-02 18:05:01,拖网
9688,30.77775,124.06677777777777,2.9,137.0,2018-10-02 18:15:01,拖网
9688,30.773166666666665,124.0732777777778,2.8,114.0,2018-10-02 18:25:01,拖网
9688,30.768527777777766,124.07988888888887,2.7,126.0,2018-10-02 18:35:01,拖网
9688,30.763805555555557,124.08644444444445,3.7,111.0,2018-10-02 18:45:01,拖网
9688,30.759083333333336,124.09299999999999,2.6,128.0,2018-10-02 18:55:01,拖网
9688,30.75441666666667,124.09958333333331,2.8,135.0,2018-10-02 19:05:01,拖网
9688,30.74975,124.1062222222222,2.6,139.0,2018-10-02 19:15:01,拖网
9688,30.745166666666666,124.11283333333333,2.4,135.0,2018-10-02 19:25:01,拖网
9688,30.74055555555556,124.11938888888888,2.6,144.0,2018-10-02 19:35:01,拖网
9688,30.735916666666668,124.12583333333332,2.5,129.0,2018-10-02 19:45:01,拖网
9688,30.73169444444445,124.1329722222222,3.0,115.0,2018-10-02 19:56:01,拖网
9688,30.72786111111111,124.13958333333332,2.3,128.0,2018-10-02 20:05:01,拖网
9688,30.723805555555554,124.14647222222223,2.4,133.0,2018-10-02 20:15:01,拖网
9688,30.719777777777768,124.15325,2.1,107.0,2018-10-02 20:25:01,拖网
9688,30.71575,124.1597777777778,2.6,142.0,2018-10-02 20:35:01,拖网
9688,30.71188888888889,124.16627777777781,2.4,132.0,2018-10-02 20:45:01,拖网
9688,30.70802777777779,124.17266666666669,3.2,102.0,2018-10-02 20:55:01,拖网
9688,30.70422222222221,124.17894444444444,3.5,136.0,2018-10-02 21:05:01,拖网
9688,30.700416666666666,124.18516666666667,2.9,125.0,2018-10-02 21:15:01,拖网
9688,30.69597222222221,124.19119444444445,2.5,129.0,2018-10-02 21:26:01,拖网
9688,30.69183333333333,124.19652777777776,2.3,134.0,2018-10-02 21:35:01,拖网
9688,30.68733333333333,124.2017777777778,2.3,120.0,2018-10-02 21:45:01,拖网
9688,30.68283333333333,124.20691666666666,2.3,126.0,2018-10-02 21:55:01,拖网
9688,30.67838888888889,124.21188888888894,3.1,151.0,2018-10-02 22:05:01,拖网
9688,30.67391666666667,124.21661111111106,2.4,150.0,2018-10-02 22:15:01,拖网
9688,30.67388888888889,124.21630555555555,1.7,324.0,2018-10-02 22:25:01,拖网
9688,30.67508333333333,124.21319444444444,0.7,0.0,2018-10-02 22:35:01,拖网
9688,30.673361111111113,124.21255555555555,1.6,0.0,2018-10-02 22:45:01,拖网
9688,30.67136111111111,124.21111111111112,1.8,255.0,2018-10-02 22:55:01,拖网
9688,30.67061111111111,124.20286111111112,1.9,70.0,2018-10-02 23:05:01,拖网
9688,30.67441666666667,124.19391666666668,1.9,314.0,2018-10-02 23:15:01,拖网
9688,30.678916666666666,124.1880277777778,2.0,315.0,2018-10-02 23:25:01,拖网
9688,30.68386111111111,124.18197222222223,2.6,318.0,2018-10-02 23:36:01,拖网
9688,30.688527777777786,124.17641666666668,3.0,320.0,2018-10-02 23:45:01,拖网
9688,30.693305555555558,124.17047222222223,2.5,307.0,2018-10-02 23:55:01,拖网
9688,30.697805555555554,124.16419444444445,2.5,316.0,2018-10-03 00:05:01,拖网
9688,30.702444444444453,124.1580277777778,2.6,315.0,2018-10-03 00:15:01,拖网
9688,30.70713888888889,124.15186111111113,2.2,315.0,2018-10-03 00:25:01,拖网
9688,30.712194444444453,124.14608333333334,3.1,299.0,2018-10-03 00:35:01,拖网
9688,30.71733333333333,124.14025,2.5,308.0,2018-10-03 00:45:01,拖网
9688,30.7225,124.13444444444444,2.5,325.0,2018-10-03 00:55:01,拖网
9688,30.732722222222232,124.12283333333332,2.1,326.0,2018-10-03 01:15:01,拖网
9688,30.737666666666666,124.11686111111106,2.4,312.0,2018-10-03 01:25:01,拖网
9688,30.742666666666665,124.1110277777778,2.6,310.0,2018-10-03 01:35:01,拖网
9688,30.74758333333333,124.10511111111107,2.2,332.0,2018-10-03 01:45:01,拖网
9688,30.75261111111111,124.0992222222222,2.4,328.0,2018-10-03 01:55:01,拖网
9688,30.75761111111111,124.09272222222219,2.6,310.0,2018-10-03 02:06:01,拖网
9688,30.761805555555554,124.08636111111107,2.6,300.0,2018-10-03 02:15:01,拖网
9688,30.76586111111111,124.07969444444444,2.7,300.0,2018-10-03 02:25:01,拖网
9688,30.76991666666667,124.07316666666668,2.5,305.0,2018-10-03 02:35:01,拖网
9688,30.77408333333333,124.06677777777777,2.7,308.0,2018-10-03 02:45:01,拖网
9688,30.778055555555554,124.06044444444444,2.6,301.0,2018-10-03 02:55:01,拖网
9688,30.78208333333333,124.05419444444445,2.6,320.0,2018-10-03 03:05:01,拖网
9688,30.785972222222235,124.048,2.5,312.0,2018-10-03 03:15:01,拖网
9688,30.78988888888889,124.042,1.9,307.0,2018-10-03 03:25:01,拖网
9688,30.79391666666667,124.03613888888887,2.4,316.0,2018-10-03 03:35:01,拖网
9688,30.798222222222233,124.03063888888887,2.2,306.0,2018-10-03 03:45:01,拖网
9688,30.802611111111112,124.02527777777777,2.1,322.0,2018-10-03 03:55:01,拖网
9688,30.807,124.01994444444445,2.4,330.0,2018-10-03 04:05:01,拖网
9688,30.81133333333333,124.01477777777778,2.4,333.0,2018-10-03 04:15:01,拖网
9688,30.81538888888889,124.0095277777778,2.1,318.0,2018-10-03 04:25:01,拖网
9688,30.81966666666667,124.00461111111113,2.2,317.0,2018-10-03 04:35:01,拖网
9688,30.82233333333333,124.00263888888887,2.2,110.0,2018-10-03 04:45:01,拖网
9688,30.82025,124.0085277777778,2.6,130.0,2018-10-03 04:55:01,拖网
9688,30.81908333333333,124.00958333333332,0.9,148.0,2018-10-03 05:05:01,拖网
9688,30.817972222222235,124.01041666666666,0.3,0.0,2018-10-03 05:15:01,拖网
9688,30.821388888888887,123.99847222222222,7.0,292.0,2018-10-03 05:25:01,拖网
9688,30.827444444444453,123.97666666666667,6.3,284.0,2018-10-03 05:35:01,拖网
9688,30.8345,123.95430555555555,7.2,300.0,2018-10-03 05:46:01,拖网
9688,30.83244444444445,123.95636111111112,4.4,109.0,2018-10-03 05:55:01,拖网
9688,30.829722222222234,123.96444444444445,2.8,120.0,2018-10-03 06:05:01,拖网
9688,30.824638888888888,123.98030555555556,2.7,119.0,2018-10-03 06:25:01,拖网
9688,30.821805555555553,123.98816666666669,2.7,122.0,2018-10-03 06:35:01,拖网
9688,30.818416666666664,123.99577777777776,2.6,117.0,2018-10-03 06:45:01,拖网
9688,30.81463888888889,124.00313888888893,2.7,125.0,2018-10-03 06:55:01,拖网
9688,30.810805555555557,124.01052777777777,2.6,129.0,2018-10-03 07:05:01,拖网
9688,30.807055555555554,124.01791666666666,3.2,139.0,2018-10-03 07:15:01,拖网
9688,30.80322222222221,124.02536111111112,2.5,124.0,2018-10-03 07:25:01,拖网
9688,30.799083333333336,124.03266666666669,2.7,123.0,2018-10-03 07:35:01,拖网
9688,30.794777777777767,124.0397777777778,2.9,130.0,2018-10-03 07:45:01,拖网
9688,30.790138888888887,124.04680555555555,2.6,131.0,2018-10-03 07:55:01,拖网
9688,30.785166666666665,124.05397222222223,3.0,135.0,2018-10-03 08:06:01,拖网
9688,30.78072222222222,124.06044444444444,3.1,137.0,2018-10-03 08:15:01,拖网
9688,30.7765,124.06719444444445,3.3,129.0,2018-10-03 08:25:01,拖网
9688,30.77225,124.07372222222222,2.5,126.0,2018-10-03 08:35:01,拖网
9688,30.76769444444445,124.07958333333332,2.6,138.0,2018-10-03 08:45:01,拖网
9688,30.763,124.08580555555555,2.5,114.0,2018-10-03 08:55:01,拖网
9688,30.75836111111111,124.0919722222222,2.5,125.0,2018-10-03 09:05:01,拖网
9688,30.753555555555558,124.098,3.2,139.0,2018-10-03 09:15:01,拖网
9688,30.74861111111111,124.10375,2.2,118.0,2018-10-03 09:25:01,拖网
9688,30.74361111111111,124.1092777777778,2.6,135.0,2018-10-03 09:35:01,拖网
9688,30.73875,124.11458333333331,2.4,136.0,2018-10-03 09:45:01,拖网
9688,30.73344444444445,124.11955555555555,3.0,147.0,2018-10-03 09:55:01,拖网
9688,30.72780555555555,124.12411111111106,2.4,143.0,2018-10-03 10:05:01,拖网
9688,30.721666666666664,124.1279722222222,3.4,154.0,2018-10-03 10:15:01,拖网
9688,30.71558333333333,124.13175,3.4,152.0,2018-10-03 10:25:01,拖网
9688,30.70936111111111,124.13522222222224,2.8,140.0,2018-10-03 10:35:01,拖网
9688,30.703138888888887,124.13852777777778,2.9,145.0,2018-10-03 10:45:01,拖网
9688,30.69661111111111,124.14122222222224,2.5,152.0,2018-10-03 10:55:01,拖网
9688,30.69766666666667,124.14033333333334,3.2,0.0,2018-10-03 11:05:01,拖网
9688,30.69836111111111,124.13825,0.6,0.0,2018-10-03 11:15:01,拖网
9688,30.695999999999998,124.13611111111112,1.5,0.0,2018-10-03 11:25:01,拖网
9688,30.69238888888889,124.13316666666664,2.2,0.0,2018-10-03 11:35:01,拖网
9688,30.693583333333336,124.134,6.1,56.0,2018-10-03 11:45:01,拖网
9688,30.69475,124.12908333333333,8.1,231.0,2018-10-03 11:55:01,拖网
9688,30.68844444444445,124.1205,2.7,219.0,2018-10-03 12:06:01,拖网
9688,30.68338888888889,124.11430555555555,2.6,228.0,2018-10-03 12:15:01,拖网
9688,30.67811111111111,124.10794444444444,2.6,231.0,2018-10-03 12:25:01,拖网
9688,30.673055555555557,124.10169444444445,2.6,229.0,2018-10-03 12:35:01,拖网
9688,30.668777777777766,124.09466666666664,2.8,234.0,2018-10-03 12:45:01,拖网
9688,30.664666666666665,124.08744444444444,2.8,240.0,2018-10-03 12:55:01,拖网
9688,30.660777777777767,124.0799722222222,2.6,225.0,2018-10-03 13:05:01,拖网
9688,30.657027777777767,124.07236111111106,2.6,225.0,2018-10-03 13:15:01,拖网
9688,30.653305555555555,124.06511111111112,1.9,243.0,2018-10-03 13:25:01,拖网
9688,30.64980555555556,124.05763888888887,2.3,243.0,2018-10-03 13:35:01,拖网
9688,30.646305555555557,124.05022222222222,2.6,248.0,2018-10-03 13:45:01,拖网
9688,30.642777777777766,124.04286111111112,2.6,246.0,2018-10-03 13:55:01,拖网
9688,30.63922222222222,124.03558333333332,2.4,240.0,2018-10-03 14:05:01,拖网
9688,30.63572222222221,124.02830555555555,2.6,243.0,2018-10-03 14:15:01,拖网
9688,30.632222222222207,124.02108333333332,2.6,255.0,2018-10-03 14:25:01,拖网
9688,30.62886111111111,124.01341666666669,2.4,241.0,2018-10-03 14:36:01,拖网
9688,30.626027777777786,124.00636111111106,2.6,245.0,2018-10-03 14:45:01,拖网
9688,30.62322222222221,123.99897222222219,2.5,242.0,2018-10-03 14:55:01,拖网
9688,30.62033333333333,123.99177777777778,2.4,241.0,2018-10-03 15:05:01,拖网
9688,30.6175,123.98466666666668,2.5,241.0,2018-10-03 15:15:01,拖网
9688,30.614722222222234,123.97775,2.7,253.0,2018-10-03 15:25:01,拖网
9688,30.61197222222223,123.97086111111106,2.6,247.0,2018-10-03 15:35:01,拖网
9688,30.60925,123.96413888888887,2.2,240.0,2018-10-03 15:45:01,拖网
9688,30.606583333333337,123.95752777777777,2.3,237.0,2018-10-03 15:55:01,拖网
9688,30.60394444444445,123.95097222222222,2.3,241.0,2018-10-03 16:05:01,拖网
9688,30.60130555555556,123.94455555555555,2.3,218.0,2018-10-03 16:15:01,拖网
9688,30.59863888888889,123.93819444444445,2.8,231.0,2018-10-03 16:25:01,拖网
9688,30.59625,123.93191666666668,1.4,254.0,2018-10-03 16:35:01,拖网
9688,30.59822222222222,123.93505555555555,2.0,59.0,2018-10-03 16:45:01,拖网
9688,30.598166666666664,123.93625,0.4,0.0,2018-10-03 16:55:01,拖网
9688,30.597055555555553,123.93333333333334,1.1,0.0,2018-10-03 17:05:01,拖网
9688,30.596027777777767,123.9305,1.6,240.0,2018-10-03 17:15:01,拖网
9688,30.59258333333333,123.91569444444444,7.2,249.0,2018-10-03 17:25:01,拖网
9688,30.587777777777767,123.89425,6.6,261.0,2018-10-03 17:35:01,拖网
9688,30.58327777777778,123.8737222222222,6.4,256.0,2018-10-03 17:45:01,拖网
9688,30.57758333333333,123.8515,6.9,252.0,2018-10-03 17:56:01,拖网
9688,30.571527777777767,123.8315,7.0,256.0,2018-10-03 18:05:01,拖网
9688,30.565166666666666,123.8102222222222,6.9,250.0,2018-10-03 18:15:01,拖网
9688,30.558888888888887,123.789,6.8,251.0,2018-10-03 18:25:01,拖网
9688,30.55080555555556,123.76899999999999,6.8,251.0,2018-10-03 18:35:01,拖网
9688,30.54363888888889,123.7482222222222,7.3,246.0,2018-10-03 18:45:01,拖网
9688,30.53566666666667,123.72777777777776,7.2,255.0,2018-10-03 18:55:01,拖网
9688,30.5275,123.70686111111112,7.2,249.0,2018-10-03 19:05:01,拖网
9688,30.519222222222233,123.68538888888894,7.4,251.0,2018-10-03 19:15:01,拖网
9688,30.511,123.66441666666668,6.7,245.0,2018-10-03 19:25:01,拖网
9688,30.503,123.64386111111112,7.1,251.0,2018-10-03 19:35:01,拖网
9688,30.49491666666667,123.62338888888887,6.8,239.0,2018-10-03 19:45:01,拖网
9688,30.487055555555557,123.60291666666666,7.1,265.0,2018-10-03 19:55:01,拖网
9688,30.480888888888888,123.58077777777777,7.2,252.0,2018-10-03 20:06:01,拖网
9688,30.472916666666666,123.5607222222222,7.3,242.0,2018-10-03 20:15:01,拖网
9688,30.46461111111111,123.53947222222222,7.6,244.0,2018-10-03 20:25:01,拖网
9688,30.45630555555556,123.51791666666666,8.0,239.0,2018-10-03 20:35:01,拖网
9688,30.44805555555555,123.49655555555556,7.4,243.0,2018-10-03 20:45:01,拖网
9688,30.439777777777767,123.47530555555555,7.4,243.0,2018-10-03 20:55:01,拖网
9688,30.43141666666667,123.45355555555555,7.7,245.0,2018-10-03 21:05:01,拖网
9688,30.42283333333333,123.43172222222223,7.4,248.0,2018-10-03 21:15:01,拖网
9688,30.414388888888887,123.40980555555555,7.5,240.0,2018-10-03 21:25:01,拖网
9688,30.40594444444444,123.38808333333334,7.5,247.0,2018-10-03 21:35:01,拖网
9688,30.397472222222234,123.36619444444445,7.2,246.0,2018-10-03 21:45:01,拖网
9688,30.38883333333333,123.34441666666666,7.3,255.0,2018-10-03 21:55:01,拖网
9688,30.38025,123.32238888888894,7.5,251.0,2018-10-03 22:05:01,拖网
9688,30.371666666666666,123.30005555555556,7.6,240.0,2018-10-03 22:15:01,拖网
9688,30.362972222222233,123.2775277777778,7.5,247.0,2018-10-03 22:25:01,拖网
9688,30.35436111111111,123.25555555555556,7.5,242.0,2018-10-03 22:35:01,拖网
9688,30.34575,123.23338888888892,5.9,243.0,2018-10-03 22:45:01,拖网
9688,30.33663888888889,123.21044444444445,8.0,238.0,2018-10-03 22:56:01,拖网
9688,30.32844444444445,123.1894722222222,7.3,243.0,2018-10-03 23:05:01,拖网
9688,30.31983333333333,123.16744444444444,6.7,249.0,2018-10-03 23:15:01,拖网
9688,30.31147222222221,123.14572222222223,8.0,249.0,2018-10-03 23:25:01,拖网
9688,30.304444444444453,123.12369444444445,6.4,246.0,2018-10-03 23:35:01,拖网
9688,30.295861111111112,123.10216666666666,7.1,246.0,2018-10-03 23:45:01,拖网
9688,30.28744444444445,123.08069444444445,7.9,226.0,2018-10-03 23:55:01,拖网
9688,30.27097222222222,123.03827777777781,7.5,249.0,2018-10-04 00:15:01,拖网
9688,30.262638888888887,123.01719444444444,7.1,243.0,2018-10-04 00:25:01,拖网
9688,30.254222222222207,122.99480555555556,7.5,256.0,2018-10-04 00:35:01,拖网
9688,30.243250000000003,122.9735,8.1,234.0,2018-10-04 00:45:01,拖网
9688,30.231222222222208,122.95230555555555,8.4,230.0,2018-10-04 00:55:01,拖网
9688,30.217527777777768,122.93302777777778,7.6,218.0,2018-10-04 01:05:01,拖网
9688,30.203888888888887,122.91427777777778,6.9,237.0,2018-10-04 01:15:01,拖网
9688,30.19,122.8954722222222,8.1,224.0,2018-10-04 01:25:01,拖网
9688,30.17388888888889,122.8763611111111,7.5,224.0,2018-10-04 01:36:01,拖网
9688,30.15833333333333,122.85936111111113,8.5,237.0,2018-10-04 01:45:01,拖网
9688,30.142944444444442,122.84136111111107,8.6,218.0,2018-10-04 01:55:01,拖网
9688,30.124861111111112,122.82425,8.6,211.0,2018-10-04 02:05:01,拖网
9688,30.10550000000001,122.80813888888888,9.5,219.0,2018-10-04 02:15:01,拖网
9688,30.085777777777786,122.79138888888887,8.5,226.0,2018-10-04 02:25:01,拖网
9688,30.067055555555555,122.77447222222222,8.7,218.0,2018-10-04 02:35:01,拖网
9688,30.05225,122.75561111111112,7.7,212.0,2018-10-04 02:45:01,拖网
9688,30.04216666666667,122.75047222222223,6.6,221.0,2018-10-04 02:55:01,拖网
9688,30.03369444444445,122.72672222222224,9.1,267.0,2018-10-04 03:05:01,拖网
9688,30.031,122.70083333333334,7.8,258.0,2018-10-04 03:15:01,拖网
9688,30.02780555555556,122.67491666666668,8.8,249.0,2018-10-04 03:25:01,拖网
9688,30.022916666666664,122.64836111111113,8.9,256.0,2018-10-04 03:35:01,拖网
9688,30.017777777777766,122.62180555555555,8.1,260.0,2018-10-04 03:45:01,拖网
9688,30.013222222222232,122.59577777777777,8.1,256.0,2018-10-04 03:55:01,拖网
9688,30.008777777777766,122.56811111111112,8.4,258.0,2018-10-04 04:06:01,拖网
9688,30.00619444444445,122.54263888888887,7.8,256.0,2018-10-04 04:15:01,拖网
9688,30.0035,122.51597222222222,8.1,267.0,2018-10-04 04:25:01,拖网
9688,30.00058333333333,122.4895,9.2,268.0,2018-10-04 04:35:01,拖网
9688,29.99511111111111,122.46425,8.0,258.0,2018-10-04 04:45:01,拖网
9688,29.988000000000003,122.44077777777778,7.9,240.0,2018-10-04 04:55:01,拖网
9688,29.978638888888888,122.41863888888888,7.7,252.0,2018-10-04 05:05:01,拖网
9688,29.97083333333333,122.39425,8.4,247.0,2018-10-04 05:15:01,拖网
9688,29.972972222222207,122.368,8.4,282.0,2018-10-04 05:25:01,拖网
